season,holiday,workingday,weather,temp,atemp,humidity,windspeed,hour,weekday,month,year,is_weekend,morning_rush,evening_rush,weekend_daytime,is_night,hour_workingday,hour_weekend,temp_atemp_diff,discomfort_index,is_humidity_zero,bad_weather
1,0,0,1,9.84,14.395,81,0.0,0,5,1,0,1,0,0,0,1,0,0,-4.555,7.9704,0,0
1,0,0,1,9.02,13.635,80,0.0,1,5,1,0,1,0,0,0,1,0,1,-4.615,7.215999999999999,0,0
1,0,0,1,9.02,13.635,80,0.0,2,5,1,0,1,0,0,0,1,0,2,-4.615,7.215999999999999,0,0
1,0,0,1,9.84,14.395,75,0.0,3,5,1,0,1,0,0,0,1,0,3,-4.555,7.38,0,0
1,0,0,1,9.84,14.395,75,0.0,4,5,1,0,1,0,0,0,1,0,4,-4.555,7.38,0,0
1,0,0,2,9.84,12.88,75,6.0032,5,5,1,0,1,0,0,0,1,0,5,-3.040000000000001,7.38,0,0
1,0,0,1,9.02,13.635,80,0.0,6,5,1,0,1,0,0,0,0,0,6,-4.615,7.215999999999999,0,0
1,0,0,1,8.2,12.88,86,0.0,7,5,1,0,1,0,0,0,0,0,7,-4.6800000000000015,7.052,0,0
1,0,0,1,9.84,14.395,75,0.0,8,5,1,0,1,0,0,0,0,0,8,-4.555,7.38,0,0
1,0,0,1,13.12,17.425,76,0.0,9,5,1,0,1,0,0,0,0,0,9,-4.3050000000000015,9.9712,0,0
1,0,0,1,15.58,19.695,76,16.9979,10,5,1,0,1,0,0,0,0,0,10,-4.115,11.8408,0,0
1,0,0,1,14.76,16.665,81,19.0012,11,5,1,0,1,0,0,1,0,0,11,-1.9049999999999994,11.955599999999999,0,0
1,0,0,1,17.22,21.21,77,19.0012,12,5,1,0,1,0,0,1,0,0,12,-3.990000000000002,13.259399999999998,0,0
1,0,0,2,18.86,22.725,72,19.9995,13,5,1,0,1,0,0,1,0,0,13,-3.865000000000002,13.5792,0,0
1,0,0,2,18.86,22.725,72,19.0012,14,5,1,0,1,0,0,1,0,0,14,-3.865000000000002,13.5792,0,0
1,0,0,2,18.04,21.97,77,19.9995,15,5,1,0,1,0,0,1,0,0,15,-3.9299999999999997,13.890799999999999,0,0
1,0,0,2,17.22,21.21,82,19.9995,16,5,1,0,1,0,0,1,0,0,16,-3.990000000000002,14.1204,0,0
1,0,0,2,18.04,21.97,82,19.0012,17,5,1,0,1,0,0,0,0,0,17,-3.9299999999999997,14.7928,0,0
1,0,0,3,17.22,21.21,88,16.9979,18,5,1,0,1,0,0,0,0,0,18,-3.990000000000002,15.153599999999999,0,1
1,0,0,3,17.22,21.21,88,16.9979,19,5,1,0,1,0,0,0,0,0,19,-3.990000000000002,15.153599999999999,0,1
1,0,0,2,16.4,20.455,87,16.9979,20,5,1,0,1,0,0,0,0,0,20,-4.055,14.267999999999999,0,0
1,0,0,2,16.4,20.455,87,12.998,21,5,1,0,1,0,0,0,0,0,21,-4.055,14.267999999999999,0,0
1,0,0,2,16.4,20.455,94,15.0013,22,5,1,0,1,0,0,0,0,0,22,-4.055,15.415999999999999,0,0
1,0,0,2,18.86,22.725,88,19.9995,23,5,1,0,1,0,0,0,0,0,23,-3.865000000000002,16.596799999999998,0,0
1,0,0,2,18.86,22.725,88,19.9995,0,6,1,0,1,0,0,0,1,0,0,-3.865000000000002,16.596799999999998,0,0
1,0,0,2,18.04,21.97,94,16.9979,1,6,1,0,1,0,0,0,1,0,1,-3.9299999999999997,16.9576,0,0
1,0,0,2,17.22,21.21,100,19.0012,2,6,1,0,1,0,0,0,1,0,2,-3.990000000000002,17.22,0,0
1,0,0,2,18.86,22.725,94,12.998,3,6,1,0,1,0,0,0,1,0,3,-3.865000000000002,17.7284,0,0
1,0,0,2,18.86,22.725,94,12.998,4,6,1,0,1,0,0,0,1,0,4,-3.865000000000002,17.7284,0,0
1,0,0,3,17.22,21.21,77,19.9995,6,6,1,0,1,0,0,0,0,0,6,-3.990000000000002,13.259399999999998,0,1
1,0,0,2,16.4,20.455,76,12.998,7,6,1,0,1,0,0,0,0,0,7,-4.055,12.463999999999999,0,0
1,0,0,3,16.4,20.455,71,15.0013,8,6,1,0,1,0,0,0,0,0,8,-4.055,11.643999999999998,0,1
1,0,0,2,15.58,19.695,76,15.0013,9,6,1,0,1,0,0,0,0,0,9,-4.115,11.8408,0,0
1,0,0,2,14.76,17.425,81,15.0013,10,6,1,0,1,0,0,0,0,0,10,-2.665000000000001,11.955599999999999,0,0
1,0,0,2,14.76,16.665,71,16.9979,11,6,1,0,1,0,0,1,0,0,11,-1.9049999999999994,10.4796,0,0
1,0,0,2,14.76,16.665,66,19.9995,12,6,1,0,1,0,0,1,0,0,12,-1.9049999999999994,9.7416,0,0
1,0,0,2,14.76,17.425,66,8.9981,13,6,1,0,1,0,0,1,0,0,13,-2.665000000000001,9.7416,0,0
1,0,0,3,14.76,17.425,76,12.998,14,6,1,0,1,0,0,1,0,0,14,-2.665000000000001,11.2176,0,1
1,0,0,3,13.94,16.665,81,11.0014,15,6,1,0,1,0,0,1,0,0,15,-2.7249999999999996,11.2914,0,1
1,0,0,3,13.94,16.665,71,11.0014,16,6,1,0,1,0,0,1,0,0,16,-2.7249999999999996,9.8974,0,1
1,0,0,1,13.94,16.665,57,12.998,17,6,1,0,1,0,0,0,0,0,17,-2.7249999999999996,7.945799999999999,0,0
1,0,0,2,14.76,16.665,46,22.0028,18,6,1,0,1,0,0,0,0,0,18,-1.9049999999999994,6.7896,0,0
1,0,0,1,13.12,14.395,42,30.0026,19,6,1,0,1,0,0,0,0,0,19,-1.2750000000000004,5.5104,0,0
1,0,0,1,12.3,13.635,39,23.9994,20,6,1,0,1,0,0,0,0,0,20,-1.334999999999999,4.797000000000001,0,0
1,0,0,1,10.66,11.365,44,22.0028,21,6,1,0,1,0,0,0,0,0,21,-0.7050000000000001,4.6904,0,0
1,0,0,1,9.84,10.605,44,19.9995,22,6,1,0,1,0,0,0,0,0,22,-0.7650000000000006,4.3296,0,0
1,0,0,1,9.02,11.365,47,11.0014,23,6,1,0,1,0,0,0,0,0,23,-2.3450000000000006,4.2394,0,0
1,0,1,1,9.02,9.85,44,23.9994,0,0,1,0,0,0,0,0,1,0,0,-0.8300000000000001,3.9688,0,0
1,0,1,1,8.2,8.335,44,27.9993,1,0,1,0,0,0,0,0,1,1,0,-0.13500000000000156,3.6079999999999997,0,0
1,0,1,1,6.56,6.82,47,26.0027,4,0,1,0,0,0,0,0,1,4,0,-0.2600000000000007,3.0831999999999997,0,0
1,0,1,1,6.56,6.82,47,19.0012,5,0,1,0,0,0,0,0,1,5,0,-0.2600000000000007,3.0831999999999997,0,0
1,0,1,1,5.74,5.305,50,26.0027,6,0,1,0,0,0,0,0,0,6,0,0.4350000000000005,2.87,0,0
1,0,1,1,5.74,6.82,50,12.998,7,0,1,0,0,1,0,0,0,7,0,-1.08,2.87,0,0
1,0,1,1,5.74,6.06,50,19.0012,8,0,1,0,0,1,0,0,0,8,0,-0.3199999999999994,2.87,0,0
1,0,1,1,6.56,6.82,43,26.0027,9,0,1,0,0,1,0,0,0,9,0,-0.2600000000000007,2.8207999999999998,0,0
1,0,1,1,7.38,8.335,43,16.9979,10,0,1,0,0,0,0,0,0,10,0,-0.955000000000001,3.1733999999999996,0,0
1,0,1,1,8.2,9.09,40,22.0028,11,0,1,0,0,0,0,0,0,11,0,-0.8900000000000006,3.28,0,0
1,0,1,1,9.02,10.605,35,19.9995,12,0,1,0,0,0,0,0,0,12,0,-1.5850000000000009,3.157,0,0
1,0,1,1,9.84,10.605,35,19.0012,13,0,1,0,0,0,0,0,0,13,0,-0.7650000000000006,3.444,0,0
1,0,1,1,10.66,12.12,30,19.0012,14,0,1,0,0,0,0,0,0,14,0,-1.459999999999999,3.198,0,0
1,0,1,1,10.66,12.12,30,16.9979,15,0,1,0,0,0,0,0,0,15,0,-1.459999999999999,3.198,0,0
1,0,1,1,10.66,12.12,30,16.9979,16,0,1,0,0,0,0,0,0,16,0,-1.459999999999999,3.198,0,0
1,0,1,1,9.84,11.365,30,15.0013,17,0,1,0,0,0,1,0,0,17,0,-1.5250000000000004,2.952,0,0
1,0,1,1,9.84,12.88,32,7.0015,18,0,1,0,0,0,1,0,0,18,0,-3.040000000000001,3.1488,0,0
1,0,1,1,8.2,12.88,47,0.0,19,0,1,0,0,0,1,0,0,19,0,-4.6800000000000015,3.8539999999999996,0,0
1,0,1,1,8.2,11.365,47,7.0015,20,0,1,0,0,0,0,0,0,20,0,-3.165000000000001,3.8539999999999996,0,0
1,0,1,1,7.38,9.85,64,8.9981,21,0,1,0,0,0,0,0,0,21,0,-2.4699999999999998,4.7232,0,0
1,0,1,1,5.74,7.575,69,8.9981,22,0,1,0,0,0,0,0,0,22,0,-1.835,3.9606,0,0
1,0,1,1,7.38,10.605,55,7.0015,23,0,1,0,0,0,0,0,0,23,0,-3.2250000000000005,4.059,0,0
1,0,1,1,6.56,9.09,55,7.0015,0,1,1,0,0,0,0,0,1,0,0,-2.5300000000000002,3.6079999999999997,0,0
1,0,1,1,6.56,9.09,59,7.0015,1,1,1,0,0,0,0,0,1,1,0,-2.5300000000000002,3.8703999999999996,0,0
1,0,1,1,5.74,7.575,63,8.9981,2,1,1,0,0,0,0,0,1,2,0,-1.835,3.6162,0,0
1,0,1,1,5.74,9.09,63,6.0032,4,1,1,0,0,0,0,0,1,4,0,-3.3499999999999996,3.6162,0,0
1,0,1,1,4.92,7.575,68,7.0015,5,1,1,0,0,0,0,0,1,5,0,-2.6550000000000002,3.3456,0,0
1,0,1,1,4.92,7.575,74,7.0015,6,1,1,0,0,0,0,0,0,6,0,-2.6550000000000002,3.6408,0,0
1,0,1,1,4.92,7.575,74,8.9981,7,1,1,0,0,1,0,0,0,7,0,-2.6550000000000002,3.6408,0,0
1,0,1,1,5.74,7.575,69,11.0014,8,1,1,0,0,1,0,0,0,8,0,-1.835,3.9606,0,0
1,0,1,1,6.56,7.575,64,15.0013,9,1,1,0,0,1,0,0,0,9,0,-1.0150000000000006,4.1983999999999995,0,0
1,0,1,2,6.56,6.82,69,22.0028,10,1,1,0,0,0,0,0,0,10,0,-0.2600000000000007,4.5264,0,0
1,0,1,1,9.02,10.605,51,19.9995,11,1,1,0,0,0,0,0,0,11,0,-1.5850000000000009,4.6002,0,0
1,0,1,1,9.02,11.365,51,11.0014,12,1,1,0,0,0,0,0,0,12,0,-2.3450000000000006,4.6002,0,0
1,0,1,1,9.84,11.365,56,12.998,13,1,1,0,0,0,0,0,0,13,0,-1.5250000000000004,5.5104,0,0
1,0,1,1,10.66,12.88,52,15.0013,14,1,1,0,0,0,0,0,0,14,0,-2.2200000000000006,5.543200000000001,0,0
1,0,1,1,11.48,13.635,52,16.9979,15,1,1,0,0,0,0,0,0,15,0,-2.1549999999999994,5.969600000000001,0,0
1,0,1,1,12.3,14.395,49,16.9979,16,1,1,0,0,0,0,0,0,16,0,-2.094999999999999,6.027,0,0
1,0,1,1,11.48,13.635,48,15.0013,17,1,1,0,0,0,1,0,0,17,0,-2.1549999999999994,5.5104,0,0
1,0,1,1,10.66,12.88,48,12.998,18,1,1,0,0,0,1,0,0,18,0,-2.2200000000000006,5.1168000000000005,0,0
1,0,1,1,9.84,12.88,48,7.0015,19,1,1,0,0,0,1,0,0,19,0,-3.040000000000001,4.7232,0,0
1,0,1,1,9.84,12.88,48,7.0015,20,1,1,0,0,0,0,0,0,20,0,-3.040000000000001,4.7232,0,0
1,0,1,1,9.02,13.635,64,0.0,21,1,1,0,0,0,0,0,0,21,0,-4.615,5.7728,0,0
1,0,1,1,9.02,12.88,64,6.0032,22,1,1,0,0,0,0,0,0,22,0,-3.860000000000001,5.7728,0,0
1,0,1,1,8.2,11.365,69,6.0032,23,1,1,0,0,0,0,0,0,23,0,-3.165000000000001,5.6579999999999995,0,0
1,0,1,1,8.2,12.88,64,0.0,0,2,1,0,0,0,0,0,1,0,0,-4.6800000000000015,5.247999999999999,0,0
1,0,1,1,6.56,9.85,74,6.0032,1,2,1,0,0,0,0,0,1,1,0,-3.29,4.8544,0,0
1,0,1,1,6.56,9.85,74,6.0032,2,2,1,0,0,0,0,0,1,2,0,-3.29,4.8544,0,0
1,0,1,1,9.84,11.365,48,15.0013,4,2,1,0,0,0,0,0,1,4,0,-1.5250000000000004,4.7232,0,0
1,0,1,1,9.02,11.365,47,11.0014,5,2,1,0,0,0,0,0,1,5,0,-2.3450000000000006,4.2394,0,0
1,0,1,1,8.2,9.85,47,15.0013,6,2,1,0,0,0,0,0,0,6,0,-1.6500000000000004,3.8539999999999996,0,0
1,0,1,1,7.38,9.09,43,12.998,7,2,1,0,0,1,0,0,0,7,0,-1.71,3.1733999999999996,0,0
1,0,1,1,8.2,9.09,40,19.9995,8,2,1,0,0,1,0,0,0,8,0,-0.8900000000000006,3.28,0,0
1,0,1,1,9.02,9.85,37,22.0028,9,2,1,0,0,1,0,0,0,9,0,-0.8300000000000001,3.3374,0,0
1,0,1,1,9.02,9.85,37,22.0028,10,2,1,0,0,0,0,0,0,10,0,-0.8300000000000001,3.3374,0,0
1,0,1,1,10.66,11.365,33,22.0028,11,2,1,0,0,0,0,0,0,11,0,-0.7050000000000001,3.5178000000000003,0,0
1,0,1,1,10.66,11.365,33,22.0028,12,2,1,0,0,0,0,0,0,12,0,-0.7050000000000001,3.5178000000000003,0,0
1,0,1,1,11.48,12.88,30,19.9995,13,2,1,0,0,0,0,0,0,13,0,-1.4000000000000004,3.4440000000000004,0,0
1,0,1,1,12.3,14.395,28,12.998,14,2,1,0,0,0,0,0,0,14,0,-2.094999999999999,3.4440000000000004,0,0
1,0,1,1,12.3,14.395,28,12.998,15,2,1,0,0,0,0,0,0,15,0,-2.094999999999999,3.4440000000000004,0,0
1,0,1,1,12.3,15.91,28,6.0032,16,2,1,0,0,0,0,0,0,16,0,-3.6099999999999994,3.4440000000000004,0,0
1,0,1,1,9.84,11.365,38,12.998,17,2,1,0,0,0,1,0,0,17,0,-1.5250000000000004,3.7392000000000003,0,0
1,0,1,1,9.84,12.12,38,8.9981,18,2,1,0,0,0,1,0,0,18,0,-2.2799999999999994,3.7392000000000003,0,0
1,0,1,1,9.84,12.88,38,7.0015,19,2,1,0,0,0,1,0,0,19,0,-3.040000000000001,3.7392000000000003,0,0
1,0,1,1,9.02,11.365,47,11.0014,20,2,1,0,0,0,0,0,0,20,0,-2.3450000000000006,4.2394,0,0
1,0,1,1,8.2,9.85,51,12.998,21,2,1,0,0,0,0,0,0,21,0,-1.6500000000000004,4.1819999999999995,0,0
1,0,1,1,7.38,9.85,55,8.9981,22,2,1,0,0,0,0,0,0,22,0,-2.4699999999999998,4.059,0,0
1,0,1,1,8.2,12.88,47,0.0,23,2,1,0,0,0,0,0,0,23,0,-4.6800000000000015,3.8539999999999996,0,0
1,0,1,1,7.38,12.12,55,0.0,0,3,1,0,0,0,0,0,1,0,0,-4.739999999999999,4.059,0,0
1,0,1,1,6.56,11.365,64,0.0,1,3,1,0,0,0,0,0,1,1,0,-4.805000000000001,4.1983999999999995,0,0
1,0,1,1,6.56,11.365,64,0.0,2,3,1,0,0,0,0,0,1,2,0,-4.805000000000001,4.1983999999999995,0,0
1,0,1,2,6.56,9.85,64,6.0032,4,3,1,0,0,0,0,0,1,4,0,-3.29,4.1983999999999995,0,0
1,0,1,2,5.74,9.09,69,6.0032,5,3,1,0,0,0,0,0,1,5,0,-3.3499999999999996,3.9606,0,0
1,0,1,2,5.74,8.335,63,7.0015,6,3,1,0,0,0,0,0,0,6,0,-2.5950000000000006,3.6162,0,0
1,0,1,2,6.56,11.365,59,0.0,7,3,1,0,0,1,0,0,0,7,0,-4.805000000000001,3.8703999999999996,0,0
1,0,1,1,6.56,11.365,59,0.0,8,3,1,0,0,1,0,0,0,8,0,-4.805000000000001,3.8703999999999996,0,0
1,0,1,2,7.38,12.12,51,0.0,9,3,1,0,0,1,0,0,0,9,0,-4.739999999999999,3.7638,0,0
1,0,1,1,8.2,12.88,47,0.0,10,3,1,0,0,0,0,0,0,10,0,-4.6800000000000015,3.8539999999999996,0,0
1,0,1,1,9.02,12.88,44,6.0032,11,3,1,0,0,0,0,0,0,11,0,-3.860000000000001,3.9688,0,0
1,0,1,1,10.66,14.395,35,0.0,12,3,1,0,0,0,0,0,0,12,0,-3.7349999999999994,3.7310000000000003,0,0
1,0,1,1,10.66,13.635,35,7.0015,13,3,1,0,0,0,0,0,0,13,0,-2.9749999999999996,3.7310000000000003,0,0
1,0,1,1,11.48,13.635,36,11.0014,14,3,1,0,0,0,0,0,0,14,0,-2.1549999999999994,4.1328000000000005,0,0
1,0,1,1,11.48,13.635,36,0.0,15,3,1,0,0,0,0,0,0,15,0,-2.1549999999999994,4.1328000000000005,0,0
1,0,1,1,10.66,12.88,38,11.0014,16,3,1,0,0,0,0,0,0,16,0,-2.2200000000000006,4.0508,0,0
1,0,1,1,9.02,11.365,51,11.0014,17,3,1,0,0,0,1,0,0,17,0,-2.3450000000000006,4.6002,0,0
1,0,1,1,9.02,11.365,51,8.9981,18,3,1,0,0,0,1,0,0,18,0,-2.3450000000000006,4.6002,0,0
1,0,1,1,9.02,12.88,55,6.0032,19,3,1,0,0,0,1,0,0,19,0,-3.860000000000001,4.960999999999999,0,0
1,0,1,1,8.2,10.605,51,11.0014,20,3,1,0,0,0,0,0,0,20,0,-2.405000000000001,4.1819999999999995,0,0
1,0,1,2,9.02,10.605,55,15.0013,21,3,1,0,0,0,0,0,0,21,0,-1.5850000000000009,4.960999999999999,0,0
1,0,1,2,9.02,10.605,51,19.0012,22,3,1,0,0,0,0,0,0,22,0,-1.5850000000000009,4.6002,0,0
1,0,1,2,8.2,9.85,59,12.998,23,3,1,0,0,0,0,0,0,23,0,-1.6500000000000004,4.837999999999999,0,0
1,0,1,2,8.2,9.85,64,12.998,0,4,1,0,0,0,0,0,1,0,0,-1.6500000000000004,5.247999999999999,0,0
1,0,1,2,8.2,9.85,69,15.0013,1,4,1,0,0,0,0,0,1,1,0,-1.6500000000000004,5.6579999999999995,0,0
1,0,1,2,8.2,9.85,69,15.0013,2,4,1,0,0,0,0,0,1,2,0,-1.6500000000000004,5.6579999999999995,0,0
1,0,1,2,8.2,10.605,69,8.9981,4,4,1,0,0,0,0,0,1,4,0,-2.405000000000001,5.6579999999999995,0,0
1,0,1,3,9.02,13.635,55,0.0,5,4,1,0,0,0,0,0,1,5,0,-4.615,4.960999999999999,0,1
1,0,1,2,8.2,12.88,69,0.0,6,4,1,0,0,0,0,0,0,6,0,-4.6800000000000015,5.6579999999999995,0,0
1,0,1,1,8.2,10.605,69,8.9981,7,4,1,0,0,1,0,0,0,7,0,-2.405000000000001,5.6579999999999995,0,0
1,0,1,1,8.2,9.85,51,16.9979,8,4,1,0,0,1,0,0,0,8,0,-1.6500000000000004,4.1819999999999995,0,0
1,0,1,1,8.2,9.09,47,19.9995,9,4,1,0,0,1,0,0,0,9,0,-0.8900000000000006,3.8539999999999996,0,0
1,0,1,1,9.02,9.85,37,22.0028,10,4,1,0,0,0,0,0,0,10,0,-0.8300000000000001,3.3374,0,0
1,0,1,2,8.2,9.85,40,15.0013,11,4,1,0,0,0,0,0,0,11,0,-1.6500000000000004,3.28,0,0
1,0,1,2,8.2,9.85,37,16.9979,12,4,1,0,0,0,0,0,0,12,0,-1.6500000000000004,3.034,0,0
1,0,1,2,8.2,9.09,37,19.0012,13,4,1,0,0,0,0,0,0,13,0,-0.8900000000000006,3.034,0,0
1,0,1,2,8.2,9.85,40,16.9979,14,4,1,0,0,0,0,0,0,14,0,-1.6500000000000004,3.28,0,0
1,0,1,2,8.2,10.605,37,11.0014,15,4,1,0,0,0,0,0,0,15,0,-2.405000000000001,3.034,0,0
1,0,1,2,8.2,10.605,37,11.0014,16,4,1,0,0,0,0,0,0,16,0,-2.405000000000001,3.034,0,0
1,0,1,2,8.2,12.88,37,0.0,17,4,1,0,0,0,1,0,0,17,0,-4.6800000000000015,3.034,0,0
1,0,1,1,8.2,11.365,40,6.0032,18,4,1,0,0,0,1,0,0,18,0,-3.165000000000001,3.28,0,0
1,0,1,1,6.56,9.85,55,6.0032,19,4,1,0,0,0,1,0,0,19,0,-3.29,3.6079999999999997,0,0
1,0,1,1,7.38,10.605,47,7.0015,20,4,1,0,0,0,0,0,0,20,0,-3.2250000000000005,3.4686000000000003,0,0
1,0,1,1,7.38,9.85,47,8.9981,21,4,1,0,0,0,0,0,0,21,0,-2.4699999999999998,3.4686000000000003,0,0
1,0,1,2,7.38,9.85,43,11.0014,22,4,1,0,0,0,0,0,0,22,0,-2.4699999999999998,3.1733999999999996,0,0
1,0,1,2,7.38,9.85,51,11.0014,23,4,1,0,0,0,0,0,0,23,0,-2.4699999999999998,3.7638,0,0
1,0,0,2,7.38,9.85,51,11.0014,0,5,1,0,1,0,0,0,1,0,0,-2.4699999999999998,3.7638,0,0
1,0,0,2,7.38,10.605,55,6.0032,1,5,1,0,1,0,0,0,1,0,1,-3.2250000000000005,4.059,0,0
1,0,0,2,7.38,12.12,55,0.0,2,5,1,0,1,0,0,0,1,0,2,-4.739999999999999,4.059,0,0
1,0,0,3,7.38,9.85,55,11.0014,3,5,1,0,1,0,0,0,1,0,3,-2.4699999999999998,4.059,0,1
1,0,0,3,7.38,9.85,55,11.0014,4,5,1,0,1,0,0,0,1,0,4,-2.4699999999999998,4.059,0,1
1,0,0,2,6.56,8.335,74,11.0014,5,5,1,0,1,0,0,0,1,0,5,-1.7750000000000012,4.8544,0,0
1,0,0,2,6.56,8.335,74,11.0014,6,5,1,0,1,0,0,0,0,0,6,-1.7750000000000012,4.8544,0,0
1,0,0,2,6.56,9.09,74,7.0015,7,5,1,0,1,0,0,0,0,0,7,-2.5300000000000002,4.8544,0,0
1,0,0,3,6.56,9.09,93,7.0015,8,5,1,0,1,0,0,0,0,0,8,-2.5300000000000002,6.1008,0,1
1,0,0,3,6.56,9.09,93,7.0015,9,5,1,0,1,0,0,0,0,0,9,-2.5300000000000002,6.1008,0,1
1,0,0,2,7.38,9.85,80,11.0014,10,5,1,0,1,0,0,0,0,0,10,-2.4699999999999998,5.904,0,0
1,0,0,2,8.2,9.09,69,26.0027,11,5,1,0,1,0,0,1,0,0,11,-0.8900000000000006,5.6579999999999995,0,0
1,0,0,2,8.2,9.09,59,23.9994,12,5,1,0,1,0,0,1,0,0,12,-0.8900000000000006,4.837999999999999,0,0
1,0,0,1,8.2,9.09,44,22.0028,13,5,1,0,1,0,0,1,0,0,13,-0.8900000000000006,3.6079999999999997,0,0
1,0,0,1,8.2,8.335,32,32.9975,14,5,1,0,1,0,0,1,0,0,14,-0.13500000000000156,2.6239999999999997,0,0
1,0,0,1,8.2,8.335,32,30.0026,15,5,1,0,1,0,0,1,0,0,15,-0.13500000000000156,2.6239999999999997,0,0
1,0,0,1,7.38,6.82,29,30.0026,16,5,1,0,1,0,0,1,0,0,16,0.5599999999999996,2.1402,0,0
1,0,0,1,6.56,6.06,37,36.9974,17,5,1,0,1,0,0,0,0,0,17,0.5,2.4272,0,0
1,0,0,1,5.74,6.06,39,19.9995,18,5,1,0,1,0,0,0,0,0,18,-0.3199999999999994,2.2386,0,0
1,0,0,1,5.74,6.06,36,16.9979,19,5,1,0,1,0,0,0,0,0,19,-0.3199999999999994,2.0664000000000002,0,0
1,0,0,1,4.92,6.06,36,16.9979,20,5,1,0,1,0,0,0,0,0,20,-1.1399999999999997,1.7712,0,0
1,0,0,1,4.92,5.305,39,23.9994,21,5,1,0,1,0,0,0,0,0,21,-0.3849999999999998,1.9188,0,0
1,0,0,1,4.92,5.305,36,26.0027,22,5,1,0,1,0,0,0,0,0,22,-0.3849999999999998,1.7712,0,0
1,0,0,1,4.1,3.03,39,30.0026,23,5,1,0,1,0,0,0,0,0,23,1.0699999999999998,1.5989999999999998,0,0
1,0,0,1,4.1,3.79,42,26.0027,0,6,1,0,1,0,0,0,1,0,0,0.3099999999999996,1.722,0,0
1,0,0,1,4.1,3.03,42,31.0009,1,6,1,0,1,0,0,0,1,0,1,1.0699999999999998,1.722,0,0
1,0,0,1,4.1,3.03,46,31.0009,2,6,1,0,1,0,0,0,1,0,2,1.0699999999999998,1.886,0,0
1,0,0,1,4.1,3.79,46,27.9993,3,6,1,0,1,0,0,0,1,0,3,0.3099999999999996,1.886,0,0
1,0,0,1,3.28,4.545,53,12.998,4,6,1,0,1,0,0,0,1,0,4,-1.2650000000000001,1.7384,0,0
1,0,0,1,3.28,4.545,53,12.998,5,6,1,0,1,0,0,0,1,0,5,-1.2650000000000001,1.7384,0,0
1,0,0,1,4.1,4.545,49,19.0012,6,6,1,0,1,0,0,0,0,0,6,-0.4450000000000003,2.009,0,0
1,0,0,1,3.28,4.545,53,12.998,7,6,1,0,1,0,0,0,0,0,7,-1.2650000000000001,1.7384,0,0
1,0,0,1,4.1,4.545,49,19.0012,8,6,1,0,1,0,0,0,0,0,8,-0.4450000000000003,2.009,0,0
1,0,0,1,4.92,3.79,46,35.0008,9,6,1,0,1,0,0,0,0,0,9,1.13,2.2632,0,0
1,0,0,1,5.74,5.305,43,26.0027,10,6,1,0,1,0,0,0,0,0,10,0.4350000000000005,2.4682000000000004,0,0
1,0,0,1,6.56,6.06,40,35.0008,11,6,1,0,1,0,0,1,0,0,11,0.5,2.6239999999999997,0,0
1,0,0,1,7.38,6.82,37,30.0026,12,6,1,0,1,0,0,1,0,0,12,0.5599999999999996,2.7306,0,0
1,0,0,1,8.2,8.335,34,30.0026,13,6,1,0,1,0,0,1,0,0,13,-0.13500000000000156,2.7879999999999994,0,0
1,0,0,1,9.02,9.09,32,31.0009,14,6,1,0,1,0,0,1,0,0,14,-0.07000000000000028,2.8864,0,0
1,0,0,1,9.02,9.85,35,23.9994,15,6,1,0,1,0,0,1,0,0,15,-0.8300000000000001,3.157,0,0
1,0,0,1,8.2,8.335,34,30.0026,16,6,1,0,1,0,0,1,0,0,16,-0.13500000000000156,2.7879999999999994,0,0
1,0,0,1,7.38,7.575,37,26.0027,17,6,1,0,1,0,0,0,0,0,17,-0.19500000000000028,2.7306,0,0
1,0,0,1,6.56,6.82,40,22.0028,18,6,1,0,1,0,0,0,0,0,18,-0.2600000000000007,2.6239999999999997,0,0
1,0,0,1,6.56,6.82,43,22.0028,19,6,1,0,1,0,0,0,0,0,19,-0.2600000000000007,2.8207999999999998,0,0
1,0,0,1,5.74,6.06,46,16.9979,20,6,1,0,1,0,0,0,0,0,20,-0.3199999999999994,2.6404,0,0
1,0,0,1,5.74,5.305,46,27.9993,21,6,1,0,1,0,0,0,0,0,21,0.4350000000000005,2.6404,0,0
1,0,0,1,5.74,6.06,46,19.9995,22,6,1,0,1,0,0,0,0,0,22,-0.3199999999999994,2.6404,0,0
1,0,0,1,4.92,6.82,50,12.998,23,6,1,0,1,0,0,0,0,0,23,-1.9000000000000004,2.46,0,0
1,0,1,1,4.92,6.06,50,19.0012,0,0,1,0,0,0,0,0,1,0,0,-1.1399999999999997,2.46,0,0
1,0,1,1,4.92,6.06,50,19.0012,1,0,1,0,0,0,0,0,1,1,0,-1.1399999999999997,2.46,0,0
1,0,1,1,4.92,6.06,50,15.0013,2,0,1,0,0,0,0,0,1,2,0,-1.1399999999999997,2.46,0,0
1,0,1,1,4.92,6.06,50,15.0013,3,0,1,0,0,0,0,0,1,3,0,-1.1399999999999997,2.46,0,0
1,0,1,1,4.1,6.06,54,8.9981,4,0,1,0,0,0,0,0,1,4,0,-1.96,2.214,0,0
1,0,1,1,4.1,5.305,54,16.9979,5,0,1,0,0,0,0,0,1,5,0,-1.205,2.214,0,0
1,0,1,1,4.92,6.06,50,19.0012,6,0,1,0,0,0,0,0,0,6,0,-1.1399999999999997,2.46,0,0
1,0,1,1,4.92,6.06,50,15.0013,7,0,1,0,0,1,0,0,0,7,0,-1.1399999999999997,2.46,0,0
1,0,1,2,4.92,6.06,50,19.0012,8,0,1,0,0,1,0,0,0,8,0,-1.1399999999999997,2.46,0,0
1,0,1,2,5.74,6.06,50,16.9979,9,0,1,0,0,1,0,0,0,9,0,-0.3199999999999994,2.87,0,0
1,0,1,2,5.74,6.06,50,19.9995,10,0,1,0,0,0,0,0,0,10,0,-0.3199999999999994,2.87,0,0
1,0,1,2,6.56,6.82,47,19.0012,11,0,1,0,0,0,0,0,0,11,0,-0.2600000000000007,3.0831999999999997,0,0
1,0,1,2,8.2,9.09,40,19.0012,12,0,1,0,0,0,0,0,0,12,0,-0.8900000000000006,3.28,0,0
1,0,1,2,8.2,9.09,40,19.0012,13,0,1,0,0,0,0,0,0,13,0,-0.8900000000000006,3.28,0,0
1,0,1,2,8.2,9.85,40,15.0013,14,0,1,0,0,0,0,0,0,14,0,-1.6500000000000004,3.28,0,0
1,0,1,2,8.2,9.85,40,15.0013,15,0,1,0,0,0,0,0,0,15,0,-1.6500000000000004,3.28,0,0
1,0,1,1,8.2,10.605,40,8.9981,16,0,1,0,0,0,0,0,0,16,0,-2.405000000000001,3.28,0,0
1,0,1,1,8.2,11.365,40,7.0015,17,0,1,0,0,0,1,0,0,17,0,-3.165000000000001,3.28,0,0
1,0,1,1,8.2,9.85,40,15.0013,18,0,1,0,0,0,1,0,0,18,0,-1.6500000000000004,3.28,0,0
1,0,1,1,6.56,8.335,47,11.0014,19,0,1,0,0,0,1,0,0,19,0,-1.7750000000000012,3.0831999999999997,0,0
1,0,1,1,6.56,8.335,50,11.0014,20,0,1,0,0,0,0,0,0,20,0,-1.7750000000000012,3.28,0,0
1,0,1,1,5.74,6.82,59,12.998,21,0,1,0,0,0,0,0,0,21,0,-1.08,3.3866,0,0
1,0,1,1,5.74,7.575,59,11.0014,22,0,1,0,0,0,0,0,0,22,0,-1.835,3.3866,0,0
1,0,1,1,5.74,7.575,59,11.0014,23,0,1,0,0,0,0,0,0,23,0,-1.835,3.3866,0,0
1,0,1,1,5.74,8.335,59,7.0015,0,1,1,0,0,0,0,0,1,0,0,-2.5950000000000006,3.3866,0,0
1,0,1,1,5.74,7.575,59,11.0014,1,1,1,0,0,0,0,0,1,1,0,-1.835,3.3866,0,0
1,0,1,2,6.56,7.575,55,12.998,2,1,1,0,0,0,0,0,1,2,0,-1.0150000000000006,3.6079999999999997,0,0
1,0,1,2,6.56,9.09,55,8.9981,5,1,1,0,0,0,0,0,1,5,0,-2.5300000000000002,3.6079999999999997,0,0
1,0,1,2,6.56,9.09,55,8.9981,6,1,1,0,0,0,0,0,0,6,0,-2.5300000000000002,3.6079999999999997,0,0
1,0,1,2,6.56,11.365,55,0.0,7,1,1,0,0,1,0,0,0,7,0,-4.805000000000001,3.6079999999999997,0,0
1,0,1,2,7.38,10.605,51,6.0032,8,1,1,0,0,1,0,0,0,8,0,-3.2250000000000005,3.7638,0,0
1,0,1,2,7.38,9.85,51,11.0014,9,1,1,0,0,1,0,0,0,9,0,-2.4699999999999998,3.7638,0,0
1,0,1,2,8.2,10.605,51,11.0014,10,1,1,0,0,0,0,0,0,10,0,-2.405000000000001,4.1819999999999995,0,0
1,0,1,2,8.2,10.605,47,8.9981,11,1,1,0,0,0,0,0,0,11,0,-2.405000000000001,3.8539999999999996,0,0
1,0,1,2,8.2,11.365,51,7.0015,12,1,1,0,0,0,0,0,0,12,0,-3.165000000000001,4.1819999999999995,0,0
1,0,1,2,8.2,11.365,59,6.0032,13,1,1,0,0,0,0,0,0,13,0,-3.165000000000001,4.837999999999999,0,0
1,0,1,2,8.2,11.365,59,6.0032,14,1,1,0,0,0,0,0,0,14,0,-3.165000000000001,4.837999999999999,0,0
1,0,1,2,6.56,9.85,80,6.0032,15,1,1,0,0,0,0,0,0,15,0,-3.29,5.247999999999999,0,0
1,0,1,2,6.56,7.575,86,15.0013,16,1,1,0,0,0,0,0,0,16,0,-1.0150000000000006,5.6415999999999995,0,0
1,0,1,2,6.56,7.575,86,15.0013,17,1,1,0,0,0,1,0,0,17,0,-1.0150000000000006,5.6415999999999995,0,0
1,0,1,3,6.56,9.09,93,7.0015,18,1,1,0,0,0,1,0,0,18,0,-2.5300000000000002,6.1008,0,1
1,0,1,3,6.56,11.365,93,0.0,19,1,1,0,0,0,1,0,0,19,0,-4.805000000000001,6.1008,0,1
1,0,1,3,6.56,7.575,93,12.998,20,1,1,0,0,0,0,0,0,20,0,-1.0150000000000006,6.1008,0,1
1,0,1,3,6.56,9.85,86,6.0032,21,1,1,0,0,0,0,0,0,21,0,-3.29,5.6415999999999995,0,1
1,0,1,3,6.56,9.09,93,7.0015,22,1,1,0,0,0,0,0,0,22,0,-2.5300000000000002,6.1008,0,1
1,0,1,3,6.56,9.85,93,6.0032,23,1,1,0,0,0,0,0,0,23,0,-3.29,6.1008,0,1
1,0,1,2,6.56,9.85,86,6.0032,0,2,1,0,0,0,0,0,1,0,0,-3.29,5.6415999999999995,0,0
1,0,1,2,6.56,9.09,86,7.0015,1,2,1,0,0,0,0,0,1,1,0,-2.5300000000000002,5.6415999999999995,0,0
1,0,1,1,5.74,7.575,86,8.9981,2,2,1,0,0,0,0,0,1,2,0,-1.835,4.936400000000001,0,0
1,0,1,1,5.74,7.575,86,11.0014,5,2,1,0,0,0,0,0,1,5,0,-1.835,4.936400000000001,0,0
1,0,1,1,4.92,7.575,93,8.9981,6,2,1,0,0,0,0,0,0,6,0,-2.6550000000000002,4.5756,0,0
1,0,1,1,5.74,7.575,69,8.9981,7,2,1,0,0,1,0,0,0,7,0,-1.835,3.9606,0,0
1,0,1,1,6.56,8.335,59,11.0014,8,2,1,0,0,1,0,0,0,8,0,-1.7750000000000012,3.8703999999999996,0,0
1,0,1,1,6.56,6.82,59,22.0028,9,2,1,0,0,1,0,0,0,9,0,-0.2600000000000007,3.8703999999999996,0,0
1,0,1,1,7.38,9.09,55,15.0013,10,2,1,0,0,0,0,0,0,10,0,-1.71,4.059,0,0
1,0,1,1,8.2,9.09,51,26.0027,11,2,1,0,0,0,0,0,0,11,0,-0.8900000000000006,4.1819999999999995,0,0
1,0,1,1,8.2,7.575,47,39.0007,12,2,1,0,0,0,0,0,0,12,0,0.6249999999999991,3.8539999999999996,0,0
1,0,1,1,9.02,9.85,44,23.9994,13,2,1,0,0,0,0,0,0,13,0,-0.8300000000000001,3.9688,0,0
1,0,1,1,8.2,9.09,47,22.0028,14,2,1,0,0,0,0,0,0,14,0,-0.8900000000000006,3.8539999999999996,0,0
1,0,1,1,8.2,8.335,47,27.9993,15,2,1,0,0,0,0,0,0,15,0,-0.13500000000000156,3.8539999999999996,0,0
1,0,1,1,9.02,9.85,44,22.0028,16,2,1,0,0,0,0,0,0,16,0,-0.8300000000000001,3.9688,0,0
1,0,1,1,8.2,9.09,47,23.9994,17,2,1,0,0,0,1,0,0,17,0,-0.8900000000000006,3.8539999999999996,0,0
1,0,1,1,8.2,7.575,47,35.0008,18,2,1,0,0,0,1,0,0,18,0,0.6249999999999991,3.8539999999999996,0,0
1,0,1,1,7.38,7.575,47,27.9993,19,2,1,0,0,0,1,0,0,19,0,-0.19500000000000028,3.4686000000000003,0,0
1,0,1,1,6.56,6.82,50,22.0028,20,2,1,0,0,0,0,0,0,20,0,-0.2600000000000007,3.28,0,0
1,0,1,1,6.56,6.82,55,22.0028,21,2,1,0,0,0,0,0,0,21,0,-0.2600000000000007,3.6079999999999997,0,0
1,0,1,1,6.56,6.06,55,30.0026,22,2,1,0,0,0,0,0,0,22,0,0.5,3.6079999999999997,0,0
1,0,1,1,5.74,5.305,59,27.9993,23,2,1,0,0,0,0,0,0,23,0,0.4350000000000005,3.3866,0,0
1,0,1,1,5.74,6.06,59,19.0012,0,3,1,0,0,0,0,0,1,0,0,-0.3199999999999994,3.3866,0,0
1,0,1,1,5.74,6.06,50,19.0012,1,3,1,0,0,0,0,0,1,1,0,-0.3199999999999994,2.87,0,0
1,0,1,1,5.74,6.06,50,23.9994,2,3,1,0,0,0,0,0,1,2,0,-0.3199999999999994,2.87,0,0
1,0,1,1,5.74,6.06,50,22.0028,3,3,1,0,0,0,0,0,1,3,0,-0.3199999999999994,2.87,0,0
1,0,1,1,5.74,6.06,50,16.9979,4,3,1,0,0,0,0,0,1,4,0,-0.3199999999999994,2.87,0,0
1,0,1,1,5.74,6.06,50,19.9995,5,3,1,0,0,0,0,0,1,5,0,-0.3199999999999994,2.87,0,0
1,0,1,1,4.92,7.575,54,8.9981,6,3,1,0,0,0,0,0,0,6,0,-2.6550000000000002,2.6568,0,0
1,0,1,1,4.92,7.575,54,8.9981,7,3,1,0,0,1,0,0,0,7,0,-2.6550000000000002,2.6568,0,0
1,0,1,1,5.74,6.82,50,12.998,8,3,1,0,0,1,0,0,0,8,0,-1.08,2.87,0,0
1,0,1,1,5.74,6.06,50,22.0028,9,3,1,0,0,1,0,0,0,9,0,-0.3199999999999994,2.87,0,0
1,0,1,2,6.56,6.82,50,23.9994,10,3,1,0,0,0,0,0,0,10,0,-0.2600000000000007,3.28,0,0
1,0,1,2,8.2,8.335,44,30.0026,11,3,1,0,0,0,0,0,0,11,0,-0.13500000000000156,3.6079999999999997,0,0
1,0,1,1,8.2,8.335,44,27.9993,12,3,1,0,0,0,0,0,0,12,0,-0.13500000000000156,3.6079999999999997,0,0
1,0,1,1,9.02,9.85,41,30.0026,13,3,1,0,0,0,0,0,0,13,0,-0.8300000000000001,3.6982,0,0
1,0,1,1,9.02,9.85,41,26.0027,14,3,1,0,0,0,0,0,0,14,0,-0.8300000000000001,3.6982,0,0
1,0,1,1,9.84,10.605,38,19.9995,15,3,1,0,0,0,0,0,0,15,0,-0.7650000000000006,3.7392000000000003,0,0
1,0,1,1,9.84,10.605,38,23.9994,16,3,1,0,0,0,0,0,0,16,0,-0.7650000000000006,3.7392000000000003,0,0
1,0,1,1,8.2,9.09,40,19.0012,17,3,1,0,0,0,1,0,0,17,0,-0.8900000000000006,3.28,0,0
1,0,1,1,8.2,9.09,40,22.0028,18,3,1,0,0,0,1,0,0,18,0,-0.8900000000000006,3.28,0,0
1,0,1,1,6.56,7.575,47,16.9979,19,3,1,0,0,0,1,0,0,19,0,-1.0150000000000006,3.0831999999999997,0,0
1,0,1,1,6.56,7.575,47,15.0013,20,3,1,0,0,0,0,0,0,20,0,-1.0150000000000006,3.0831999999999997,0,0
1,0,1,1,5.74,6.06,46,19.9995,21,3,1,0,0,0,0,0,0,21,0,-0.3199999999999994,2.6404,0,0
1,0,1,1,5.74,6.06,46,22.0028,22,3,1,0,0,0,0,0,0,22,0,-0.3199999999999994,2.6404,0,0
1,0,1,1,4.92,6.82,50,12.998,23,3,1,0,0,0,0,0,0,23,0,-1.9000000000000004,2.46,0,0
1,0,1,1,4.92,6.82,50,12.998,0,4,1,0,0,0,0,0,1,0,0,-1.9000000000000004,2.46,0,0
1,0,1,1,4.1,6.06,54,11.0014,1,4,1,0,0,0,0,0,1,1,0,-1.96,2.214,0,0
1,0,1,1,4.1,6.06,54,8.9981,2,4,1,0,0,0,0,0,1,2,0,-1.96,2.214,0,0
1,0,1,1,4.1,6.82,54,7.0015,3,4,1,0,0,0,0,0,1,3,0,-2.7200000000000006,2.214,0,0
1,0,1,1,4.1,6.82,54,6.0032,5,4,1,0,0,0,0,0,1,5,0,-2.7200000000000006,2.214,0,0
1,0,1,1,4.1,9.09,54,0.0,6,4,1,0,0,0,0,0,0,6,0,-4.99,2.214,0,0
1,0,1,1,4.1,6.06,74,11.0014,7,4,1,0,0,1,0,0,0,7,0,-1.96,3.034,0,0
1,0,1,1,4.92,8.335,68,0.0,8,4,1,0,0,1,0,0,0,8,0,-3.415000000000001,3.3456,0,0
1,0,1,1,5.74,7.575,69,8.9981,9,4,1,0,0,1,0,0,0,9,0,-1.835,3.9606,0,0
1,0,1,1,7.38,9.09,55,12.998,10,4,1,0,0,0,0,0,0,10,0,-1.71,4.059,0,0
1,0,1,1,7.38,8.335,51,19.0012,11,4,1,0,0,0,0,0,0,11,0,-0.955000000000001,3.7638,0,0
1,0,1,1,8.2,9.85,44,16.9979,12,4,1,0,0,0,0,0,0,12,0,-1.6500000000000004,3.6079999999999997,0,0
1,0,1,1,9.02,9.85,37,26.0027,13,4,1,0,0,0,0,0,0,13,0,-0.8300000000000001,3.3374,0,0
1,0,1,1,9.02,10.605,41,19.0012,14,4,1,0,0,0,0,0,0,14,0,-1.5850000000000009,3.6982,0,0
1,0,1,1,9.84,12.12,38,11.0014,15,4,1,0,0,0,0,0,0,15,0,-2.2799999999999994,3.7392000000000003,0,0
1,0,1,1,9.02,12.12,41,7.0015,16,4,1,0,0,0,0,0,0,16,0,-3.0999999999999996,3.6982,0,0
1,0,1,1,9.02,11.365,41,11.0014,17,4,1,0,0,0,1,0,0,17,0,-2.3450000000000006,3.6982,0,0
1,0,1,1,8.2,12.88,47,0.0,18,4,1,0,0,0,1,0,0,18,0,-4.6800000000000015,3.8539999999999996,0,0
1,0,1,1,6.56,9.85,59,6.0032,19,4,1,0,0,0,1,0,0,19,0,-3.29,3.8703999999999996,0,0
1,0,1,1,7.38,12.12,59,0.0,20,4,1,0,0,0,0,0,0,20,0,-4.739999999999999,4.3542000000000005,0,0
1,0,1,1,6.56,11.365,69,0.0,21,4,1,0,0,0,0,0,0,21,0,-4.805000000000001,4.5264,0,0
1,0,1,2,6.56,11.365,69,0.0,22,4,1,0,0,0,0,0,0,22,0,-4.805000000000001,4.5264,0,0
1,0,1,2,7.38,12.12,55,0.0,23,4,1,0,0,0,0,0,0,23,0,-4.739999999999999,4.059,0,0
1,0,0,1,7.38,12.12,55,0.0,0,5,1,0,1,0,0,0,1,0,0,-4.739999999999999,4.059,0,0
1,0,0,2,6.56,9.85,59,6.0032,1,5,1,0,1,0,0,0,1,0,1,-3.29,3.8703999999999996,0,0
1,0,0,2,6.56,9.85,59,6.0032,2,5,1,0,1,0,0,0,1,0,2,-3.29,3.8703999999999996,0,0
1,0,0,2,6.56,11.365,59,0.0,3,5,1,0,1,0,0,0,1,0,3,-4.805000000000001,3.8703999999999996,0,0
1,0,0,2,6.56,11.365,59,0.0,4,5,1,0,1,0,0,0,1,0,4,-4.805000000000001,3.8703999999999996,0,0
1,0,0,1,6.56,11.365,59,0.0,5,5,1,0,1,0,0,0,1,0,5,-4.805000000000001,3.8703999999999996,0,0
1,0,0,1,5.74,8.335,63,7.0015,6,5,1,0,1,0,0,0,0,0,6,-2.5950000000000006,3.6162,0,0
1,0,0,1,5.74,10.605,63,0.0,7,5,1,0,1,0,0,0,0,0,7,-4.865,3.6162,0,0
1,0,0,1,5.74,7.575,63,8.9981,8,5,1,0,1,0,0,0,0,0,8,-1.835,3.6162,0,0
1,0,0,1,6.56,9.09,64,8.9981,9,5,1,0,1,0,0,0,0,0,9,-2.5300000000000002,4.1983999999999995,0,0
1,0,0,1,7.38,9.85,59,11.0014,10,5,1,0,1,0,0,0,0,0,10,-2.4699999999999998,4.3542000000000005,0,0
1,0,0,1,8.2,9.85,55,15.0013,11,5,1,0,1,0,0,1,0,0,11,-1.6500000000000004,4.51,0,0
1,0,0,1,9.84,11.365,48,15.0013,12,5,1,0,1,0,0,1,0,0,12,-1.5250000000000004,4.7232,0,0
1,0,0,1,11.48,12.88,38,19.9995,13,5,1,0,1,0,0,1,0,0,13,-1.4000000000000004,4.3624,0,0
1,0,0,1,12.3,14.395,39,19.0012,14,5,1,0,1,0,0,1,0,0,14,-2.094999999999999,4.797000000000001,0,0
1,0,0,2,13.12,15.91,36,12.998,15,5,1,0,1,0,0,1,0,0,15,-2.790000000000001,4.7232,0,0
1,0,0,2,13.94,16.665,34,12.998,16,5,1,0,1,0,0,1,0,0,16,-2.7249999999999996,4.739599999999999,0,0
1,0,0,2,13.12,15.15,36,19.0012,17,5,1,0,1,0,0,0,0,0,17,-2.030000000000001,4.7232,0,0
1,0,0,2,12.3,14.395,45,16.9979,18,5,1,0,1,0,0,0,0,0,18,-2.094999999999999,5.535,0,0
1,0,0,2,13.12,15.15,39,16.9979,19,5,1,0,1,0,0,0,0,0,19,-2.030000000000001,5.1168,0,0
1,0,0,2,13.12,15.15,39,16.9979,20,5,1,0,1,0,0,0,0,0,20,-2.030000000000001,5.1168,0,0
1,0,0,2,13.12,15.15,39,15.0013,21,5,1,0,1,0,0,0,0,0,21,-2.030000000000001,5.1168,0,0
1,0,0,2,12.3,15.91,42,7.0015,22,5,1,0,1,0,0,0,0,0,22,-3.6099999999999994,5.166,0,0
1,0,0,1,12.3,14.395,45,19.0012,23,5,1,0,1,0,0,0,0,0,23,-2.094999999999999,5.535,0,0
1,0,0,1,10.66,15.15,56,0.0,0,6,1,0,1,0,0,0,1,0,0,-4.49,5.969600000000001,0,0
1,0,0,1,10.66,13.635,56,8.9981,1,6,1,0,1,0,0,0,1,0,1,-2.9749999999999996,5.969600000000001,0,0
1,0,0,1,10.66,14.395,56,6.0032,2,6,1,0,1,0,0,0,1,0,2,-3.7349999999999994,5.969600000000001,0,0
1,0,0,1,9.02,13.635,69,0.0,3,6,1,0,1,0,0,0,1,0,3,-4.615,6.2238,0,0
1,0,0,1,10.66,12.88,56,11.0014,4,6,1,0,1,0,0,0,1,0,4,-2.2200000000000006,5.969600000000001,0,0
1,0,0,2,10.66,12.88,56,11.0014,5,6,1,0,1,0,0,0,1,0,5,-2.2200000000000006,5.969600000000001,0,0
1,0,0,2,10.66,12.88,56,11.0014,6,6,1,0,1,0,0,0,0,0,6,-2.2200000000000006,5.969600000000001,0,0
1,0,0,2,9.84,10.605,56,19.9995,7,6,1,0,1,0,0,0,0,0,7,-0.7650000000000006,5.5104,0,0
1,0,0,1,9.02,10.605,55,19.0012,8,6,1,0,1,0,0,0,0,0,8,-1.5850000000000009,4.960999999999999,0,0
1,0,0,1,9.02,10.605,51,16.9979,9,6,1,0,1,0,0,0,0,0,9,-1.5850000000000009,4.6002,0,0
1,0,0,1,9.02,10.605,51,19.0012,10,6,1,0,1,0,0,0,0,0,10,-1.5850000000000009,4.6002,0,0
1,0,0,1,9.84,11.365,44,16.9979,11,6,1,0,1,0,0,1,0,0,11,-1.5250000000000004,4.3296,0,0
1,0,0,1,9.84,10.605,41,19.0012,12,6,1,0,1,0,0,1,0,0,12,-0.7650000000000006,4.0344,0,0
1,0,0,1,10.66,11.365,35,19.9995,13,6,1,0,1,0,0,1,0,0,13,-0.7050000000000001,3.7310000000000003,0,0
1,0,0,1,11.48,13.635,36,16.9979,14,6,1,0,1,0,0,1,0,0,14,-2.1549999999999994,4.1328000000000005,0,0
1,0,0,1,10.66,12.12,38,16.9979,15,6,1,0,1,0,0,1,0,0,15,-1.459999999999999,4.0508,0,0
1,0,0,1,9.84,11.365,38,15.0013,16,6,1,0,1,0,0,1,0,0,16,-1.5250000000000004,3.7392000000000003,0,0
1,0,0,1,9.02,10.605,37,16.9979,17,6,1,0,1,0,0,0,0,0,17,-1.5850000000000009,3.3374,0,0
1,0,0,1,8.2,10.605,40,11.0014,18,6,1,0,1,0,0,0,0,0,18,-2.405000000000001,3.28,0,0
1,0,0,1,7.38,9.85,47,8.9981,19,6,1,0,1,0,0,0,0,0,19,-2.4699999999999998,3.4686000000000003,0,0
1,0,0,1,7.38,9.85,47,11.0014,20,6,1,0,1,0,0,0,0,0,20,-2.4699999999999998,3.4686000000000003,0,0
1,0,0,1,7.38,9.85,51,11.0014,21,6,1,0,1,0,0,0,0,0,21,-2.4699999999999998,3.7638,0,0
1,0,0,2,8.2,10.605,49,8.9981,22,6,1,0,1,0,0,0,0,0,22,-2.405000000000001,4.018,0,0
1,0,0,2,8.2,11.365,40,7.0015,23,6,1,0,1,0,0,0,0,0,23,-3.165000000000001,3.28,0,0
1,1,0,2,8.2,9.85,47,15.0013,0,0,1,0,0,0,0,0,1,0,0,-1.6500000000000004,3.8539999999999996,0,0
1,1,0,2,8.2,9.85,44,12.998,1,0,1,0,0,0,0,0,1,0,0,-1.6500000000000004,3.6079999999999997,0,0
1,1,0,2,7.38,8.335,43,16.9979,2,0,1,0,0,0,0,0,1,0,0,-0.955000000000001,3.1733999999999996,0,0
1,1,0,2,7.38,9.09,43,12.998,3,0,1,0,0,0,0,0,1,0,0,-1.71,3.1733999999999996,0,0
1,1,0,2,7.38,9.85,43,8.9981,4,0,1,0,0,0,0,0,1,0,0,-2.4699999999999998,3.1733999999999996,0,0
1,1,0,2,7.38,9.85,43,11.0014,5,0,1,0,0,0,0,0,1,0,0,-2.4699999999999998,3.1733999999999996,0,0
1,1,0,2,7.38,9.09,43,12.998,6,0,1,0,0,0,0,0,0,0,0,-1.71,3.1733999999999996,0,0
1,1,0,2,6.56,9.09,50,8.9981,7,0,1,0,0,0,0,0,0,0,0,-2.5300000000000002,3.28,0,0
1,1,0,2,6.56,7.575,47,15.0013,8,0,1,0,0,0,0,0,0,0,0,-1.0150000000000006,3.0831999999999997,0,0
1,1,0,2,6.56,7.575,47,15.0013,9,0,1,0,0,0,0,0,0,0,0,-1.0150000000000006,3.0831999999999997,0,0
1,1,0,2,6.56,7.575,50,16.9979,10,0,1,0,0,0,0,0,0,0,0,-1.0150000000000006,3.28,0,0
1,1,0,2,6.56,7.575,55,12.998,11,0,1,0,0,0,0,0,0,0,0,-1.0150000000000006,3.6079999999999997,0,0
1,1,0,2,7.38,9.85,47,8.9981,12,0,1,0,0,0,0,0,0,0,0,-2.4699999999999998,3.4686000000000003,0,0
1,1,0,2,7.38,9.85,47,8.9981,13,0,1,0,0,0,0,0,0,0,0,-2.4699999999999998,3.4686000000000003,0,0
1,1,0,2,7.38,10.605,43,7.0015,14,0,1,0,0,0,0,0,0,0,0,-3.2250000000000005,3.1733999999999996,0,0
1,1,0,2,8.2,10.605,47,11.0014,15,0,1,0,0,0,0,0,0,0,0,-2.405000000000001,3.8539999999999996,0,0
1,1,0,2,8.2,10.605,47,11.0014,16,0,1,0,0,0,0,0,0,0,0,-2.405000000000001,3.8539999999999996,0,0
1,1,0,1,8.2,9.85,51,12.998,17,0,1,0,0,0,0,0,0,0,0,-1.6500000000000004,4.1819999999999995,0,0
1,1,0,2,7.38,8.335,55,16.9979,18,0,1,0,0,0,0,0,0,0,0,-0.955000000000001,4.059,0,0
1,1,0,3,7.38,9.09,59,12.998,19,0,1,0,0,0,0,0,0,0,0,-1.71,4.3542000000000005,0,1
1,1,0,3,6.56,7.575,80,12.998,20,0,1,0,0,0,0,0,0,0,0,-1.0150000000000006,5.247999999999999,0,1
1,1,0,3,6.56,7.575,80,12.998,21,0,1,0,0,0,0,0,0,0,0,-1.0150000000000006,5.247999999999999,0,1
1,1,0,3,5.74,6.06,93,16.9979,22,0,1,0,0,0,0,0,0,0,0,-0.3199999999999994,5.3382000000000005,0,1
1,1,0,3,6.56,6.82,86,19.0012,23,0,1,0,0,0,0,0,0,0,0,-0.2600000000000007,5.6415999999999995,0,1
1,0,1,2,8.2,9.09,86,22.0028,12,1,1,0,0,0,0,0,0,12,0,-0.8900000000000006,7.052,0,0
1,0,1,2,8.2,9.85,86,15.0013,13,1,1,0,0,0,0,0,0,13,0,-1.6500000000000004,7.052,0,0
1,0,1,2,9.02,11.365,80,11.0014,14,1,1,0,0,0,0,0,0,14,0,-2.3450000000000006,7.215999999999999,0,0
1,0,1,2,9.02,11.365,87,11.0014,15,1,1,0,0,0,0,0,0,15,0,-2.3450000000000006,7.8474,0,0
1,0,1,2,9.02,11.365,87,12.998,16,1,1,0,0,0,0,0,0,16,0,-2.3450000000000006,7.8474,0,0
1,0,1,2,9.02,11.365,82,12.998,17,1,1,0,0,0,1,0,0,17,0,-2.3450000000000006,7.3964,0,0
1,0,1,2,9.02,11.365,80,11.0014,18,1,1,0,0,0,1,0,0,18,0,-2.3450000000000006,7.215999999999999,0,0
1,0,1,2,9.02,11.365,80,8.9981,19,1,1,0,0,0,1,0,0,19,0,-2.3450000000000006,7.215999999999999,0,0
1,0,1,2,9.02,13.635,87,0.0,20,1,1,0,0,0,0,0,0,20,0,-4.615,7.8474,0,0
1,0,1,2,9.02,12.12,93,7.0015,21,1,1,0,0,0,0,0,0,21,0,-3.0999999999999996,8.3886,0,0
1,0,1,2,9.02,12.88,93,6.0032,22,1,1,0,0,0,0,0,0,22,0,-3.860000000000001,8.3886,0,0
1,0,1,2,9.02,13.635,93,0.0,23,1,1,0,0,0,0,0,0,23,0,-4.615,8.3886,0,0
1,0,1,2,9.02,13.635,93,0.0,0,2,1,0,0,0,0,0,1,0,0,-4.615,8.3886,0,0
1,0,1,3,9.02,11.365,93,8.9981,1,2,1,0,0,0,0,0,1,1,0,-2.3450000000000006,8.3886,0,1
1,0,1,3,9.02,11.365,93,8.9981,2,2,1,0,0,0,0,0,1,2,0,-2.3450000000000006,8.3886,0,1
1,0,1,3,9.02,11.365,93,8.9981,4,2,1,0,0,0,0,0,1,4,0,-2.3450000000000006,8.3886,0,1
1,0,1,2,9.02,12.88,93,6.0032,5,2,1,0,0,0,0,0,1,5,0,-3.860000000000001,8.3886,0,0
1,0,1,2,9.02,12.88,93,6.0032,6,2,1,0,0,0,0,0,0,6,0,-3.860000000000001,8.3886,0,0
1,0,1,2,9.84,12.88,92,7.0015,7,2,1,0,0,1,0,0,0,7,0,-3.040000000000001,9.0528,0,0
1,0,1,2,9.84,12.88,93,7.0015,8,2,1,0,0,1,0,0,0,8,0,-3.040000000000001,9.1512,0,0
1,0,1,2,9.84,12.88,93,7.0015,9,2,1,0,0,1,0,0,0,9,0,-3.040000000000001,9.1512,0,0
1,0,1,2,10.66,13.635,93,8.9981,10,2,1,0,0,0,0,0,0,10,0,-2.9749999999999996,9.9138,0,0
1,0,1,2,11.48,15.15,87,6.0032,11,2,1,0,0,0,0,0,0,11,0,-3.67,9.9876,0,0
1,0,1,2,12.3,15.91,81,6.0032,12,2,1,0,0,0,0,0,0,12,0,-3.6099999999999994,9.963000000000001,0,0
1,0,1,1,16.4,20.455,62,19.0012,13,2,1,0,0,0,0,0,0,13,0,-4.055,10.168,0,0
1,0,1,1,16.4,20.455,58,16.9979,14,2,1,0,0,0,0,0,0,14,0,-4.055,9.511999999999999,0,0
1,0,1,1,16.4,20.455,54,19.0012,15,2,1,0,0,0,0,0,0,15,0,-4.055,8.856,0,0
1,0,1,1,15.58,19.695,58,26.0027,16,2,1,0,0,0,0,0,0,16,0,-4.115,9.0364,0,0
1,0,1,1,14.76,16.665,57,22.0028,17,2,1,0,0,0,1,0,0,17,0,-1.9049999999999994,8.4132,0,0
1,0,1,1,13.94,15.91,61,19.0012,18,2,1,0,0,0,1,0,0,18,0,-1.9700000000000006,8.5034,0,0
1,0,1,1,13.12,14.395,57,27.9993,19,2,1,0,0,0,1,0,0,19,0,-1.2750000000000004,7.478399999999999,0,0
1,0,1,1,13.12,15.15,49,19.9995,20,2,1,0,0,0,0,0,0,20,0,-2.030000000000001,6.4288,0,0
1,0,1,1,13.12,14.395,49,27.9993,21,2,1,0,0,0,0,0,0,21,0,-1.2750000000000004,6.4288,0,0
1,0,1,1,12.3,15.15,52,11.0014,22,2,1,0,0,0,0,0,0,22,0,-2.8499999999999996,6.396,0,0
1,0,1,1,12.3,13.635,52,31.0009,23,2,1,0,0,0,0,0,0,23,0,-1.334999999999999,6.396,0,0
1,0,1,2,6.56,9.09,64,7.0015,0,1,2,0,0,0,0,0,1,0,0,-2.5300000000000002,4.1983999999999995,0,0
1,0,1,2,6.56,9.09,69,7.0015,1,1,2,0,0,0,0,0,1,1,0,-2.5300000000000002,4.5264,0,0
1,0,1,2,6.56,11.365,69,0.0,2,1,2,0,0,0,0,0,1,2,0,-4.805000000000001,4.5264,0,0
1,0,1,2,6.56,11.365,69,0.0,3,1,2,0,0,0,0,0,1,3,0,-4.805000000000001,4.5264,0,0
1,0,1,3,5.74,10.605,93,0.0,5,1,2,0,0,0,0,0,1,5,0,-4.865,5.3382000000000005,0,1
1,0,1,3,5.74,10.605,93,0.0,6,1,2,0,0,0,0,0,0,6,0,-4.865,5.3382000000000005,0,1
1,0,1,3,6.56,11.365,93,0.0,7,1,2,0,0,1,0,0,0,7,0,-4.805000000000001,6.1008,0,1
1,0,1,3,6.56,11.365,93,0.0,8,1,2,0,0,1,0,0,0,8,0,-4.805000000000001,6.1008,0,1
1,0,1,2,6.56,11.365,93,0.0,9,1,2,0,0,1,0,0,0,9,0,-4.805000000000001,6.1008,0,0
1,0,1,2,6.56,11.365,93,0.0,10,1,2,0,0,0,0,0,0,10,0,-4.805000000000001,6.1008,0,0
1,0,1,2,7.38,12.12,86,0.0,11,1,2,0,0,0,0,0,0,11,0,-4.739999999999999,6.346799999999999,0,0
1,0,1,2,8.2,12.88,86,0.0,12,1,2,0,0,0,0,0,0,12,0,-4.6800000000000015,7.052,0,0
1,0,1,2,8.2,12.88,86,0.0,13,1,2,0,0,0,0,0,0,13,0,-4.6800000000000015,7.052,0,0
1,0,1,2,9.02,12.88,80,6.0032,14,1,2,0,0,0,0,0,0,14,0,-3.860000000000001,7.215999999999999,0,0
1,0,1,2,9.84,14.395,75,0.0,15,1,2,0,0,0,0,0,0,15,0,-4.555,7.38,0,0
1,0,1,2,9.84,12.12,75,8.9981,16,1,2,0,0,0,0,0,0,16,0,-2.2799999999999994,7.38,0,0
1,0,1,2,9.84,14.395,75,0.0,17,1,2,0,0,0,1,0,0,17,0,-4.555,7.38,0,0
1,0,1,2,9.84,12.88,81,7.0015,18,1,2,0,0,0,1,0,0,18,0,-3.040000000000001,7.9704,0,0
1,0,1,2,9.84,12.12,81,8.9981,19,1,2,0,0,0,1,0,0,19,0,-2.2799999999999994,7.9704,0,0
1,0,1,2,9.02,11.365,87,8.9981,20,1,2,0,0,0,0,0,0,20,0,-2.3450000000000006,7.8474,0,0
1,0,1,2,9.02,11.365,87,8.9981,21,1,2,0,0,0,0,0,0,21,0,-2.3450000000000006,7.8474,0,0
1,0,1,2,9.02,12.88,87,6.0032,22,1,2,0,0,0,0,0,0,22,0,-3.860000000000001,7.8474,0,0
1,0,1,3,8.2,9.85,93,12.998,23,1,2,0,0,0,0,0,0,23,0,-1.6500000000000004,7.6259999999999994,0,1
1,0,1,3,9.02,12.12,93,7.0015,0,2,2,0,0,0,0,0,1,0,0,-3.0999999999999996,8.3886,0,1
1,0,1,3,9.02,11.365,93,12.998,1,2,2,0,0,0,0,0,1,1,0,-2.3450000000000006,8.3886,0,1
1,0,1,3,9.02,11.365,93,8.9981,2,2,2,0,0,0,0,0,1,2,0,-2.3450000000000006,8.3886,0,1
1,0,1,3,9.02,11.365,93,8.9981,3,2,2,0,0,0,0,0,1,3,0,-2.3450000000000006,8.3886,0,1
1,0,1,3,9.02,10.605,93,19.0012,4,2,2,0,0,0,0,0,1,4,0,-1.5850000000000009,8.3886,0,1
1,0,1,3,9.02,12.12,93,7.0015,5,2,2,0,0,0,0,0,1,5,0,-3.0999999999999996,8.3886,0,1
1,0,1,3,9.02,12.12,93,7.0015,6,2,2,0,0,0,0,0,0,6,0,-3.0999999999999996,8.3886,0,1
1,0,1,3,9.02,10.605,93,15.0013,7,2,2,0,0,1,0,0,0,7,0,-1.5850000000000009,8.3886,0,1
1,0,1,3,9.02,10.605,93,15.0013,8,2,2,0,0,1,0,0,0,8,0,-1.5850000000000009,8.3886,0,1
1,0,1,2,9.84,12.88,93,6.0032,9,2,2,0,0,1,0,0,0,9,0,-3.040000000000001,9.1512,0,0
1,0,1,2,9.02,13.635,100,0.0,10,2,2,0,0,0,0,0,0,10,0,-4.615,9.02,0,0
1,0,1,2,9.84,11.365,93,12.998,11,2,2,0,0,0,0,0,0,11,0,-1.5250000000000004,9.1512,0,0
1,0,1,2,9.84,11.365,93,15.0013,12,2,2,0,0,0,0,0,0,12,0,-1.5250000000000004,9.1512,0,0
1,0,1,1,13.94,16.665,93,11.0014,13,2,2,0,0,0,0,0,0,13,0,-2.7249999999999996,12.964199999999998,0,0
1,0,1,1,15.58,19.695,82,26.0027,14,2,2,0,0,0,0,0,0,14,0,-4.115,12.775599999999999,0,0
1,0,1,1,15.58,19.695,76,22.0028,15,2,2,0,0,0,0,0,0,15,0,-4.115,11.8408,0,0
1,0,1,1,14.76,16.665,71,19.9995,16,2,2,0,0,0,0,0,0,16,0,-1.9049999999999994,10.4796,0,0
1,0,1,1,14.76,15.91,53,35.0008,17,2,2,0,0,0,1,0,0,17,0,-1.1500000000000004,7.8228,0,0
1,0,1,1,13.94,14.395,42,36.9974,18,2,2,0,0,0,1,0,0,18,0,-0.45500000000000007,5.8548,0,0
1,0,1,1,11.48,12.12,45,32.9975,19,2,2,0,0,0,1,0,0,19,0,-0.6399999999999988,5.166,0,0
1,0,1,1,9.84,9.85,48,36.9974,20,2,2,0,0,0,0,0,0,20,0,-0.009999999999999787,4.7232,0,0
1,0,1,1,9.02,9.85,47,22.0028,21,2,2,0,0,0,0,0,0,21,0,-0.8300000000000001,4.2394,0,0
1,0,1,1,9.02,10.605,44,16.9979,22,2,2,0,0,0,0,0,0,22,0,-1.5850000000000009,3.9688,0,0
1,0,1,1,8.2,8.335,44,30.0026,23,2,2,0,0,0,0,0,0,23,0,-0.13500000000000156,3.6079999999999997,0,0
1,0,1,1,8.2,8.335,40,30.0026,0,3,2,0,0,0,0,0,1,0,0,-0.13500000000000156,3.28,0,0
1,0,1,1,8.2,7.575,44,35.0008,1,3,2,0,0,0,0,0,1,1,0,0.6249999999999991,3.6079999999999997,0,0
1,0,1,1,7.38,8.335,43,16.9979,2,3,2,0,0,0,0,0,1,2,0,-0.955000000000001,3.1733999999999996,0,0
1,0,1,1,7.38,8.335,43,16.9979,3,3,2,0,0,0,0,0,1,3,0,-0.955000000000001,3.1733999999999996,0,0
1,0,1,1,6.56,6.82,50,19.9995,5,3,2,0,0,0,0,0,1,5,0,-0.2600000000000007,3.28,0,0
1,0,1,1,6.56,6.82,43,23.9994,6,3,2,0,0,0,0,0,0,6,0,-0.2600000000000007,2.8207999999999998,0,0
1,0,1,1,5.74,6.06,50,22.0028,7,3,2,0,0,1,0,0,0,7,0,-0.3199999999999994,2.87,0,0
1,0,1,1,5.74,6.06,50,23.9994,8,3,2,0,0,1,0,0,0,8,0,-0.3199999999999994,2.87,0,0
1,0,1,1,6.56,6.82,47,19.9995,9,3,2,0,0,1,0,0,0,9,0,-0.2600000000000007,3.0831999999999997,0,0
1,0,1,1,7.38,7.575,43,22.0028,10,3,2,0,0,0,0,0,0,10,0,-0.19500000000000028,3.1733999999999996,0,0
1,0,1,1,7.38,6.82,43,30.0026,11,3,2,0,0,0,0,0,0,11,0,0.5599999999999996,3.1733999999999996,0,0
1,0,1,1,8.2,9.09,40,23.9994,12,3,2,0,0,0,0,0,0,12,0,-0.8900000000000006,3.28,0,0
1,0,1,1,8.2,8.335,40,27.9993,13,3,2,0,0,0,0,0,0,13,0,-0.13500000000000156,3.28,0,0
1,0,1,1,9.02,9.85,37,26.0027,14,3,2,0,0,0,0,0,0,14,0,-0.8300000000000001,3.3374,0,0
1,0,1,1,9.02,9.85,37,22.0028,15,3,2,0,0,0,0,0,0,15,0,-0.8300000000000001,3.3374,0,0
1,0,1,1,9.02,10.605,37,16.9979,16,3,2,0,0,0,0,0,0,16,0,-1.5850000000000009,3.3374,0,0
1,0,1,1,8.2,9.85,40,12.998,17,3,2,0,0,0,1,0,0,17,0,-1.6500000000000004,3.28,0,0
1,0,1,1,8.2,10.605,40,11.0014,18,3,2,0,0,0,1,0,0,18,0,-2.405000000000001,3.28,0,0
1,0,1,1,8.2,12.88,40,0.0,19,3,2,0,0,0,1,0,0,19,0,-4.6800000000000015,3.28,0,0
1,0,1,1,8.2,11.365,47,6.0032,20,3,2,0,0,0,0,0,0,20,0,-3.165000000000001,3.8539999999999996,0,0
1,0,1,1,7.38,10.605,55,7.0015,21,3,2,0,0,0,0,0,0,21,0,-3.2250000000000005,4.059,0,0
1,0,1,1,7.38,10.605,51,6.0032,22,3,2,0,0,0,0,0,0,22,0,-3.2250000000000005,3.7638,0,0
1,0,1,1,8.2,11.365,47,7.0015,23,3,2,0,0,0,0,0,0,23,0,-3.165000000000001,3.8539999999999996,0,0
1,0,1,2,8.2,12.88,44,0.0,0,4,2,0,0,0,0,0,1,0,0,-4.6800000000000015,3.6079999999999997,0,0
1,0,1,2,6.56,11.365,59,0.0,1,4,2,0,0,0,0,0,1,1,0,-4.805000000000001,3.8703999999999996,0,0
1,0,1,2,5.74,8.335,63,7.0015,2,4,2,0,0,0,0,0,1,2,0,-2.5950000000000006,3.6162,0,0
1,0,1,2,5.74,8.335,63,7.0015,3,4,2,0,0,0,0,0,1,3,0,-2.5950000000000006,3.6162,0,0
1,0,1,2,5.74,7.575,63,8.9981,5,4,2,0,0,0,0,0,1,5,0,-1.835,3.6162,0,0
1,0,1,2,6.56,11.365,55,0.0,6,4,2,0,0,0,0,0,0,6,0,-4.805000000000001,3.6079999999999997,0,0
1,0,1,1,5.74,10.605,59,0.0,7,4,2,0,0,1,0,0,0,7,0,-4.865,3.3866,0,0
1,0,1,1,5.74,7.575,74,8.9981,8,4,2,0,0,1,0,0,0,8,0,-1.835,4.2476,0,0
1,0,1,2,6.56,9.09,80,8.9981,9,4,2,0,0,1,0,0,0,9,0,-2.5300000000000002,5.247999999999999,0,0
1,0,1,2,8.2,10.605,51,8.9981,10,4,2,0,0,0,0,0,0,10,0,-2.405000000000001,4.1819999999999995,0,0
1,0,1,1,9.02,11.365,51,11.0014,11,4,2,0,0,0,0,0,0,11,0,-2.3450000000000006,4.6002,0,0
1,0,1,2,9.84,12.12,48,11.0014,12,4,2,0,0,0,0,0,0,12,0,-2.2799999999999994,4.7232,0,0
1,0,1,2,10.66,12.88,50,15.0013,13,4,2,0,0,0,0,0,0,13,0,-2.2200000000000006,5.33,0,0
1,0,1,2,11.48,13.635,45,11.0014,14,4,2,0,0,0,0,0,0,14,0,-2.1549999999999994,5.166,0,0
1,0,1,2,11.48,13.635,48,16.9979,15,4,2,0,0,0,0,0,0,15,0,-2.1549999999999994,5.5104,0,0
1,0,1,2,12.3,14.395,42,15.0013,16,4,2,0,0,0,0,0,0,16,0,-2.094999999999999,5.166,0,0
1,0,1,2,10.66,13.635,56,8.9981,17,4,2,0,0,0,1,0,0,17,0,-2.9749999999999996,5.969600000000001,0,0
1,0,1,2,9.84,12.88,60,7.0015,18,4,2,0,0,0,1,0,0,18,0,-3.040000000000001,5.904,0,0
1,0,1,2,9.84,12.12,65,8.9981,19,4,2,0,0,0,1,0,0,19,0,-2.2799999999999994,6.396,0,0
1,0,1,2,9.84,12.12,65,11.0014,20,4,2,0,0,0,0,0,0,20,0,-2.2799999999999994,6.396,0,0
1,0,1,2,9.84,12.12,70,11.0014,21,4,2,0,0,0,0,0,0,21,0,-2.2799999999999994,6.888,0,0
1,0,1,2,9.84,12.12,65,11.0014,22,4,2,0,0,0,0,0,0,22,0,-2.2799999999999994,6.396,0,0
1,0,1,2,9.84,12.12,70,8.9981,23,4,2,0,0,0,0,0,0,23,0,-2.2799999999999994,6.888,0,0
1,0,0,2,9.84,12.12,70,11.0014,0,5,2,0,1,0,0,0,1,0,0,-2.2799999999999994,6.888,0,0
1,0,0,2,9.84,12.12,65,11.0014,1,5,2,0,1,0,0,0,1,0,1,-2.2799999999999994,6.396,0,0
1,0,0,2,9.84,12.12,75,11.0014,2,5,2,0,1,0,0,0,1,0,2,-2.2799999999999994,7.38,0,0
1,0,0,2,9.84,12.12,75,11.0014,3,5,2,0,1,0,0,0,1,0,3,-2.2799999999999994,7.38,0,0
1,0,0,3,9.02,11.365,93,8.9981,4,5,2,0,1,0,0,0,1,0,4,-2.3450000000000006,8.3886,0,1
1,0,0,3,8.2,11.365,100,6.0032,5,5,2,0,1,0,0,0,1,0,5,-3.165000000000001,8.2,0,1
1,0,0,3,8.2,12.88,100,0.0,6,5,2,0,1,0,0,0,0,0,6,-4.6800000000000015,8.2,0,1
1,0,0,3,9.02,12.88,93,6.0032,7,5,2,0,1,0,0,0,0,0,7,-3.860000000000001,8.3886,0,1
1,0,0,3,8.2,11.365,100,6.0032,8,5,2,0,1,0,0,0,0,0,8,-3.165000000000001,8.2,0,1
1,0,0,3,8.2,11.365,100,6.0032,9,5,2,0,1,0,0,0,0,0,9,-3.165000000000001,8.2,0,1
1,0,0,3,8.2,10.605,100,8.9981,10,5,2,0,1,0,0,0,0,0,10,-2.405000000000001,8.2,0,1
1,0,0,3,9.02,11.365,100,8.9981,11,5,2,0,1,0,0,1,0,0,11,-2.3450000000000006,9.02,0,1
1,0,0,3,9.02,11.365,100,11.0014,12,5,2,0,1,0,0,1,0,0,12,-2.3450000000000006,9.02,0,1
1,0,0,3,9.02,11.365,100,11.0014,13,5,2,0,1,0,0,1,0,0,13,-2.3450000000000006,9.02,0,1
1,0,0,3,9.02,13.635,100,0.0,14,5,2,0,1,0,0,1,0,0,14,-4.615,9.02,0,1
1,0,0,3,9.02,13.635,100,0.0,15,5,2,0,1,0,0,1,0,0,15,-4.615,9.02,0,1
1,0,0,3,9.02,11.365,100,8.9981,16,5,2,0,1,0,0,1,0,0,16,-2.3450000000000006,9.02,0,1
1,0,0,2,9.84,10.605,100,19.0012,17,5,2,0,1,0,0,0,0,0,17,-0.7650000000000006,9.84,0,0
1,0,0,2,11.48,12.12,93,30.0026,18,5,2,0,1,0,0,0,0,0,18,-0.6399999999999988,10.676400000000001,0,0
1,0,0,2,11.48,12.12,93,30.0026,19,5,2,0,1,0,0,0,0,0,19,-0.6399999999999988,10.676400000000001,0,0
1,0,0,1,12.3,14.395,87,16.9979,20,5,2,0,1,0,0,0,0,0,20,-2.094999999999999,10.701,0,0
1,0,0,1,10.66,12.88,100,12.998,21,5,2,0,1,0,0,0,0,0,21,-2.2200000000000006,10.66,0,0
1,0,0,1,10.66,13.635,93,8.9981,22,5,2,0,1,0,0,0,0,0,22,-2.9749999999999996,9.9138,0,0
1,0,0,1,10.66,12.88,93,15.0013,23,5,2,0,1,0,0,0,0,0,23,-2.2200000000000006,9.9138,0,0
1,0,0,1,10.66,12.88,70,12.998,0,6,2,0,1,0,0,0,1,0,0,-2.2200000000000006,7.462000000000001,0,0
1,0,0,1,10.66,11.365,65,27.9993,1,6,2,0,1,0,0,0,1,0,1,-0.7050000000000001,6.928999999999999,0,0
1,0,0,1,10.66,11.365,60,22.0028,2,6,2,0,1,0,0,0,1,0,2,-0.7050000000000001,6.396,0,0
1,0,0,1,10.66,14.395,60,6.0032,3,6,2,0,1,0,0,0,1,0,3,-3.7349999999999994,6.396,0,0
1,0,0,1,10.66,11.365,60,23.9994,4,6,2,0,1,0,0,0,1,0,4,-0.7050000000000001,6.396,0,0
1,0,0,1,10.66,12.88,60,15.0013,5,6,2,0,1,0,0,0,1,0,5,-2.2200000000000006,6.396,0,0
1,0,0,1,10.66,12.88,60,15.0013,6,6,2,0,1,0,0,0,0,0,6,-2.2200000000000006,6.396,0,0
1,0,0,1,9.84,12.12,65,11.0014,7,6,2,0,1,0,0,0,0,0,7,-2.2799999999999994,6.396,0,0
1,0,0,1,9.84,12.88,65,7.0015,8,6,2,0,1,0,0,0,0,0,8,-3.040000000000001,6.396,0,0
1,0,0,1,11.48,14.395,56,7.0015,9,6,2,0,1,0,0,0,0,0,9,-2.914999999999999,6.4288,0,0
1,0,0,1,12.3,14.395,52,16.9979,10,6,2,0,1,0,0,0,0,0,10,-2.094999999999999,6.396,0,0
1,0,0,1,13.12,15.15,49,16.9979,11,6,2,0,1,0,0,1,0,0,11,-2.030000000000001,6.4288,0,0
1,0,0,1,13.94,16.665,46,0.0,12,6,2,0,1,0,0,1,0,0,12,-2.7249999999999996,6.4124,0,0
1,0,0,1,13.94,18.18,46,0.0,13,6,2,0,1,0,0,1,0,0,13,-4.24,6.4124,0,0
1,0,0,1,13.94,17.425,46,6.0032,14,6,2,0,1,0,0,1,0,0,14,-3.485000000000001,6.4124,0,0
1,0,0,1,13.94,17.425,46,6.0032,15,6,2,0,1,0,0,1,0,0,15,-3.485000000000001,6.4124,0,0
1,0,0,1,13.94,17.425,49,7.0015,16,6,2,0,1,0,0,1,0,0,16,-3.485000000000001,6.8306,0,0
1,0,0,1,13.94,18.18,46,0.0,17,6,2,0,1,0,0,0,0,0,17,-4.24,6.4124,0,0
1,0,0,1,12.3,15.15,56,11.0014,18,6,2,0,1,0,0,0,0,0,18,-2.8499999999999996,6.888000000000001,0,0
1,0,0,1,11.48,14.395,61,8.9981,19,6,2,0,1,0,0,0,0,0,19,-2.914999999999999,7.0028,0,0
1,0,0,1,11.48,14.395,61,7.0015,20,6,2,0,1,0,0,0,0,0,20,-2.914999999999999,7.0028,0,0
1,0,0,1,10.66,15.15,60,0.0,21,6,2,0,1,0,0,0,0,0,21,-4.49,6.396,0,0
1,0,0,1,10.66,15.15,60,0.0,22,6,2,0,1,0,0,0,0,0,22,-4.49,6.396,0,0
1,0,0,1,9.84,14.395,65,0.0,23,6,2,0,1,0,0,0,0,0,23,-4.555,6.396,0,0
1,0,1,1,9.84,14.395,65,0.0,0,0,2,0,0,0,0,0,1,0,0,-4.555,6.396,0,0
1,0,1,1,9.02,13.635,75,0.0,1,0,2,0,0,0,0,0,1,1,0,-4.615,6.765,0,0
1,0,1,1,8.2,12.88,80,0.0,2,0,2,0,0,0,0,0,1,2,0,-4.6800000000000015,6.56,0,0
1,0,1,1,8.2,12.88,86,0.0,3,0,2,0,0,0,0,0,1,3,0,-4.6800000000000015,7.052,0,0
1,0,1,1,8.2,12.88,86,0.0,4,0,2,0,0,0,0,0,1,4,0,-4.6800000000000015,7.052,0,0
1,0,1,1,8.2,12.88,86,0.0,5,0,2,0,0,0,0,0,1,5,0,-4.6800000000000015,7.052,0,0
1,0,1,1,7.38,12.12,93,0.0,6,0,2,0,0,0,0,0,0,6,0,-4.739999999999999,6.8634,0,0
1,0,1,1,7.38,12.12,86,0.0,7,0,2,0,0,1,0,0,0,7,0,-4.739999999999999,6.346799999999999,0,0
1,0,1,2,6.56,11.365,100,0.0,8,0,2,0,0,1,0,0,0,8,0,-4.805000000000001,6.56,0,0
1,0,1,1,9.02,13.635,80,0.0,9,0,2,0,0,1,0,0,0,9,0,-4.615,7.215999999999999,0,0
1,0,1,1,9.84,12.88,75,7.0015,10,0,2,0,0,0,0,0,0,10,0,-3.040000000000001,7.38,0,0
1,0,1,1,12.3,15.91,65,6.0032,11,0,2,0,0,0,0,0,0,11,0,-3.6099999999999994,7.995,0,0
1,0,1,2,13.12,17.425,62,0.0,12,0,2,0,0,0,0,0,0,12,0,-4.3050000000000015,8.1344,0,0
1,0,1,2,14.76,18.18,57,6.0032,13,0,2,0,0,0,0,0,0,13,0,-3.42,8.4132,0,0
1,0,1,2,14.76,18.18,57,6.0032,14,0,2,0,0,0,0,0,0,14,0,-3.42,8.4132,0,0
1,0,1,2,15.58,19.695,54,6.0032,15,0,2,0,0,0,0,0,0,15,0,-4.115,8.4132,0,0
1,0,1,2,14.76,17.425,57,8.9981,16,0,2,0,0,0,0,0,0,16,0,-2.665000000000001,8.4132,0,0
1,0,1,2,13.12,15.91,70,11.0014,17,0,2,0,0,0,1,0,0,17,0,-2.790000000000001,9.184,0,0
1,0,1,2,13.94,16.665,66,8.9981,18,0,2,0,0,0,1,0,0,18,0,-2.7249999999999996,9.2004,0,0
1,0,1,2,13.12,17.425,70,0.0,19,0,2,0,0,0,1,0,0,19,0,-4.3050000000000015,9.184,0,0
1,0,1,2,13.12,16.665,70,7.0015,20,0,2,0,0,0,0,0,0,20,0,-3.545,9.184,0,0
1,0,1,1,13.12,17.425,70,0.0,21,0,2,0,0,0,0,0,0,21,0,-4.3050000000000015,9.184,0,0
1,0,1,1,11.48,15.15,81,6.0032,22,0,2,0,0,0,0,0,0,22,0,-3.67,9.2988,0,0
1,0,1,2,12.3,16.665,81,0.0,23,0,2,0,0,0,0,0,0,23,0,-4.364999999999998,9.963000000000001,0,0
1,0,1,2,11.48,15.91,87,0.0,0,1,2,0,0,0,0,0,1,0,0,-4.43,9.9876,0,0
1,0,1,2,11.48,15.91,87,0.0,1,1,2,0,0,0,0,0,1,1,0,-4.43,9.9876,0,0
1,0,1,2,10.66,13.635,93,7.0015,2,1,2,0,0,0,0,0,1,2,0,-2.9749999999999996,9.9138,0,0
1,0,1,3,11.48,13.635,93,11.0014,3,1,2,0,0,0,0,0,1,3,0,-2.1549999999999994,10.676400000000001,0,1
1,0,1,1,10.66,12.88,93,11.0014,4,1,2,0,0,0,0,0,1,4,0,-2.2200000000000006,9.9138,0,0
1,0,1,1,10.66,11.365,81,22.0028,5,1,2,0,0,0,0,0,1,5,0,-0.7050000000000001,8.6346,0,0
1,0,1,1,10.66,11.365,70,22.0028,6,1,2,0,0,0,0,0,0,6,0,-0.7050000000000001,7.462000000000001,0,0
1,0,1,1,9.84,9.85,65,27.9993,7,1,2,0,0,1,0,0,0,7,0,-0.009999999999999787,6.396,0,0
1,0,1,1,9.84,9.85,56,32.9975,8,1,2,0,0,1,0,0,0,8,0,-0.009999999999999787,5.5104,0,0
1,0,1,1,9.84,9.85,52,32.9975,9,1,2,0,0,1,0,0,0,9,0,-0.009999999999999787,5.1168000000000005,0,0
1,0,1,1,9.02,9.09,47,36.9974,10,1,2,0,0,0,0,0,0,10,0,-0.07000000000000028,4.2394,0,0
1,0,1,1,9.02,9.09,47,31.0009,11,1,2,0,0,0,0,0,0,11,0,-0.07000000000000028,4.2394,0,0
1,0,1,1,9.84,9.85,38,32.9975,12,1,2,0,0,0,0,0,0,12,0,-0.009999999999999787,3.7392000000000003,0,0
1,0,1,2,9.84,9.85,32,30.0026,13,1,2,0,0,0,0,0,0,13,0,-0.009999999999999787,3.1488,0,0
1,0,1,1,9.02,9.85,37,27.9993,14,1,2,0,0,0,0,0,0,14,0,-0.8300000000000001,3.3374,0,0
1,0,1,1,9.02,9.85,35,26.0027,15,1,2,0,0,0,0,0,0,15,0,-0.8300000000000001,3.157,0,0
1,0,1,1,9.02,9.09,35,35.0008,16,1,2,0,0,0,0,0,0,16,0,-0.07000000000000028,3.157,0,0
1,0,1,1,9.02,9.09,32,39.0007,17,1,2,0,0,0,1,0,0,17,0,-0.07000000000000028,2.8864,0,0
1,0,1,1,8.2,9.09,32,26.0027,18,1,2,0,0,0,1,0,0,18,0,-0.8900000000000006,2.6239999999999997,0,0
1,0,1,1,6.56,6.06,40,31.0009,19,1,2,0,0,0,1,0,0,19,0,0.5,2.6239999999999997,0,0
1,0,1,1,6.56,6.82,40,22.0028,20,1,2,0,0,0,0,0,0,20,0,-0.2600000000000007,2.6239999999999997,0,0
1,0,1,1,5.74,5.305,33,31.0009,21,1,2,0,0,0,0,0,0,21,0,0.4350000000000005,1.8942,0,0
1,0,1,1,4.92,5.305,33,23.9994,22,1,2,0,0,0,0,0,0,22,0,-0.3849999999999998,1.6236,0,0
1,0,1,1,4.92,5.305,33,22.0028,23,1,2,0,0,0,0,0,0,23,0,-0.3849999999999998,1.6236,0,0
1,0,1,1,4.1,3.79,36,23.9994,0,2,2,0,0,0,0,0,1,0,0,0.3099999999999996,1.476,0,0
1,0,1,1,4.1,5.305,36,15.0013,1,2,2,0,0,0,0,0,1,1,0,-1.205,1.476,0,0
1,0,1,1,3.28,3.79,38,19.0012,2,2,2,0,0,0,0,0,1,2,0,-0.5100000000000002,1.2464,0,0
1,0,1,1,2.46,3.79,45,8.9981,3,2,2,0,0,0,0,0,1,3,0,-1.33,1.107,0,0
1,0,1,1,2.46,5.305,45,7.0015,5,2,2,0,0,0,0,0,1,5,0,-2.8449999999999998,1.107,0,0
1,0,1,1,2.46,7.575,45,0.0,6,2,2,0,0,0,0,0,0,6,0,-5.115,1.107,0,0
1,0,1,1,2.46,5.305,49,7.0015,7,2,2,0,0,1,0,0,0,7,0,-2.8449999999999998,1.2054,0,0
1,0,1,1,4.1,6.82,42,0.0,8,2,2,0,0,1,0,0,0,8,0,-2.7200000000000006,1.722,0,0
1,0,1,1,4.92,6.82,39,11.0014,9,2,2,0,0,1,0,0,0,9,0,-1.9000000000000004,1.9188,0,0
1,0,1,1,5.74,9.09,36,0.0,10,2,2,0,0,0,0,0,0,10,0,-3.3499999999999996,2.0664000000000002,0,0
1,0,1,2,5.74,7.575,43,11.0014,11,2,2,0,0,0,0,0,0,11,0,-1.835,2.4682000000000004,0,0
1,0,1,2,7.38,9.09,40,15.0013,12,2,2,0,0,0,0,0,0,12,0,-1.71,2.952,0,0
1,0,1,1,7.38,8.335,40,16.9979,13,2,2,0,0,0,0,0,0,13,0,-0.955000000000001,2.952,0,0
1,0,1,1,8.2,9.09,34,19.9995,14,2,2,0,0,0,0,0,0,14,0,-0.8900000000000006,2.7879999999999994,0,0
1,0,1,2,8.2,9.09,34,19.0012,15,2,2,0,0,0,0,0,0,15,0,-0.8900000000000006,2.7879999999999994,0,0
1,0,1,2,8.2,9.85,37,16.9979,16,2,2,0,0,0,0,0,0,16,0,-1.6500000000000004,3.034,0,0
1,0,1,2,8.2,9.85,34,16.9979,17,2,2,0,0,0,1,0,0,17,0,-1.6500000000000004,2.7879999999999994,0,0
1,0,1,2,7.38,8.335,47,19.9995,18,2,2,0,0,0,1,0,0,18,0,-0.955000000000001,3.4686000000000003,0,0
1,0,1,3,5.74,6.06,86,16.9979,19,2,2,0,0,0,1,0,0,19,0,-0.3199999999999994,4.936400000000001,0,1
1,0,1,3,5.74,7.575,86,11.0014,20,2,2,0,0,0,0,0,0,20,0,-1.835,4.936400000000001,0,1
1,0,1,2,5.74,7.575,86,11.0014,21,2,2,0,0,0,0,0,0,21,0,-1.835,4.936400000000001,0,0
1,0,1,3,6.56,8.335,80,11.0014,22,2,2,0,0,0,0,0,0,22,0,-1.7750000000000012,5.247999999999999,0,1
1,0,1,3,6.56,7.575,80,12.998,23,2,2,0,0,0,0,0,0,23,0,-1.0150000000000006,5.247999999999999,0,1
1,0,1,3,5.74,6.82,86,12.998,0,3,2,0,0,0,0,0,1,0,0,-1.08,4.936400000000001,0,1
1,0,1,3,5.74,7.575,80,8.9981,1,3,2,0,0,0,0,0,1,1,0,-1.835,4.5920000000000005,0,1
1,0,1,3,5.74,7.575,80,8.9981,2,3,2,0,0,0,0,0,1,2,0,-1.835,4.5920000000000005,0,1
1,0,1,2,5.74,6.82,59,15.0013,4,3,2,0,0,0,0,0,1,4,0,-1.08,3.3866,0,0
1,0,1,2,4.92,6.06,50,15.0013,5,3,2,0,0,0,0,0,1,5,0,-1.1399999999999997,2.46,0,0
1,0,1,2,4.92,6.06,54,19.0012,6,3,2,0,0,0,0,0,0,6,0,-1.1399999999999997,2.6568,0,0
1,0,1,1,4.1,3.79,50,27.9993,7,3,2,0,0,1,0,0,0,7,0,0.3099999999999996,2.05,0,0
1,0,1,1,4.1,3.79,49,22.0028,8,3,2,0,0,1,0,0,0,8,0,0.3099999999999996,2.009,0,0
1,0,1,1,4.92,5.305,42,23.9994,9,3,2,0,0,1,0,0,0,9,0,-0.3849999999999998,2.0664,0,0
1,0,1,1,4.92,5.305,42,19.9995,10,3,2,0,0,0,0,0,0,10,0,-0.3849999999999998,2.0664,0,0
1,0,1,1,5.74,6.06,39,23.9994,11,3,2,0,0,0,0,0,0,11,0,-0.3199999999999994,2.2386,0,0
1,0,1,1,6.56,6.82,34,26.0027,12,3,2,0,0,0,0,0,0,12,0,-0.2600000000000007,2.2304,0,0
1,0,1,1,7.38,8.335,29,19.9995,13,3,2,0,0,0,0,0,0,13,0,-0.955000000000001,2.1402,0,0
1,0,1,1,8.2,9.09,27,19.0012,14,3,2,0,0,0,0,0,0,14,0,-0.8900000000000006,2.214,0,0
1,0,1,1,8.2,9.85,25,16.9979,15,3,2,0,0,0,0,0,0,15,0,-1.6500000000000004,2.05,0,0
1,0,1,1,8.2,9.09,27,19.9995,16,3,2,0,0,0,0,0,0,16,0,-0.8900000000000006,2.214,0,0
1,0,1,1,7.38,9.09,26,12.998,17,3,2,0,0,0,1,0,0,17,0,-1.71,1.9188,0,0
1,0,1,1,6.56,9.09,28,8.9981,18,3,2,0,0,0,1,0,0,18,0,-2.5300000000000002,1.8367999999999998,0,0
1,0,1,1,5.74,8.335,28,7.0015,19,3,2,0,0,0,1,0,0,19,0,-2.5950000000000006,1.6072,0,0
1,0,1,1,5.74,9.09,31,6.0032,20,3,2,0,0,0,0,0,0,20,0,-3.3499999999999996,1.7793999999999999,0,0
1,0,1,1,5.74,10.605,39,0.0,21,3,2,0,0,0,0,0,0,21,0,-4.865,2.2386,0,0
1,0,1,1,4.92,9.85,39,0.0,22,3,2,0,0,0,0,0,0,22,0,-4.93,1.9188,0,0
1,0,1,1,4.92,7.575,42,7.0015,23,3,2,0,0,0,0,0,0,23,0,-2.6550000000000002,2.0664,0,0
1,0,1,1,4.1,6.82,49,7.0015,0,4,2,0,0,0,0,0,1,0,0,-2.7200000000000006,2.009,0,0
1,0,1,1,4.1,6.82,54,6.0032,1,4,2,0,0,0,0,0,1,1,0,-2.7200000000000006,2.214,0,0
1,0,1,1,4.1,6.82,54,6.0032,2,4,2,0,0,0,0,0,1,2,0,-2.7200000000000006,2.214,0,0
1,0,1,1,3.28,6.06,63,6.0032,5,4,2,0,0,0,0,0,1,5,0,-2.78,2.0664,0,0
1,0,1,1,4.1,9.09,68,0.0,6,4,2,0,0,0,0,0,0,6,0,-4.99,2.7879999999999994,0,0
1,0,1,1,3.28,8.335,73,0.0,7,4,2,0,0,1,0,0,0,7,0,-5.0550000000000015,2.3944,0,0
1,0,1,1,4.1,6.06,74,11.0014,8,4,2,0,0,1,0,0,0,8,0,-1.96,3.034,0,0
1,0,1,1,4.92,6.06,74,15.0013,9,4,2,0,0,1,0,0,0,9,0,-1.1399999999999997,3.6408,0,0
1,0,1,1,5.74,6.82,69,12.998,10,4,2,0,0,0,0,0,0,10,0,-1.08,3.9606,0,0
1,0,1,1,9.02,11.365,47,8.9981,11,4,2,0,0,0,0,0,0,11,0,-2.3450000000000006,4.2394,0,0
1,0,1,1,9.02,11.365,47,8.9981,12,4,2,0,0,0,0,0,0,12,0,-2.3450000000000006,4.2394,0,0
1,0,1,1,9.84,11.365,35,12.998,13,4,2,0,0,0,0,0,0,13,0,-1.5250000000000004,3.444,0,0
1,0,1,1,12.3,14.395,26,16.9979,14,4,2,0,0,0,0,0,0,14,0,-2.094999999999999,3.198,0,0
1,0,1,1,13.12,15.91,21,11.0014,15,4,2,0,0,0,0,0,0,15,0,-2.790000000000001,2.7552,0,0
1,0,1,1,12.3,14.395,28,12.998,16,4,2,0,0,0,0,0,0,16,0,-2.094999999999999,3.4440000000000004,0,0
1,0,1,1,12.3,16.665,24,0.0,17,4,2,0,0,0,1,0,0,17,0,-4.364999999999998,2.9520000000000004,0,0
1,0,1,1,11.48,15.91,28,0.0,18,4,2,0,0,0,1,0,0,18,0,-4.43,3.2144,0,0
1,0,1,1,10.66,15.15,33,0.0,19,4,2,0,0,0,1,0,0,19,0,-4.49,3.5178000000000003,0,0
1,0,1,1,9.02,11.365,55,8.9981,20,4,2,0,0,0,0,0,0,20,0,-2.3450000000000006,4.960999999999999,0,0
1,0,1,1,8.2,10.605,59,8.9981,21,4,2,0,0,0,0,0,0,21,0,-2.405000000000001,4.837999999999999,0,0
1,0,1,1,8.2,11.365,64,6.0032,22,4,2,0,0,0,0,0,0,22,0,-3.165000000000001,5.247999999999999,0,0
1,0,1,1,7.38,12.12,69,0.0,23,4,2,0,0,0,0,0,0,23,0,-4.739999999999999,5.0922,0,0
1,0,0,1,6.56,9.85,69,6.0032,0,5,2,0,1,0,0,0,1,0,0,-3.29,4.5264,0,0
1,0,0,1,5.74,10.605,86,0.0,1,5,2,0,1,0,0,0,1,0,1,-4.865,4.936400000000001,0,0
1,0,0,1,5.74,10.605,80,0.0,2,5,2,0,1,0,0,0,1,0,2,-4.865,4.5920000000000005,0,0
1,0,0,1,4.92,9.85,80,0.0,3,5,2,0,1,0,0,0,1,0,3,-4.93,3.9360000000000004,0,0
1,0,0,1,4.92,8.335,74,6.0032,4,5,2,0,1,0,0,0,1,0,4,-3.415000000000001,3.6408,0,0
1,0,0,1,4.92,8.335,74,6.0032,5,5,2,0,1,0,0,0,1,0,5,-3.415000000000001,3.6408,0,0
1,0,0,1,4.92,6.82,93,12.998,6,5,2,0,1,0,0,0,0,0,6,-1.9000000000000004,4.5756,0,0
1,0,0,1,4.92,7.575,80,7.0015,7,5,2,0,1,0,0,0,0,0,7,-2.6550000000000002,3.9360000000000004,0,0
1,0,0,1,5.74,7.575,86,8.9981,8,5,2,0,1,0,0,0,0,0,8,-1.835,4.936400000000001,0,0
1,0,0,1,6.56,9.09,64,8.9981,9,5,2,0,1,0,0,0,0,0,9,-2.5300000000000002,4.1983999999999995,0,0
1,0,0,1,9.02,10.605,41,16.9979,10,5,2,0,1,0,0,0,0,0,10,-1.5850000000000009,3.6982,0,0
1,0,0,1,12.3,13.635,28,22.0028,11,5,2,0,1,0,0,1,0,0,11,-1.334999999999999,3.4440000000000004,0,0
1,0,0,1,12.3,13.635,39,31.0009,12,5,2,0,1,0,0,1,0,0,12,-1.334999999999999,4.797000000000001,0,0
1,0,0,1,12.3,13.635,39,27.9993,13,5,2,0,1,0,0,1,0,0,13,-1.334999999999999,4.797000000000001,0,0
1,0,0,1,13.94,15.91,31,19.0012,14,5,2,0,1,0,0,1,0,0,14,-1.9700000000000006,4.3214,0,0
1,0,0,1,13.94,15.15,29,27.9993,15,5,2,0,1,0,0,1,0,0,15,-1.2100000000000009,4.0426,0,0
1,0,0,1,13.94,15.15,29,27.9993,16,5,2,0,1,0,0,1,0,0,16,-1.2100000000000009,4.0426,0,0
1,0,0,1,13.12,14.395,31,35.0008,17,5,2,0,1,0,0,0,0,0,17,-1.2750000000000004,4.0672,0,0
1,0,0,1,11.48,12.88,38,22.0028,18,5,2,0,1,0,0,0,0,0,18,-1.4000000000000004,4.3624,0,0
1,0,0,1,11.48,13.635,38,11.0014,19,5,2,0,1,0,0,0,0,0,19,-2.1549999999999994,4.3624,0,0
1,0,0,1,10.66,12.88,41,15.0013,20,5,2,0,1,0,0,0,0,0,20,-2.2200000000000006,4.3706,0,0
1,0,0,1,10.66,15.15,41,0.0,21,5,2,0,1,0,0,0,0,0,21,-4.49,4.3706,0,0
1,0,0,1,9.84,12.88,44,6.0032,22,5,2,0,1,0,0,0,0,0,22,-3.040000000000001,4.3296,0,0
1,0,0,1,9.02,11.365,51,8.9981,23,5,2,0,1,0,0,0,0,0,23,-2.3450000000000006,4.6002,0,0
1,0,0,1,8.2,11.365,64,7.0015,0,6,2,0,1,0,0,0,1,0,0,-3.165000000000001,5.247999999999999,0,0
1,0,0,1,8.2,11.365,59,6.0032,1,6,2,0,1,0,0,0,1,0,1,-3.165000000000001,4.837999999999999,0,0
1,0,0,2,8.2,11.365,75,6.0032,2,6,2,0,1,0,0,0,1,0,2,-3.165000000000001,6.15,0,0
1,0,0,2,8.2,11.365,69,7.0015,3,6,2,0,1,0,0,0,1,0,3,-3.165000000000001,5.6579999999999995,0,0
1,0,0,2,8.2,10.605,69,11.0014,4,6,2,0,1,0,0,0,1,0,4,-2.405000000000001,5.6579999999999995,0,0
1,0,0,2,8.2,10.605,69,8.9981,6,6,2,0,1,0,0,0,0,0,6,-2.405000000000001,5.6579999999999995,0,0
1,0,0,2,9.02,13.635,55,0.0,7,6,2,0,1,0,0,0,0,0,7,-4.615,4.960999999999999,0,0
1,0,0,2,9.02,11.365,64,12.998,8,6,2,0,1,0,0,0,0,0,8,-2.3450000000000006,5.7728,0,0
1,0,0,2,9.84,11.365,60,15.0013,9,6,2,0,1,0,0,0,0,0,9,-1.5250000000000004,5.904,0,0
1,0,0,1,12.3,13.635,45,22.0028,10,6,2,0,1,0,0,0,0,0,10,-1.334999999999999,5.535,0,0
1,0,0,1,13.12,14.395,39,30.0026,11,6,2,0,1,0,0,1,0,0,11,-1.2750000000000004,5.1168,0,0
1,0,0,1,14.76,15.91,32,31.0009,12,6,2,0,1,0,0,1,0,0,12,-1.1500000000000004,4.7232,0,0
1,0,0,1,15.58,19.695,29,23.9994,13,6,2,0,1,0,0,1,0,0,13,-4.115,4.5182,0,0
1,0,0,2,16.4,20.455,30,27.9993,14,6,2,0,1,0,0,1,0,0,14,-4.055,4.919999999999999,0,0
1,0,0,2,16.4,20.455,30,19.9995,15,6,2,0,1,0,0,1,0,0,15,-4.055,4.919999999999999,0,0
1,0,0,2,17.22,21.21,28,22.0028,16,6,2,0,1,0,0,1,0,0,16,-3.990000000000002,4.8216,0,0
1,0,0,1,17.22,21.21,28,22.0028,17,6,2,0,1,0,0,0,0,0,17,-3.990000000000002,4.8216,0,0
1,0,0,1,16.4,20.455,32,19.9995,18,6,2,0,1,0,0,0,0,0,18,-4.055,5.247999999999999,0,0
1,0,0,1,16.4,20.455,35,19.0012,19,6,2,0,1,0,0,0,0,0,19,-4.055,5.74,0,0
1,0,0,1,16.4,20.455,35,22.0028,20,6,2,0,1,0,0,0,0,0,20,-4.055,5.74,0,0
1,0,0,1,16.4,20.455,35,23.9994,21,6,2,0,1,0,0,0,0,0,21,-4.055,5.74,0,0
1,0,0,1,16.4,20.455,35,19.9995,22,6,2,0,1,0,0,0,0,0,22,-4.055,5.74,0,0
1,0,0,1,16.4,20.455,35,23.9994,23,6,2,0,1,0,0,0,0,0,23,-4.055,5.74,0,0
1,0,1,1,15.58,19.695,37,23.9994,0,0,2,0,0,0,0,0,1,0,0,-4.115,5.764600000000001,0,0
1,0,1,1,15.58,19.695,37,23.9994,1,0,2,0,0,0,0,0,1,1,0,-4.115,5.764600000000001,0,0
1,0,1,1,14.76,16.665,40,19.9995,2,0,2,0,0,0,0,0,1,2,0,-1.9049999999999994,5.904,0,0
1,0,1,1,13.94,15.91,46,15.0013,3,0,2,0,0,0,0,0,1,3,0,-1.9700000000000006,6.4124,0,0
1,0,1,1,13.12,15.15,53,19.0012,4,0,2,0,0,0,0,0,1,4,0,-2.030000000000001,6.9536,0,0
1,0,1,1,13.12,15.15,53,19.0012,5,0,2,0,0,0,0,0,1,5,0,-2.030000000000001,6.9536,0,0
1,0,1,1,13.94,15.15,46,19.9995,6,0,2,0,0,0,0,0,0,6,0,-1.2100000000000009,6.4124,0,0
1,0,1,1,13.94,15.15,46,19.9995,7,0,2,0,0,1,0,0,0,7,0,-1.2100000000000009,6.4124,0,0
1,0,1,1,15.58,19.695,40,31.0009,8,0,2,0,0,1,0,0,0,8,0,-4.115,6.232,0,0
1,0,1,1,16.4,20.455,37,26.0027,9,0,2,0,0,1,0,0,0,9,0,-4.055,6.068,0,0
1,0,1,1,18.04,21.97,33,15.0013,10,0,2,0,0,0,0,0,0,10,0,-3.9299999999999997,5.953199999999999,0,0
1,0,1,1,21.32,25.0,23,16.9979,11,0,2,0,0,0,0,0,0,11,0,-3.6799999999999997,4.9036,0,0
1,0,1,1,22.96,26.515,22,30.0026,12,0,2,0,0,0,0,0,0,12,0,-3.5549999999999997,5.0512,0,0
1,0,1,1,23.78,27.275,19,26.0027,13,0,2,0,0,0,0,0,0,13,0,-3.4949999999999974,4.5182,0,0
1,0,1,1,24.6,29.545,15,32.9975,14,0,2,0,0,0,0,0,0,14,0,-4.945,3.69,0,0
1,0,1,1,22.96,26.515,21,43.9989,15,0,2,0,0,0,0,0,0,15,0,-3.5549999999999997,4.8216,0,0
1,0,1,1,21.32,25.0,27,31.0009,16,0,2,0,0,0,0,0,0,16,0,-3.6799999999999997,5.7564,0,0
1,0,1,1,18.86,22.725,33,40.9973,17,0,2,0,0,0,1,0,0,17,0,-3.865000000000002,6.2238,0,0
1,0,1,1,16.4,20.455,40,40.9973,18,0,2,0,0,0,1,0,0,18,0,-4.055,6.56,0,0
1,0,1,1,15.58,19.695,43,32.9975,19,0,2,0,0,0,1,0,0,19,0,-4.115,6.699400000000001,0,0
1,0,1,1,14.76,15.91,46,31.0009,20,0,2,0,0,0,0,0,0,20,0,-1.1500000000000004,6.7896,0,0
1,0,1,1,14.76,15.91,50,35.0008,21,0,2,0,0,0,0,0,0,21,0,-1.1500000000000004,7.38,0,0
1,0,1,1,13.94,14.395,46,43.9989,22,0,2,0,0,0,0,0,0,22,0,-0.45500000000000007,6.4124,0,0
1,0,1,1,13.12,14.395,49,32.9975,23,0,2,0,0,0,0,0,0,23,0,-1.2750000000000004,6.4288,0,0
1,0,1,1,12.3,13.635,49,27.9993,0,1,2,0,0,0,0,0,1,0,0,-1.334999999999999,6.027,0,0
1,0,1,1,12.3,12.12,42,51.9987,1,1,2,0,0,0,0,0,1,1,0,0.1800000000000015,5.166,0,0
1,0,1,1,11.48,11.365,41,46.0022,2,1,2,0,0,0,0,0,1,2,0,0.11500000000000021,4.7068,0,0
1,0,1,1,9.02,9.09,37,35.0008,4,1,2,0,0,0,0,0,1,4,0,-0.07000000000000028,3.3374,0,0
1,0,1,1,9.02,9.09,32,31.0009,5,1,2,0,0,0,0,0,1,5,0,-0.07000000000000028,2.8864,0,0
1,0,1,1,8.2,9.09,32,22.0028,6,1,2,0,0,0,0,0,0,6,0,-0.8900000000000006,2.6239999999999997,0,0
1,0,1,1,8.2,9.09,32,23.9994,7,1,2,0,0,1,0,0,0,7,0,-0.8900000000000006,2.6239999999999997,0,0
1,0,1,1,8.2,9.09,32,23.9994,8,1,2,0,0,1,0,0,0,8,0,-0.8900000000000006,2.6239999999999997,0,0
1,0,1,1,9.02,9.85,29,30.0026,9,1,2,0,0,1,0,0,0,9,0,-0.8300000000000001,2.6157999999999997,0,0
1,0,1,1,9.84,10.605,27,19.0012,10,1,2,0,0,0,0,0,0,10,0,-0.7650000000000006,2.6568,0,0
1,0,1,1,10.66,12.12,25,16.9979,11,1,2,0,0,0,0,0,0,11,0,-1.459999999999999,2.665,0,0
1,0,1,1,11.48,13.635,24,16.9979,12,1,2,0,0,0,0,0,0,12,0,-2.1549999999999994,2.7552,0,0
1,0,1,1,13.12,15.15,21,15.0013,13,1,2,0,0,0,0,0,0,13,0,-2.030000000000001,2.7552,0,0
1,0,1,1,13.94,15.91,19,15.0013,14,1,2,0,0,0,0,0,0,14,0,-1.9700000000000006,2.6486,0,0
1,0,1,1,13.94,16.665,19,11.0014,15,1,2,0,0,0,0,0,0,15,0,-2.7249999999999996,2.6486,0,0
1,0,1,1,13.94,15.91,19,16.9979,16,1,2,0,0,0,0,0,0,16,0,-1.9700000000000006,2.6486,0,0
1,0,1,1,13.12,15.15,22,15.0013,17,1,2,0,0,0,1,0,0,17,0,-2.030000000000001,2.8864,0,0
1,0,1,1,12.3,15.15,22,8.9981,18,1,2,0,0,0,1,0,0,18,0,-2.8499999999999996,2.7060000000000004,0,0
1,0,1,1,11.48,14.395,26,8.9981,19,1,2,0,0,0,1,0,0,19,0,-2.914999999999999,2.9848000000000003,0,0
1,0,1,1,10.66,13.635,33,7.0015,20,1,2,0,0,0,0,0,0,20,0,-2.9749999999999996,3.5178000000000003,0,0
1,0,1,1,9.84,14.395,52,0.0,21,1,2,0,0,0,0,0,0,21,0,-4.555,5.1168000000000005,0,0
1,0,1,1,9.84,14.395,44,0.0,22,1,2,0,0,0,0,0,0,22,0,-4.555,4.3296,0,0
1,0,1,2,9.02,12.88,44,6.0032,23,1,2,0,0,0,0,0,0,23,0,-3.860000000000001,3.9688,0,0
1,0,1,1,9.02,12.88,41,6.0032,0,2,2,0,0,0,0,0,1,0,0,-3.860000000000001,3.6982,0,0
1,0,1,1,8.2,11.365,44,6.0032,1,2,2,0,0,0,0,0,1,1,0,-3.165000000000001,3.6079999999999997,0,0
1,0,1,2,8.2,9.85,47,12.998,3,2,2,0,0,0,0,0,1,3,0,-1.6500000000000004,3.8539999999999996,0,0
1,0,1,1,8.2,9.85,51,12.998,4,2,2,0,0,0,0,0,1,4,0,-1.6500000000000004,4.1819999999999995,0,0
1,0,1,1,8.2,9.85,47,12.998,5,2,2,0,0,0,0,0,1,5,0,-1.6500000000000004,3.8539999999999996,0,0
1,0,1,1,8.2,9.85,55,15.0013,6,2,2,0,0,0,0,0,0,6,0,-1.6500000000000004,4.51,0,0
1,0,1,2,8.2,9.85,55,15.0013,7,2,2,0,0,1,0,0,0,7,0,-1.6500000000000004,4.51,0,0
1,0,1,2,9.02,11.365,55,11.0014,8,2,2,0,0,1,0,0,0,8,0,-2.3450000000000006,4.960999999999999,0,0
1,0,1,1,9.84,10.605,52,19.0012,9,2,2,0,0,1,0,0,0,9,0,-0.7650000000000006,5.1168000000000005,0,0
1,0,1,1,10.66,11.365,41,26.0027,10,2,2,0,0,0,0,0,0,10,0,-0.7050000000000001,4.3706,0,0
1,0,1,1,13.94,15.15,34,19.9995,11,2,2,0,0,0,0,0,0,11,0,-1.2100000000000009,4.739599999999999,0,0
1,0,1,1,15.58,19.695,32,22.0028,12,2,2,0,0,0,0,0,0,12,0,-4.115,4.9856,0,0
1,0,1,1,17.22,21.21,30,23.9994,13,2,2,0,0,0,0,0,0,13,0,-3.990000000000002,5.1659999999999995,0,0
1,0,1,1,18.86,22.725,28,27.9993,14,2,2,0,0,0,0,0,0,14,0,-3.865000000000002,5.280799999999999,0,0
1,0,1,1,18.86,22.725,28,27.9993,15,2,2,0,0,0,0,0,0,15,0,-3.865000000000002,5.280799999999999,0,0
1,0,1,1,18.86,22.725,31,26.0027,16,2,2,0,0,0,0,0,0,16,0,-3.865000000000002,5.8466,0,0
1,0,1,1,18.86,22.725,28,19.0012,17,2,2,0,0,0,1,0,0,17,0,-3.865000000000002,5.280799999999999,0,0
1,0,1,1,16.4,20.455,40,15.0013,18,2,2,0,0,0,1,0,0,18,0,-4.055,6.56,0,0
1,0,1,1,13.94,15.91,53,15.0013,19,2,2,0,0,0,1,0,0,19,0,-1.9700000000000006,7.388199999999999,0,0
1,0,1,1,15.58,19.695,43,12.998,20,2,2,0,0,0,0,0,0,20,0,-4.115,6.699400000000001,0,0
1,0,1,1,14.76,17.425,46,12.998,21,2,2,0,0,0,0,0,0,21,0,-2.665000000000001,6.7896,0,0
1,0,1,1,13.94,16.665,53,12.998,22,2,2,0,0,0,0,0,0,22,0,-2.7249999999999996,7.388199999999999,0,0
1,0,1,1,15.58,19.695,40,15.0013,23,2,2,0,0,0,0,0,0,23,0,-4.115,6.232,0,0
1,0,1,1,13.94,16.665,53,12.998,0,3,2,0,0,0,0,0,1,0,0,-2.7249999999999996,7.388199999999999,0,0
1,0,1,1,13.94,15.91,53,15.0013,1,3,2,0,0,0,0,0,1,1,0,-1.9700000000000006,7.388199999999999,0,0
1,0,1,2,13.94,15.91,53,15.0013,2,3,2,0,0,0,0,0,1,2,0,-1.9700000000000006,7.388199999999999,0,0
1,0,1,1,13.94,16.665,53,12.998,3,3,2,0,0,0,0,0,1,3,0,-2.7249999999999996,7.388199999999999,0,0
1,0,1,1,13.12,15.91,57,12.998,4,3,2,0,0,0,0,0,1,4,0,-2.790000000000001,7.478399999999999,0,0
1,0,1,1,13.12,16.665,66,6.0032,5,3,2,0,0,0,0,0,1,5,0,-3.545,8.6592,0,0
1,0,1,1,12.3,15.15,70,8.9981,6,3,2,0,0,0,0,0,0,6,0,-2.8499999999999996,8.61,0,0
1,0,1,1,13.12,16.665,57,7.0015,7,3,2,0,0,1,0,0,0,7,0,-3.545,7.478399999999999,0,0
1,0,1,1,13.12,16.665,57,6.0032,8,3,2,0,0,1,0,0,0,8,0,-3.545,7.478399999999999,0,0
1,0,1,1,14.76,17.425,57,12.998,9,3,2,0,0,1,0,0,0,9,0,-2.665000000000001,8.4132,0,0
1,0,1,1,15.58,19.695,54,12.998,10,3,2,0,0,0,0,0,0,10,0,-4.115,8.4132,0,0
1,0,1,2,18.04,21.97,44,16.9979,11,3,2,0,0,0,0,0,0,11,0,-3.9299999999999997,7.9376,0,0
1,0,1,1,19.68,23.485,41,15.0013,12,3,2,0,0,0,0,0,0,12,0,-3.8049999999999997,8.0688,0,0
1,0,1,1,22.14,25.76,34,15.0013,13,3,2,0,0,0,0,0,0,13,0,-3.620000000000001,7.5276,0,0
1,0,1,1,24.6,31.06,31,15.0013,14,3,2,0,0,0,0,0,0,14,0,-6.459999999999997,7.626,0,0
1,0,1,1,24.6,30.305,28,16.9979,15,3,2,0,0,0,0,0,0,15,0,-5.704999999999998,6.888000000000001,0,0
1,0,1,2,22.96,26.515,35,19.9995,16,3,2,0,0,0,0,0,0,16,0,-3.5549999999999997,8.036,0,0
1,0,1,2,23.78,27.275,32,19.9995,17,3,2,0,0,0,1,0,0,17,0,-3.4949999999999974,7.6096,0,0
1,0,1,2,22.14,25.76,42,19.0012,18,3,2,0,0,0,1,0,0,18,0,-3.620000000000001,9.2988,0,0
1,0,1,1,19.68,23.485,55,22.0028,19,3,2,0,0,0,1,0,0,19,0,-3.8049999999999997,10.824000000000002,0,0
1,0,1,1,19.68,23.485,59,22.0028,20,3,2,0,0,0,0,0,0,20,0,-3.8049999999999997,11.611199999999998,0,0
1,0,1,1,21.32,25.0,55,26.0027,21,3,2,0,0,0,0,0,0,21,0,-3.6799999999999997,11.725999999999999,0,0
1,0,1,1,20.5,24.24,59,19.0012,22,3,2,0,0,0,0,0,0,22,0,-3.7399999999999984,12.095,0,0
1,0,1,1,18.86,22.725,67,19.9995,23,3,2,0,0,0,0,0,0,23,0,-3.865000000000002,12.636199999999999,0,0
1,0,1,1,18.04,21.97,72,19.0012,0,4,2,0,0,0,0,0,1,0,0,-3.9299999999999997,12.9888,0,0
1,0,1,1,18.04,21.97,72,15.0013,1,4,2,0,0,0,0,0,1,1,0,-3.9299999999999997,12.9888,0,0
1,0,1,1,18.04,21.97,72,19.0012,2,4,2,0,0,0,0,0,1,2,0,-3.9299999999999997,12.9888,0,0
1,0,1,1,18.86,22.725,67,16.9979,3,4,2,0,0,0,0,0,1,3,0,-3.865000000000002,12.636199999999999,0,0
1,0,1,1,18.86,22.725,67,16.9979,4,4,2,0,0,0,0,0,1,4,0,-3.865000000000002,12.636199999999999,0,0
1,0,1,2,18.86,22.725,67,7.0015,5,4,2,0,0,0,0,0,1,5,0,-3.865000000000002,12.636199999999999,0,0
1,0,1,2,18.04,21.97,72,11.0014,6,4,2,0,0,0,0,0,0,6,0,-3.9299999999999997,12.9888,0,0
1,0,1,2,17.22,21.21,77,15.0013,7,4,2,0,0,1,0,0,0,7,0,-3.990000000000002,13.259399999999998,0,0
1,0,1,2,17.22,21.21,77,12.998,8,4,2,0,0,1,0,0,0,8,0,-3.990000000000002,13.259399999999998,0,0
1,0,1,2,17.22,21.21,77,12.998,9,4,2,0,0,1,0,0,0,9,0,-3.990000000000002,13.259399999999998,0,0
1,0,1,2,18.04,21.97,72,15.0013,10,4,2,0,0,0,0,0,0,10,0,-3.9299999999999997,12.9888,0,0
1,0,1,1,18.04,21.97,72,11.0014,11,4,2,0,0,0,0,0,0,11,0,-3.9299999999999997,12.9888,0,0
1,0,1,1,20.5,24.24,59,12.998,12,4,2,0,0,0,0,0,0,12,0,-3.7399999999999984,12.095,0,0
1,0,1,1,24.6,31.06,43,12.998,13,4,2,0,0,0,0,0,0,13,0,-6.459999999999997,10.578,0,0
1,0,1,1,27.06,31.06,36,19.9995,14,4,2,0,0,0,0,0,0,14,0,-4.0,9.7416,0,0
1,0,1,1,27.06,31.06,36,22.0028,15,4,2,0,0,0,0,0,0,15,0,-4.0,9.7416,0,0
1,0,1,1,27.06,31.06,36,19.0012,16,4,2,0,0,0,0,0,0,16,0,-4.0,9.7416,0,0
1,0,1,1,27.06,31.06,34,23.9994,17,4,2,0,0,0,1,0,0,17,0,-4.0,9.2004,0,0
1,0,1,1,26.24,31.06,33,22.0028,18,4,2,0,0,0,1,0,0,18,0,-4.82,8.6592,0,0
1,0,1,1,25.42,31.06,29,39.0007,19,4,2,0,0,0,1,0,0,19,0,-5.639999999999997,7.3718,0,0
1,0,1,1,24.6,31.06,31,12.998,20,4,2,0,0,0,0,0,0,20,0,-6.459999999999997,7.626,0,0
1,0,1,1,23.78,27.275,21,32.9975,21,4,2,0,0,0,0,0,0,21,0,-3.4949999999999974,4.9938,0,0
1,0,1,1,22.14,25.76,10,16.9979,22,4,2,0,0,0,0,0,0,22,0,-3.620000000000001,2.214,0,0
1,0,1,1,21.32,25.0,8,19.0012,23,4,2,0,0,0,0,0,0,23,0,-3.6799999999999997,1.7056,0,0
1,0,0,1,19.68,23.485,12,32.9975,0,5,2,0,1,0,0,0,1,0,0,-3.8049999999999997,2.3616,0,0
1,0,0,1,18.86,22.725,14,27.9993,1,5,2,0,1,0,0,0,1,0,1,-3.865000000000002,2.6403999999999996,0,0
1,0,0,1,18.04,21.97,13,26.0027,2,5,2,0,1,0,0,0,1,0,2,-3.9299999999999997,2.3451999999999997,0,0
1,0,0,1,17.22,21.21,14,19.9995,3,5,2,0,1,0,0,0,1,0,3,-3.990000000000002,2.4108,0,0
1,0,0,1,16.4,20.455,15,22.0028,4,5,2,0,1,0,0,0,1,0,4,-4.055,2.4599999999999995,0,0
1,0,0,1,16.4,20.455,15,22.0028,5,5,2,0,1,0,0,0,1,0,5,-4.055,2.4599999999999995,0,0
1,0,0,1,16.4,20.455,17,27.9993,6,5,2,0,1,0,0,0,0,0,6,-4.055,2.7879999999999994,0,0
1,0,0,1,15.58,19.695,17,35.0008,7,5,2,0,1,0,0,0,0,0,7,-4.115,2.6486,0,0
1,0,0,1,15.58,19.695,17,39.0007,8,5,2,0,1,0,0,0,0,0,8,-4.115,2.6486,0,0
1,0,0,1,16.4,20.455,16,43.9989,9,5,2,0,1,0,0,0,0,0,9,-4.055,2.6239999999999997,0,0
1,0,0,1,17.22,21.21,16,39.0007,10,5,2,0,1,0,0,0,0,0,10,-3.990000000000002,2.7552,0,0
1,0,0,1,18.04,21.97,16,39.0007,11,5,2,0,1,0,0,1,0,0,11,-3.9299999999999997,2.8864,0,0
1,0,0,1,18.04,21.97,18,32.9975,12,5,2,0,1,0,0,1,0,0,12,-3.9299999999999997,3.2472,0,0
1,0,0,1,18.04,21.97,16,40.9973,13,5,2,0,1,0,0,1,0,0,13,-3.9299999999999997,2.8864,0,0
1,0,0,1,18.86,22.725,15,43.9989,14,5,2,0,1,0,0,1,0,0,14,-3.865000000000002,2.8289999999999997,0,0
1,0,0,1,18.04,21.97,16,50.0021,15,5,2,0,1,0,0,1,0,0,15,-3.9299999999999997,2.8864,0,0
1,0,0,1,18.04,21.97,16,43.0006,16,5,2,0,1,0,0,1,0,0,16,-3.9299999999999997,2.8864,0,0
1,0,0,1,17.22,21.21,19,40.9973,17,5,2,0,1,0,0,0,0,0,17,-3.990000000000002,3.2717999999999994,0,0
1,0,0,1,14.76,15.91,25,30.0026,18,5,2,0,1,0,0,0,0,0,18,-1.1500000000000004,3.69,0,0
1,0,0,1,13.94,15.15,29,23.9994,19,5,2,0,1,0,0,0,0,0,19,-1.2100000000000009,4.0426,0,0
1,0,0,1,13.12,14.395,28,35.0008,20,5,2,0,1,0,0,0,0,0,20,-1.2750000000000004,3.6735999999999995,0,0
1,0,0,1,13.12,13.635,26,36.9974,21,5,2,0,1,0,0,0,0,0,21,-0.5150000000000006,3.4112,0,0
1,0,0,1,12.3,12.88,28,32.9975,22,5,2,0,1,0,0,0,0,0,22,-0.5800000000000001,3.4440000000000004,0,0
1,0,0,1,11.48,12.12,33,30.0026,23,5,2,0,1,0,0,0,0,0,23,-0.6399999999999988,3.7884,0,0
1,0,1,1,12.3,13.635,70,31.0009,0,1,3,0,0,0,0,0,1,0,0,-1.334999999999999,8.61,0,0
1,0,1,1,10.66,11.365,70,23.9994,1,1,3,0,0,0,0,0,1,1,0,-0.7050000000000001,7.462000000000001,0,0
1,0,1,1,9.84,10.605,65,26.0027,2,1,3,0,0,0,0,0,1,2,0,-0.7650000000000006,6.396,0,0
1,0,1,1,9.02,10.605,69,19.0012,3,1,3,0,0,0,0,0,1,3,0,-1.5850000000000009,6.2238,0,0
1,0,1,1,9.02,10.605,69,16.9979,4,1,3,0,0,0,0,0,1,4,0,-1.5850000000000009,6.2238,0,0
1,0,1,1,8.2,9.09,64,19.0012,5,1,3,0,0,0,0,0,1,5,0,-0.8900000000000006,5.247999999999999,0,0
1,0,1,1,8.2,9.09,59,19.9995,6,1,3,0,0,0,0,0,0,6,0,-0.8900000000000006,4.837999999999999,0,0
1,0,1,1,8.2,9.09,59,22.0028,7,1,3,0,0,1,0,0,0,7,0,-0.8900000000000006,4.837999999999999,0,0
1,0,1,1,8.2,9.09,59,26.0027,8,1,3,0,0,1,0,0,0,8,0,-0.8900000000000006,4.837999999999999,0,0
1,0,1,1,9.02,9.85,55,27.9993,9,1,3,0,0,1,0,0,0,9,0,-0.8300000000000001,4.960999999999999,0,0
1,0,1,1,9.84,10.605,52,19.0012,10,1,3,0,0,0,0,0,0,10,0,-0.7650000000000006,5.1168000000000005,0,0
1,0,1,1,11.48,13.635,45,16.9979,11,1,3,0,0,0,0,0,0,11,0,-2.1549999999999994,5.166,0,0
1,0,1,1,12.3,15.15,39,8.9981,12,1,3,0,0,0,0,0,0,12,0,-2.8499999999999996,4.797000000000001,0,0
1,0,1,1,13.12,17.425,39,0.0,13,1,3,0,0,0,0,0,0,13,0,-4.3050000000000015,5.1168,0,0
1,0,1,1,13.12,16.665,36,8.9981,14,1,3,0,0,0,0,0,0,14,0,-3.545,4.7232,0,0
1,0,1,1,13.94,18.18,34,0.0,15,1,3,0,0,0,0,0,0,15,0,-4.24,4.739599999999999,0,0
1,0,1,1,13.94,17.425,34,6.0032,16,1,3,0,0,0,0,0,0,16,0,-3.485000000000001,4.739599999999999,0,0
1,0,1,1,13.94,17.425,34,6.0032,17,1,3,0,0,0,1,0,0,17,0,-3.485000000000001,4.739599999999999,0,0
1,0,1,1,13.12,15.91,39,12.998,18,1,3,0,0,0,1,0,0,18,0,-2.790000000000001,5.1168,0,0
1,0,1,1,12.3,15.15,49,8.9981,19,1,3,0,0,0,1,0,0,19,0,-2.8499999999999996,6.027,0,0
1,0,1,1,12.3,15.91,61,6.0032,20,1,3,0,0,0,0,0,0,20,0,-3.6099999999999994,7.503000000000001,0,0
1,0,1,1,10.66,15.15,56,0.0,21,1,3,0,0,0,0,0,0,21,0,-4.49,5.969600000000001,0,0
1,0,1,1,9.84,13.635,62,7.0015,22,1,3,0,0,0,0,0,0,22,0,-3.795,6.1008000000000004,0,0
1,0,1,1,9.84,11.365,65,15.0013,23,1,3,0,0,0,0,0,0,23,0,-1.5250000000000004,6.396,0,0
1,0,1,1,9.02,11.365,69,11.0014,0,2,3,0,0,0,0,0,1,0,0,-2.3450000000000006,6.2238,0,0
1,0,1,1,9.02,11.365,69,12.998,1,2,3,0,0,0,0,0,1,1,0,-2.3450000000000006,6.2238,0,0
1,0,1,1,9.02,11.365,69,12.998,2,2,3,0,0,0,0,0,1,2,0,-2.3450000000000006,6.2238,0,0
1,0,1,1,9.02,10.605,69,19.0012,3,2,3,0,0,0,0,0,1,3,0,-1.5850000000000009,6.2238,0,0
1,0,1,1,8.2,10.605,75,8.9981,4,2,3,0,0,0,0,0,1,4,0,-2.405000000000001,6.15,0,0
1,0,1,1,9.02,10.605,69,15.0013,5,2,3,0,0,0,0,0,1,5,0,-1.5850000000000009,6.2238,0,0
1,0,1,1,9.02,10.605,55,16.9979,6,2,3,0,0,0,0,0,0,6,0,-1.5850000000000009,4.960999999999999,0,0
1,0,1,1,9.02,10.605,64,16.9979,7,2,3,0,0,1,0,0,0,7,0,-1.5850000000000009,5.7728,0,0
1,0,1,1,9.84,10.605,65,19.0012,8,2,3,0,0,1,0,0,0,8,0,-0.7650000000000006,6.396,0,0
1,0,1,1,11.48,12.88,56,19.9995,9,2,3,0,0,1,0,0,0,9,0,-1.4000000000000004,6.4288,0,0
1,0,1,1,13.12,15.15,49,19.0012,10,2,3,0,0,0,0,0,0,10,0,-2.030000000000001,6.4288,0,0
1,0,1,1,13.94,15.15,53,22.0028,11,2,3,0,0,0,0,0,0,11,0,-1.2100000000000009,7.388199999999999,0,0
1,0,1,1,16.4,20.455,43,12.998,12,2,3,0,0,0,0,0,0,12,0,-4.055,7.052,0,0
1,0,1,1,20.5,24.24,25,0.0,13,2,3,0,0,0,0,0,0,13,0,-3.7399999999999984,5.125,0,0
1,0,1,1,21.32,25.0,23,19.9995,14,2,3,0,0,0,0,0,0,14,0,-3.6799999999999997,4.9036,0,0
1,0,1,1,22.14,25.76,19,27.9993,15,2,3,0,0,0,0,0,0,15,0,-3.620000000000001,4.2066,0,0
1,0,1,1,22.14,25.76,19,22.0028,16,2,3,0,0,0,0,0,0,16,0,-3.620000000000001,4.2066,0,0
1,0,1,1,20.5,24.24,23,19.0012,17,2,3,0,0,0,1,0,0,17,0,-3.7399999999999984,4.715,0,0
1,0,1,1,18.86,22.725,23,32.9975,18,2,3,0,0,0,1,0,0,18,0,-3.865000000000002,4.3378,0,0
1,0,1,1,16.4,20.455,28,35.0008,19,2,3,0,0,0,1,0,0,19,0,-4.055,4.592,0,0
1,0,1,1,14.76,16.665,29,27.9993,20,2,3,0,0,0,0,0,0,20,0,-1.9049999999999994,4.2804,0,0
1,0,1,1,13.94,14.395,29,31.0009,21,2,3,0,0,0,0,0,0,21,0,-0.45500000000000007,4.0426,0,0
1,0,1,1,12.3,12.88,26,36.9974,22,2,3,0,0,0,0,0,0,22,0,-0.5800000000000001,3.198,0,0
1,0,1,1,10.66,10.605,30,35.0008,23,2,3,0,0,0,0,0,0,23,0,0.054999999999999716,3.198,0,0
1,0,1,1,9.84,9.85,30,31.0009,0,3,3,0,0,0,0,0,1,0,0,-0.009999999999999787,2.952,0,0
1,0,1,1,9.84,9.85,30,31.0009,1,3,3,0,0,0,0,0,1,1,0,-0.009999999999999787,2.952,0,0
1,0,1,1,8.2,8.335,27,31.0009,2,3,3,0,0,0,0,0,1,2,0,-0.13500000000000156,2.214,0,0
1,0,1,1,8.2,8.335,27,31.0009,3,3,3,0,0,0,0,0,1,3,0,-0.13500000000000156,2.214,0,0
1,0,1,1,6.56,6.06,31,32.9975,4,3,3,0,0,0,0,0,1,4,0,0.5,2.0336,0,0
1,0,1,1,5.74,6.06,33,19.9995,5,3,3,0,0,0,0,0,1,5,0,-0.3199999999999994,1.8942,0,0
1,0,1,1,5.74,6.06,33,19.9995,6,3,3,0,0,0,0,0,0,6,0,-0.3199999999999994,1.8942,0,0
1,0,1,1,4.92,4.545,42,27.9993,7,3,3,0,0,1,0,0,0,7,0,0.375,2.0664,0,0
1,0,1,1,5.74,6.06,39,19.9995,8,3,3,0,0,1,0,0,0,8,0,-0.3199999999999994,2.2386,0,0
1,0,1,1,6.56,6.82,37,19.0012,9,3,3,0,0,1,0,0,0,9,0,-0.2600000000000007,2.4272,0,0
1,0,1,1,7.38,9.09,29,12.998,10,3,3,0,0,0,0,0,0,10,0,-1.71,2.1402,0,0
1,0,1,1,8.2,11.365,29,6.0032,11,3,3,0,0,0,0,0,0,11,0,-3.165000000000001,2.3779999999999997,0,0
1,0,1,1,9.02,11.365,25,8.9981,12,3,3,0,0,0,0,0,0,12,0,-2.3450000000000006,2.255,0,0
1,0,1,1,9.02,12.88,25,6.0032,13,3,3,0,0,0,0,0,0,13,0,-3.860000000000001,2.255,0,0
1,0,1,1,9.84,12.88,21,7.0015,14,3,3,0,0,0,0,0,0,14,0,-3.040000000000001,2.0664,0,0
1,0,1,1,9.84,14.395,23,0.0,15,3,3,0,0,0,0,0,0,15,0,-4.555,2.2632,0,0
1,0,1,1,10.66,15.15,23,0.0,16,3,3,0,0,0,0,0,0,16,0,-4.49,2.4518,0,0
1,0,1,1,10.66,15.15,22,0.0,17,3,3,0,0,0,1,0,0,17,0,-4.49,2.3452,0,0
1,0,1,1,9.84,10.605,35,22.0028,18,3,3,0,0,0,1,0,0,18,0,-0.7650000000000006,3.444,0,0
1,0,1,1,8.2,9.85,40,16.9979,19,3,3,0,0,0,1,0,0,19,0,-1.6500000000000004,3.28,0,0
1,0,1,1,8.2,11.365,40,6.0032,20,3,3,0,0,0,0,0,0,20,0,-3.165000000000001,3.28,0,0
1,0,1,1,7.38,10.605,40,7.0015,21,3,3,0,0,0,0,0,0,21,0,-3.2250000000000005,2.952,0,0
1,0,1,1,8.2,12.88,40,0.0,22,3,3,0,0,0,0,0,0,22,0,-4.6800000000000015,3.28,0,0
1,0,1,2,7.38,10.605,43,6.0032,23,3,3,0,0,0,0,0,0,23,0,-3.2250000000000005,3.1733999999999996,0,0
1,0,1,2,8.2,9.85,55,12.998,0,4,3,0,0,0,0,0,1,0,0,-1.6500000000000004,4.51,0,0
1,0,1,2,7.38,9.09,64,12.998,1,4,3,0,0,0,0,0,1,1,0,-1.71,4.7232,0,0
1,0,1,2,7.38,9.09,64,12.998,2,4,3,0,0,0,0,0,1,2,0,-1.71,4.7232,0,0
1,0,1,2,7.38,8.335,74,16.9979,3,4,3,0,0,0,0,0,1,3,0,-0.955000000000001,5.4612,0,0
1,0,1,2,7.38,9.09,74,12.998,4,4,3,0,0,0,0,0,1,4,0,-1.71,5.4612,0,0
1,0,1,2,6.56,9.09,74,8.9981,5,4,3,0,0,0,0,0,1,5,0,-2.5300000000000002,4.8544,0,0
1,0,1,2,6.56,9.85,74,6.0032,6,4,3,0,0,0,0,0,0,6,0,-3.29,4.8544,0,0
1,0,1,1,6.56,9.09,80,8.9981,7,4,3,0,0,1,0,0,0,7,0,-2.5300000000000002,5.247999999999999,0,0
1,0,1,1,7.38,9.85,74,8.9981,8,4,3,0,0,1,0,0,0,8,0,-2.4699999999999998,5.4612,0,0
1,0,1,1,9.02,11.365,60,8.9981,9,4,3,0,0,1,0,0,0,9,0,-2.3450000000000006,5.411999999999999,0,0
1,0,1,1,9.84,11.365,60,16.9979,10,4,3,0,0,0,0,0,0,10,0,-1.5250000000000004,5.904,0,0
1,0,1,1,11.48,13.635,52,15.0013,11,4,3,0,0,0,0,0,0,11,0,-2.1549999999999994,5.969600000000001,0,0
1,0,1,1,13.12,15.15,43,11.0014,12,4,3,0,0,0,0,0,0,12,0,-2.030000000000001,5.6415999999999995,0,0
1,0,1,1,13.94,15.91,42,15.0013,13,4,3,0,0,0,0,0,0,13,0,-1.9700000000000006,5.8548,0,0
1,0,1,1,14.76,16.665,40,19.0012,14,4,3,0,0,0,0,0,0,14,0,-1.9049999999999994,5.904,0,0
1,0,1,1,14.76,16.665,40,19.9995,15,4,3,0,0,0,0,0,0,15,0,-1.9049999999999994,5.904,0,0
1,0,1,1,14.76,17.425,46,12.998,16,4,3,0,0,0,0,0,0,16,0,-2.665000000000001,6.7896,0,0
1,0,1,2,14.76,16.665,50,16.9979,17,4,3,0,0,0,1,0,0,17,0,-1.9049999999999994,7.38,0,0
1,0,1,2,13.94,15.15,53,19.9995,18,4,3,0,0,0,1,0,0,18,0,-1.2100000000000009,7.388199999999999,0,0
1,0,1,1,13.12,15.15,61,16.9979,19,4,3,0,0,0,1,0,0,19,0,-2.030000000000001,8.0032,0,0
1,0,1,2,12.3,14.395,70,12.998,20,4,3,0,0,0,0,0,0,20,0,-2.094999999999999,8.61,0,0
1,0,1,2,12.3,14.395,70,15.0013,21,4,3,0,0,0,0,0,0,21,0,-2.094999999999999,8.61,0,0
1,0,1,1,12.3,14.395,70,12.998,22,4,3,0,0,0,0,0,0,22,0,-2.094999999999999,8.61,0,0
1,0,1,2,12.3,15.15,75,11.0014,23,4,3,0,0,0,0,0,0,23,0,-2.8499999999999996,9.225,0,0
1,0,0,2,11.48,14.395,81,7.0015,0,5,3,0,1,0,0,0,1,0,0,-2.914999999999999,9.2988,0,0
1,0,0,2,12.3,15.91,81,7.0015,1,5,3,0,1,0,0,0,1,0,1,-3.6099999999999994,9.963000000000001,0,0
1,0,0,2,12.3,14.395,87,12.998,2,5,3,0,1,0,0,0,1,0,2,-2.094999999999999,10.701,0,0
1,0,0,2,12.3,14.395,87,12.998,3,5,3,0,1,0,0,0,1,0,3,-2.094999999999999,10.701,0,0
1,0,0,2,12.3,15.15,93,11.0014,4,5,3,0,1,0,0,0,1,0,4,-2.8499999999999996,11.439,0,0
1,0,0,2,12.3,15.15,100,8.9981,5,5,3,0,1,0,0,0,1,0,5,-2.8499999999999996,12.3,0,0
1,0,0,2,12.3,14.395,100,15.0013,6,5,3,0,1,0,0,0,0,0,6,-2.094999999999999,12.3,0,0
1,0,0,2,12.3,13.635,100,19.9995,7,5,3,0,1,0,0,0,0,0,7,-1.334999999999999,12.3,0,0
1,0,0,2,12.3,13.635,100,19.9995,8,5,3,0,1,0,0,0,0,0,8,-1.334999999999999,12.3,0,0
1,0,0,2,13.12,15.15,93,15.0013,9,5,3,0,1,0,0,0,0,0,9,-2.030000000000001,12.2016,0,0
1,0,0,2,13.94,16.665,93,12.998,10,5,3,0,1,0,0,0,0,0,10,-2.7249999999999996,12.964199999999998,0,0
1,0,0,2,16.4,20.455,76,15.0013,11,5,3,0,1,0,0,1,0,0,11,-4.055,12.463999999999999,0,0
1,0,0,2,18.04,21.97,67,16.9979,12,5,3,0,1,0,0,1,0,0,12,-3.9299999999999997,12.086799999999998,0,0
1,0,0,2,18.86,22.725,67,19.0012,13,5,3,0,1,0,0,1,0,0,13,-3.865000000000002,12.636199999999999,0,0
1,0,0,2,19.68,23.485,59,19.0012,14,5,3,0,1,0,0,1,0,0,14,-3.8049999999999997,11.611199999999998,0,0
1,0,0,2,18.86,22.725,63,19.9995,15,5,3,0,1,0,0,1,0,0,15,-3.865000000000002,11.8818,0,0
1,0,0,2,19.68,23.485,59,19.9995,16,5,3,0,1,0,0,1,0,0,16,-3.8049999999999997,11.611199999999998,0,0
1,0,0,2,19.68,23.485,59,23.9994,17,5,3,0,1,0,0,0,0,0,17,-3.8049999999999997,11.611199999999998,0,0
1,0,0,2,19.68,23.485,59,22.0028,18,5,3,0,1,0,0,0,0,0,18,-3.8049999999999997,11.611199999999998,0,0
1,0,0,2,18.86,22.725,67,22.0028,19,5,3,0,1,0,0,0,0,0,19,-3.865000000000002,12.636199999999999,0,0
1,0,0,2,18.04,21.97,77,22.0028,20,5,3,0,1,0,0,0,0,0,20,-3.9299999999999997,13.890799999999999,0,0
1,0,0,2,18.04,21.97,72,22.0028,21,5,3,0,1,0,0,0,0,0,21,-3.9299999999999997,12.9888,0,0
1,0,0,2,17.22,21.21,77,19.9995,22,5,3,0,1,0,0,0,0,0,22,-3.990000000000002,13.259399999999998,0,0
1,0,0,2,18.04,21.97,77,19.9995,23,5,3,0,1,0,0,0,0,0,23,-3.9299999999999997,13.890799999999999,0,0
1,0,0,2,17.22,21.21,77,23.9994,0,6,3,0,1,0,0,0,1,0,0,-3.990000000000002,13.259399999999998,0,0
1,0,0,2,17.22,21.21,77,19.0012,1,6,3,0,1,0,0,0,1,0,1,-3.990000000000002,13.259399999999998,0,0
1,0,0,2,16.4,20.455,82,19.0012,2,6,3,0,1,0,0,0,1,0,2,-4.055,13.448,0,0
1,0,0,2,17.22,21.21,82,19.9995,3,6,3,0,1,0,0,0,1,0,3,-3.990000000000002,14.1204,0,0
1,0,0,2,17.22,21.21,88,23.9994,4,6,3,0,1,0,0,0,1,0,4,-3.990000000000002,15.153599999999999,0,0
1,0,0,2,17.22,21.21,94,23.9994,6,6,3,0,1,0,0,0,0,0,6,-3.990000000000002,16.186799999999998,0,0
1,0,0,3,17.22,21.21,100,30.0026,7,6,3,0,1,0,0,0,0,0,7,-3.990000000000002,17.22,0,1
1,0,0,2,16.4,20.455,100,19.9995,8,6,3,0,1,0,0,0,0,0,8,-4.055,16.4,0,0
1,0,0,2,17.22,21.21,100,19.0012,9,6,3,0,1,0,0,0,0,0,9,-3.990000000000002,17.22,0,0
1,0,0,2,17.22,21.21,100,19.9995,10,6,3,0,1,0,0,0,0,0,10,-3.990000000000002,17.22,0,0
1,0,0,2,17.22,21.21,100,15.0013,11,6,3,0,1,0,0,1,0,0,11,-3.990000000000002,17.22,0,0
1,0,0,2,18.86,22.725,94,22.0028,12,6,3,0,1,0,0,1,0,0,12,-3.865000000000002,17.7284,0,0
1,0,0,2,18.86,22.725,94,23.9994,13,6,3,0,1,0,0,1,0,0,13,-3.865000000000002,17.7284,0,0
1,0,0,3,18.04,21.97,100,15.0013,14,6,3,0,1,0,0,1,0,0,14,-3.9299999999999997,18.04,0,1
1,0,0,3,18.04,21.97,100,15.0013,15,6,3,0,1,0,0,1,0,0,15,-3.9299999999999997,18.04,0,1
1,0,0,3,14.76,16.665,100,19.0012,16,6,3,0,1,0,0,1,0,0,16,-1.9049999999999994,14.76,0,1
1,0,0,3,13.94,15.15,100,19.9995,17,6,3,0,1,0,0,0,0,0,17,-1.2100000000000009,13.94,0,1
1,0,0,3,13.12,14.395,100,23.9994,18,6,3,0,1,0,0,0,0,0,18,-1.2750000000000004,13.12,0,1
1,0,0,3,12.3,12.88,100,32.9975,19,6,3,0,1,0,0,0,0,0,19,-0.5800000000000001,12.3,0,1
1,0,0,3,11.48,12.12,100,27.9993,20,6,3,0,1,0,0,0,0,0,20,-0.6399999999999988,11.48,0,1
1,0,0,3,9.84,9.09,93,40.9973,21,6,3,0,1,0,0,0,0,0,21,0.75,9.1512,0,1
1,0,0,2,9.02,9.85,100,26.0027,22,6,3,0,1,0,0,0,0,0,22,-0.8300000000000001,9.02,0,0
1,0,0,2,9.02,9.85,100,27.9993,23,6,3,0,1,0,0,0,0,0,23,-0.8300000000000001,9.02,0,0
1,0,1,3,8.2,9.09,100,22.0028,0,0,3,0,0,0,0,0,1,0,0,-0.8900000000000006,8.2,0,1
1,0,1,3,8.2,9.09,100,22.0028,1,0,3,0,0,0,0,0,1,1,0,-0.8900000000000006,8.2,0,1
1,0,1,1,8.2,7.575,80,39.0007,3,0,3,0,0,0,0,0,1,3,0,0.6249999999999991,6.56,0,0
1,0,1,1,8.2,7.575,80,35.0008,4,0,3,0,0,0,0,0,1,4,0,0.6249999999999991,6.56,0,0
1,0,1,1,8.2,9.09,75,23.9994,5,0,3,0,0,0,0,0,1,5,0,-0.8900000000000006,6.15,0,0
1,0,1,1,8.2,9.09,75,26.0027,6,0,3,0,0,0,0,0,0,6,0,-0.8900000000000006,6.15,0,0
1,0,1,1,8.2,8.335,75,27.9993,7,0,3,0,0,1,0,0,0,7,0,-0.13500000000000156,6.15,0,0
1,0,1,1,8.2,9.09,75,26.0027,8,0,3,0,0,1,0,0,0,8,0,-0.8900000000000006,6.15,0,0
1,0,1,1,9.02,9.09,64,31.0009,9,0,3,0,0,1,0,0,0,9,0,-0.07000000000000028,5.7728,0,0
1,0,1,1,9.84,10.605,60,19.9995,10,0,3,0,0,0,0,0,0,10,0,-0.7650000000000006,5.904,0,0
1,0,1,1,10.66,10.605,48,30.0026,11,0,3,0,0,0,0,0,0,11,0,0.054999999999999716,5.1168000000000005,0,0
1,0,1,1,12.3,13.635,42,27.9993,12,0,3,0,0,0,0,0,0,12,0,-1.334999999999999,5.166,0,0
1,0,1,1,13.12,14.395,36,26.0027,13,0,3,0,0,0,0,0,0,13,0,-1.2750000000000004,4.7232,0,0
1,0,1,1,13.12,14.395,36,27.9993,14,0,3,0,0,0,0,0,0,14,0,-1.2750000000000004,4.7232,0,0
1,0,1,1,13.94,15.15,31,26.0027,15,0,3,0,0,0,0,0,0,15,0,-1.2100000000000009,4.3214,0,0
1,0,1,1,13.94,15.15,31,23.9994,16,0,3,0,0,0,0,0,0,16,0,-1.2100000000000009,4.3214,0,0
1,0,1,1,13.94,15.15,29,23.9994,17,0,3,0,0,0,1,0,0,17,0,-1.2100000000000009,4.0426,0,0
1,0,1,1,13.12,15.15,31,15.0013,18,0,3,0,0,0,1,0,0,18,0,-2.030000000000001,4.0672,0,0
1,0,1,1,12.3,14.395,33,15.0013,19,0,3,0,0,0,1,0,0,19,0,-2.094999999999999,4.059,0,0
1,0,1,1,12.3,15.15,33,11.0014,20,0,3,0,0,0,0,0,0,20,0,-2.8499999999999996,4.059,0,0
1,0,1,1,11.48,13.635,38,15.0013,21,0,3,0,0,0,0,0,0,21,0,-2.1549999999999994,4.3624,0,0
1,0,1,1,10.66,12.88,48,11.0014,22,0,3,0,0,0,0,0,0,22,0,-2.2200000000000006,5.1168000000000005,0,0
1,0,1,1,11.48,15.91,48,0.0,23,0,3,0,0,0,0,0,0,23,0,-4.43,5.5104,0,0
1,0,1,1,10.66,14.395,48,6.0032,0,1,3,0,0,0,0,0,1,0,0,-3.7349999999999994,5.1168000000000005,0,0
1,0,1,1,9.84,12.12,52,8.9981,1,1,3,0,0,0,0,0,1,1,0,-2.2799999999999994,5.1168000000000005,0,0
1,0,1,1,9.84,12.12,52,8.9981,2,1,3,0,0,0,0,0,1,2,0,-2.2799999999999994,5.1168000000000005,0,0
1,0,1,1,9.84,12.88,52,6.0032,3,1,3,0,0,0,0,0,1,3,0,-3.040000000000001,5.1168000000000005,0,0
1,0,1,1,9.02,13.635,64,0.0,4,1,3,0,0,0,0,0,1,4,0,-4.615,5.7728,0,0
1,0,1,1,8.2,11.365,69,7.0015,5,1,3,0,0,0,0,0,1,5,0,-3.165000000000001,5.6579999999999995,0,0
1,0,1,1,8.2,12.88,59,0.0,6,1,3,0,0,0,0,0,0,6,0,-4.6800000000000015,4.837999999999999,0,0
1,0,1,1,7.38,9.85,64,8.9981,7,1,3,0,0,1,0,0,0,7,0,-2.4699999999999998,4.7232,0,0
1,0,1,1,9.02,11.365,55,12.998,8,1,3,0,0,1,0,0,0,8,0,-2.3450000000000006,4.960999999999999,0,0
1,0,1,1,10.66,12.88,41,11.0014,9,1,3,0,0,1,0,0,0,9,0,-2.2200000000000006,4.3706,0,0
1,0,1,2,12.3,14.395,33,12.998,10,1,3,0,0,0,0,0,0,10,0,-2.094999999999999,4.059,0,0
1,0,1,2,14.76,17.425,25,11.0014,11,1,3,0,0,0,0,0,0,11,0,-2.665000000000001,3.69,0,0
1,0,1,2,14.76,18.94,23,0.0,12,1,3,0,0,0,0,0,0,12,0,-4.1800000000000015,3.3948,0,0
1,0,1,2,15.58,19.695,25,7.0015,13,1,3,0,0,0,0,0,0,13,0,-4.115,3.895,0,0
1,0,1,2,15.58,19.695,20,0.0,14,1,3,0,0,0,0,0,0,14,0,-4.115,3.116,0,0
1,0,1,2,14.76,18.94,18,0.0,15,1,3,0,0,0,0,0,0,15,0,-4.1800000000000015,2.6568,0,0
1,0,1,1,15.58,19.695,27,11.0014,16,1,3,0,0,0,0,0,0,16,0,-4.115,4.2066,0,0
1,0,1,1,14.76,17.425,27,15.0013,17,1,3,0,0,0,1,0,0,17,0,-2.665000000000001,3.9852,0,0
1,0,1,1,13.94,16.665,27,12.998,18,1,3,0,0,0,1,0,0,18,0,-2.7249999999999996,3.7638,0,0
1,0,1,1,13.94,17.425,31,7.0015,19,1,3,0,0,0,1,0,0,19,0,-3.485000000000001,4.3214,0,0
1,0,1,1,13.12,16.665,39,6.0032,20,1,3,0,0,0,0,0,0,20,0,-3.545,5.1168,0,0
1,0,1,1,12.3,14.395,49,12.998,21,1,3,0,0,0,0,0,0,21,0,-2.094999999999999,6.027,0,0
1,0,1,1,12.3,14.395,49,15.0013,22,1,3,0,0,0,0,0,0,22,0,-2.094999999999999,6.027,0,0
1,0,1,1,11.48,13.635,61,12.998,23,1,3,0,0,0,0,0,0,23,0,-2.1549999999999994,7.0028,0,0
1,0,1,1,10.66,14.395,65,6.0032,0,2,3,0,0,0,0,0,1,0,0,-3.7349999999999994,6.928999999999999,0,0
1,0,1,1,10.66,13.635,52,8.9981,1,2,3,0,0,0,0,0,1,1,0,-2.9749999999999996,5.543200000000001,0,0
1,0,1,1,10.66,13.635,52,8.9981,2,2,3,0,0,0,0,0,1,2,0,-2.9749999999999996,5.543200000000001,0,0
1,0,1,1,9.84,12.88,70,6.0032,3,2,3,0,0,0,0,0,1,3,0,-3.040000000000001,6.888,0,0
1,0,1,1,9.84,12.88,75,7.0015,4,2,3,0,0,0,0,0,1,4,0,-3.040000000000001,7.38,0,0
1,0,1,2,9.84,12.12,81,8.9981,5,2,3,0,0,0,0,0,1,5,0,-2.2799999999999994,7.9704,0,0
1,0,1,2,9.84,12.88,85,7.0015,6,2,3,0,0,0,0,0,0,6,0,-3.040000000000001,8.363999999999999,0,0
1,0,1,2,9.84,12.12,87,11.0014,7,2,3,0,0,1,0,0,0,7,0,-2.2799999999999994,8.5608,0,0
1,0,1,2,9.84,12.12,87,8.9981,8,2,3,0,0,1,0,0,0,8,0,-2.2799999999999994,8.5608,0,0
1,0,1,2,10.66,12.12,87,16.9979,9,2,3,0,0,1,0,0,0,9,0,-1.459999999999999,9.2742,0,0
1,0,1,2,12.3,14.395,75,16.9979,10,2,3,0,0,0,0,0,0,10,0,-2.094999999999999,9.225,0,0
1,0,1,2,13.12,14.395,76,26.0027,11,2,3,0,0,0,0,0,0,11,0,-1.2750000000000004,9.9712,0,0
1,0,1,2,13.12,15.15,76,16.9979,12,2,3,0,0,0,0,0,0,12,0,-2.030000000000001,9.9712,0,0
1,0,1,2,13.12,14.395,76,23.9994,13,2,3,0,0,0,0,0,0,13,0,-1.2750000000000004,9.9712,0,0
1,0,1,2,13.94,15.15,76,19.9995,14,2,3,0,0,0,0,0,0,14,0,-1.2100000000000009,10.5944,0,0
1,0,1,2,14.76,16.665,71,19.9995,15,2,3,0,0,0,0,0,0,15,0,-1.9049999999999994,10.4796,0,0
1,0,1,2,13.94,15.15,76,22.0028,16,2,3,0,0,0,0,0,0,16,0,-1.2100000000000009,10.5944,0,0
1,0,1,2,13.94,15.15,76,19.9995,17,2,3,0,0,0,1,0,0,17,0,-1.2100000000000009,10.5944,0,0
1,0,1,2,13.94,15.91,76,16.9979,18,2,3,0,0,0,1,0,0,18,0,-1.9700000000000006,10.5944,0,0
1,0,1,2,13.94,15.15,76,22.0028,19,2,3,0,0,0,1,0,0,19,0,-1.2100000000000009,10.5944,0,0
1,0,1,2,13.12,15.91,87,12.998,20,2,3,0,0,0,0,0,0,20,0,-2.790000000000001,11.414399999999999,0,0
1,0,1,2,13.12,15.15,93,22.0028,21,2,3,0,0,0,0,0,0,21,0,-2.030000000000001,12.2016,0,0
1,0,1,3,13.12,15.91,93,11.0014,22,2,3,0,0,0,0,0,0,22,0,-2.790000000000001,12.2016,0,1
1,0,1,3,13.94,16.665,93,12.998,23,2,3,0,0,0,0,0,0,23,0,-2.7249999999999996,12.964199999999998,0,1
1,0,1,3,13.94,15.91,0,16.9979,0,3,3,0,0,0,0,0,1,0,0,-1.9700000000000006,0.0,1,1
1,0,1,3,13.94,15.91,0,16.9979,1,3,3,0,0,0,0,0,1,1,0,-1.9700000000000006,0.0,1,1
1,0,1,3,13.94,15.91,0,16.9979,2,3,3,0,0,0,0,0,1,2,0,-1.9700000000000006,0.0,1,1
1,0,1,3,14.76,17.425,0,12.998,5,3,3,0,0,0,0,0,1,5,0,-2.665000000000001,0.0,1,1
1,0,1,3,14.76,16.665,0,22.0028,6,3,3,0,0,0,0,0,0,6,0,-1.9049999999999994,0.0,1,1
1,0,1,3,15.58,19.695,0,15.0013,7,3,3,0,0,1,0,0,0,7,0,-4.115,0.0,1,1
1,0,1,3,15.58,19.695,0,19.0012,8,3,3,0,0,1,0,0,0,8,0,-4.115,0.0,1,1
1,0,1,3,16.4,20.455,0,15.0013,9,3,3,0,0,1,0,0,0,9,0,-4.055,0.0,1,1
1,0,1,3,16.4,20.455,0,11.0014,10,3,3,0,0,0,0,0,0,10,0,-4.055,0.0,1,1
1,0,1,3,16.4,20.455,0,16.9979,11,3,3,0,0,0,0,0,0,11,0,-4.055,0.0,1,1
1,0,1,3,17.22,21.21,0,15.0013,12,3,3,0,0,0,0,0,0,12,0,-3.990000000000002,0.0,1,1
1,0,1,3,17.22,21.21,0,15.0013,13,3,3,0,0,0,0,0,0,13,0,-3.990000000000002,0.0,1,1
1,0,1,3,18.04,21.97,0,19.9995,14,3,3,0,0,0,0,0,0,14,0,-3.9299999999999997,0.0,1,1
1,0,1,3,18.04,21.97,0,15.0013,15,3,3,0,0,0,0,0,0,15,0,-3.9299999999999997,0.0,1,1
1,0,1,3,17.22,21.21,0,16.9979,16,3,3,0,0,0,0,0,0,16,0,-3.990000000000002,0.0,1,1
1,0,1,2,18.04,21.97,0,26.0027,17,3,3,0,0,0,1,0,0,17,0,-3.9299999999999997,0.0,1,0
1,0,1,3,18.04,21.97,0,23.9994,18,3,3,0,0,0,1,0,0,18,0,-3.9299999999999997,0.0,1,1
1,0,1,3,18.04,21.97,0,39.0007,19,3,3,0,0,0,1,0,0,19,0,-3.9299999999999997,0.0,1,1
1,0,1,3,14.76,16.665,0,22.0028,20,3,3,0,0,0,0,0,0,20,0,-1.9049999999999994,0.0,1,1
1,0,1,3,14.76,17.425,0,15.0013,21,3,3,0,0,0,0,0,0,21,0,-2.665000000000001,0.0,1,1
1,0,1,2,13.94,16.665,0,8.9981,22,3,3,0,0,0,0,0,0,22,0,-2.7249999999999996,0.0,1,0
1,0,1,3,13.94,17.425,0,6.0032,23,3,3,0,0,0,0,0,0,23,0,-3.485000000000001,0.0,1,1
1,0,1,2,13.94,17.425,100,6.0032,0,4,3,0,0,0,0,0,1,0,0,-3.485000000000001,13.94,0,0
1,0,1,3,13.94,17.425,100,7.0015,1,4,3,0,0,0,0,0,1,1,0,-3.485000000000001,13.94,0,1
1,0,1,3,13.94,17.425,100,7.0015,2,4,3,0,0,0,0,0,1,2,0,-3.485000000000001,13.94,0,1
1,0,1,2,13.12,16.665,93,6.0032,3,4,3,0,0,0,0,0,1,3,0,-3.545,12.2016,0,0
1,0,1,1,12.3,14.395,81,15.0013,5,4,3,0,0,0,0,0,1,5,0,-2.094999999999999,9.963000000000001,0,0
1,0,1,1,10.66,12.12,81,19.0012,6,4,3,0,0,0,0,0,0,6,0,-1.459999999999999,8.6346,0,0
1,0,1,1,10.66,12.88,70,12.998,7,4,3,0,0,1,0,0,0,7,0,-2.2200000000000006,7.462000000000001,0,0
1,0,1,1,11.48,13.635,70,16.9979,8,4,3,0,0,1,0,0,0,8,0,-2.1549999999999994,8.036,0,0
1,0,1,2,12.3,14.395,61,19.0012,9,4,3,0,0,1,0,0,0,9,0,-2.094999999999999,7.503000000000001,0,0
1,0,1,2,13.12,15.15,57,19.9995,10,4,3,0,0,0,0,0,0,10,0,-2.030000000000001,7.478399999999999,0,0
1,0,1,2,13.12,15.15,57,19.9995,11,4,3,0,0,0,0,0,0,11,0,-2.030000000000001,7.478399999999999,0,0
1,0,1,2,13.94,15.91,53,16.9979,12,4,3,0,0,0,0,0,0,12,0,-1.9700000000000006,7.388199999999999,0,0
1,0,1,1,14.76,16.665,53,16.9979,13,4,3,0,0,0,0,0,0,13,0,-1.9049999999999994,7.8228,0,0
1,0,1,2,14.76,16.665,50,23.9994,14,4,3,0,0,0,0,0,0,14,0,-1.9049999999999994,7.38,0,0
1,0,1,2,13.94,15.91,53,16.9979,15,4,3,0,0,0,0,0,0,15,0,-1.9700000000000006,7.388199999999999,0,0
1,0,1,2,13.94,15.15,49,19.9995,16,4,3,0,0,0,0,0,0,16,0,-1.2100000000000009,6.8306,0,0
1,0,1,1,13.94,15.91,49,15.0013,17,4,3,0,0,0,1,0,0,17,0,-1.9700000000000006,6.8306,0,0
1,0,1,1,13.12,15.15,49,22.0028,18,4,3,0,0,0,1,0,0,18,0,-2.030000000000001,6.4288,0,0
1,0,1,1,12.3,13.635,56,22.0028,19,4,3,0,0,0,1,0,0,19,0,-1.334999999999999,6.888000000000001,0,0
1,0,1,1,12.3,15.15,56,11.0014,20,4,3,0,0,0,0,0,0,20,0,-2.8499999999999996,6.888000000000001,0,0
1,0,1,2,12.3,14.395,52,16.9979,21,4,3,0,0,0,0,0,0,21,0,-2.094999999999999,6.396,0,0
1,0,1,1,12.3,15.15,52,11.0014,22,4,3,0,0,0,0,0,0,22,0,-2.8499999999999996,6.396,0,0
1,0,1,1,12.3,14.395,52,16.9979,23,4,3,0,0,0,0,0,0,23,0,-2.094999999999999,6.396,0,0
1,0,0,1,10.66,13.635,60,8.9981,0,5,3,0,1,0,0,0,1,0,0,-2.9749999999999996,6.396,0,0
1,0,0,1,9.84,11.365,65,12.998,1,5,3,0,1,0,0,0,1,0,1,-1.5250000000000004,6.396,0,0
1,0,0,1,9.84,11.365,65,12.998,2,5,3,0,1,0,0,0,1,0,2,-1.5250000000000004,6.396,0,0
1,0,0,1,9.84,11.365,65,16.9979,3,5,3,0,1,0,0,0,1,0,3,-1.5250000000000004,6.396,0,0
1,0,0,1,9.84,11.365,65,16.9979,4,5,3,0,1,0,0,0,1,0,4,-1.5250000000000004,6.396,0,0
1,0,0,1,9.02,11.365,69,12.998,5,5,3,0,1,0,0,0,1,0,5,-2.3450000000000006,6.2238,0,0
1,0,0,1,9.02,10.605,75,16.9979,6,5,3,0,1,0,0,0,0,0,6,-1.5850000000000009,6.765,0,0
1,0,0,1,9.84,11.365,70,12.998,7,5,3,0,1,0,0,0,0,0,7,-1.5250000000000004,6.888,0,0
1,0,0,1,10.66,12.88,65,11.0014,8,5,3,0,1,0,0,0,0,0,8,-2.2200000000000006,6.928999999999999,0,0
1,0,0,1,11.48,14.395,65,7.0015,9,5,3,0,1,0,0,0,0,0,9,-2.914999999999999,7.462000000000001,0,0
1,0,0,1,13.12,15.15,66,15.0013,10,5,3,0,1,0,0,0,0,0,10,-2.030000000000001,8.6592,0,0
1,0,0,1,13.94,15.15,49,22.0028,11,5,3,0,1,0,0,1,0,0,11,-1.2100000000000009,6.8306,0,0
1,0,0,1,13.94,15.91,53,19.0012,12,5,3,0,1,0,0,1,0,0,12,-1.9700000000000006,7.388199999999999,0,0
1,0,0,1,14.76,16.665,51,23.9994,13,5,3,0,1,0,0,1,0,0,13,-1.9049999999999994,7.5276,0,0
1,0,0,1,16.4,20.455,50,30.0026,14,5,3,0,1,0,0,1,0,0,14,-4.055,8.2,0,0
1,0,0,1,17.22,21.21,44,32.9975,15,5,3,0,1,0,0,1,0,0,15,-3.990000000000002,7.5767999999999995,0,0
1,0,0,1,18.86,22.725,41,30.0026,16,5,3,0,1,0,0,1,0,0,16,-3.865000000000002,7.7326,0,0
1,0,0,1,18.86,22.725,44,22.0028,17,5,3,0,1,0,0,0,0,0,17,-3.865000000000002,8.298399999999999,0,0
1,0,0,1,17.22,21.21,54,11.0014,18,5,3,0,1,0,0,0,0,0,18,-3.990000000000002,9.298799999999998,0,0
1,0,0,1,17.22,21.21,54,6.0032,19,5,3,0,1,0,0,0,0,0,19,-3.990000000000002,9.298799999999998,0,0
1,0,0,1,16.4,20.455,58,7.0015,20,5,3,0,1,0,0,0,0,0,20,-4.055,9.511999999999999,0,0
1,0,0,1,15.58,19.695,62,0.0,21,5,3,0,1,0,0,0,0,0,21,-4.115,9.659600000000001,0,0
1,0,0,1,14.76,18.94,71,0.0,22,5,3,0,1,0,0,0,0,0,22,-4.1800000000000015,10.4796,0,0
1,0,0,1,15.58,19.695,66,6.0032,23,5,3,0,1,0,0,0,0,0,23,-4.115,10.2828,0,0
1,0,0,1,15.58,19.695,62,7.0015,0,6,3,0,1,0,0,0,1,0,0,-4.115,9.659600000000001,0,0
1,0,0,1,14.76,17.425,66,8.9981,1,6,3,0,1,0,0,0,1,0,1,-2.665000000000001,9.7416,0,0
1,0,0,1,13.94,16.665,76,8.9981,3,6,3,0,1,0,0,0,1,0,3,-2.7249999999999996,10.5944,0,0
1,0,0,1,13.94,16.665,66,11.0014,4,6,3,0,1,0,0,0,1,0,4,-2.7249999999999996,9.2004,0,0
1,0,0,1,14.76,17.425,62,8.9981,5,6,3,0,1,0,0,0,1,0,5,-2.665000000000001,9.1512,0,0
1,0,0,1,13.94,18.18,66,0.0,6,6,3,0,1,0,0,0,0,0,6,-4.24,9.2004,0,0
1,0,0,1,14.76,17.425,62,12.998,7,6,3,0,1,0,0,0,0,0,7,-2.665000000000001,9.1512,0,0
1,0,0,1,16.4,20.455,50,19.9995,8,6,3,0,1,0,0,0,0,0,8,-4.055,8.2,0,0
1,0,0,1,16.4,20.455,50,27.9993,9,6,3,0,1,0,0,0,0,0,9,-4.055,8.2,0,0
1,0,0,1,17.22,21.21,47,16.9979,10,6,3,0,1,0,0,0,0,0,10,-3.990000000000002,8.093399999999999,0,0
1,0,0,1,18.04,21.97,41,27.9993,11,6,3,0,1,0,0,1,0,0,11,-3.9299999999999997,7.3964,0,0
1,0,0,1,18.86,22.725,38,26.0027,12,6,3,0,1,0,0,1,0,0,12,-3.865000000000002,7.166799999999999,0,0
1,0,0,1,18.86,22.725,38,26.0027,13,6,3,0,1,0,0,1,0,0,13,-3.865000000000002,7.166799999999999,0,0
1,0,0,1,18.86,22.725,41,19.9995,14,6,3,0,1,0,0,1,0,0,14,-3.865000000000002,7.7326,0,0
1,0,0,1,19.68,23.485,39,22.0028,15,6,3,0,1,0,0,1,0,0,15,-3.8049999999999997,7.6752,0,0
1,0,0,1,18.86,22.725,41,26.0027,16,6,3,0,1,0,0,1,0,0,16,-3.865000000000002,7.7326,0,0
1,0,0,1,18.04,21.97,41,23.9994,17,6,3,0,1,0,0,0,0,0,17,-3.9299999999999997,7.3964,0,0
1,0,0,1,16.4,20.455,43,23.9994,18,6,3,0,1,0,0,0,0,0,18,-4.055,7.052,0,0
1,0,0,1,14.76,16.665,50,23.9994,19,6,3,0,1,0,0,0,0,0,19,-1.9049999999999994,7.38,0,0
1,0,0,1,13.12,15.15,57,19.9995,20,6,3,0,1,0,0,0,0,0,20,-2.030000000000001,7.478399999999999,0,0
1,0,0,1,12.3,14.395,56,16.9979,21,6,3,0,1,0,0,0,0,0,21,-2.094999999999999,6.888000000000001,0,0
1,0,0,1,12.3,13.635,56,22.0028,22,6,3,0,1,0,0,0,0,0,22,-1.334999999999999,6.888000000000001,0,0
1,0,0,1,10.66,12.88,65,15.0013,23,6,3,0,1,0,0,0,0,0,23,-2.2200000000000006,6.928999999999999,0,0
1,0,1,1,10.66,13.635,65,7.0015,0,0,3,0,0,0,0,0,1,0,0,-2.9749999999999996,6.928999999999999,0,0
1,0,1,1,10.66,14.395,65,6.0032,1,0,3,0,0,0,0,0,1,1,0,-3.7349999999999994,6.928999999999999,0,0
1,0,1,1,10.66,14.395,65,6.0032,2,0,3,0,0,0,0,0,1,2,0,-3.7349999999999994,6.928999999999999,0,0
1,0,1,1,10.66,13.635,65,8.9981,3,0,3,0,0,0,0,0,1,3,0,-2.9749999999999996,6.928999999999999,0,0
1,0,1,1,9.84,12.12,70,8.9981,5,0,3,0,0,0,0,0,1,5,0,-2.2799999999999994,6.888,0,0
1,0,1,1,10.66,13.635,65,8.9981,6,0,3,0,0,0,0,0,0,6,0,-2.9749999999999996,6.928999999999999,0,0
1,0,1,2,11.48,15.91,61,0.0,7,0,3,0,0,1,0,0,0,7,0,-4.43,7.0028,0,0
1,0,1,2,12.3,15.15,56,8.9981,8,0,3,0,0,1,0,0,0,8,0,-2.8499999999999996,6.888000000000001,0,0
1,0,1,1,13.12,15.15,53,22.0028,9,0,3,0,0,1,0,0,0,9,0,-2.030000000000001,6.9536,0,0
1,0,1,1,13.94,15.91,42,16.9979,10,0,3,0,0,0,0,0,0,10,0,-1.9700000000000006,5.8548,0,0
1,0,1,1,14.76,16.665,40,16.9979,11,0,3,0,0,0,0,0,0,11,0,-1.9049999999999994,5.904,0,0
1,0,1,1,15.58,19.695,37,0.0,12,0,3,0,0,0,0,0,0,12,0,-4.115,5.764600000000001,0,0
1,0,1,1,15.58,19.695,36,22.0028,13,0,3,0,0,0,0,0,0,13,0,-4.115,5.6088,0,0
1,0,1,2,15.58,19.695,34,0.0,14,0,3,0,0,0,0,0,0,14,0,-4.115,5.2972,0,0
1,0,1,1,15.58,19.695,37,11.0014,15,0,3,0,0,0,0,0,0,15,0,-4.115,5.764600000000001,0,0
1,0,1,1,16.4,20.455,35,7.0015,16,0,3,0,0,0,0,0,0,16,0,-4.055,5.74,0,0
1,0,1,1,15.58,19.695,40,12.998,17,0,3,0,0,0,1,0,0,17,0,-4.115,6.232,0,0
1,0,1,1,14.76,18.18,40,7.0015,18,0,3,0,0,0,1,0,0,18,0,-3.42,5.904,0,0
1,0,1,1,14.76,17.425,43,8.9981,19,0,3,0,0,0,1,0,0,19,0,-2.665000000000001,6.346799999999999,0,0
1,0,1,1,13.94,15.91,46,15.0013,20,0,3,0,0,0,0,0,0,20,0,-1.9700000000000006,6.4124,0,0
1,0,1,1,13.94,16.665,46,8.9981,21,0,3,0,0,0,0,0,0,21,0,-2.7249999999999996,6.4124,0,0
1,0,1,1,13.12,16.665,49,7.0015,22,0,3,0,0,0,0,0,0,22,0,-3.545,6.4288,0,0
1,0,1,1,13.12,17.425,53,0.0,23,0,3,0,0,0,0,0,0,23,0,-4.3050000000000015,6.9536,0,0
1,0,1,1,13.12,17.425,53,0.0,0,1,3,0,0,0,0,0,1,0,0,-4.3050000000000015,6.9536,0,0
1,0,1,1,12.3,15.15,62,6.0032,1,1,3,0,0,0,0,0,1,1,0,-2.8499999999999996,7.626,0,0
1,0,1,1,12.3,15.15,62,6.0032,2,1,3,0,0,0,0,0,1,2,0,-2.8499999999999996,7.626,0,0
1,0,1,1,9.84,12.88,75,6.0032,4,1,3,0,0,0,0,0,1,4,0,-3.040000000000001,7.38,0,0
1,0,1,1,9.84,11.365,75,12.998,5,1,3,0,0,0,0,0,1,5,0,-1.5250000000000004,7.38,0,0
1,0,1,1,9.02,11.365,80,12.998,6,1,3,0,0,0,0,0,0,6,0,-2.3450000000000006,7.215999999999999,0,0
1,0,1,1,9.84,12.12,75,11.0014,7,1,3,0,0,1,0,0,0,7,0,-2.2799999999999994,7.38,0,0
1,0,1,1,10.66,14.395,70,6.0032,8,1,3,0,0,1,0,0,0,8,0,-3.7349999999999994,7.462000000000001,0,0
1,0,1,2,12.3,16.665,70,0.0,9,1,3,0,0,1,0,0,0,9,0,-4.364999999999998,8.61,0,0
1,0,1,2,13.12,15.91,66,12.998,10,1,3,0,0,0,0,0,0,10,0,-2.790000000000001,8.6592,0,0
1,0,1,2,13.94,15.91,57,15.0013,11,1,3,0,0,0,0,0,0,11,0,-1.9700000000000006,7.945799999999999,0,0
1,0,1,2,14.76,17.425,50,15.0013,12,1,3,0,0,0,0,0,0,12,0,-2.665000000000001,7.38,0,0
1,0,1,2,14.76,16.665,57,19.0012,13,1,3,0,0,0,0,0,0,13,0,-1.9049999999999994,8.4132,0,0
1,0,1,2,15.58,19.695,46,19.9995,14,1,3,0,0,0,0,0,0,14,0,-4.115,7.166799999999999,0,0
1,0,1,2,15.58,19.695,43,19.0012,15,1,3,0,0,0,0,0,0,15,0,-4.115,6.699400000000001,0,0
1,0,1,2,15.58,19.695,46,22.0028,16,1,3,0,0,0,0,0,0,16,0,-4.115,7.166799999999999,0,0
1,0,1,2,14.76,17.425,62,12.998,17,1,3,0,0,0,1,0,0,17,0,-2.665000000000001,9.1512,0,0
1,0,1,2,14.76,16.665,62,19.9995,18,1,3,0,0,0,1,0,0,18,0,-1.9049999999999994,9.1512,0,0
1,0,1,2,13.94,15.91,71,19.0012,19,1,3,0,0,0,1,0,0,19,0,-1.9700000000000006,9.8974,0,0
1,0,1,2,13.94,15.91,71,19.0012,20,1,3,0,0,0,0,0,0,20,0,-1.9700000000000006,9.8974,0,0
1,0,1,3,13.12,16.665,81,7.0015,21,1,3,0,0,0,0,0,0,21,0,-3.545,10.6272,0,1
1,0,1,2,13.12,15.91,87,11.0014,22,1,3,0,0,0,0,0,0,22,0,-2.790000000000001,11.414399999999999,0,0
1,0,1,2,13.12,15.91,87,11.0014,23,1,3,0,0,0,0,0,0,23,0,-2.790000000000001,11.414399999999999,0,0
1,0,1,3,12.3,14.395,93,16.9979,0,2,3,0,0,0,0,0,1,0,0,-2.094999999999999,11.439,0,1
1,0,1,3,12.3,13.635,100,19.9995,1,2,3,0,0,0,0,0,1,1,0,-1.334999999999999,12.3,0,1
1,0,1,2,11.48,13.635,100,15.0013,3,2,3,0,0,0,0,0,1,3,0,-2.1549999999999994,11.48,0,0
1,0,1,2,12.3,15.15,93,11.0014,4,2,3,0,0,0,0,0,1,4,0,-2.8499999999999996,11.439,0,0
1,0,1,2,12.3,15.91,93,7.0015,5,2,3,0,0,0,0,0,1,5,0,-3.6099999999999994,11.439,0,0
1,0,1,2,12.3,15.91,93,7.0015,6,2,3,0,0,0,0,0,0,6,0,-3.6099999999999994,11.439,0,0
1,0,1,2,12.3,14.395,93,12.998,7,2,3,0,0,1,0,0,0,7,0,-2.094999999999999,11.439,0,0
1,0,1,2,13.12,15.91,93,0.0,8,2,3,0,0,1,0,0,0,8,0,-2.790000000000001,12.2016,0,0
1,0,1,2,13.12,16.665,93,8.9981,9,2,3,0,0,1,0,0,0,9,0,-3.545,12.2016,0,0
1,0,1,2,14.76,17.425,81,11.0014,10,2,3,0,0,0,0,0,0,10,0,-2.665000000000001,11.955599999999999,0,0
1,0,1,2,14.76,17.425,81,8.9981,11,2,3,0,0,0,0,0,0,11,0,-2.665000000000001,11.955599999999999,0,0
1,0,1,2,16.4,20.455,71,7.0015,12,2,3,0,0,0,0,0,0,12,0,-4.055,11.643999999999998,0,0
1,0,1,2,16.4,20.455,76,8.9981,13,2,3,0,0,0,0,0,0,13,0,-4.055,12.463999999999999,0,0
1,0,1,2,16.4,20.455,76,15.0013,14,2,3,0,0,0,0,0,0,14,0,-4.055,12.463999999999999,0,0
1,0,1,2,16.4,20.455,76,16.9979,15,2,3,0,0,0,0,0,0,15,0,-4.055,12.463999999999999,0,0
1,0,1,2,16.4,20.455,76,11.0014,16,2,3,0,0,0,0,0,0,16,0,-4.055,12.463999999999999,0,0
1,0,1,2,18.04,21.97,54,19.9995,17,2,3,0,0,0,1,0,0,17,0,-3.9299999999999997,9.7416,0,0
1,0,1,2,18.04,21.97,54,15.0013,18,2,3,0,0,0,1,0,0,18,0,-3.9299999999999997,9.7416,0,0
1,0,1,2,18.04,21.97,51,22.0028,19,2,3,0,0,0,1,0,0,19,0,-3.9299999999999997,9.2004,0,0
1,0,1,2,17.22,21.21,54,19.9995,20,2,3,0,0,0,0,0,0,20,0,-3.990000000000002,9.298799999999998,0,0
1,0,1,2,17.22,21.21,58,19.0012,21,2,3,0,0,0,0,0,0,21,0,-3.990000000000002,9.9876,0,0
1,0,1,2,16.4,20.455,62,26.0027,22,2,3,0,0,0,0,0,0,22,0,-4.055,10.168,0,0
1,0,1,1,16.4,20.455,65,12.998,23,2,3,0,0,0,0,0,0,23,0,-4.055,10.66,0,0
1,0,1,1,15.58,19.695,66,16.9979,0,3,3,0,0,0,0,0,1,0,0,-4.115,10.2828,0,0
1,0,1,1,14.76,17.425,71,15.0013,1,3,3,0,0,0,0,0,1,1,0,-2.665000000000001,10.4796,0,0
1,0,1,1,13.94,15.15,71,19.9995,2,3,3,0,0,0,0,0,1,2,0,-1.2100000000000009,9.8974,0,0
1,0,1,1,13.94,16.665,66,11.0014,3,3,3,0,0,0,0,0,1,3,0,-2.7249999999999996,9.2004,0,0
1,0,1,1,13.94,16.665,71,12.998,4,3,3,0,0,0,0,0,1,4,0,-2.7249999999999996,9.8974,0,0
1,0,1,1,13.12,16.665,76,7.0015,5,3,3,0,0,0,0,0,1,5,0,-3.545,9.9712,0,0
1,0,1,1,13.12,15.91,76,12.998,6,3,3,0,0,0,0,0,0,6,0,-2.790000000000001,9.9712,0,0
1,0,1,1,13.12,16.665,76,8.9981,7,3,3,0,0,1,0,0,0,7,0,-3.545,9.9712,0,0
1,0,1,1,14.76,17.425,66,8.9981,8,3,3,0,0,1,0,0,0,8,0,-2.665000000000001,9.7416,0,0
1,0,1,1,16.4,20.455,62,16.9979,9,3,3,0,0,1,0,0,0,9,0,-4.055,10.168,0,0
1,0,1,1,18.04,21.97,54,22.0028,10,3,3,0,0,0,0,0,0,10,0,-3.9299999999999997,9.7416,0,0
1,0,1,1,18.04,21.97,54,19.0012,11,3,3,0,0,0,0,0,0,11,0,-3.9299999999999997,9.7416,0,0
1,0,1,1,20.5,24.24,45,15.0013,12,3,3,0,0,0,0,0,0,12,0,-3.7399999999999984,9.225,0,0
1,0,1,2,21.32,25.0,42,6.0032,13,3,3,0,0,0,0,0,0,13,0,-3.6799999999999997,8.9544,0,0
1,0,1,1,20.5,24.24,45,7.0015,14,3,3,0,0,0,0,0,0,14,0,-3.7399999999999984,9.225,0,0
1,0,1,1,21.32,25.0,42,16.9979,15,3,3,0,0,0,0,0,0,15,0,-3.6799999999999997,8.9544,0,0
1,0,1,1,20.5,24.24,48,19.0012,16,3,3,0,0,0,0,0,0,16,0,-3.7399999999999984,9.84,0,0
1,0,1,1,20.5,24.24,42,12.998,17,3,3,0,0,0,1,0,0,17,0,-3.7399999999999984,8.61,0,0
1,0,1,2,18.86,22.725,59,11.0014,18,3,3,0,0,0,1,0,0,18,0,-3.865000000000002,11.1274,0,0
1,0,1,1,18.04,21.97,58,12.998,19,3,3,0,0,0,1,0,0,19,0,-3.9299999999999997,10.463199999999999,0,0
1,0,1,1,17.22,21.21,67,15.0013,20,3,3,0,0,0,0,0,0,20,0,-3.990000000000002,11.5374,0,0
1,0,1,1,17.22,21.21,62,15.0013,21,3,3,0,0,0,0,0,0,21,0,-3.990000000000002,10.6764,0,0
1,0,1,1,16.4,20.455,66,15.0013,22,3,3,0,0,0,0,0,0,22,0,-4.055,10.823999999999998,0,0
1,0,1,1,17.22,21.21,62,19.0012,23,3,3,0,0,0,0,0,0,23,0,-3.990000000000002,10.6764,0,0
1,0,1,1,17.22,21.21,58,19.0012,0,4,3,0,0,0,0,0,1,0,0,-3.990000000000002,9.9876,0,0
1,0,1,1,16.4,20.455,62,16.9979,1,4,3,0,0,0,0,0,1,1,0,-4.055,10.168,0,0
1,0,1,1,16.4,20.455,62,12.998,2,4,3,0,0,0,0,0,1,2,0,-4.055,10.168,0,0
1,0,1,1,14.76,17.425,71,12.998,3,4,3,0,0,0,0,0,1,3,0,-2.665000000000001,10.4796,0,0
1,0,1,1,15.58,19.695,66,11.0014,5,4,3,0,0,0,0,0,1,5,0,-4.115,10.2828,0,0
1,0,1,1,16.4,20.455,66,12.998,6,4,3,0,0,0,0,0,0,6,0,-4.055,10.823999999999998,0,0
1,0,1,1,16.4,20.455,66,12.998,7,4,3,0,0,1,0,0,0,7,0,-4.055,10.823999999999998,0,0
1,0,1,1,17.22,21.21,67,16.9979,8,4,3,0,0,1,0,0,0,8,0,-3.990000000000002,11.5374,0,0
1,0,1,1,18.86,22.725,63,15.0013,9,4,3,0,0,1,0,0,0,9,0,-3.865000000000002,11.8818,0,0
1,0,1,1,21.32,25.0,53,19.0012,10,4,3,0,0,0,0,0,0,10,0,-3.6799999999999997,11.2996,0,0
1,0,1,1,22.14,25.76,52,19.0012,11,4,3,0,0,0,0,0,0,11,0,-3.620000000000001,11.5128,0,0
1,0,1,2,22.96,26.515,49,23.9994,12,4,3,0,0,0,0,0,0,12,0,-3.5549999999999997,11.250399999999999,0,0
1,0,1,1,26.24,31.06,41,19.0012,13,4,3,0,0,0,0,0,0,13,0,-4.82,10.7584,0,0
1,0,1,1,27.06,31.06,39,16.9979,14,4,3,0,0,0,0,0,0,14,0,-4.0,10.5534,0,0
1,0,1,2,27.88,31.82,39,23.9994,15,4,3,0,0,0,0,0,0,15,0,-3.9400000000000013,10.873199999999999,0,0
1,0,1,1,27.88,31.82,39,19.0012,16,4,3,0,0,0,0,0,0,16,0,-3.9400000000000013,10.873199999999999,0,0
1,0,1,1,28.7,31.82,37,22.0028,17,4,3,0,0,0,1,0,0,17,0,-3.120000000000001,10.618999999999998,0,0
1,0,1,1,27.88,31.82,39,11.0014,18,4,3,0,0,0,1,0,0,18,0,-3.9400000000000013,10.873199999999999,0,0
1,0,1,1,27.06,31.06,44,8.9981,19,4,3,0,0,0,1,0,0,19,0,-4.0,11.906399999999998,0,0
1,0,1,1,25.42,31.06,46,8.9981,20,4,3,0,0,0,0,0,0,20,0,-5.639999999999997,11.693200000000001,0,0
1,0,1,1,25.42,31.06,46,7.0015,21,4,3,0,0,0,0,0,0,21,0,-5.639999999999997,11.693200000000001,0,0
1,0,1,1,25.42,31.06,50,11.0014,22,4,3,0,0,0,0,0,0,22,0,-5.639999999999997,12.71,0,0
1,0,1,2,24.6,31.06,53,15.0013,23,4,3,0,0,0,0,0,0,23,0,-6.459999999999997,13.038000000000002,0,0
1,0,0,2,24.6,31.06,53,16.9979,0,5,3,0,1,0,0,0,1,0,0,-6.459999999999997,13.038000000000002,0,0
1,0,0,2,23.78,27.275,46,23.9994,1,5,3,0,1,0,0,0,1,0,1,-3.4949999999999974,10.9388,0,0
1,0,0,2,22.96,26.515,43,15.0013,2,5,3,0,1,0,0,0,1,0,2,-3.5549999999999997,9.872800000000002,0,0
1,0,0,2,22.14,25.76,39,22.0028,3,5,3,0,1,0,0,0,1,0,3,-3.620000000000001,8.6346,0,0
1,0,0,1,21.32,25.0,34,27.9993,4,5,3,0,1,0,0,0,1,0,4,-3.6799999999999997,7.2488,0,0
1,0,0,1,21.32,25.0,34,27.9993,5,5,3,0,1,0,0,0,1,0,5,-3.6799999999999997,7.2488,0,0
1,0,0,1,18.04,21.97,44,27.9993,6,5,3,0,1,0,0,0,0,0,6,-3.9299999999999997,7.9376,0,0
1,0,0,1,16.4,20.455,50,22.0028,7,5,3,0,1,0,0,0,0,0,7,-4.055,8.2,0,0
1,0,0,1,17.22,21.21,47,32.9975,8,5,3,0,1,0,0,0,0,0,8,-3.990000000000002,8.093399999999999,0,0
1,0,0,1,17.22,21.21,44,31.0009,9,5,3,0,1,0,0,0,0,0,9,-3.990000000000002,7.5767999999999995,0,0
1,0,0,1,18.04,21.97,38,27.9993,10,5,3,0,1,0,0,0,0,0,10,-3.9299999999999997,6.8552,0,0
1,0,0,1,18.86,22.725,36,30.0026,11,5,3,0,1,0,0,1,0,0,11,-3.865000000000002,6.7896,0,0
1,0,0,1,18.86,22.725,33,27.9993,12,5,3,0,1,0,0,1,0,0,12,-3.865000000000002,6.2238,0,0
1,0,0,1,20.5,24.24,34,31.0009,13,5,3,0,1,0,0,1,0,0,13,-3.7399999999999984,6.97,0,0
1,0,0,1,20.5,24.24,31,32.9975,14,5,3,0,1,0,0,1,0,0,14,-3.7399999999999984,6.355,0,0
1,0,0,1,20.5,24.24,29,27.9993,15,5,3,0,1,0,0,1,0,0,15,-3.7399999999999984,5.945,0,0
1,0,0,1,20.5,24.24,31,26.0027,16,5,3,0,1,0,0,1,0,0,16,-3.7399999999999984,6.355,0,0
1,0,0,1,19.68,23.485,31,22.0028,17,5,3,0,1,0,0,0,0,0,17,-3.8049999999999997,6.1008000000000004,0,0
1,0,0,1,18.86,22.725,31,22.0028,18,5,3,0,1,0,0,0,0,0,18,-3.865000000000002,5.8466,0,0
1,0,0,1,18.04,21.97,33,19.0012,19,5,3,0,1,0,0,0,0,0,19,-3.9299999999999997,5.953199999999999,0,0
1,0,0,1,17.22,21.21,35,15.0013,20,5,3,0,1,0,0,0,0,0,20,-3.990000000000002,6.026999999999999,0,0
1,0,0,1,16.4,20.455,37,19.9995,21,5,3,0,1,0,0,0,0,0,21,-4.055,6.068,0,0
1,0,0,1,16.4,20.455,37,22.0028,22,5,3,0,1,0,0,0,0,0,22,-4.055,6.068,0,0
1,0,0,1,15.58,19.695,40,19.9995,23,5,3,0,1,0,0,0,0,0,23,-4.115,6.232,0,0
2,0,1,3,10.66,12.88,100,11.0014,0,4,4,0,0,0,0,0,1,0,0,-2.2200000000000006,10.66,0,1
2,0,1,3,10.66,12.88,100,11.0014,1,4,4,0,0,0,0,0,1,1,0,-2.2200000000000006,10.66,0,1
2,0,1,3,10.66,12.88,93,12.998,2,4,4,0,0,0,0,0,1,2,0,-2.2200000000000006,9.9138,0,1
2,0,1,2,9.84,11.365,93,16.9979,3,4,4,0,0,0,0,0,1,3,0,-1.5250000000000004,9.1512,0,0
2,0,1,2,9.84,11.365,93,16.9979,4,4,4,0,0,0,0,0,1,4,0,-1.5250000000000004,9.1512,0,0
2,0,1,3,9.84,11.365,93,15.0013,5,4,4,0,0,0,0,0,1,5,0,-1.5250000000000004,9.1512,0,1
2,0,1,3,9.84,11.365,93,15.0013,6,4,4,0,0,0,0,0,0,6,0,-1.5250000000000004,9.1512,0,1
2,0,1,3,9.84,12.12,93,0.0,7,4,4,0,0,1,0,0,0,7,0,-2.2799999999999994,9.1512,0,1
2,0,1,2,10.66,12.12,87,16.9979,8,4,4,0,0,1,0,0,0,8,0,-1.459999999999999,9.2742,0,0
2,0,1,1,13.12,14.395,70,23.9994,9,4,4,0,0,1,0,0,0,9,0,-1.2750000000000004,9.184,0,0
2,0,1,1,13.12,15.15,66,19.0012,10,4,4,0,0,0,0,0,0,10,0,-2.030000000000001,8.6592,0,0
2,0,1,1,13.12,14.395,61,23.9994,11,4,4,0,0,0,0,0,0,11,0,-1.2750000000000004,8.0032,0,0
2,0,1,1,13.94,15.15,53,23.9994,12,4,4,0,0,0,0,0,0,12,0,-1.2100000000000009,7.388199999999999,0,0
2,0,1,1,14.76,16.665,50,23.9994,13,4,4,0,0,0,0,0,0,13,0,-1.9049999999999994,7.38,0,0
2,0,1,2,14.76,16.665,46,23.9994,14,4,4,0,0,0,0,0,0,14,0,-1.9049999999999994,6.7896,0,0
2,0,1,1,13.94,15.15,46,27.9993,15,4,4,0,0,0,0,0,0,15,0,-1.2100000000000009,6.4124,0,0
2,0,1,1,13.94,15.15,46,27.9993,16,4,4,0,0,0,0,0,0,16,0,-1.2100000000000009,6.4124,0,0
2,0,1,1,13.94,15.15,46,22.0028,17,4,4,0,0,0,1,0,0,17,0,-1.2100000000000009,6.4124,0,0
2,0,1,1,13.94,15.15,46,22.0028,18,4,4,0,0,0,1,0,0,18,0,-1.2100000000000009,6.4124,0,0
2,0,1,1,13.94,15.15,49,22.0028,19,4,4,0,0,0,1,0,0,19,0,-1.2100000000000009,6.8306,0,0
2,0,1,1,13.12,15.91,53,12.998,20,4,4,0,0,0,0,0,0,20,0,-2.790000000000001,6.9536,0,0
2,0,1,1,13.12,16.665,53,8.9981,21,4,4,0,0,0,0,0,0,21,0,-3.545,6.9536,0,0
2,0,1,1,12.3,15.15,56,11.0014,22,4,4,0,0,0,0,0,0,22,0,-2.8499999999999996,6.888000000000001,0,0
2,0,1,1,12.3,15.91,61,6.0032,23,4,4,0,0,0,0,0,0,23,0,-3.6099999999999994,7.503000000000001,0,0
2,0,0,2,12.3,16.665,61,0.0,0,5,4,0,1,0,0,0,1,0,0,-4.364999999999998,7.503000000000001,0,0
2,0,0,1,10.66,13.635,65,8.9981,1,5,4,0,1,0,0,0,1,0,1,-2.9749999999999996,6.928999999999999,0,0
2,0,0,1,9.84,12.12,75,8.9981,2,5,4,0,1,0,0,0,1,0,2,-2.2799999999999994,7.38,0,0
2,0,0,1,9.84,12.12,70,11.0014,3,5,4,0,1,0,0,0,1,0,3,-2.2799999999999994,6.888,0,0
2,0,0,1,9.84,12.12,70,11.0014,4,5,4,0,1,0,0,0,1,0,4,-2.2799999999999994,6.888,0,0
2,0,0,2,9.84,12.12,75,11.0014,5,5,4,0,1,0,0,0,1,0,5,-2.2799999999999994,7.38,0,0
2,0,0,1,10.66,13.635,70,7.0015,6,5,4,0,1,0,0,0,0,0,6,-2.9749999999999996,7.462000000000001,0,0
2,0,0,2,10.66,13.635,70,7.0015,7,5,4,0,1,0,0,0,0,0,7,-2.9749999999999996,7.462000000000001,0,0
2,0,0,1,12.3,15.91,70,7.0015,8,5,4,0,1,0,0,0,0,0,8,-3.6099999999999994,8.61,0,0
2,0,0,2,13.94,17.425,66,7.0015,9,5,4,0,1,0,0,0,0,0,9,-3.485000000000001,9.2004,0,0
2,0,0,2,14.76,17.425,57,11.0014,10,5,4,0,1,0,0,0,0,0,10,-2.665000000000001,8.4132,0,0
2,0,0,2,16.4,20.455,47,11.0014,11,5,4,0,1,0,0,1,0,0,11,-4.055,7.707999999999999,0,0
2,0,0,3,13.12,16.665,81,8.9981,12,5,4,0,1,0,0,1,0,0,12,-3.545,10.6272,0,1
2,0,0,1,13.94,16.665,81,8.9981,13,5,4,0,1,0,0,1,0,0,13,-2.7249999999999996,11.2914,0,0
2,0,0,3,13.12,15.15,76,22.0028,14,5,4,0,1,0,0,1,0,0,14,-2.030000000000001,9.9712,0,1
2,0,0,3,13.94,15.15,76,26.0027,15,5,4,0,1,0,0,1,0,0,15,-1.2100000000000009,10.5944,0,1
2,0,0,1,15.58,19.695,62,22.0028,16,5,4,0,1,0,0,1,0,0,16,-4.115,9.659600000000001,0,0
2,0,0,1,15.58,19.695,54,23.9994,17,5,4,0,1,0,0,0,0,0,17,-4.115,8.4132,0,0
2,0,0,1,15.58,19.695,54,12.998,18,5,4,0,1,0,0,0,0,0,18,-4.115,8.4132,0,0
2,0,0,1,14.76,16.665,53,23.9994,19,5,4,0,1,0,0,0,0,0,19,-1.9049999999999994,7.8228,0,0
2,0,0,1,13.94,15.91,53,19.0012,20,5,4,0,1,0,0,0,0,0,20,-1.9700000000000006,7.388199999999999,0,0
2,0,0,1,13.12,15.15,61,16.9979,21,5,4,0,1,0,0,0,0,0,21,-2.030000000000001,8.0032,0,0
2,0,0,1,13.12,15.15,61,19.9995,22,5,4,0,1,0,0,0,0,0,22,-2.030000000000001,8.0032,0,0
2,0,0,1,13.12,15.91,61,11.0014,23,5,4,0,1,0,0,0,0,0,23,-2.790000000000001,8.0032,0,0
2,0,0,1,12.3,14.395,65,12.998,0,6,4,0,1,0,0,0,1,0,0,-2.094999999999999,7.995,0,0
2,0,0,1,12.3,15.91,61,7.0015,1,6,4,0,1,0,0,0,1,0,1,-3.6099999999999994,7.503000000000001,0,0
2,0,0,1,10.66,13.635,70,8.9981,2,6,4,0,1,0,0,0,1,0,2,-2.9749999999999996,7.462000000000001,0,0
2,0,0,1,12.3,16.665,61,0.0,3,6,4,0,1,0,0,0,1,0,3,-4.364999999999998,7.503000000000001,0,0
2,0,0,1,11.48,15.15,70,6.0032,4,6,4,0,1,0,0,0,1,0,4,-3.67,8.036,0,0
2,0,0,1,11.48,13.635,65,15.0013,5,6,4,0,1,0,0,0,1,0,5,-2.1549999999999994,7.462000000000001,0,0
2,0,0,1,11.48,13.635,65,12.998,6,6,4,0,1,0,0,0,0,0,6,-2.1549999999999994,7.462000000000001,0,0
2,0,0,1,13.12,15.15,57,15.0013,7,6,4,0,1,0,0,0,0,0,7,-2.030000000000001,7.478399999999999,0,0
2,0,0,1,13.94,16.665,57,11.0014,8,6,4,0,1,0,0,0,0,0,8,-2.7249999999999996,7.945799999999999,0,0
2,0,0,1,14.76,15.91,50,32.9975,9,6,4,0,1,0,0,0,0,0,9,-1.1500000000000004,7.38,0,0
2,0,0,1,16.4,20.455,43,27.9993,10,6,4,0,1,0,0,0,0,0,10,-4.055,7.052,0,0
2,0,0,1,17.22,21.21,41,16.9979,11,6,4,0,1,0,0,1,0,0,11,-3.990000000000002,7.0602,0,0
2,0,0,1,18.04,21.97,38,19.0012,12,6,4,0,1,0,0,1,0,0,12,-3.9299999999999997,6.8552,0,0
2,0,0,1,18.04,21.97,33,19.9995,13,6,4,0,1,0,0,1,0,0,13,-3.9299999999999997,5.953199999999999,0,0
2,0,0,1,18.86,22.725,31,8.9981,14,6,4,0,1,0,0,1,0,0,14,-3.865000000000002,5.8466,0,0
2,0,0,2,18.86,22.725,33,0.0,15,6,4,0,1,0,0,1,0,0,15,-3.865000000000002,6.2238,0,0
2,0,0,2,18.86,22.725,31,12.998,16,6,4,0,1,0,0,1,0,0,16,-3.865000000000002,5.8466,0,0
2,0,0,2,18.86,22.725,28,8.9981,17,6,4,0,1,0,0,0,0,0,17,-3.865000000000002,5.280799999999999,0,0
2,0,0,2,18.86,22.725,31,0.0,18,6,4,0,1,0,0,0,0,0,18,-3.865000000000002,5.8466,0,0
2,0,0,2,17.22,21.21,44,12.998,19,6,4,0,1,0,0,0,0,0,19,-3.990000000000002,7.5767999999999995,0,0
2,0,0,3,17.22,21.21,41,15.0013,20,6,4,0,1,0,0,0,0,0,20,-3.990000000000002,7.0602,0,1
2,0,0,2,17.22,21.21,44,15.0013,21,6,4,0,1,0,0,0,0,0,21,-3.990000000000002,7.5767999999999995,0,0
2,0,0,1,16.4,20.455,43,7.0015,22,6,4,0,1,0,0,0,0,0,22,-4.055,7.052,0,0
2,0,0,1,16.4,20.455,50,6.0032,23,6,4,0,1,0,0,0,0,0,23,-4.055,8.2,0,0
2,0,1,1,16.4,20.455,50,15.0013,0,0,4,0,0,0,0,0,1,0,0,-4.055,8.2,0,0
2,0,1,1,16.4,20.455,56,23.9994,1,0,4,0,0,0,0,0,1,1,0,-4.055,9.184,0,0
2,0,1,1,15.58,19.695,66,16.9979,2,0,4,0,0,0,0,0,1,2,0,-4.115,10.2828,0,0
2,0,1,1,15.58,19.695,66,19.0012,3,0,4,0,0,0,0,0,1,3,0,-4.115,10.2828,0,0
2,0,1,1,15.58,19.695,71,19.9995,4,0,4,0,0,0,0,0,1,4,0,-4.115,11.0618,0,0
2,0,1,1,16.4,20.455,62,16.9979,5,0,4,0,0,0,0,0,1,5,0,-4.055,10.168,0,0
2,0,1,1,17.22,21.21,58,19.0012,6,0,4,0,0,0,0,0,0,6,0,-3.990000000000002,9.9876,0,0
2,0,1,2,18.04,21.97,54,16.9979,7,0,4,0,0,1,0,0,0,7,0,-3.9299999999999997,9.7416,0,0
2,0,1,2,18.86,22.725,55,19.9995,8,0,4,0,0,1,0,0,0,8,0,-3.865000000000002,10.373,0,0
2,0,1,2,20.5,24.24,51,26.0027,9,0,4,0,0,1,0,0,0,9,0,-3.7399999999999984,10.455,0,0
2,0,1,2,22.14,25.76,45,23.9994,10,0,4,0,0,0,0,0,0,10,0,-3.620000000000001,9.963000000000001,0,0
2,0,1,1,24.6,31.06,40,26.0027,11,0,4,0,0,0,0,0,0,11,0,-6.459999999999997,9.84,0,0
2,0,1,1,26.24,31.06,36,31.0009,12,0,4,0,0,0,0,0,0,12,0,-4.82,9.4464,0,0
2,0,1,1,27.88,31.82,34,22.0028,13,0,4,0,0,0,0,0,0,13,0,-3.9400000000000013,9.479199999999999,0,0
2,0,1,2,30.34,32.575,27,32.9975,14,0,4,0,0,0,0,0,0,14,0,-2.235000000000003,8.191799999999999,0,0
2,0,1,1,31.16,33.335,23,36.9974,15,0,4,0,0,0,0,0,0,15,0,-2.1750000000000007,7.166799999999999,0,0
2,0,1,1,31.16,32.575,22,35.0008,16,0,4,0,0,0,0,0,0,16,0,-1.4150000000000027,6.8552,0,0
2,0,1,1,30.34,32.575,23,40.9973,17,0,4,0,0,0,1,0,0,17,0,-2.235000000000003,6.9782,0,0
2,0,1,2,29.52,31.82,23,32.9975,18,0,4,0,0,0,1,0,0,18,0,-2.3000000000000007,6.7896,0,0
2,0,1,1,28.7,31.82,24,31.0009,19,0,4,0,0,0,1,0,0,19,0,-3.120000000000001,6.888,0,0
2,0,1,2,28.7,31.82,24,36.9974,20,0,4,0,0,0,0,0,0,20,0,-3.120000000000001,6.888,0,0
2,0,1,2,28.7,31.82,30,30.0026,21,0,4,0,0,0,0,0,0,21,0,-3.120000000000001,8.61,0,0
2,0,1,2,27.88,31.82,36,31.0009,22,0,4,0,0,0,0,0,0,22,0,-3.9400000000000013,10.0368,0,0
2,0,1,2,26.24,31.06,47,15.0013,23,0,4,0,0,0,0,0,0,23,0,-4.82,12.332799999999999,0,0
2,0,1,1,25.42,31.06,50,7.0015,0,1,4,0,0,0,0,0,1,0,0,-5.639999999999997,12.71,0,0
2,0,1,3,25.42,31.06,57,27.9993,1,1,4,0,0,0,0,0,1,1,0,-5.639999999999997,14.4894,0,1
2,0,1,2,22.14,25.76,73,22.0028,2,1,4,0,0,0,0,0,1,2,0,-3.620000000000001,16.1622,0,0
2,0,1,2,22.14,25.76,73,22.0028,3,1,4,0,0,0,0,0,1,3,0,-3.620000000000001,16.1622,0,0
2,0,1,3,20.5,24.24,88,32.9975,4,1,4,0,0,0,0,0,1,4,0,-3.7399999999999984,18.04,0,1
2,0,1,3,18.86,22.725,94,19.9995,5,1,4,0,0,0,0,0,1,5,0,-3.865000000000002,17.7284,0,1
2,0,1,2,19.68,23.485,88,22.0028,6,1,4,0,0,0,0,0,0,6,0,-3.8049999999999997,17.3184,0,0
2,0,1,2,19.68,23.485,88,22.0028,7,1,4,0,0,1,0,0,0,7,0,-3.8049999999999997,17.3184,0,0
2,0,1,3,15.58,19.695,87,39.0007,8,1,4,0,0,1,0,0,0,8,0,-4.115,13.5546,0,1
2,0,1,3,14.76,15.91,87,32.9975,9,1,4,0,0,1,0,0,0,9,0,-1.1500000000000004,12.841199999999999,0,1
2,0,1,3,13.94,15.15,81,26.0027,10,1,4,0,0,0,0,0,0,10,0,-1.2100000000000009,11.2914,0,1
2,0,1,3,13.12,14.395,81,30.0026,11,1,4,0,0,0,0,0,0,11,0,-1.2750000000000004,10.6272,0,1
2,0,1,2,13.94,15.15,71,26.0027,12,1,4,0,0,0,0,0,0,12,0,-1.2100000000000009,9.8974,0,0
2,0,1,2,14.76,16.665,63,27.9993,13,1,4,0,0,0,0,0,0,13,0,-1.9049999999999994,9.2988,0,0
2,0,1,2,14.76,15.91,57,32.9975,14,1,4,0,0,0,0,0,0,14,0,-1.1500000000000004,8.4132,0,0
2,0,1,1,16.4,20.455,46,31.0009,15,1,4,0,0,0,0,0,0,15,0,-4.055,7.544,0,0
2,0,1,1,15.58,19.695,46,27.9993,16,1,4,0,0,0,0,0,0,16,0,-4.115,7.166799999999999,0,0
2,0,1,1,17.22,21.21,38,27.9993,17,1,4,0,0,0,1,0,0,17,0,-3.990000000000002,6.543599999999999,0,0
2,0,1,1,15.58,19.695,40,32.9975,18,1,4,0,0,0,1,0,0,18,0,-4.115,6.232,0,0
2,0,1,1,14.76,16.665,43,19.9995,19,1,4,0,0,0,1,0,0,19,0,-1.9049999999999994,6.346799999999999,0,0
2,0,1,1,13.94,15.91,46,19.0012,20,1,4,0,0,0,0,0,0,20,0,-1.9700000000000006,6.4124,0,0
2,0,1,1,13.94,14.395,46,35.0008,21,1,4,0,0,0,0,0,0,21,0,-0.45500000000000007,6.4124,0,0
2,0,1,1,13.12,15.15,49,19.9995,22,1,4,0,0,0,0,0,0,22,0,-2.030000000000001,6.4288,0,0
2,0,1,1,12.3,14.395,49,19.0012,23,1,4,0,0,0,0,0,0,23,0,-2.094999999999999,6.027,0,0
2,0,1,1,12.3,15.91,49,7.0015,0,2,4,0,0,0,0,0,1,0,0,-3.6099999999999994,6.027,0,0
2,0,1,1,10.66,13.635,60,8.9981,1,2,4,0,0,0,0,0,1,1,0,-2.9749999999999996,6.396,0,0
2,0,1,1,9.84,12.12,70,8.9981,2,2,4,0,0,0,0,0,1,2,0,-2.2799999999999994,6.888,0,0
2,0,1,1,10.66,13.635,60,8.9981,3,2,4,0,0,0,0,0,1,3,0,-2.9749999999999996,6.396,0,0
2,0,1,1,9.84,12.12,65,8.9981,4,2,4,0,0,0,0,0,1,4,0,-2.2799999999999994,6.396,0,0
2,0,1,1,9.84,12.88,70,7.0015,5,2,4,0,0,0,0,0,1,5,0,-3.040000000000001,6.888,0,0
2,0,1,1,9.84,12.88,70,7.0015,6,2,4,0,0,0,0,0,0,6,0,-3.040000000000001,6.888,0,0
2,0,1,1,10.66,13.635,65,7.0015,7,2,4,0,0,1,0,0,0,7,0,-2.9749999999999996,6.928999999999999,0,0
2,0,1,1,13.12,15.15,61,15.0013,8,2,4,0,0,1,0,0,0,8,0,-2.030000000000001,8.0032,0,0
2,0,1,1,14.76,16.665,46,16.9979,9,2,4,0,0,1,0,0,0,9,0,-1.9049999999999994,6.7896,0,0
2,0,1,1,16.4,20.455,37,26.0027,10,2,4,0,0,0,0,0,0,10,0,-4.055,6.068,0,0
2,0,1,1,17.22,21.21,38,26.0027,11,2,4,0,0,0,0,0,0,11,0,-3.990000000000002,6.543599999999999,0,0
2,0,1,1,18.04,21.97,41,16.9979,12,2,4,0,0,0,0,0,0,12,0,-3.9299999999999997,7.3964,0,0
2,0,1,1,18.86,22.725,38,32.9975,13,2,4,0,0,0,0,0,0,13,0,-3.865000000000002,7.166799999999999,0,0
2,0,1,1,20.5,24.24,34,27.9993,14,2,4,0,0,0,0,0,0,14,0,-3.7399999999999984,6.97,0,0
2,0,1,1,21.32,25.0,32,22.0028,15,2,4,0,0,0,0,0,0,15,0,-3.6799999999999997,6.8224,0,0
2,0,1,1,22.14,25.76,28,27.9993,16,2,4,0,0,0,0,0,0,16,0,-3.620000000000001,6.199200000000001,0,0
2,0,1,1,21.32,25.0,32,30.0026,17,2,4,0,0,0,1,0,0,17,0,-3.6799999999999997,6.8224,0,0
2,0,1,1,21.32,25.0,29,23.9994,18,2,4,0,0,0,1,0,0,18,0,-3.6799999999999997,6.182799999999999,0,0
2,0,1,1,20.5,24.24,31,19.9995,19,2,4,0,0,0,1,0,0,19,0,-3.7399999999999984,6.355,0,0
2,0,1,1,18.86,22.725,51,15.0013,20,2,4,0,0,0,0,0,0,20,0,-3.865000000000002,9.6186,0,0
2,0,1,1,18.86,22.725,41,19.0012,21,2,4,0,0,0,0,0,0,21,0,-3.865000000000002,7.7326,0,0
2,0,1,1,18.86,22.725,41,19.0012,22,2,4,0,0,0,0,0,0,22,0,-3.865000000000002,7.7326,0,0
2,0,1,1,18.86,22.725,41,19.9995,23,2,4,0,0,0,0,0,0,23,0,-3.865000000000002,7.7326,0,0
2,0,1,1,18.86,22.725,41,19.0012,0,3,4,0,0,0,0,0,1,0,0,-3.865000000000002,7.7326,0,0
2,0,1,1,17.22,21.21,47,8.9981,1,3,4,0,0,0,0,0,1,1,0,-3.990000000000002,8.093399999999999,0,0
2,0,1,1,17.22,21.21,54,0.0,2,3,4,0,0,0,0,0,1,2,0,-3.990000000000002,9.298799999999998,0,0
2,0,1,1,14.76,17.425,66,12.998,3,3,4,0,0,0,0,0,1,3,0,-2.665000000000001,9.7416,0,0
2,0,1,1,13.94,16.665,76,12.998,4,3,4,0,0,0,0,0,1,4,0,-2.7249999999999996,10.5944,0,0
2,0,1,1,13.94,15.91,76,15.0013,5,3,4,0,0,0,0,0,1,5,0,-1.9700000000000006,10.5944,0,0
2,0,1,1,13.12,15.15,81,16.9979,6,3,4,0,0,0,0,0,0,6,0,-2.030000000000001,10.6272,0,0
2,0,1,2,13.94,16.665,76,11.0014,7,3,4,0,0,1,0,0,0,7,0,-2.7249999999999996,10.5944,0,0
2,0,1,1,14.76,17.425,76,12.998,8,3,4,0,0,1,0,0,0,8,0,-2.665000000000001,11.2176,0,0
2,0,1,2,16.4,20.455,66,8.9981,9,3,4,0,0,1,0,0,0,9,0,-4.055,10.823999999999998,0,0
2,0,1,2,17.22,21.21,67,7.0015,10,3,4,0,0,0,0,0,0,10,0,-3.990000000000002,11.5374,0,0
2,0,1,2,18.86,22.725,55,0.0,11,3,4,0,0,0,0,0,0,11,0,-3.865000000000002,10.373,0,0
2,0,1,2,18.86,22.725,55,0.0,12,3,4,0,0,0,0,0,0,12,0,-3.865000000000002,10.373,0,0
2,0,1,2,21.32,25.0,48,6.0032,13,3,4,0,0,0,0,0,0,13,0,-3.6799999999999997,10.233600000000001,0,0
2,0,1,1,22.96,26.515,43,6.0032,14,3,4,0,0,0,0,0,0,14,0,-3.5549999999999997,9.872800000000002,0,0
2,0,1,1,24.6,31.06,38,7.0015,15,3,4,0,0,0,0,0,0,15,0,-6.459999999999997,9.348,0,0
2,0,1,1,24.6,31.06,35,0.0,16,3,4,0,0,0,0,0,0,16,0,-6.459999999999997,8.61,0,0
2,0,1,1,21.32,25.0,52,19.0012,17,3,4,0,0,0,1,0,0,17,0,-3.6799999999999997,11.086400000000001,0,0
2,0,1,1,19.68,23.485,55,16.9979,18,3,4,0,0,0,1,0,0,18,0,-3.8049999999999997,10.824000000000002,0,0
2,0,1,1,18.86,22.725,59,19.9995,19,3,4,0,0,0,1,0,0,19,0,-3.865000000000002,11.1274,0,0
2,0,1,1,18.04,21.97,62,11.0014,20,3,4,0,0,0,0,0,0,20,0,-3.9299999999999997,11.184800000000001,0,0
2,0,1,2,18.04,21.97,67,19.0012,21,3,4,0,0,0,0,0,0,21,0,-3.9299999999999997,12.086799999999998,0,0
2,0,1,2,16.4,20.455,76,12.998,22,3,4,0,0,0,0,0,0,22,0,-4.055,12.463999999999999,0,0
2,0,1,1,15.58,19.695,76,16.9979,23,3,4,0,0,0,0,0,0,23,0,-4.115,11.8408,0,0
2,0,1,2,14.76,17.425,76,15.0013,0,4,4,0,0,0,0,0,1,0,0,-2.665000000000001,11.2176,0,0
2,0,1,2,13.94,16.665,76,8.9981,1,4,4,0,0,0,0,0,1,1,0,-2.7249999999999996,10.5944,0,0
2,0,1,3,13.94,16.665,76,11.0014,2,4,4,0,0,0,0,0,1,2,0,-2.7249999999999996,10.5944,0,1
2,0,1,3,13.94,16.665,76,11.0014,3,4,4,0,0,0,0,0,1,3,0,-2.7249999999999996,10.5944,0,1
2,0,1,2,13.94,16.665,86,8.9981,4,4,4,0,0,0,0,0,1,4,0,-2.7249999999999996,11.988399999999999,0,0
2,0,1,2,13.12,15.91,87,12.998,5,4,4,0,0,0,0,0,1,5,0,-2.790000000000001,11.414399999999999,0,0
2,0,1,2,13.94,18.18,87,0.0,6,4,4,0,0,0,0,0,0,6,0,-4.24,12.1278,0,0
2,0,1,3,13.94,16.665,87,11.0014,7,4,4,0,0,1,0,0,0,7,0,-2.7249999999999996,12.1278,0,1
2,0,1,3,13.94,16.665,87,11.0014,8,4,4,0,0,1,0,0,0,8,0,-2.7249999999999996,12.1278,0,1
2,0,1,2,14.76,17.425,76,12.998,9,4,4,0,0,1,0,0,0,9,0,-2.665000000000001,11.2176,0,0
2,0,1,2,14.76,16.665,71,19.0012,10,4,4,0,0,0,0,0,0,10,0,-1.9049999999999994,10.4796,0,0
2,0,1,2,16.4,20.455,62,26.0027,11,4,4,0,0,0,0,0,0,11,0,-4.055,10.168,0,0
2,0,1,3,15.58,19.695,66,15.0013,12,4,4,0,0,0,0,0,0,12,0,-4.115,10.2828,0,1
2,0,1,3,14.76,16.665,76,19.0012,13,4,4,0,0,0,0,0,0,13,0,-1.9049999999999994,11.2176,0,1
2,0,1,3,13.94,15.91,87,15.0013,14,4,4,0,0,0,0,0,0,14,0,-1.9700000000000006,12.1278,0,1
2,0,1,3,13.94,15.91,87,15.0013,15,4,4,0,0,0,0,0,0,15,0,-1.9700000000000006,12.1278,0,1
2,0,1,2,13.12,15.15,93,16.9979,16,4,4,0,0,0,0,0,0,16,0,-2.030000000000001,12.2016,0,0
2,0,1,3,13.12,15.15,93,16.9979,17,4,4,0,0,0,1,0,0,17,0,-2.030000000000001,12.2016,0,1
2,0,1,3,13.12,15.15,93,16.9979,18,4,4,0,0,0,1,0,0,18,0,-2.030000000000001,12.2016,0,1
2,0,1,3,12.3,13.635,93,27.9993,19,4,4,0,0,0,1,0,0,19,0,-1.334999999999999,11.439,0,1
2,0,1,2,12.3,13.635,93,22.0028,20,4,4,0,0,0,0,0,0,20,0,-1.334999999999999,11.439,0,0
2,0,1,2,12.3,14.395,93,16.9979,21,4,4,0,0,0,0,0,0,21,0,-2.094999999999999,11.439,0,0
2,0,1,2,12.3,13.635,93,19.9995,22,4,4,0,0,0,0,0,0,22,0,-1.334999999999999,11.439,0,0
2,0,1,2,12.3,14.395,93,15.0013,23,4,4,0,0,0,0,0,0,23,0,-2.094999999999999,11.439,0,0
2,0,0,2,12.3,14.395,87,15.0013,0,5,4,0,1,0,0,0,1,0,0,-2.094999999999999,10.701,0,0
2,0,0,2,12.3,15.15,87,8.9981,1,5,4,0,1,0,0,0,1,0,1,-2.8499999999999996,10.701,0,0
2,0,0,2,13.12,15.15,87,15.0013,2,5,4,0,1,0,0,0,1,0,2,-2.030000000000001,11.414399999999999,0,0
2,0,0,3,12.3,14.395,100,16.9979,3,5,4,0,1,0,0,0,1,0,3,-2.094999999999999,12.3,0,1
2,0,0,3,12.3,13.635,100,16.9979,4,5,4,0,1,0,0,0,1,0,4,-1.334999999999999,12.3,0,1
2,0,0,2,12.3,14.395,93,15.0013,5,5,4,0,1,0,0,0,1,0,5,-2.094999999999999,11.439,0,0
2,0,0,2,12.3,14.395,93,12.998,6,5,4,0,1,0,0,0,0,0,6,-2.094999999999999,11.439,0,0
2,0,0,2,12.3,15.15,93,11.0014,7,5,4,0,1,0,0,0,0,0,7,-2.8499999999999996,11.439,0,0
2,0,0,2,13.12,15.15,93,11.0014,8,5,4,0,1,0,0,0,0,0,8,-2.030000000000001,12.2016,0,0
2,0,0,2,13.94,17.425,87,7.0015,9,5,4,0,1,0,0,0,0,0,9,-3.485000000000001,12.1278,0,0
2,0,0,2,13.94,16.665,87,8.9981,10,5,4,0,1,0,0,0,0,0,10,-2.7249999999999996,12.1278,0,0
2,0,0,2,14.76,18.18,81,0.0,11,5,4,0,1,0,0,1,0,0,11,-3.42,11.955599999999999,0,0
2,0,0,2,14.76,17.425,81,8.9981,12,5,4,0,1,0,0,1,0,0,12,-2.665000000000001,11.955599999999999,0,0
2,0,0,2,14.76,18.94,81,0.0,13,5,4,0,1,0,0,1,0,0,13,-4.1800000000000015,11.955599999999999,0,0
2,0,0,2,14.76,17.425,81,8.9981,14,5,4,0,1,0,0,1,0,0,14,-2.665000000000001,11.955599999999999,0,0
2,0,0,2,14.76,18.94,87,0.0,15,5,4,0,1,0,0,1,0,0,15,-4.1800000000000015,12.841199999999999,0,0
2,0,0,2,15.58,19.695,82,0.0,16,5,4,0,1,0,0,1,0,0,16,-4.115,12.775599999999999,0,0
2,0,0,2,15.58,19.695,82,6.0032,17,5,4,0,1,0,0,0,0,0,17,-4.115,12.775599999999999,0,0
2,0,0,2,15.58,19.695,82,7.0015,18,5,4,0,1,0,0,0,0,0,18,-4.115,12.775599999999999,0,0
2,0,0,2,15.58,19.695,82,8.9981,19,5,4,0,1,0,0,0,0,0,19,-4.115,12.775599999999999,0,0
2,0,0,2,15.58,19.695,87,11.0014,20,5,4,0,1,0,0,0,0,0,20,-4.115,13.5546,0,0
2,0,0,2,14.76,17.425,93,8.9981,21,5,4,0,1,0,0,0,0,0,21,-2.665000000000001,13.7268,0,0
2,0,0,2,14.76,17.425,93,8.9981,22,5,4,0,1,0,0,0,0,0,22,-2.665000000000001,13.7268,0,0
2,0,0,2,15.58,19.695,87,6.0032,23,5,4,0,1,0,0,0,0,0,23,-4.115,13.5546,0,0
2,0,0,2,15.58,19.695,87,6.0032,0,6,4,0,1,0,0,0,1,0,0,-4.115,13.5546,0,0
2,0,0,2,15.58,19.695,87,8.9981,1,6,4,0,1,0,0,0,1,0,1,-4.115,13.5546,0,0
2,0,0,2,15.58,19.695,87,6.0032,2,6,4,0,1,0,0,0,1,0,2,-4.115,13.5546,0,0
2,0,0,2,15.58,19.695,87,8.9981,3,6,4,0,1,0,0,0,1,0,3,-4.115,13.5546,0,0
2,0,0,2,14.76,18.18,93,7.0015,4,6,4,0,1,0,0,0,1,0,4,-3.42,13.7268,0,0
2,0,0,2,14.76,18.18,93,6.0032,5,6,4,0,1,0,0,0,1,0,5,-3.42,13.7268,0,0
2,0,0,2,14.76,18.18,93,6.0032,6,6,4,0,1,0,0,0,0,0,6,-3.42,13.7268,0,0
2,0,0,2,14.76,18.18,100,6.0032,7,6,4,0,1,0,0,0,0,0,7,-3.42,14.76,0,0
2,0,0,2,15.58,19.695,94,6.0032,8,6,4,0,1,0,0,0,0,0,8,-4.115,14.645199999999999,0,0
2,0,0,2,15.58,19.695,94,8.9981,9,6,4,0,1,0,0,0,0,0,9,-4.115,14.645199999999999,0,0
2,0,0,2,16.4,20.455,87,0.0,10,6,4,0,1,0,0,0,0,0,10,-4.055,14.267999999999999,0,0
2,0,0,2,16.4,20.455,87,8.9981,11,6,4,0,1,0,0,1,0,0,11,-4.055,14.267999999999999,0,0
2,0,0,2,17.22,21.21,88,8.9981,12,6,4,0,1,0,0,1,0,0,12,-3.990000000000002,15.153599999999999,0,0
2,0,0,1,18.86,22.725,82,7.0015,13,6,4,0,1,0,0,1,0,0,13,-3.865000000000002,15.4652,0,0
2,0,0,1,20.5,24.24,72,12.998,14,6,4,0,1,0,0,1,0,0,14,-3.7399999999999984,14.76,0,0
2,0,0,1,20.5,24.24,77,15.0013,15,6,4,0,1,0,0,1,0,0,15,-3.7399999999999984,15.785,0,0
2,0,0,2,21.32,25.0,72,11.0014,16,6,4,0,1,0,0,1,0,0,16,-3.6799999999999997,15.3504,0,0
2,0,0,2,21.32,25.0,72,12.998,17,6,4,0,1,0,0,0,0,0,17,-3.6799999999999997,15.3504,0,0
2,0,0,1,20.5,24.24,77,12.998,18,6,4,0,1,0,0,0,0,0,18,-3.7399999999999984,15.785,0,0
2,0,0,1,20.5,24.24,77,12.998,19,6,4,0,1,0,0,0,0,0,19,-3.7399999999999984,15.785,0,0
2,0,0,1,18.86,22.725,82,8.9981,20,6,4,0,1,0,0,0,0,0,20,-3.865000000000002,15.4652,0,0
2,0,0,1,18.04,21.97,88,12.998,21,6,4,0,1,0,0,0,0,0,21,-3.9299999999999997,15.8752,0,0
2,0,0,1,18.04,21.97,94,16.9979,22,6,4,0,1,0,0,0,0,0,22,-3.9299999999999997,16.9576,0,0
2,0,0,1,18.86,22.725,88,23.9994,23,6,4,0,1,0,0,0,0,0,23,-3.865000000000002,16.596799999999998,0,0
2,0,1,1,19.68,23.485,88,22.0028,0,0,4,0,0,0,0,0,1,0,0,-3.8049999999999997,17.3184,0,0
2,0,1,1,18.86,22.725,94,19.0012,1,0,4,0,0,0,0,0,1,1,0,-3.865000000000002,17.7284,0,0
2,0,1,1,18.86,22.725,94,19.0012,2,0,4,0,0,0,0,0,1,2,0,-3.865000000000002,17.7284,0,0
2,0,1,1,18.86,22.725,94,12.998,4,0,4,0,0,0,0,0,1,4,0,-3.865000000000002,17.7284,0,0
2,0,1,1,18.86,22.725,94,12.998,5,0,4,0,0,0,0,0,1,5,0,-3.865000000000002,17.7284,0,0
2,0,1,2,18.86,22.725,100,15.0013,6,0,4,0,0,0,0,0,0,6,0,-3.865000000000002,18.86,0,0
2,0,1,2,20.5,24.24,88,15.0013,7,0,4,0,0,1,0,0,0,7,0,-3.7399999999999984,18.04,0,0
2,0,1,2,21.32,25.0,88,19.0012,8,0,4,0,0,1,0,0,0,8,0,-3.6799999999999997,18.7616,0,0
2,0,1,2,22.96,26.515,83,19.0012,9,0,4,0,0,1,0,0,0,9,0,-3.5549999999999997,19.0568,0,0
2,0,1,2,22.96,26.515,83,19.9995,10,0,4,0,0,0,0,0,0,10,0,-3.5549999999999997,19.0568,0,0
2,0,1,2,24.6,29.545,73,19.9995,11,0,4,0,0,0,0,0,0,11,0,-4.945,17.958000000000002,0,0
2,0,1,2,24.6,29.545,73,22.0028,12,0,4,0,0,0,0,0,0,12,0,-4.945,17.958000000000002,0,0
2,0,1,2,26.24,30.305,69,27.9993,13,0,4,0,0,0,0,0,0,13,0,-4.065000000000001,18.1056,0,0
2,0,1,2,29.52,33.335,54,23.9994,14,0,4,0,0,0,0,0,0,14,0,-3.8150000000000013,15.9408,0,0
2,0,1,1,30.34,33.335,48,35.0008,15,0,4,0,0,0,0,0,0,15,0,-2.995000000000001,14.5632,0,0
2,0,1,1,30.34,33.335,48,35.0008,16,0,4,0,0,0,0,0,0,16,0,-2.995000000000001,14.5632,0,0
2,0,1,1,30.34,33.335,48,35.0008,17,0,4,0,0,0,1,0,0,17,0,-2.995000000000001,14.5632,0,0
2,0,1,1,29.52,33.335,51,26.0027,18,0,4,0,0,0,1,0,0,18,0,-3.8150000000000013,15.0552,0,0
2,0,1,1,29.52,33.335,51,30.0026,19,0,4,0,0,0,1,0,0,19,0,-3.8150000000000013,15.0552,0,0
2,0,1,1,27.88,31.82,57,35.0008,20,0,4,0,0,0,0,0,0,20,0,-3.9400000000000013,15.891599999999999,0,0
2,0,1,1,27.06,31.06,61,16.9979,21,0,4,0,0,0,0,0,0,21,0,-4.0,16.5066,0,0
2,0,1,2,26.24,31.06,50,19.0012,22,0,4,0,0,0,0,0,0,22,0,-4.82,13.12,0,0
2,0,1,3,23.78,27.275,60,0.0,23,0,4,0,0,0,0,0,0,23,0,-3.4949999999999974,14.268000000000002,0,1
2,0,1,2,25.42,31.06,50,7.0015,0,1,4,0,0,0,0,0,1,0,0,-5.639999999999997,12.71,0,0
2,0,1,2,25.42,31.06,50,6.0032,1,1,4,0,0,0,0,0,1,1,0,-5.639999999999997,12.71,0,0
2,0,1,2,24.6,31.06,53,8.9981,2,1,4,0,0,0,0,0,1,2,0,-6.459999999999997,13.038000000000002,0,0
2,0,1,2,23.78,27.275,56,8.9981,3,1,4,0,0,0,0,0,1,3,0,-3.4949999999999974,13.3168,0,0
2,0,1,2,22.96,26.515,64,8.9981,4,1,4,0,0,0,0,0,1,4,0,-3.5549999999999997,14.6944,0,0
2,0,1,2,22.14,25.76,68,8.9981,5,1,4,0,0,0,0,0,1,5,0,-3.620000000000001,15.0552,0,0
2,0,1,2,22.14,25.76,68,19.0012,6,1,4,0,0,0,0,0,0,6,0,-3.620000000000001,15.0552,0,0
2,0,1,2,22.14,25.76,68,15.0013,7,1,4,0,0,1,0,0,0,7,0,-3.620000000000001,15.0552,0,0
2,0,1,3,19.68,23.485,88,26.0027,8,1,4,0,0,1,0,0,0,8,0,-3.8049999999999997,17.3184,0,1
2,0,1,3,18.86,22.725,94,32.9975,9,1,4,0,0,1,0,0,0,9,0,-3.865000000000002,17.7284,0,1
2,0,1,3,20.5,24.24,82,27.9993,10,1,4,0,0,0,0,0,0,10,0,-3.7399999999999984,16.81,0,1
2,0,1,1,21.32,25.0,77,23.9994,11,1,4,0,0,0,0,0,0,11,0,-3.6799999999999997,16.4164,0,0
2,0,1,2,22.96,26.515,64,31.0009,12,1,4,0,0,0,0,0,0,12,0,-3.5549999999999997,14.6944,0,0
2,0,1,3,22.14,25.76,68,19.0012,13,1,4,0,0,0,0,0,0,13,0,-3.620000000000001,15.0552,0,1
2,0,1,2,20.5,24.24,82,19.0012,14,1,4,0,0,0,0,0,0,14,0,-3.7399999999999984,16.81,0,0
2,0,1,2,19.68,23.485,77,35.0008,15,1,4,0,0,0,0,0,0,15,0,-3.8049999999999997,15.153599999999999,0,0
2,0,1,2,19.68,23.485,77,26.0027,16,1,4,0,0,0,0,0,0,16,0,-3.8049999999999997,15.153599999999999,0,0
2,0,1,3,18.04,21.97,77,15.0013,17,1,4,0,0,0,1,0,0,17,0,-3.9299999999999997,13.890799999999999,0,1
2,0,1,3,18.04,21.97,77,15.0013,18,1,4,0,0,0,1,0,0,18,0,-3.9299999999999997,13.890799999999999,0,1
2,0,1,2,17.22,21.21,82,19.0012,19,1,4,0,0,0,1,0,0,19,0,-3.990000000000002,14.1204,0,0
2,0,1,2,17.22,21.21,82,19.0012,20,1,4,0,0,0,0,0,0,20,0,-3.990000000000002,14.1204,0,0
2,0,1,2,17.22,21.21,82,12.998,21,1,4,0,0,0,0,0,0,21,0,-3.990000000000002,14.1204,0,0
2,0,1,2,16.4,20.455,94,19.9995,22,1,4,0,0,0,0,0,0,22,0,-4.055,15.415999999999999,0,0
2,0,1,2,16.4,20.455,94,16.9979,23,1,4,0,0,0,0,0,0,23,0,-4.055,15.415999999999999,0,0
2,0,1,2,16.4,20.455,100,19.9995,0,2,4,0,0,0,0,0,1,0,0,-4.055,16.4,0,0
2,0,1,2,16.4,20.455,100,19.9995,1,2,4,0,0,0,0,0,1,1,0,-4.055,16.4,0,0
2,0,1,3,16.4,20.455,100,19.9995,2,2,4,0,0,0,0,0,1,2,0,-4.055,16.4,0,1
2,0,1,3,16.4,20.455,94,22.0028,3,2,4,0,0,0,0,0,1,3,0,-4.055,15.415999999999999,0,1
2,0,1,3,16.4,20.455,94,22.0028,4,2,4,0,0,0,0,0,1,4,0,-4.055,15.415999999999999,0,1
2,0,1,3,15.58,19.695,94,16.9979,5,2,4,0,0,0,0,0,1,5,0,-4.115,14.645199999999999,0,1
2,0,1,3,15.58,19.695,94,15.0013,6,2,4,0,0,0,0,0,0,6,0,-4.115,14.645199999999999,0,1
2,0,1,3,14.76,17.425,100,15.0013,7,2,4,0,0,1,0,0,0,7,0,-2.665000000000001,14.76,0,1
2,0,1,3,15.58,19.695,94,12.998,8,2,4,0,0,1,0,0,0,8,0,-4.115,14.645199999999999,0,1
2,0,1,2,15.58,19.695,94,15.0013,9,2,4,0,0,1,0,0,0,9,0,-4.115,14.645199999999999,0,0
2,0,1,2,16.4,20.455,87,12.998,10,2,4,0,0,0,0,0,0,10,0,-4.055,14.267999999999999,0,0
2,0,1,2,17.22,21.21,82,12.998,11,2,4,0,0,0,0,0,0,11,0,-3.990000000000002,14.1204,0,0
2,0,1,3,17.22,21.21,82,16.9979,12,2,4,0,0,0,0,0,0,12,0,-3.990000000000002,14.1204,0,1
2,0,1,2,18.04,21.97,77,12.998,13,2,4,0,0,0,0,0,0,13,0,-3.9299999999999997,13.890799999999999,0,0
2,0,1,2,17.22,21.21,77,16.9979,14,2,4,0,0,0,0,0,0,14,0,-3.990000000000002,13.259399999999998,0,0
2,0,1,2,18.04,21.97,72,19.0012,15,2,4,0,0,0,0,0,0,15,0,-3.9299999999999997,12.9888,0,0
2,0,1,1,18.86,22.725,67,19.0012,16,2,4,0,0,0,0,0,0,16,0,-3.865000000000002,12.636199999999999,0,0
2,0,1,1,18.86,22.725,67,19.9995,17,2,4,0,0,0,1,0,0,17,0,-3.865000000000002,12.636199999999999,0,0
2,0,1,1,18.04,21.97,62,26.0027,18,2,4,0,0,0,1,0,0,18,0,-3.9299999999999997,11.184800000000001,0,0
2,0,1,1,18.04,21.97,62,16.9979,19,2,4,0,0,0,1,0,0,19,0,-3.9299999999999997,11.184800000000001,0,0
2,0,1,1,18.04,21.97,62,16.9979,20,2,4,0,0,0,0,0,0,20,0,-3.9299999999999997,11.184800000000001,0,0
2,0,1,1,17.22,21.21,67,11.0014,21,2,4,0,0,0,0,0,0,21,0,-3.990000000000002,11.5374,0,0
2,0,1,1,17.22,21.21,67,12.998,22,2,4,0,0,0,0,0,0,22,0,-3.990000000000002,11.5374,0,0
2,0,1,1,16.4,20.455,71,8.9981,23,2,4,0,0,0,0,0,0,23,0,-4.055,11.643999999999998,0,0
2,0,1,1,15.58,19.695,76,8.9981,0,3,4,0,0,0,0,0,1,0,0,-4.115,11.8408,0,0
2,0,1,1,15.58,19.695,76,15.0013,1,3,4,0,0,0,0,0,1,1,0,-4.115,11.8408,0,0
2,0,1,1,14.76,17.425,76,8.9981,2,3,4,0,0,0,0,0,1,2,0,-2.665000000000001,11.2176,0,0
2,0,1,1,13.94,16.665,81,8.9981,3,3,4,0,0,0,0,0,1,3,0,-2.7249999999999996,11.2914,0,0
2,0,1,1,13.94,18.18,76,0.0,4,3,4,0,0,0,0,0,1,4,0,-4.24,10.5944,0,0
2,0,1,1,13.94,17.425,76,6.0032,5,3,4,0,0,0,0,0,1,5,0,-3.485000000000001,10.5944,0,0
2,0,1,1,13.94,17.425,76,7.0015,6,3,4,0,0,0,0,0,0,6,0,-3.485000000000001,10.5944,0,0
2,0,1,1,15.58,19.695,66,0.0,7,3,4,0,0,1,0,0,0,7,0,-4.115,10.2828,0,0
2,0,1,1,17.22,21.21,58,11.0014,8,3,4,0,0,1,0,0,0,8,0,-3.990000000000002,9.9876,0,0
2,0,1,1,18.86,22.725,51,8.9981,9,3,4,0,0,1,0,0,0,9,0,-3.865000000000002,9.6186,0,0
2,0,1,1,20.5,24.24,51,12.998,10,3,4,0,0,0,0,0,0,10,0,-3.7399999999999984,10.455,0,0
2,0,1,1,21.32,25.0,45,11.0014,11,3,4,0,0,0,0,0,0,11,0,-3.6799999999999997,9.594,0,0
2,0,1,1,22.14,25.76,42,8.9981,12,3,4,0,0,0,0,0,0,12,0,-3.620000000000001,9.2988,0,0
2,0,1,1,22.96,26.515,37,15.0013,13,3,4,0,0,0,0,0,0,13,0,-3.5549999999999997,8.4952,0,0
2,0,1,1,22.96,26.515,35,6.0032,14,3,4,0,0,0,0,0,0,14,0,-3.5549999999999997,8.036,0,0
2,0,1,1,24.6,31.06,31,6.0032,15,3,4,0,0,0,0,0,0,15,0,-6.459999999999997,7.626,0,0
2,0,1,1,24.6,30.305,26,7.0015,16,3,4,0,0,0,0,0,0,16,0,-5.704999999999998,6.396,0,0
2,0,1,1,24.6,30.305,28,0.0,17,3,4,0,0,0,1,0,0,17,0,-5.704999999999998,6.888000000000001,0,0
2,0,1,1,22.96,26.515,30,0.0,18,3,4,0,0,0,1,0,0,18,0,-3.5549999999999997,6.888000000000001,0,0
2,0,1,1,22.14,25.76,32,0.0,19,3,4,0,0,0,1,0,0,19,0,-3.620000000000001,7.0848,0,0
2,0,1,1,20.5,24.24,51,12.998,20,3,4,0,0,0,0,0,0,20,0,-3.7399999999999984,10.455,0,0
2,0,1,1,18.86,22.725,63,8.9981,21,3,4,0,0,0,0,0,0,21,0,-3.865000000000002,11.8818,0,0
2,0,1,1,19.68,23.485,55,7.0015,22,3,4,0,0,0,0,0,0,22,0,-3.8049999999999997,10.824000000000002,0,0
2,0,1,1,18.86,22.725,59,7.0015,23,3,4,0,0,0,0,0,0,23,0,-3.865000000000002,11.1274,0,0
2,1,0,1,18.04,21.97,67,0.0,0,4,4,0,0,0,0,0,1,0,0,-3.9299999999999997,12.086799999999998,0,0
2,1,0,1,18.04,21.97,62,0.0,1,4,4,0,0,0,0,0,1,0,0,-3.9299999999999997,11.184800000000001,0,0
2,1,0,1,16.4,20.455,76,0.0,2,4,4,0,0,0,0,0,1,0,0,-4.055,12.463999999999999,0,0
2,1,0,1,16.4,20.455,76,0.0,3,4,4,0,0,0,0,0,1,0,0,-4.055,12.463999999999999,0,0
2,1,0,1,15.58,19.695,82,6.0032,4,4,4,0,0,0,0,0,1,0,0,-4.115,12.775599999999999,0,0
2,1,0,1,14.76,18.18,81,7.0015,5,4,4,0,0,0,0,0,1,0,0,-3.42,11.955599999999999,0,0
2,1,0,1,14.76,18.18,81,6.0032,6,4,4,0,0,0,0,0,0,0,0,-3.42,11.955599999999999,0,0
2,1,0,1,16.4,20.455,71,11.0014,7,4,4,0,0,0,0,0,0,0,0,-4.055,11.643999999999998,0,0
2,1,0,1,18.04,21.97,62,19.9995,8,4,4,0,0,0,0,0,0,0,0,-3.9299999999999997,11.184800000000001,0,0
2,1,0,1,20.5,24.24,55,12.998,9,4,4,0,0,0,0,0,0,0,0,-3.7399999999999984,11.275,0,0
2,1,0,1,20.5,24.24,55,12.998,10,4,4,0,0,0,0,0,0,0,0,-3.7399999999999984,11.275,0,0
2,1,0,1,21.32,25.0,55,12.998,11,4,4,0,0,0,0,0,0,0,0,-3.6799999999999997,11.725999999999999,0,0
2,1,0,1,21.32,25.0,55,19.0012,12,4,4,0,0,0,0,0,0,0,0,-3.6799999999999997,11.725999999999999,0,0
2,1,0,1,22.14,25.76,52,16.9979,13,4,4,0,0,0,0,0,0,0,0,-3.620000000000001,11.5128,0,0
2,1,0,1,22.14,25.76,52,16.9979,14,4,4,0,0,0,0,0,0,0,0,-3.620000000000001,11.5128,0,0
2,1,0,1,22.14,25.76,52,30.0026,15,4,4,0,0,0,0,0,0,0,0,-3.620000000000001,11.5128,0,0
2,1,0,1,21.32,25.0,55,32.9975,16,4,4,0,0,0,0,0,0,0,0,-3.6799999999999997,11.725999999999999,0,0
2,1,0,2,20.5,24.24,63,26.0027,17,4,4,0,0,0,0,0,0,0,0,-3.7399999999999984,12.915,0,0
2,1,0,2,18.86,22.725,67,26.0027,18,4,4,0,0,0,0,0,0,0,0,-3.865000000000002,12.636199999999999,0,0
2,1,0,1,17.22,21.21,77,26.0027,19,4,4,0,0,0,0,0,0,0,0,-3.990000000000002,13.259399999999998,0,0
2,1,0,2,16.4,20.455,76,22.0028,20,4,4,0,0,0,0,0,0,0,0,-4.055,12.463999999999999,0,0
2,1,0,2,16.4,20.455,76,19.9995,21,4,4,0,0,0,0,0,0,0,0,-4.055,12.463999999999999,0,0
2,1,0,2,15.58,19.695,82,26.0027,22,4,4,0,0,0,0,0,0,0,0,-4.115,12.775599999999999,0,0
2,1,0,2,14.76,17.425,81,12.998,23,4,4,0,0,0,0,0,0,0,0,-2.665000000000001,11.955599999999999,0,0
2,0,0,2,14.76,17.425,81,15.0013,0,5,4,0,1,0,0,0,1,0,0,-2.665000000000001,11.955599999999999,0,0
2,0,0,2,14.76,16.665,87,19.0012,1,5,4,0,1,0,0,0,1,0,1,-1.9049999999999994,12.841199999999999,0,0
2,0,0,2,14.76,17.425,87,8.9981,2,5,4,0,1,0,0,0,1,0,2,-2.665000000000001,12.841199999999999,0,0
2,0,0,2,14.76,17.425,87,11.0014,3,5,4,0,1,0,0,0,1,0,3,-2.665000000000001,12.841199999999999,0,0
2,0,0,2,14.76,17.425,87,15.0013,4,5,4,0,1,0,0,0,1,0,4,-2.665000000000001,12.841199999999999,0,0
2,0,0,2,15.58,19.695,87,19.0012,5,5,4,0,1,0,0,0,1,0,5,-4.115,13.5546,0,0
2,0,0,3,16.4,20.455,82,22.0028,6,5,4,0,1,0,0,0,0,0,6,-4.055,13.448,0,1
2,0,0,2,16.4,20.455,82,27.9993,7,5,4,0,1,0,0,0,0,0,7,-4.055,13.448,0,0
2,0,0,3,16.4,20.455,87,23.9994,8,5,4,0,1,0,0,0,0,0,8,-4.055,14.267999999999999,0,1
2,0,0,3,16.4,20.455,100,19.9995,9,5,4,0,1,0,0,0,0,0,9,-4.055,16.4,0,1
2,0,0,3,17.22,21.21,94,26.0027,10,5,4,0,1,0,0,0,0,0,10,-3.990000000000002,16.186799999999998,0,1
2,0,0,3,17.22,21.21,94,30.0026,11,5,4,0,1,0,0,1,0,0,11,-3.990000000000002,16.186799999999998,0,1
2,0,0,2,18.86,22.725,88,39.0007,12,5,4,0,1,0,0,1,0,0,12,-3.865000000000002,16.596799999999998,0,0
2,0,0,3,18.86,22.725,94,35.0008,13,5,4,0,1,0,0,1,0,0,13,-3.865000000000002,17.7284,0,1
2,0,0,3,21.32,25.0,83,39.0007,14,5,4,0,1,0,0,1,0,0,14,-3.6799999999999997,17.6956,0,1
2,0,0,3,21.32,25.0,83,39.0007,15,5,4,0,1,0,0,1,0,0,15,-3.6799999999999997,17.6956,0,1
2,0,0,3,20.5,24.24,88,31.0009,16,5,4,0,1,0,0,1,0,0,16,-3.7399999999999984,18.04,0,1
2,0,0,3,20.5,24.24,88,39.0007,17,5,4,0,1,0,0,0,0,0,17,-3.7399999999999984,18.04,0,1
2,0,0,2,20.5,24.24,94,26.0027,18,5,4,0,1,0,0,0,0,0,18,-3.7399999999999984,19.27,0,0
2,0,0,2,21.32,25.0,94,27.9993,19,5,4,0,1,0,0,0,0,0,19,-3.6799999999999997,20.0408,0,0
2,0,0,3,18.04,21.97,94,15.0013,20,5,4,0,1,0,0,0,0,0,20,-3.9299999999999997,16.9576,0,1
2,0,0,2,18.04,21.97,94,0.0,21,5,4,0,1,0,0,0,0,0,21,-3.9299999999999997,16.9576,0,0
2,0,0,3,17.22,21.21,100,0.0,22,5,4,0,1,0,0,0,0,0,22,-3.990000000000002,17.22,0,1
2,0,0,2,18.04,21.97,77,19.0012,23,5,4,0,1,0,0,0,0,0,23,-3.9299999999999997,13.890799999999999,0,0
2,0,0,2,18.04,21.97,77,19.0012,0,6,4,0,1,0,0,0,1,0,0,-3.9299999999999997,13.890799999999999,0,0
2,0,0,1,17.22,21.21,67,15.0013,1,6,4,0,1,0,0,0,1,0,1,-3.990000000000002,11.5374,0,0
2,0,0,1,16.4,20.455,62,12.998,2,6,4,0,1,0,0,0,1,0,2,-4.055,10.168,0,0
2,0,0,1,16.4,20.455,66,8.9981,3,6,4,0,1,0,0,0,1,0,3,-4.055,10.823999999999998,0,0
2,0,0,1,14.76,18.18,76,7.0015,4,6,4,0,1,0,0,0,1,0,4,-3.42,11.2176,0,0
2,0,0,1,14.76,17.425,71,11.0014,5,6,4,0,1,0,0,0,1,0,5,-2.665000000000001,10.4796,0,0
2,0,0,1,14.76,15.91,66,30.0026,6,6,4,0,1,0,0,0,0,0,6,-1.1500000000000004,9.7416,0,0
2,0,0,1,14.76,16.665,50,23.9994,7,6,4,0,1,0,0,0,0,0,7,-1.9049999999999994,7.38,0,0
2,0,0,1,15.58,19.695,46,26.0027,8,6,4,0,1,0,0,0,0,0,8,-4.115,7.166799999999999,0,0
2,0,0,1,16.4,20.455,43,19.0012,9,6,4,0,1,0,0,0,0,0,9,-4.055,7.052,0,0
2,0,0,1,17.22,21.21,44,30.0026,10,6,4,0,1,0,0,0,0,0,10,-3.990000000000002,7.5767999999999995,0,0
2,0,0,1,18.86,22.725,41,27.9993,11,6,4,0,1,0,0,1,0,0,11,-3.865000000000002,7.7326,0,0
2,0,0,1,18.86,22.725,38,26.0027,12,6,4,0,1,0,0,1,0,0,12,-3.865000000000002,7.166799999999999,0,0
2,0,0,1,20.5,24.24,34,26.0027,13,6,4,0,1,0,0,1,0,0,13,-3.7399999999999984,6.97,0,0
2,0,0,1,21.32,25.0,34,26.0027,14,6,4,0,1,0,0,1,0,0,14,-3.6799999999999997,7.2488,0,0
2,0,0,1,22.14,25.76,32,35.0008,15,6,4,0,1,0,0,1,0,0,15,-3.620000000000001,7.0848,0,0
2,0,0,1,22.14,25.76,30,23.9994,16,6,4,0,1,0,0,1,0,0,16,-3.620000000000001,6.642,0,0
2,0,0,1,22.96,26.515,30,30.0026,17,6,4,0,1,0,0,0,0,0,17,-3.5549999999999997,6.888000000000001,0,0
2,0,0,1,22.96,26.515,30,26.0027,18,6,4,0,1,0,0,0,0,0,18,-3.5549999999999997,6.888000000000001,0,0
2,0,0,1,22.96,26.515,30,19.9995,19,6,4,0,1,0,0,0,0,0,19,-3.5549999999999997,6.888000000000001,0,0
2,0,0,1,21.32,25.0,36,12.998,20,6,4,0,1,0,0,0,0,0,20,-3.6799999999999997,7.6752,0,0
2,0,0,1,20.5,24.24,42,12.998,21,6,4,0,1,0,0,0,0,0,21,-3.7399999999999984,8.61,0,0
2,0,0,1,20.5,24.24,39,7.0015,22,6,4,0,1,0,0,0,0,0,22,-3.7399999999999984,7.995,0,0
2,0,0,1,18.04,21.97,67,11.0014,23,6,4,0,1,0,0,0,0,0,23,-3.9299999999999997,12.086799999999998,0,0
2,0,1,1,18.86,22.725,47,6.0032,0,0,4,0,0,0,0,0,1,0,0,-3.865000000000002,8.8642,0,0
2,0,1,1,18.86,22.725,47,8.9981,1,0,4,0,0,0,0,0,1,1,0,-3.865000000000002,8.8642,0,0
2,0,1,1,17.22,21.21,67,7.0015,2,0,4,0,0,0,0,0,1,2,0,-3.990000000000002,11.5374,0,0
2,0,1,1,17.22,21.21,62,7.0015,3,0,4,0,0,0,0,0,1,3,0,-3.990000000000002,10.6764,0,0
2,0,1,1,16.4,20.455,87,11.0014,4,0,4,0,0,0,0,0,1,4,0,-4.055,14.267999999999999,0,0
2,0,1,1,16.4,20.455,76,6.0032,5,0,4,0,0,0,0,0,1,5,0,-4.055,12.463999999999999,0,0
2,0,1,1,16.4,20.455,82,0.0,6,0,4,0,0,0,0,0,0,6,0,-4.055,13.448,0,0
2,0,1,1,18.86,22.725,63,0.0,7,0,4,0,0,1,0,0,0,7,0,-3.865000000000002,11.8818,0,0
2,0,1,1,18.86,22.725,63,0.0,8,0,4,0,0,1,0,0,0,8,0,-3.865000000000002,11.8818,0,0
2,0,1,2,20.5,24.24,55,7.0015,9,0,4,0,0,1,0,0,0,9,0,-3.7399999999999984,11.275,0,0
2,0,1,2,21.32,25.0,55,7.0015,10,0,4,0,0,0,0,0,0,10,0,-3.6799999999999997,11.725999999999999,0,0
2,0,1,2,22.14,25.76,52,6.0032,11,0,4,0,0,0,0,0,0,11,0,-3.620000000000001,11.5128,0,0
2,0,1,2,22.96,26.515,49,6.0032,12,0,4,0,0,0,0,0,0,12,0,-3.5549999999999997,11.250399999999999,0,0
2,0,1,2,22.96,26.515,49,11.0014,13,0,4,0,0,0,0,0,0,13,0,-3.5549999999999997,11.250399999999999,0,0
2,0,1,2,23.78,27.275,49,12.998,14,0,4,0,0,0,0,0,0,14,0,-3.4949999999999974,11.6522,0,0
2,0,1,2,24.6,31.06,43,12.998,15,0,4,0,0,0,0,0,0,15,0,-6.459999999999997,10.578,0,0
2,0,1,1,24.6,31.06,46,19.0012,16,0,4,0,0,0,0,0,0,16,0,-6.459999999999997,11.316,0,0
2,0,1,1,23.78,27.275,49,19.0012,17,0,4,0,0,0,1,0,0,17,0,-3.4949999999999974,11.6522,0,0
2,0,1,1,26.24,31.06,31,23.9994,18,0,4,0,0,0,1,0,0,18,0,-4.82,8.1344,0,0
2,0,1,1,22.96,26.515,46,16.9979,19,0,4,0,0,0,1,0,0,19,0,-3.5549999999999997,10.5616,0,0
2,0,1,1,24.6,31.06,33,19.9995,20,0,4,0,0,0,0,0,0,20,0,-6.459999999999997,8.118,0,0
2,0,1,1,22.96,26.515,37,19.0012,21,0,4,0,0,0,0,0,0,21,0,-3.5549999999999997,8.4952,0,0
2,0,1,1,21.32,25.0,55,19.0012,22,0,4,0,0,0,0,0,0,22,0,-3.6799999999999997,11.725999999999999,0,0
2,0,1,1,20.5,24.24,59,16.9979,23,0,4,0,0,0,0,0,0,23,0,-3.7399999999999984,12.095,0,0
2,0,1,1,20.5,24.24,55,15.0013,0,1,4,0,0,0,0,0,1,0,0,-3.7399999999999984,11.275,0,0
2,0,1,1,18.86,22.725,63,15.0013,1,1,4,0,0,0,0,0,1,1,0,-3.865000000000002,11.8818,0,0
2,0,1,1,18.86,22.725,67,19.0012,2,1,4,0,0,0,0,0,1,2,0,-3.865000000000002,12.636199999999999,0,0
2,0,1,1,19.68,23.485,63,15.0013,3,1,4,0,0,0,0,0,1,3,0,-3.8049999999999997,12.398399999999999,0,0
2,0,1,1,18.86,22.725,67,6.0032,4,1,4,0,0,0,0,0,1,4,0,-3.865000000000002,12.636199999999999,0,0
2,0,1,2,18.86,22.725,72,12.998,5,1,4,0,0,0,0,0,1,5,0,-3.865000000000002,13.5792,0,0
2,0,1,2,19.68,23.485,67,0.0,6,1,4,0,0,0,0,0,0,6,0,-3.8049999999999997,13.185599999999999,0,0
2,0,1,2,21.32,25.0,55,0.0,7,1,4,0,0,1,0,0,0,7,0,-3.6799999999999997,11.725999999999999,0,0
2,0,1,2,20.5,24.24,68,8.9981,8,1,4,0,0,1,0,0,0,8,0,-3.7399999999999984,13.94,0,0
2,0,1,3,21.32,25.0,63,6.0032,9,1,4,0,0,1,0,0,0,9,0,-3.6799999999999997,13.431600000000001,0,1
2,0,1,2,20.5,24.24,72,15.0013,10,1,4,0,0,0,0,0,0,10,0,-3.7399999999999984,14.76,0,0
2,0,1,2,22.14,25.76,68,11.0014,11,1,4,0,0,0,0,0,0,11,0,-3.620000000000001,15.0552,0,0
2,0,1,2,22.14,25.76,64,6.0032,12,1,4,0,0,0,0,0,0,12,0,-3.620000000000001,14.1696,0,0
2,0,1,2,22.14,25.76,68,15.0013,13,1,4,0,0,0,0,0,0,13,0,-3.620000000000001,15.0552,0,0
2,0,1,2,22.14,25.76,64,12.998,14,1,4,0,0,0,0,0,0,14,0,-3.620000000000001,14.1696,0,0
2,0,1,2,22.14,25.76,65,11.0014,15,1,4,0,0,0,0,0,0,15,0,-3.620000000000001,14.391000000000002,0,0
2,0,1,1,22.96,26.515,52,19.9995,16,1,4,0,0,0,0,0,0,16,0,-3.5549999999999997,11.939200000000001,0,0
2,0,1,1,22.96,26.515,60,7.0015,17,1,4,0,0,0,1,0,0,17,0,-3.5549999999999997,13.776000000000002,0,0
2,0,1,2,22.14,25.76,64,8.9981,18,1,4,0,0,0,1,0,0,18,0,-3.620000000000001,14.1696,0,0
2,0,1,2,20.5,24.24,72,12.998,19,1,4,0,0,0,1,0,0,19,0,-3.7399999999999984,14.76,0,0
2,0,1,2,20.5,24.24,72,15.0013,20,1,4,0,0,0,0,0,0,20,0,-3.7399999999999984,14.76,0,0
2,0,1,2,20.5,24.24,72,8.9981,21,1,4,0,0,0,0,0,0,21,0,-3.7399999999999984,14.76,0,0
2,0,1,1,19.68,23.485,77,6.0032,22,1,4,0,0,0,0,0,0,22,0,-3.8049999999999997,15.153599999999999,0,0
2,0,1,1,18.86,22.725,88,6.0032,23,1,4,0,0,0,0,0,0,23,0,-3.865000000000002,16.596799999999998,0,0
2,0,0,1,17.22,21.21,67,6.0032,0,6,5,0,1,0,0,0,1,0,0,-3.990000000000002,11.5374,0,0
2,0,0,1,17.22,21.21,69,7.0015,1,6,5,0,1,0,0,0,1,0,1,-3.990000000000002,11.881799999999998,0,0
2,0,0,1,17.22,21.21,77,7.0015,2,6,5,0,1,0,0,0,1,0,2,-3.990000000000002,13.259399999999998,0,0
2,0,0,1,16.4,20.455,82,7.0015,3,6,5,0,1,0,0,0,1,0,3,-4.055,13.448,0,0
2,0,0,1,16.4,20.455,76,7.0015,4,6,5,0,1,0,0,0,1,0,4,-4.055,12.463999999999999,0,0
2,0,0,1,16.4,20.455,82,6.0032,5,6,5,0,1,0,0,0,1,0,5,-4.055,13.448,0,0
2,0,0,2,16.4,20.455,82,6.0032,6,6,5,0,1,0,0,0,0,0,6,-4.055,13.448,0,0
2,0,0,2,17.22,21.21,77,6.0032,7,6,5,0,1,0,0,0,0,0,7,-3.990000000000002,13.259399999999998,0,0
2,0,0,2,18.04,21.97,77,8.9981,8,6,5,0,1,0,0,0,0,0,8,-3.9299999999999997,13.890799999999999,0,0
2,0,0,2,18.86,22.725,72,8.9981,9,6,5,0,1,0,0,0,0,0,9,-3.865000000000002,13.5792,0,0
2,0,0,2,19.68,23.485,63,12.998,10,6,5,0,1,0,0,0,0,0,10,-3.8049999999999997,12.398399999999999,0,0
2,0,0,1,18.86,22.725,82,7.0015,11,6,5,0,1,0,0,1,0,0,11,-3.865000000000002,15.4652,0,0
2,0,0,2,19.68,23.485,77,7.0015,12,6,5,0,1,0,0,1,0,0,12,-3.8049999999999997,15.153599999999999,0,0
2,0,0,2,20.5,24.24,63,11.0014,13,6,5,0,1,0,0,1,0,0,13,-3.7399999999999984,12.915,0,0
2,0,0,2,20.5,24.24,68,7.0015,14,6,5,0,1,0,0,1,0,0,14,-3.7399999999999984,13.94,0,0
2,0,0,2,20.5,24.24,72,0.0,15,6,5,0,1,0,0,1,0,0,15,-3.7399999999999984,14.76,0,0
2,0,0,2,20.5,24.24,72,12.998,16,6,5,0,1,0,0,1,0,0,16,-3.7399999999999984,14.76,0,0
2,0,0,2,19.68,23.485,82,16.9979,17,6,5,0,1,0,0,0,0,0,17,-3.8049999999999997,16.1376,0,0
2,0,0,2,18.86,22.725,82,6.0032,18,6,5,0,1,0,0,0,0,0,18,-3.865000000000002,15.4652,0,0
2,0,0,2,18.86,22.725,84,7.0015,19,6,5,0,1,0,0,0,0,0,19,-3.865000000000002,15.8424,0,0
2,0,0,2,18.86,22.725,82,0.0,20,6,5,0,1,0,0,0,0,0,20,-3.865000000000002,15.4652,0,0
2,0,0,2,18.86,22.725,82,0.0,21,6,5,0,1,0,0,0,0,0,21,-3.865000000000002,15.4652,0,0
2,0,0,2,18.86,22.725,82,0.0,22,6,5,0,1,0,0,0,0,0,22,-3.865000000000002,15.4652,0,0
2,0,0,1,18.86,22.725,77,12.998,23,6,5,0,1,0,0,0,0,0,23,-3.865000000000002,14.5222,0,0
2,0,1,1,18.86,22.725,72,8.9981,0,0,5,0,0,0,0,0,1,0,0,-3.865000000000002,13.5792,0,0
2,0,1,1,18.86,22.725,72,8.9981,1,0,5,0,0,0,0,0,1,1,0,-3.865000000000002,13.5792,0,0
2,0,1,2,18.04,21.97,77,15.0013,2,0,5,0,0,0,0,0,1,2,0,-3.9299999999999997,13.890799999999999,0,0
2,0,1,1,18.04,21.97,77,8.9981,3,0,5,0,0,0,0,0,1,3,0,-3.9299999999999997,13.890799999999999,0,0
2,0,1,1,18.04,21.97,77,11.0014,4,0,5,0,0,0,0,0,1,4,0,-3.9299999999999997,13.890799999999999,0,0
2,0,1,2,18.04,21.97,77,8.9981,5,0,5,0,0,0,0,0,1,5,0,-3.9299999999999997,13.890799999999999,0,0
2,0,1,1,18.04,21.97,88,7.0015,6,0,5,0,0,0,0,0,0,6,0,-3.9299999999999997,15.8752,0,0
2,0,1,2,18.86,22.725,82,22.0028,7,0,5,0,0,1,0,0,0,7,0,-3.865000000000002,15.4652,0,0
2,0,1,2,19.68,23.485,77,15.0013,8,0,5,0,0,1,0,0,0,8,0,-3.8049999999999997,15.153599999999999,0,0
2,0,1,2,20.5,24.24,77,19.0012,9,0,5,0,0,1,0,0,0,9,0,-3.7399999999999984,15.785,0,0
2,0,1,2,22.14,25.76,77,15.0013,10,0,5,0,0,0,0,0,0,10,0,-3.620000000000001,17.0478,0,0
2,0,1,1,23.78,27.275,73,19.9995,11,0,5,0,0,0,0,0,0,11,0,-3.4949999999999974,17.3594,0,0
2,0,1,1,25.42,30.305,69,15.0013,12,0,5,0,0,0,0,0,0,12,0,-4.884999999999998,17.5398,0,0
2,0,1,2,25.42,30.305,69,12.998,13,0,5,0,0,0,0,0,0,13,0,-4.884999999999998,17.5398,0,0
2,0,1,1,26.24,30.305,69,15.0013,14,0,5,0,0,0,0,0,0,14,0,-4.065000000000001,18.1056,0,0
2,0,1,1,27.06,31.06,61,12.998,15,0,5,0,0,0,0,0,0,15,0,-4.0,16.5066,0,0
2,0,1,1,27.06,31.06,61,15.0013,16,0,5,0,0,0,0,0,0,16,0,-4.0,16.5066,0,0
2,0,1,1,27.06,31.06,65,12.998,17,0,5,0,0,0,1,0,0,17,0,-4.0,17.589,0,0
2,0,1,2,26.24,30.305,65,12.998,18,0,5,0,0,0,1,0,0,18,0,-4.065000000000001,17.055999999999997,0,0
2,0,1,2,25.42,30.305,69,8.9981,19,0,5,0,0,0,1,0,0,19,0,-4.884999999999998,17.5398,0,0
2,0,1,2,25.42,30.305,69,8.9981,20,0,5,0,0,0,0,0,0,20,0,-4.884999999999998,17.5398,0,0
2,0,1,2,24.6,29.545,73,7.0015,21,0,5,0,0,0,0,0,0,21,0,-4.945,17.958000000000002,0,0
2,0,1,2,24.6,29.545,73,0.0,22,0,5,0,0,0,0,0,0,22,0,-4.945,17.958000000000002,0,0
2,0,1,2,22.96,26.515,83,12.998,23,0,5,0,0,0,0,0,0,23,0,-3.5549999999999997,19.0568,0,0
2,0,1,2,22.96,26.515,83,15.0013,0,1,5,0,0,0,0,0,1,0,0,-3.5549999999999997,19.0568,0,0
2,0,1,2,22.96,26.515,78,16.9979,1,1,5,0,0,0,0,0,1,1,0,-3.5549999999999997,17.9088,0,0
2,0,1,2,22.96,26.515,78,16.9979,2,1,5,0,0,0,0,0,1,2,0,-3.5549999999999997,17.9088,0,0
2,0,1,1,22.14,25.76,83,19.0012,3,1,5,0,0,0,0,0,1,3,0,-3.620000000000001,18.3762,0,0
2,0,1,1,21.32,25.0,88,15.0013,4,1,5,0,0,0,0,0,1,4,0,-3.6799999999999997,18.7616,0,0
2,0,1,1,21.32,25.0,88,8.9981,5,1,5,0,0,0,0,0,1,5,0,-3.6799999999999997,18.7616,0,0
2,0,1,2,21.32,25.0,94,11.0014,6,1,5,0,0,0,0,0,0,6,0,-3.6799999999999997,20.0408,0,0
2,0,1,2,22.14,25.76,88,15.0013,7,1,5,0,0,1,0,0,0,7,0,-3.620000000000001,19.4832,0,0
2,0,1,2,22.96,26.515,83,19.0012,8,1,5,0,0,1,0,0,0,8,0,-3.5549999999999997,19.0568,0,0
2,0,1,2,24.6,28.79,78,23.9994,9,1,5,0,0,1,0,0,0,9,0,-4.189999999999998,19.188000000000002,0,0
2,0,1,2,26.24,30.305,69,23.9994,10,1,5,0,0,0,0,0,0,10,0,-4.065000000000001,18.1056,0,0
2,0,1,2,27.06,31.06,65,22.0028,11,1,5,0,0,0,0,0,0,11,0,-4.0,17.589,0,0
2,0,1,2,27.88,31.82,61,32.9975,12,1,5,0,0,0,0,0,0,12,0,-3.9400000000000013,17.0068,0,0
2,0,1,2,28.7,32.575,58,40.9973,13,1,5,0,0,0,0,0,0,13,0,-3.8750000000000036,16.646,0,0
2,0,1,2,28.7,32.575,58,35.0008,14,1,5,0,0,0,0,0,0,14,0,-3.8750000000000036,16.646,0,0
2,0,1,2,28.7,32.575,58,30.0026,15,1,5,0,0,0,0,0,0,15,0,-3.8750000000000036,16.646,0,0
2,0,1,1,29.52,33.335,54,31.0009,16,1,5,0,0,0,0,0,0,16,0,-3.8150000000000013,15.9408,0,0
2,0,1,1,28.7,32.575,54,31.0009,17,1,5,0,0,0,1,0,0,17,0,-3.8750000000000036,15.498,0,0
2,0,1,1,28.7,32.575,48,27.9993,18,1,5,0,0,0,1,0,0,18,0,-3.8750000000000036,13.776,0,0
2,0,1,1,27.88,31.82,57,23.9994,19,1,5,0,0,0,1,0,0,19,0,-3.9400000000000013,15.891599999999999,0,0
2,0,1,1,27.06,31.06,61,12.998,20,1,5,0,0,0,0,0,0,20,0,-4.0,16.5066,0,0
2,0,1,2,26.24,31.06,61,30.0026,21,1,5,0,0,0,0,0,0,21,0,-4.82,16.0064,0,0
2,0,1,2,23.78,27.275,60,26.0027,22,1,5,0,0,0,0,0,0,22,0,-3.4949999999999974,14.268000000000002,0,0
2,0,1,2,22.96,26.515,68,22.0028,23,1,5,0,0,0,0,0,0,23,0,-3.5549999999999997,15.6128,0,0
2,0,1,3,21.32,25.0,77,11.0014,0,2,5,0,0,0,0,0,1,0,0,-3.6799999999999997,16.4164,0,1
2,0,1,3,20.5,24.24,82,19.0012,1,2,5,0,0,0,0,0,1,1,0,-3.7399999999999984,16.81,0,1
2,0,1,3,20.5,24.24,82,19.0012,2,2,5,0,0,0,0,0,1,2,0,-3.7399999999999984,16.81,0,1
2,0,1,3,17.22,21.21,88,35.0008,3,2,5,0,0,0,0,0,1,3,0,-3.990000000000002,15.153599999999999,0,1
2,0,1,3,15.58,19.695,94,22.0028,4,2,5,0,0,0,0,0,1,4,0,-4.115,14.645199999999999,0,1
2,0,1,3,14.76,16.665,87,22.0028,5,2,5,0,0,0,0,0,1,5,0,-1.9049999999999994,12.841199999999999,0,1
2,0,1,3,13.94,15.15,93,26.0027,6,2,5,0,0,0,0,0,0,6,0,-1.2100000000000009,12.964199999999998,0,1
2,0,1,3,13.94,15.15,93,23.9994,7,2,5,0,0,1,0,0,0,7,0,-1.2100000000000009,12.964199999999998,0,1
2,0,1,3,13.94,15.15,93,26.0027,8,2,5,0,0,1,0,0,0,8,0,-1.2100000000000009,12.964199999999998,0,1
2,0,1,3,13.94,15.15,93,23.9994,9,2,5,0,0,1,0,0,0,9,0,-1.2100000000000009,12.964199999999998,0,1
2,0,1,2,13.94,15.91,93,19.0012,10,2,5,0,0,0,0,0,0,10,0,-1.9700000000000006,12.964199999999998,0,0
2,0,1,1,16.4,20.455,82,22.0028,11,2,5,0,0,0,0,0,0,11,0,-4.055,13.448,0,0
2,0,1,2,18.04,21.97,62,23.9994,12,2,5,0,0,0,0,0,0,12,0,-3.9299999999999997,11.184800000000001,0,0
2,0,1,2,18.86,22.725,59,30.0026,13,2,5,0,0,0,0,0,0,13,0,-3.865000000000002,11.1274,0,0
2,0,1,1,20.5,24.24,51,26.0027,14,2,5,0,0,0,0,0,0,14,0,-3.7399999999999984,10.455,0,0
2,0,1,1,19.68,23.485,51,27.9993,15,2,5,0,0,0,0,0,0,15,0,-3.8049999999999997,10.0368,0,0
2,0,1,1,20.5,24.24,45,31.0009,16,2,5,0,0,0,0,0,0,16,0,-3.7399999999999984,9.225,0,0
2,0,1,1,16.4,20.455,71,16.9979,17,2,5,0,0,0,1,0,0,17,0,-4.055,11.643999999999998,0,0
2,0,1,1,17.22,21.21,67,16.9979,18,2,5,0,0,0,1,0,0,18,0,-3.990000000000002,11.5374,0,0
2,0,1,1,17.22,21.21,58,23.9994,19,2,5,0,0,0,1,0,0,19,0,-3.990000000000002,9.9876,0,0
2,0,1,1,16.4,20.455,62,22.0028,20,2,5,0,0,0,0,0,0,20,0,-4.055,10.168,0,0
2,0,1,1,16.4,20.455,62,11.0014,21,2,5,0,0,0,0,0,0,21,0,-4.055,10.168,0,0
2,0,1,1,15.58,19.695,62,15.0013,22,2,5,0,0,0,0,0,0,22,0,-4.115,9.659600000000001,0,0
2,0,1,1,14.76,17.425,62,15.0013,23,2,5,0,0,0,0,0,0,23,0,-2.665000000000001,9.1512,0,0
2,0,1,1,14.76,17.425,66,12.998,0,3,5,0,0,0,0,0,1,0,0,-2.665000000000001,9.7416,0,0
2,0,1,1,13.94,16.665,71,12.998,1,3,5,0,0,0,0,0,1,1,0,-2.7249999999999996,9.8974,0,0
2,0,1,1,13.94,15.91,66,15.0013,2,3,5,0,0,0,0,0,1,2,0,-1.9700000000000006,9.2004,0,0
2,0,1,1,13.94,15.91,66,16.9979,3,3,5,0,0,0,0,0,1,3,0,-1.9700000000000006,9.2004,0,0
2,0,1,1,13.94,15.91,66,16.9979,4,3,5,0,0,0,0,0,1,4,0,-1.9700000000000006,9.2004,0,0
2,0,1,1,13.94,15.91,66,16.9979,5,3,5,0,0,0,0,0,1,5,0,-1.9700000000000006,9.2004,0,0
2,0,1,1,13.94,15.91,66,16.9979,6,3,5,0,0,0,0,0,0,6,0,-1.9700000000000006,9.2004,0,0
2,0,1,1,15.58,19.695,58,16.9979,7,3,5,0,0,1,0,0,0,7,0,-4.115,9.0364,0,0
2,0,1,1,17.22,21.21,50,16.9979,8,3,5,0,0,1,0,0,0,8,0,-3.990000000000002,8.61,0,0
2,0,1,1,18.86,22.725,44,19.0012,9,3,5,0,0,1,0,0,0,9,0,-3.865000000000002,8.298399999999999,0,0
2,0,1,1,20.5,24.24,39,19.0012,10,3,5,0,0,0,0,0,0,10,0,-3.7399999999999984,7.995,0,0
2,0,1,1,21.32,25.0,36,30.0026,11,3,5,0,0,0,0,0,0,11,0,-3.6799999999999997,7.6752,0,0
2,0,1,1,21.32,25.0,34,23.9994,12,3,5,0,0,0,0,0,0,12,0,-3.6799999999999997,7.2488,0,0
2,0,1,1,22.14,25.76,30,39.0007,13,3,5,0,0,0,0,0,0,13,0,-3.620000000000001,6.642,0,0
2,0,1,1,22.14,25.76,28,30.0026,14,3,5,0,0,0,0,0,0,14,0,-3.620000000000001,6.199200000000001,0,0
2,0,1,1,22.96,26.515,26,32.9975,15,3,5,0,0,0,0,0,0,15,0,-3.5549999999999997,5.969600000000001,0,0
2,0,1,1,23.78,27.275,24,27.9993,16,3,5,0,0,0,0,0,0,16,0,-3.4949999999999974,5.7072,0,0
2,0,1,1,22.96,26.515,26,26.0027,17,3,5,0,0,0,1,0,0,17,0,-3.5549999999999997,5.969600000000001,0,0
2,0,1,1,22.96,26.515,26,19.0012,18,3,5,0,0,0,1,0,0,18,0,-3.5549999999999997,5.969600000000001,0,0
2,0,1,1,22.14,25.76,28,15.0013,19,3,5,0,0,0,1,0,0,19,0,-3.620000000000001,6.199200000000001,0,0
2,0,1,1,20.5,24.24,34,11.0014,20,3,5,0,0,0,0,0,0,20,0,-3.7399999999999984,6.97,0,0
2,0,1,1,20.5,24.24,36,12.998,21,3,5,0,0,0,0,0,0,21,0,-3.7399999999999984,7.38,0,0
2,0,1,1,19.68,23.485,39,12.998,22,3,5,0,0,0,0,0,0,22,0,-3.8049999999999997,7.6752,0,0
2,0,1,1,18.86,22.725,41,12.998,23,3,5,0,0,0,0,0,0,23,0,-3.865000000000002,7.7326,0,0
2,0,1,1,18.04,21.97,44,11.0014,0,4,5,0,0,0,0,0,1,0,0,-3.9299999999999997,7.9376,0,0
2,0,1,1,16.4,20.455,62,11.0014,1,4,5,0,0,0,0,0,1,1,0,-4.055,10.168,0,0
2,0,1,1,15.58,19.695,62,7.0015,2,4,5,0,0,0,0,0,1,2,0,-4.115,9.659600000000001,0,0
2,0,1,1,14.76,18.18,71,7.0015,3,4,5,0,0,0,0,0,1,3,0,-3.42,10.4796,0,0
2,0,1,1,14.76,18.18,71,7.0015,4,4,5,0,0,0,0,0,1,4,0,-3.42,10.4796,0,0
2,0,1,1,13.94,17.425,81,7.0015,5,4,5,0,0,0,0,0,1,5,0,-3.485000000000001,11.2914,0,0
2,0,1,1,14.76,18.18,81,6.0032,6,4,5,0,0,0,0,0,0,6,0,-3.42,11.955599999999999,0,0
2,0,1,1,16.4,20.455,82,0.0,7,4,5,0,0,1,0,0,0,7,0,-4.055,13.448,0,0
2,0,1,1,17.22,21.21,77,16.9979,8,4,5,0,0,1,0,0,0,8,0,-3.990000000000002,13.259399999999998,0,0
2,0,1,1,18.86,22.725,67,19.0012,9,4,5,0,0,1,0,0,0,9,0,-3.865000000000002,12.636199999999999,0,0
2,0,1,2,22.14,25.76,49,22.0028,10,4,5,0,0,0,0,0,0,10,0,-3.620000000000001,10.848600000000001,0,0
2,0,1,2,22.14,25.76,49,22.0028,11,4,5,0,0,0,0,0,0,11,0,-3.620000000000001,10.848600000000001,0,0
2,0,1,1,22.96,26.515,49,23.9994,12,4,5,0,0,0,0,0,0,12,0,-3.5549999999999997,11.250399999999999,0,0
2,0,1,1,23.78,27.275,40,22.0028,13,4,5,0,0,0,0,0,0,13,0,-3.4949999999999974,9.512,0,0
2,0,1,1,24.6,31.06,40,30.0026,14,4,5,0,0,0,0,0,0,14,0,-6.459999999999997,9.84,0,0
2,0,1,1,24.6,31.06,38,26.0027,15,4,5,0,0,0,0,0,0,15,0,-6.459999999999997,9.348,0,0
2,0,1,1,24.6,31.06,40,16.9979,16,4,5,0,0,0,0,0,0,16,0,-6.459999999999997,9.84,0,0
2,0,1,1,23.78,27.275,40,23.9994,17,4,5,0,0,0,1,0,0,17,0,-3.4949999999999974,9.512,0,0
2,0,1,3,22.14,25.76,52,23.9994,18,4,5,0,0,0,1,0,0,18,0,-3.620000000000001,11.5128,0,1
2,0,1,3,22.14,25.76,52,23.9994,19,4,5,0,0,0,1,0,0,19,0,-3.620000000000001,11.5128,0,1
2,0,1,1,21.32,25.0,48,7.0015,20,4,5,0,0,0,0,0,0,20,0,-3.6799999999999997,10.233600000000001,0,0
2,0,1,1,19.68,23.485,67,8.9981,21,4,5,0,0,0,0,0,0,21,0,-3.8049999999999997,13.185599999999999,0,0
2,0,1,1,18.86,22.725,72,15.0013,22,4,5,0,0,0,0,0,0,22,0,-3.865000000000002,13.5792,0,0
2,0,1,1,18.04,21.97,82,8.9981,23,4,5,0,0,0,0,0,0,23,0,-3.9299999999999997,14.7928,0,0
2,0,0,1,17.22,21.21,82,8.9981,0,5,5,0,1,0,0,0,1,0,0,-3.990000000000002,14.1204,0,0
2,0,0,1,17.22,21.21,82,7.0015,1,5,5,0,1,0,0,0,1,0,1,-3.990000000000002,14.1204,0,0
2,0,0,1,17.22,21.21,82,6.0032,2,5,5,0,1,0,0,0,1,0,2,-3.990000000000002,14.1204,0,0
2,0,0,1,17.22,21.21,77,6.0032,3,5,5,0,1,0,0,0,1,0,3,-3.990000000000002,13.259399999999998,0,0
2,0,0,1,16.4,20.455,82,7.0015,4,5,5,0,1,0,0,0,1,0,4,-4.055,13.448,0,0
2,0,0,1,18.86,22.725,59,8.9981,5,5,5,0,1,0,0,0,1,0,5,-3.865000000000002,11.1274,0,0
2,0,0,1,17.22,21.21,77,6.0032,6,5,5,0,1,0,0,0,0,0,6,-3.990000000000002,13.259399999999998,0,0
2,0,0,1,19.68,23.485,59,0.0,7,5,5,0,1,0,0,0,0,0,7,-3.8049999999999997,11.611199999999998,0,0
2,0,0,1,21.32,25.0,52,12.998,8,5,5,0,1,0,0,0,0,0,8,-3.6799999999999997,11.086400000000001,0,0
2,0,0,1,22.14,25.76,49,19.0012,9,5,5,0,1,0,0,0,0,0,9,-3.620000000000001,10.848600000000001,0,0
2,0,0,1,22.96,26.515,49,19.9995,10,5,5,0,1,0,0,0,0,0,10,-3.5549999999999997,11.250399999999999,0,0
2,0,0,1,22.96,26.515,43,0.0,11,5,5,0,1,0,0,1,0,0,11,-3.5549999999999997,9.872800000000002,0,0
2,0,0,1,24.6,31.06,40,12.998,12,5,5,0,1,0,0,1,0,0,12,-6.459999999999997,9.84,0,0
2,0,0,1,24.6,31.06,35,19.0012,13,5,5,0,1,0,0,1,0,0,13,-6.459999999999997,8.61,0,0
2,0,0,3,24.6,31.06,35,11.0014,14,5,5,0,1,0,0,1,0,0,14,-6.459999999999997,8.61,0,1
2,0,0,1,24.6,31.06,38,16.9979,15,5,5,0,1,0,0,1,0,0,15,-6.459999999999997,9.348,0,0
2,0,0,1,24.6,31.06,38,12.998,16,5,5,0,1,0,0,1,0,0,16,-6.459999999999997,9.348,0,0
2,0,0,1,23.78,27.275,40,15.0013,17,5,5,0,1,0,0,0,0,0,17,-3.4949999999999974,9.512,0,0
2,0,0,1,23.78,27.275,37,11.0014,18,5,5,0,1,0,0,0,0,0,18,-3.4949999999999974,8.7986,0,0
2,0,0,1,22.96,26.515,43,12.998,19,5,5,0,1,0,0,0,0,0,19,-3.5549999999999997,9.872800000000002,0,0
2,0,0,1,22.96,26.515,43,8.9981,20,5,5,0,1,0,0,0,0,0,20,-3.5549999999999997,9.872800000000002,0,0
2,0,0,1,22.14,25.76,49,15.0013,21,5,5,0,1,0,0,0,0,0,21,-3.620000000000001,10.848600000000001,0,0
2,0,0,1,22.14,25.76,49,12.998,22,5,5,0,1,0,0,0,0,0,22,-3.620000000000001,10.848600000000001,0,0
2,0,0,1,20.5,24.24,59,7.0015,23,5,5,0,1,0,0,0,0,0,23,-3.7399999999999984,12.095,0,0
2,0,0,2,20.5,24.24,59,7.0015,0,6,5,0,1,0,0,0,1,0,0,-3.7399999999999984,12.095,0,0
2,0,0,2,21.32,25.0,55,0.0,1,6,5,0,1,0,0,0,1,0,1,-3.6799999999999997,11.725999999999999,0,0
2,0,0,1,19.68,23.485,63,0.0,2,6,5,0,1,0,0,0,1,0,2,-3.8049999999999997,12.398399999999999,0,0
2,0,0,1,18.86,22.725,72,6.0032,3,6,5,0,1,0,0,0,1,0,3,-3.865000000000002,13.5792,0,0
2,0,0,1,17.22,21.21,82,0.0,4,6,5,0,1,0,0,0,1,0,4,-3.990000000000002,14.1204,0,0
2,0,0,2,18.04,21.97,77,0.0,5,6,5,0,1,0,0,0,1,0,5,-3.9299999999999997,13.890799999999999,0,0
2,0,0,2,18.04,21.97,82,0.0,6,6,5,0,1,0,0,0,0,0,6,-3.9299999999999997,14.7928,0,0
2,0,0,2,18.86,22.725,82,0.0,7,6,5,0,1,0,0,0,0,0,7,-3.865000000000002,15.4652,0,0
2,0,0,1,21.32,25.0,63,8.9981,8,6,5,0,1,0,0,0,0,0,8,-3.6799999999999997,13.431600000000001,0,0
2,0,0,1,22.96,26.515,52,15.0013,9,6,5,0,1,0,0,0,0,0,9,-3.5549999999999997,11.939200000000001,0,0
2,0,0,1,23.78,27.275,49,8.9981,10,6,5,0,1,0,0,0,0,0,10,-3.4949999999999974,11.6522,0,0
2,0,0,1,23.78,27.275,49,6.0032,11,6,5,0,1,0,0,1,0,0,11,-3.4949999999999974,11.6522,0,0
2,0,0,1,24.6,31.06,46,6.0032,12,6,5,0,1,0,0,1,0,0,12,-6.459999999999997,11.316,0,0
2,0,0,1,24.6,31.06,49,8.9981,13,6,5,0,1,0,0,1,0,0,13,-6.459999999999997,12.054,0,0
2,0,0,1,24.6,31.06,49,0.0,14,6,5,0,1,0,0,1,0,0,14,-6.459999999999997,12.054,0,0
2,0,0,1,24.6,31.06,49,0.0,15,6,5,0,1,0,0,1,0,0,15,-6.459999999999997,12.054,0,0
2,0,0,1,24.6,31.06,46,7.0015,16,6,5,0,1,0,0,1,0,0,16,-6.459999999999997,11.316,0,0
2,0,0,3,23.78,27.275,49,19.0012,17,6,5,0,1,0,0,0,0,0,17,-3.4949999999999974,11.6522,0,1
2,0,0,1,23.78,27.275,49,0.0,18,6,5,0,1,0,0,0,0,0,18,-3.4949999999999974,11.6522,0,0
2,0,0,1,22.96,26.515,64,0.0,19,6,5,0,1,0,0,0,0,0,19,-3.5549999999999997,14.6944,0,0
2,0,0,1,21.32,25.0,77,8.9981,20,6,5,0,1,0,0,0,0,0,20,-3.6799999999999997,16.4164,0,0
2,0,0,1,21.32,25.0,77,6.0032,21,6,5,0,1,0,0,0,0,0,21,-3.6799999999999997,16.4164,0,0
2,0,0,1,20.5,24.24,88,6.0032,22,6,5,0,1,0,0,0,0,0,22,-3.7399999999999984,18.04,0,0
2,0,0,1,18.86,22.725,88,6.0032,23,6,5,0,1,0,0,0,0,0,23,-3.865000000000002,16.596799999999998,0,0
2,0,1,1,18.86,22.725,82,6.0032,0,0,5,0,0,0,0,0,1,0,0,-3.865000000000002,15.4652,0,0
2,0,1,1,18.04,21.97,88,0.0,1,0,5,0,0,0,0,0,1,1,0,-3.9299999999999997,15.8752,0,0
2,0,1,1,18.04,21.97,94,0.0,2,0,5,0,0,0,0,0,1,2,0,-3.9299999999999997,16.9576,0,0
2,0,1,1,18.86,22.725,82,6.0032,3,0,5,0,0,0,0,0,1,3,0,-3.865000000000002,15.4652,0,0
2,0,1,1,17.22,21.21,82,11.0014,4,0,5,0,0,0,0,0,1,4,0,-3.990000000000002,14.1204,0,0
2,0,1,1,17.22,21.21,77,11.0014,5,0,5,0,0,0,0,0,1,5,0,-3.990000000000002,13.259399999999998,0,0
2,0,1,1,18.04,21.97,72,16.9979,6,0,5,0,0,0,0,0,0,6,0,-3.9299999999999997,12.9888,0,0
2,0,1,1,19.68,23.485,63,16.9979,7,0,5,0,0,1,0,0,0,7,0,-3.8049999999999997,12.398399999999999,0,0
2,0,1,1,21.32,25.0,55,15.0013,8,0,5,0,0,1,0,0,0,8,0,-3.6799999999999997,11.725999999999999,0,0
2,0,1,1,22.14,25.76,56,11.0014,9,0,5,0,0,1,0,0,0,9,0,-3.620000000000001,12.398400000000002,0,0
2,0,1,1,22.96,26.515,52,12.998,10,0,5,0,0,0,0,0,0,10,0,-3.5549999999999997,11.939200000000001,0,0
2,0,1,1,24.6,31.06,46,15.0013,11,0,5,0,0,0,0,0,0,11,0,-6.459999999999997,11.316,0,0
2,0,1,1,24.6,31.06,43,12.998,12,0,5,0,0,0,0,0,0,12,0,-6.459999999999997,10.578,0,0
2,0,1,1,25.42,31.06,38,19.0012,13,0,5,0,0,0,0,0,0,13,0,-5.639999999999997,9.659600000000001,0,0
2,0,1,1,25.42,31.06,41,15.0013,14,0,5,0,0,0,0,0,0,14,0,-5.639999999999997,10.4222,0,0
2,0,1,1,25.42,31.06,41,15.0013,15,0,5,0,0,0,0,0,0,15,0,-5.639999999999997,10.4222,0,0
2,0,1,1,26.24,31.06,38,15.0013,16,0,5,0,0,0,0,0,0,16,0,-4.82,9.9712,0,0
2,0,1,1,25.42,31.06,38,16.9979,17,0,5,0,0,0,1,0,0,17,0,-5.639999999999997,9.659600000000001,0,0
2,0,1,1,25.42,31.06,38,19.9995,18,0,5,0,0,0,1,0,0,18,0,-5.639999999999997,9.659600000000001,0,0
2,0,1,1,23.78,27.275,43,12.998,19,0,5,0,0,0,1,0,0,19,0,-3.4949999999999974,10.2254,0,0
2,0,1,1,22.14,25.76,49,12.998,20,0,5,0,0,0,0,0,0,20,0,-3.620000000000001,10.848600000000001,0,0
2,0,1,1,21.32,25.0,59,8.9981,21,0,5,0,0,0,0,0,0,21,0,-3.6799999999999997,12.578800000000001,0,0
2,0,1,1,21.32,25.0,68,6.0032,22,0,5,0,0,0,0,0,0,22,0,-3.6799999999999997,14.4976,0,0
2,0,1,1,20.5,24.24,68,6.0032,23,0,5,0,0,0,0,0,0,23,0,-3.7399999999999984,13.94,0,0
2,0,1,1,19.68,23.485,63,0.0,0,1,5,0,0,0,0,0,1,0,0,-3.8049999999999997,12.398399999999999,0,0
2,0,1,1,18.86,22.725,59,6.0032,1,1,5,0,0,0,0,0,1,1,0,-3.865000000000002,11.1274,0,0
2,0,1,1,18.04,21.97,58,8.9981,2,1,5,0,0,0,0,0,1,2,0,-3.9299999999999997,10.463199999999999,0,0
2,0,1,1,18.04,21.97,54,12.998,3,1,5,0,0,0,0,0,1,3,0,-3.9299999999999997,9.7416,0,0
2,0,1,1,17.22,21.21,62,16.9979,4,1,5,0,0,0,0,0,1,4,0,-3.990000000000002,10.6764,0,0
2,0,1,1,16.4,20.455,66,15.0013,5,1,5,0,0,0,0,0,1,5,0,-4.055,10.823999999999998,0,0
2,0,1,1,17.22,21.21,67,8.9981,6,1,5,0,0,0,0,0,0,6,0,-3.990000000000002,11.5374,0,0
2,0,1,2,18.04,21.97,62,8.9981,7,1,5,0,0,1,0,0,0,7,0,-3.9299999999999997,11.184800000000001,0,0
2,0,1,2,20.5,24.24,51,7.0015,8,1,5,0,0,1,0,0,0,8,0,-3.7399999999999984,10.455,0,0
2,0,1,2,21.32,25.0,48,7.0015,9,1,5,0,0,1,0,0,0,9,0,-3.6799999999999997,10.233600000000001,0,0
2,0,1,2,22.96,26.515,37,6.0032,10,1,5,0,0,0,0,0,0,10,0,-3.5549999999999997,8.4952,0,0
2,0,1,2,22.96,26.515,43,8.9981,11,1,5,0,0,0,0,0,0,11,0,-3.5549999999999997,9.872800000000002,0,0
2,0,1,2,24.6,31.06,38,0.0,12,1,5,0,0,0,0,0,0,12,0,-6.459999999999997,9.348,0,0
2,0,1,2,25.42,31.06,38,16.9979,13,1,5,0,0,0,0,0,0,13,0,-5.639999999999997,9.659600000000001,0,0
2,0,1,2,25.42,31.06,33,0.0,14,1,5,0,0,0,0,0,0,14,0,-5.639999999999997,8.3886,0,0
2,0,1,2,26.24,31.06,33,6.0032,15,1,5,0,0,0,0,0,0,15,0,-4.82,8.6592,0,0
2,0,1,1,27.06,31.06,31,7.0015,16,1,5,0,0,0,0,0,0,16,0,-4.0,8.3886,0,0
2,0,1,1,26.24,31.06,33,0.0,17,1,5,0,0,0,1,0,0,17,0,-4.82,8.6592,0,0
2,0,1,1,26.24,31.06,29,8.9981,18,1,5,0,0,0,1,0,0,18,0,-4.82,7.6095999999999995,0,0
2,0,1,1,24.6,31.06,43,15.0013,19,1,5,0,0,0,1,0,0,19,0,-6.459999999999997,10.578,0,0
2,0,1,1,22.14,25.76,60,8.9981,20,1,5,0,0,0,0,0,0,20,0,-3.620000000000001,13.284,0,0
2,0,1,1,22.14,25.76,52,0.0,21,1,5,0,0,0,0,0,0,21,0,-3.620000000000001,11.5128,0,0
2,0,1,1,21.32,25.0,55,7.0015,22,1,5,0,0,0,0,0,0,22,0,-3.6799999999999997,11.725999999999999,0,0
2,0,1,2,21.32,25.0,59,8.9981,23,1,5,0,0,0,0,0,0,23,0,-3.6799999999999997,12.578800000000001,0,0
2,0,1,2,21.32,25.0,55,8.9981,0,2,5,0,0,0,0,0,1,0,0,-3.6799999999999997,11.725999999999999,0,0
2,0,1,2,20.5,24.24,59,7.0015,1,2,5,0,0,0,0,0,1,1,0,-3.7399999999999984,12.095,0,0
2,0,1,1,21.32,25.0,59,0.0,2,2,5,0,0,0,0,0,1,2,0,-3.6799999999999997,12.578800000000001,0,0
2,0,1,1,20.5,24.24,63,15.0013,3,2,5,0,0,0,0,0,1,3,0,-3.7399999999999984,12.915,0,0
2,0,1,2,19.68,23.485,88,8.9981,4,2,5,0,0,0,0,0,1,4,0,-3.8049999999999997,17.3184,0,0
2,0,1,1,18.86,22.725,88,8.9981,5,2,5,0,0,0,0,0,1,5,0,-3.865000000000002,16.596799999999998,0,0
2,0,1,1,18.86,22.725,82,8.9981,6,2,5,0,0,0,0,0,0,6,0,-3.865000000000002,15.4652,0,0
2,0,1,1,19.68,23.485,72,12.998,7,2,5,0,0,1,0,0,0,7,0,-3.8049999999999997,14.1696,0,0
2,0,1,1,19.68,23.485,77,16.9979,8,2,5,0,0,1,0,0,0,8,0,-3.8049999999999997,15.153599999999999,0,0
2,0,1,1,21.32,25.0,72,8.9981,9,2,5,0,0,1,0,0,0,9,0,-3.6799999999999997,15.3504,0,0
2,0,1,1,22.14,25.76,68,6.0032,10,2,5,0,0,0,0,0,0,10,0,-3.620000000000001,15.0552,0,0
2,0,1,1,22.96,26.515,64,6.0032,11,2,5,0,0,0,0,0,0,11,0,-3.5549999999999997,14.6944,0,0
2,0,1,1,24.6,31.06,56,0.0,12,2,5,0,0,0,0,0,0,12,0,-6.459999999999997,13.776000000000002,0,0
2,0,1,1,25.42,31.06,50,0.0,13,2,5,0,0,0,0,0,0,13,0,-5.639999999999997,12.71,0,0
2,0,1,1,25.42,31.06,53,6.0032,14,2,5,0,0,0,0,0,0,14,0,-5.639999999999997,13.4726,0,0
2,0,1,1,26.24,31.06,41,0.0,15,2,5,0,0,0,0,0,0,15,0,-4.82,10.7584,0,0
2,0,1,1,27.06,31.06,39,0.0,16,2,5,0,0,0,0,0,0,16,0,-4.0,10.5534,0,0
2,0,1,1,26.24,31.06,47,7.0015,17,2,5,0,0,0,1,0,0,17,0,-4.82,12.332799999999999,0,0
2,0,1,1,25.42,31.06,50,19.9995,18,2,5,0,0,0,1,0,0,18,0,-5.639999999999997,12.71,0,0
2,0,1,1,22.96,26.515,52,8.9981,19,2,5,0,0,0,1,0,0,19,0,-3.5549999999999997,11.939200000000001,0,0
2,0,1,1,22.14,25.76,64,8.9981,20,2,5,0,0,0,0,0,0,20,0,-3.620000000000001,14.1696,0,0
2,0,1,1,22.14,25.76,60,0.0,21,2,5,0,0,0,0,0,0,21,0,-3.620000000000001,13.284,0,0
2,0,1,1,20.5,24.24,72,16.9979,22,2,5,0,0,0,0,0,0,22,0,-3.7399999999999984,14.76,0,0
2,0,1,1,18.86,22.725,88,16.9979,23,2,5,0,0,0,0,0,0,23,0,-3.865000000000002,16.596799999999998,0,0
2,0,1,2,18.86,22.725,88,15.0013,0,3,5,0,0,0,0,0,1,0,0,-3.865000000000002,16.596799999999998,0,0
2,0,1,1,18.86,22.725,88,15.0013,1,3,5,0,0,0,0,0,1,1,0,-3.865000000000002,16.596799999999998,0,0
2,0,1,1,18.04,21.97,94,12.998,2,3,5,0,0,0,0,0,1,2,0,-3.9299999999999997,16.9576,0,0
2,0,1,1,18.04,21.97,88,8.9981,3,3,5,0,0,0,0,0,1,3,0,-3.9299999999999997,15.8752,0,0
2,0,1,1,17.22,21.21,94,0.0,4,3,5,0,0,0,0,0,1,4,0,-3.990000000000002,16.186799999999998,0,0
2,0,1,1,17.22,21.21,94,8.9981,5,3,5,0,0,0,0,0,1,5,0,-3.990000000000002,16.186799999999998,0,0
2,0,1,1,18.04,21.97,88,0.0,6,3,5,0,0,0,0,0,0,6,0,-3.9299999999999997,15.8752,0,0
2,0,1,1,18.86,22.725,88,8.9981,7,3,5,0,0,1,0,0,0,7,0,-3.865000000000002,16.596799999999998,0,0
2,0,1,1,19.68,23.485,82,12.998,8,3,5,0,0,1,0,0,0,8,0,-3.8049999999999997,16.1376,0,0
2,0,1,2,20.5,24.24,77,19.0012,9,3,5,0,0,1,0,0,0,9,0,-3.7399999999999984,15.785,0,0
2,0,1,2,22.14,25.76,68,15.0013,10,3,5,0,0,0,0,0,0,10,0,-3.620000000000001,15.0552,0,0
2,0,1,1,23.78,27.275,60,15.0013,11,3,5,0,0,0,0,0,0,11,0,-3.4949999999999974,14.268000000000002,0,0
2,0,1,1,23.78,27.275,60,15.0013,12,3,5,0,0,0,0,0,0,12,0,-3.4949999999999974,14.268000000000002,0,0
2,0,1,2,25.42,31.06,57,19.9995,13,3,5,0,0,0,0,0,0,13,0,-5.639999999999997,14.4894,0,0
2,0,1,2,25.42,30.305,61,15.0013,14,3,5,0,0,0,0,0,0,14,0,-4.884999999999998,15.506200000000002,0,0
2,0,1,2,26.24,31.06,53,16.9979,15,3,5,0,0,0,0,0,0,15,0,-4.82,13.9072,0,0
2,0,1,2,26.24,31.06,57,16.9979,16,3,5,0,0,0,0,0,0,16,0,-4.82,14.956799999999998,0,0
2,0,1,2,26.24,31.06,57,12.998,17,3,5,0,0,0,1,0,0,17,0,-4.82,14.956799999999998,0,0
2,0,1,1,25.42,30.305,69,15.0013,18,3,5,0,0,0,1,0,0,18,0,-4.884999999999998,17.5398,0,0
2,0,1,2,24.6,30.305,64,12.998,19,3,5,0,0,0,1,0,0,19,0,-5.704999999999998,15.744000000000002,0,0
2,0,1,1,24.6,30.305,64,12.998,20,3,5,0,0,0,0,0,0,20,0,-5.704999999999998,15.744000000000002,0,0
2,0,1,1,22.96,26.515,83,8.9981,21,3,5,0,0,0,0,0,0,21,0,-3.5549999999999997,19.0568,0,0
2,0,1,1,22.14,25.76,83,12.998,22,3,5,0,0,0,0,0,0,22,0,-3.620000000000001,18.3762,0,0
2,0,1,2,22.14,25.76,77,12.998,23,3,5,0,0,0,0,0,0,23,0,-3.620000000000001,17.0478,0,0
2,0,1,2,21.32,25.0,83,11.0014,0,4,5,0,0,0,0,0,1,0,0,-3.6799999999999997,17.6956,0,0
2,0,1,1,21.32,25.0,83,11.0014,1,4,5,0,0,0,0,0,1,1,0,-3.6799999999999997,17.6956,0,0
2,0,1,2,20.5,24.24,88,8.9981,2,4,5,0,0,0,0,0,1,2,0,-3.7399999999999984,18.04,0,0
2,0,1,2,20.5,24.24,88,8.9981,3,4,5,0,0,0,0,0,1,3,0,-3.7399999999999984,18.04,0,0
2,0,1,3,20.5,24.24,88,11.0014,4,4,5,0,0,0,0,0,1,4,0,-3.7399999999999984,18.04,0,1
2,0,1,2,20.5,24.24,88,12.998,5,4,5,0,0,0,0,0,1,5,0,-3.7399999999999984,18.04,0,0
2,0,1,3,20.5,24.24,88,8.9981,6,4,5,0,0,0,0,0,0,6,0,-3.7399999999999984,18.04,0,1
2,0,1,3,20.5,24.24,88,11.0014,7,4,5,0,0,1,0,0,0,7,0,-3.7399999999999984,18.04,0,1
2,0,1,2,20.5,24.24,88,12.998,8,4,5,0,0,1,0,0,0,8,0,-3.7399999999999984,18.04,0,0
2,0,1,2,20.5,24.24,88,12.998,9,4,5,0,0,1,0,0,0,9,0,-3.7399999999999984,18.04,0,0
2,0,1,2,21.32,25.0,83,8.9981,10,4,5,0,0,0,0,0,0,10,0,-3.6799999999999997,17.6956,0,0
2,0,1,2,21.32,25.0,83,11.0014,11,4,5,0,0,0,0,0,0,11,0,-3.6799999999999997,17.6956,0,0
2,0,1,2,21.32,25.0,88,12.998,12,4,5,0,0,0,0,0,0,12,0,-3.6799999999999997,18.7616,0,0
2,0,1,2,21.32,25.0,88,26.0027,13,4,5,0,0,0,0,0,0,13,0,-3.6799999999999997,18.7616,0,0
2,0,1,2,21.32,25.0,87,19.0012,14,4,5,0,0,0,0,0,0,14,0,-3.6799999999999997,18.5484,0,0
2,0,1,2,21.32,25.0,88,11.0014,15,4,5,0,0,0,0,0,0,15,0,-3.6799999999999997,18.7616,0,0
2,0,1,2,21.32,25.0,88,8.9981,16,4,5,0,0,0,0,0,0,16,0,-3.6799999999999997,18.7616,0,0
2,0,1,3,21.32,25.0,88,11.0014,17,4,5,0,0,0,1,0,0,17,0,-3.6799999999999997,18.7616,0,1
2,0,1,3,21.32,25.0,88,11.0014,18,4,5,0,0,0,1,0,0,18,0,-3.6799999999999997,18.7616,0,1
2,0,1,2,21.32,25.0,83,12.998,19,4,5,0,0,0,1,0,0,19,0,-3.6799999999999997,17.6956,0,0
2,0,1,2,21.32,25.0,83,8.9981,20,4,5,0,0,0,0,0,0,20,0,-3.6799999999999997,17.6956,0,0
2,0,1,2,21.32,25.0,84,11.0014,21,4,5,0,0,0,0,0,0,21,0,-3.6799999999999997,17.9088,0,0
2,0,1,2,21.32,25.0,83,15.0013,22,4,5,0,0,0,0,0,0,22,0,-3.6799999999999997,17.6956,0,0
2,0,1,3,20.5,24.24,88,11.0014,23,4,5,0,0,0,0,0,0,23,0,-3.7399999999999984,18.04,0,1
2,0,0,2,20.5,24.24,88,8.9981,0,5,5,0,1,0,0,0,1,0,0,-3.7399999999999984,18.04,0,0
2,0,0,2,20.5,24.24,88,8.9981,1,5,5,0,1,0,0,0,1,0,1,-3.7399999999999984,18.04,0,0
2,0,0,2,20.5,24.24,88,8.9981,2,5,5,0,1,0,0,0,1,0,2,-3.7399999999999984,18.04,0,0
2,0,0,2,20.5,24.24,88,8.9981,3,5,5,0,1,0,0,0,1,0,3,-3.7399999999999984,18.04,0,0
2,0,0,2,20.5,24.24,82,11.0014,4,5,5,0,1,0,0,0,1,0,4,-3.7399999999999984,16.81,0,0
2,0,0,2,20.5,24.24,82,7.0015,5,5,5,0,1,0,0,0,1,0,5,-3.7399999999999984,16.81,0,0
2,0,0,2,20.5,24.24,88,7.0015,6,5,5,0,1,0,0,0,0,0,6,-3.7399999999999984,18.04,0,0
2,0,0,3,19.68,23.485,100,0.0,7,5,5,0,1,0,0,0,0,0,7,-3.8049999999999997,19.68,0,1
2,0,0,3,20.5,24.24,94,0.0,8,5,5,0,1,0,0,0,0,0,8,-3.7399999999999984,19.27,0,1
2,0,0,2,21.32,25.0,94,6.0032,9,5,5,0,1,0,0,0,0,0,9,-3.6799999999999997,20.0408,0,0
2,0,0,2,21.32,25.0,94,11.0014,10,5,5,0,1,0,0,0,0,0,10,-3.6799999999999997,20.0408,0,0
2,0,0,2,21.32,25.0,94,8.9981,11,5,5,0,1,0,0,1,0,0,11,-3.6799999999999997,20.0408,0,0
2,0,0,3,21.32,25.0,100,6.0032,12,5,5,0,1,0,0,1,0,0,12,-3.6799999999999997,21.32,0,1
2,0,0,3,21.32,25.0,100,6.0032,13,5,5,0,1,0,0,1,0,0,13,-3.6799999999999997,21.32,0,1
2,0,0,2,22.14,25.76,94,8.9981,14,5,5,0,1,0,0,1,0,0,14,-3.620000000000001,20.8116,0,0
2,0,0,2,22.14,25.76,94,11.0014,15,5,5,0,1,0,0,1,0,0,15,-3.620000000000001,20.8116,0,0
2,0,0,2,22.14,25.76,94,12.998,16,5,5,0,1,0,0,1,0,0,16,-3.620000000000001,20.8116,0,0
2,0,0,2,22.96,26.515,88,12.998,17,5,5,0,1,0,0,0,0,0,17,-3.5549999999999997,20.2048,0,0
2,0,0,2,22.96,26.515,88,15.0013,18,5,5,0,1,0,0,0,0,0,18,-3.5549999999999997,20.2048,0,0
2,0,0,3,22.14,25.76,94,8.9981,19,5,5,0,1,0,0,0,0,0,19,-3.620000000000001,20.8116,0,1
2,0,0,3,22.14,25.76,94,8.9981,20,5,5,0,1,0,0,0,0,0,20,-3.620000000000001,20.8116,0,1
2,0,0,3,22.14,25.76,94,15.0013,21,5,5,0,1,0,0,0,0,0,21,-3.620000000000001,20.8116,0,1
2,0,0,3,22.14,25.76,94,11.0014,22,5,5,0,1,0,0,0,0,0,22,-3.620000000000001,20.8116,0,1
2,0,0,3,21.32,25.0,100,12.998,23,5,5,0,1,0,0,0,0,0,23,-3.6799999999999997,21.32,0,1
2,0,0,2,21.32,25.0,100,0.0,0,6,5,0,1,0,0,0,1,0,0,-3.6799999999999997,21.32,0,0
2,0,0,2,21.32,25.0,100,7.0015,1,6,5,0,1,0,0,0,1,0,1,-3.6799999999999997,21.32,0,0
2,0,0,2,21.32,25.0,100,8.9981,2,6,5,0,1,0,0,0,1,0,2,-3.6799999999999997,21.32,0,0
2,0,0,2,21.32,25.0,100,0.0,3,6,5,0,1,0,0,0,1,0,3,-3.6799999999999997,21.32,0,0
2,0,0,2,21.32,25.0,100,0.0,4,6,5,0,1,0,0,0,1,0,4,-3.6799999999999997,21.32,0,0
2,0,0,3,21.32,25.0,100,7.0015,5,6,5,0,1,0,0,0,1,0,5,-3.6799999999999997,21.32,0,1
2,0,0,2,21.32,25.0,100,8.9981,6,6,5,0,1,0,0,0,0,0,6,-3.6799999999999997,21.32,0,0
2,0,0,2,21.32,25.0,100,8.9981,7,6,5,0,1,0,0,0,0,0,7,-3.6799999999999997,21.32,0,0
2,0,0,2,22.14,25.76,94,8.9981,8,6,5,0,1,0,0,0,0,0,8,-3.620000000000001,20.8116,0,0
2,0,0,1,23.78,27.275,83,16.9979,9,6,5,0,1,0,0,0,0,0,9,-3.4949999999999974,19.7374,0,0
2,0,0,1,23.78,27.275,83,15.0013,10,6,5,0,1,0,0,0,0,0,10,-3.4949999999999974,19.7374,0,0
2,0,0,1,24.6,28.79,78,15.0013,11,6,5,0,1,0,0,1,0,0,11,-4.189999999999998,19.188000000000002,0,0
2,0,0,1,25.42,29.545,73,19.9995,12,6,5,0,1,0,0,1,0,0,12,-4.125,18.5566,0,0
2,0,0,1,25.42,29.545,73,19.0012,13,6,5,0,1,0,0,1,0,0,13,-4.125,18.5566,0,0
2,0,0,1,26.24,30.305,73,12.998,14,6,5,0,1,0,0,1,0,0,14,-4.065000000000001,19.1552,0,0
2,0,0,1,27.06,31.06,69,16.9979,15,6,5,0,1,0,0,1,0,0,15,-4.0,18.6714,0,0
2,0,0,1,26.24,30.305,69,16.9979,16,6,5,0,1,0,0,1,0,0,16,-4.065000000000001,18.1056,0,0
2,0,0,3,22.96,26.515,78,23.9994,17,6,5,0,1,0,0,0,0,0,17,-3.5549999999999997,17.9088,0,1
2,0,0,1,22.96,26.515,78,16.9979,18,6,5,0,1,0,0,0,0,0,18,-3.5549999999999997,17.9088,0,0
2,0,0,1,22.96,26.515,83,7.0015,19,6,5,0,1,0,0,0,0,0,19,-3.5549999999999997,19.0568,0,0
2,0,0,1,22.14,25.76,88,0.0,20,6,5,0,1,0,0,0,0,0,20,-3.620000000000001,19.4832,0,0
2,0,0,1,22.14,25.76,88,0.0,21,6,5,0,1,0,0,0,0,0,21,-3.620000000000001,19.4832,0,0
2,0,0,1,22.96,26.515,83,0.0,22,6,5,0,1,0,0,0,0,0,22,-3.5549999999999997,19.0568,0,0
2,0,0,1,22.14,25.76,88,15.0013,23,6,5,0,1,0,0,0,0,0,23,-3.620000000000001,19.4832,0,0
2,0,1,1,21.32,25.0,94,7.0015,0,0,5,0,0,0,0,0,1,0,0,-3.6799999999999997,20.0408,0,0
2,0,1,1,21.32,25.0,94,8.9981,1,0,5,0,0,0,0,0,1,1,0,-3.6799999999999997,20.0408,0,0
2,0,1,1,20.5,24.24,100,6.0032,2,0,5,0,0,0,0,0,1,2,0,-3.7399999999999984,20.5,0,0
2,0,1,1,20.5,24.24,94,11.0014,3,0,5,0,0,0,0,0,1,3,0,-3.7399999999999984,19.27,0,0
2,0,1,1,20.5,24.24,100,8.9981,4,0,5,0,0,0,0,0,1,4,0,-3.7399999999999984,20.5,0,0
2,0,1,1,20.5,24.24,93,12.998,5,0,5,0,0,0,0,0,1,5,0,-3.7399999999999984,19.065,0,0
2,0,1,1,21.32,25.0,88,11.0014,6,0,5,0,0,0,0,0,0,6,0,-3.6799999999999997,18.7616,0,0
2,0,1,1,21.32,25.0,83,19.0012,7,0,5,0,0,1,0,0,0,7,0,-3.6799999999999997,17.6956,0,0
2,0,1,1,22.96,26.515,73,19.9995,8,0,5,0,0,1,0,0,0,8,0,-3.5549999999999997,16.760800000000003,0,0
2,0,1,1,24.6,29.545,69,12.998,9,0,5,0,0,1,0,0,0,9,0,-4.945,16.974,0,0
2,0,1,1,25.42,30.305,65,6.0032,10,0,5,0,0,0,0,0,0,10,0,-4.884999999999998,16.523000000000003,0,0
2,0,1,1,26.24,31.06,57,0.0,11,0,5,0,0,0,0,0,0,11,0,-4.82,14.956799999999998,0,0
2,0,1,1,27.06,31.06,54,6.0032,12,0,5,0,0,0,0,0,0,12,0,-4.0,14.612400000000001,0,0
2,0,1,1,27.88,31.82,51,0.0,13,0,5,0,0,0,0,0,0,13,0,-3.9400000000000013,14.218799999999998,0,0
2,0,1,1,27.88,31.82,51,0.0,14,0,5,0,0,0,0,0,0,14,0,-3.9400000000000013,14.218799999999998,0,0
2,0,1,1,29.52,33.335,51,0.0,15,0,5,0,0,0,0,0,0,15,0,-3.8150000000000013,15.0552,0,0
2,0,1,3,24.6,28.79,78,16.9979,16,0,5,0,0,0,0,0,0,16,0,-4.189999999999998,19.188000000000002,0,1
2,0,1,1,23.78,27.275,88,15.0013,17,0,5,0,0,0,1,0,0,17,0,-3.4949999999999974,20.926400000000005,0,0
2,0,1,3,23.78,27.275,83,12.998,18,0,5,0,0,0,1,0,0,18,0,-3.4949999999999974,19.7374,0,1
2,0,1,1,23.78,27.275,83,16.9979,19,0,5,0,0,0,1,0,0,19,0,-3.4949999999999974,19.7374,0,0
2,0,1,1,23.78,27.275,83,0.0,20,0,5,0,0,0,0,0,0,20,0,-3.4949999999999974,19.7374,0,0
2,0,1,1,23.78,27.275,83,0.0,21,0,5,0,0,0,0,0,0,21,0,-3.4949999999999974,19.7374,0,0
2,0,1,1,22.96,26.515,88,6.0032,22,0,5,0,0,0,0,0,0,22,0,-3.5549999999999997,20.2048,0,0
2,0,1,1,22.96,26.515,88,6.0032,23,0,5,0,0,0,0,0,0,23,0,-3.5549999999999997,20.2048,0,0
2,0,1,2,22.96,26.515,88,0.0,0,1,5,0,0,0,0,0,1,0,0,-3.5549999999999997,20.2048,0,0
2,0,1,3,22.96,26.515,88,0.0,1,1,5,0,0,0,0,0,1,1,0,-3.5549999999999997,20.2048,0,1
2,0,1,3,22.96,26.515,88,0.0,2,1,5,0,0,0,0,0,1,2,0,-3.5549999999999997,20.2048,0,1
2,0,1,3,22.14,25.76,94,16.9979,3,1,5,0,0,0,0,0,1,3,0,-3.620000000000001,20.8116,0,1
2,0,1,3,22.14,25.76,94,16.9979,4,1,5,0,0,0,0,0,1,4,0,-3.620000000000001,20.8116,0,1
2,0,1,3,21.32,25.0,94,16.9979,5,1,5,0,0,0,0,0,1,5,0,-3.6799999999999997,20.0408,0,1
2,0,1,3,21.32,25.0,94,16.9979,6,1,5,0,0,0,0,0,0,6,0,-3.6799999999999997,20.0408,0,1
2,0,1,2,21.32,25.0,94,16.9979,7,1,5,0,0,1,0,0,0,7,0,-3.6799999999999997,20.0408,0,0
2,0,1,2,21.32,25.0,94,19.9995,8,1,5,0,0,1,0,0,0,8,0,-3.6799999999999997,20.0408,0,0
2,0,1,2,22.14,25.76,88,16.9979,9,1,5,0,0,1,0,0,0,9,0,-3.620000000000001,19.4832,0,0
2,0,1,3,22.14,25.76,88,16.9979,10,1,5,0,0,0,0,0,0,10,0,-3.620000000000001,19.4832,0,1
2,0,1,2,22.96,26.515,83,27.9993,11,1,5,0,0,0,0,0,0,11,0,-3.5549999999999997,19.0568,0,0
2,0,1,3,22.96,26.515,83,27.9993,12,1,5,0,0,0,0,0,0,12,0,-3.5549999999999997,19.0568,0,1
2,0,1,2,22.96,26.515,88,22.0028,13,1,5,0,0,0,0,0,0,13,0,-3.5549999999999997,20.2048,0,0
2,0,1,1,25.42,29.545,73,31.0009,14,1,5,0,0,0,0,0,0,14,0,-4.125,18.5566,0,0
2,0,1,1,25.42,30.305,69,30.0026,15,1,5,0,0,0,0,0,0,15,0,-4.884999999999998,17.5398,0,0
2,0,1,1,25.42,30.305,61,22.0028,16,1,5,0,0,0,0,0,0,16,0,-4.884999999999998,15.506200000000002,0,0
2,0,1,1,25.42,30.305,65,27.9993,17,1,5,0,0,0,1,0,0,17,0,-4.884999999999998,16.523000000000003,0,0
2,0,1,1,24.6,29.545,69,19.9995,18,1,5,0,0,0,1,0,0,18,0,-4.945,16.974,0,0
2,0,1,1,24.6,29.545,69,16.9979,19,1,5,0,0,0,1,0,0,19,0,-4.945,16.974,0,0
2,0,1,1,23.78,27.275,83,27.9993,20,1,5,0,0,0,0,0,0,20,0,-3.4949999999999974,19.7374,0,0
2,0,1,1,22.14,25.76,88,16.9979,21,1,5,0,0,0,0,0,0,21,0,-3.620000000000001,19.4832,0,0
2,0,1,2,22.14,25.76,88,19.0012,22,1,5,0,0,0,0,0,0,22,0,-3.620000000000001,19.4832,0,0
2,0,1,2,22.14,25.76,88,16.9979,23,1,5,0,0,0,0,0,0,23,0,-3.620000000000001,19.4832,0,0
2,0,1,2,22.14,25.76,88,15.0013,0,2,5,0,0,0,0,0,1,0,0,-3.620000000000001,19.4832,0,0
2,0,1,2,22.14,25.76,88,16.9979,1,2,5,0,0,0,0,0,1,1,0,-3.620000000000001,19.4832,0,0
2,0,1,3,21.32,25.0,94,15.0013,2,2,5,0,0,0,0,0,1,2,0,-3.6799999999999997,20.0408,0,1
2,0,1,3,21.32,25.0,94,19.9995,3,2,5,0,0,0,0,0,1,3,0,-3.6799999999999997,20.0408,0,1
2,0,1,3,21.32,25.0,94,19.9995,4,2,5,0,0,0,0,0,1,4,0,-3.6799999999999997,20.0408,0,1
2,0,1,1,21.32,25.0,100,15.0013,5,2,5,0,0,0,0,0,1,5,0,-3.6799999999999997,21.32,0,0
2,0,1,1,21.32,25.0,100,8.9981,6,2,5,0,0,0,0,0,0,6,0,-3.6799999999999997,21.32,0,0
2,0,1,1,22.14,25.76,88,12.998,7,2,5,0,0,1,0,0,0,7,0,-3.620000000000001,19.4832,0,0
2,0,1,1,22.96,26.515,88,19.0012,8,2,5,0,0,1,0,0,0,8,0,-3.5549999999999997,20.2048,0,0
2,0,1,3,22.96,26.515,83,16.9979,9,2,5,0,0,1,0,0,0,9,0,-3.5549999999999997,19.0568,0,1
2,0,1,3,22.14,25.76,88,19.0012,10,2,5,0,0,0,0,0,0,10,0,-3.620000000000001,19.4832,0,1
2,0,1,2,22.14,25.76,94,6.0032,11,2,5,0,0,0,0,0,0,11,0,-3.620000000000001,20.8116,0,0
2,0,1,1,22.96,26.515,94,19.9995,12,2,5,0,0,0,0,0,0,12,0,-3.5549999999999997,21.582400000000003,0,0
2,0,1,2,22.96,26.515,83,22.0028,13,2,5,0,0,0,0,0,0,13,0,-3.5549999999999997,19.0568,0,0
2,0,1,2,23.78,27.275,78,19.0012,14,2,5,0,0,0,0,0,0,14,0,-3.4949999999999974,18.5484,0,0
2,0,1,1,24.6,28.79,78,16.9979,15,2,5,0,0,0,0,0,0,15,0,-4.189999999999998,19.188000000000002,0,0
2,0,1,1,24.6,29.545,73,12.998,16,2,5,0,0,0,0,0,0,16,0,-4.945,17.958000000000002,0,0
2,0,1,1,24.6,29.545,69,8.9981,17,2,5,0,0,0,1,0,0,17,0,-4.945,16.974,0,0
2,0,1,1,24.6,29.545,73,15.0013,18,2,5,0,0,0,1,0,0,18,0,-4.945,17.958000000000002,0,0
2,0,1,3,22.96,26.515,88,8.9981,19,2,5,0,0,0,1,0,0,19,0,-3.5549999999999997,20.2048,0,1
2,0,1,3,22.96,26.515,88,8.9981,20,2,5,0,0,0,0,0,0,20,0,-3.5549999999999997,20.2048,0,1
2,0,1,1,21.32,25.0,88,0.0,21,2,5,0,0,0,0,0,0,21,0,-3.6799999999999997,18.7616,0,0
2,0,1,1,21.32,25.0,83,0.0,22,2,5,0,0,0,0,0,0,22,0,-3.6799999999999997,17.6956,0,0
2,0,1,1,21.32,25.0,94,6.0032,23,2,5,0,0,0,0,0,0,23,0,-3.6799999999999997,20.0408,0,0
2,0,1,1,21.32,25.0,94,7.0015,0,3,5,0,0,0,0,0,1,0,0,-3.6799999999999997,20.0408,0,0
2,0,1,1,20.5,24.24,94,0.0,1,3,5,0,0,0,0,0,1,1,0,-3.7399999999999984,19.27,0,0
2,0,1,1,20.5,24.24,94,0.0,2,3,5,0,0,0,0,0,1,2,0,-3.7399999999999984,19.27,0,0
2,0,1,1,19.68,23.485,100,0.0,3,3,5,0,0,0,0,0,1,3,0,-3.8049999999999997,19.68,0,0
2,0,1,1,19.68,23.485,94,0.0,4,3,5,0,0,0,0,0,1,4,0,-3.8049999999999997,18.499200000000002,0,0
2,0,1,1,19.68,23.485,94,0.0,5,3,5,0,0,0,0,0,1,5,0,-3.8049999999999997,18.499200000000002,0,0
2,0,1,2,20.5,24.24,94,0.0,6,3,5,0,0,0,0,0,0,6,0,-3.7399999999999984,19.27,0,0
2,0,1,2,20.5,24.24,100,0.0,7,3,5,0,0,1,0,0,0,7,0,-3.7399999999999984,20.5,0,0
2,0,1,2,21.32,25.0,88,0.0,8,3,5,0,0,1,0,0,0,8,0,-3.6799999999999997,18.7616,0,0
2,0,1,2,22.14,25.76,88,6.0032,9,3,5,0,0,1,0,0,0,9,0,-3.620000000000001,19.4832,0,0
2,0,1,2,22.14,25.76,83,0.0,10,3,5,0,0,0,0,0,0,10,0,-3.620000000000001,18.3762,0,0
2,0,1,3,22.14,25.76,88,11.0014,11,3,5,0,0,0,0,0,0,11,0,-3.620000000000001,19.4832,0,1
2,0,1,2,23.78,27.275,78,7.0015,12,3,5,0,0,0,0,0,0,12,0,-3.4949999999999974,18.5484,0,0
2,0,1,3,23.78,27.275,64,16.9979,13,3,5,0,0,0,0,0,0,13,0,-3.4949999999999974,15.2192,0,1
2,0,1,3,22.14,25.76,73,12.998,14,3,5,0,0,0,0,0,0,14,0,-3.620000000000001,16.1622,0,1
2,0,1,1,22.96,26.515,78,11.0014,15,3,5,0,0,0,0,0,0,15,0,-3.5549999999999997,17.9088,0,0
2,0,1,1,23.78,27.275,64,12.998,16,3,5,0,0,0,0,0,0,16,0,-3.4949999999999974,15.2192,0,0
2,0,1,1,22.96,26.515,78,11.0014,17,3,5,0,0,0,1,0,0,17,0,-3.5549999999999997,17.9088,0,0
2,0,1,1,24.6,31.06,55,11.0014,18,3,5,0,0,0,1,0,0,18,0,-6.459999999999997,13.53,0,0
2,0,1,1,23.78,27.275,60,8.9981,19,3,5,0,0,0,1,0,0,19,0,-3.4949999999999974,14.268000000000002,0,0
2,0,1,1,22.14,25.76,77,19.0012,20,3,5,0,0,0,0,0,0,20,0,-3.620000000000001,17.0478,0,0
2,0,1,1,22.14,25.76,77,19.0012,21,3,5,0,0,0,0,0,0,21,0,-3.620000000000001,17.0478,0,0
2,0,1,3,20.5,24.24,82,19.9995,22,3,5,0,0,0,0,0,0,22,0,-3.7399999999999984,16.81,0,1
2,0,1,1,19.68,23.485,94,0.0,23,3,5,0,0,0,0,0,0,23,0,-3.8049999999999997,18.499200000000002,0,0
2,0,1,1,28.7,33.335,79,11.0014,0,2,6,0,0,0,0,0,1,0,0,-4.635000000000002,22.673,0,0
2,0,1,1,28.7,33.335,84,16.9979,1,2,6,0,0,0,0,0,1,1,0,-4.635000000000002,24.107999999999997,0,0
2,0,1,1,28.7,33.335,79,11.0014,2,2,6,0,0,0,0,0,1,2,0,-4.635000000000002,22.673,0,0
2,0,1,1,27.88,31.82,89,12.998,3,2,6,0,0,0,0,0,1,3,0,-3.9400000000000013,24.8132,0,0
2,0,1,2,27.88,31.82,89,15.0013,4,2,6,0,0,0,0,0,1,4,0,-3.9400000000000013,24.8132,0,0
2,0,1,2,27.06,29.545,89,6.0032,5,2,6,0,0,0,0,0,1,5,0,-2.485000000000003,24.083399999999997,0,0
2,0,1,2,27.88,31.82,89,6.0032,6,2,6,0,0,0,0,0,0,6,0,-3.9400000000000013,24.8132,0,0
2,0,1,2,28.7,33.335,79,11.0014,7,2,6,0,0,1,0,0,0,7,0,-4.635000000000002,22.673,0,0
2,0,1,2,29.52,34.85,79,12.998,8,2,6,0,0,1,0,0,0,8,0,-5.330000000000002,23.3208,0,0
2,0,1,2,30.34,35.605,74,15.0013,9,2,6,0,0,1,0,0,0,9,0,-5.264999999999997,22.4516,0,0
2,0,1,2,31.16,37.12,75,16.9979,10,2,6,0,0,0,0,0,0,10,0,-5.959999999999997,23.37,0,0
2,0,1,2,33.62,40.15,59,15.0013,11,2,6,0,0,0,0,0,0,11,0,-6.530000000000001,19.8358,0,0
2,0,1,1,35.26,41.665,53,0.0,12,2,6,0,0,0,0,0,0,12,0,-6.405000000000001,18.6878,0,0
2,0,1,1,36.9,40.91,37,12.998,13,2,6,0,0,0,0,0,0,13,0,-4.009999999999998,13.652999999999999,0,0
2,0,1,1,36.9,40.91,37,16.9979,14,2,6,0,0,0,0,0,0,14,0,-4.009999999999998,13.652999999999999,0,0
2,0,1,1,36.9,41.665,39,19.9995,15,2,6,0,0,0,0,0,0,15,0,-4.765000000000001,14.390999999999998,0,0
2,0,1,1,35.26,40.15,47,19.9995,16,2,6,0,0,0,0,0,0,16,0,-4.890000000000001,16.5722,0,0
2,0,1,1,35.26,40.15,47,19.9995,17,2,6,0,0,0,1,0,0,17,0,-4.890000000000001,16.5722,0,0
2,0,1,3,33.62,39.395,56,26.0027,18,2,6,0,0,0,1,0,0,18,0,-5.775000000000006,18.827199999999998,0,1
2,0,1,2,30.34,35.605,79,11.0014,19,2,6,0,0,0,1,0,0,19,0,-5.264999999999997,23.968600000000002,0,0
2,0,1,2,30.34,35.605,79,16.9979,20,2,6,0,0,0,0,0,0,20,0,-5.264999999999997,23.968600000000002,0,0
2,0,1,1,30.34,34.85,70,19.0012,21,2,6,0,0,0,0,0,0,21,0,-4.510000000000002,21.238000000000003,0,0
2,0,1,1,30.34,34.85,66,8.9981,22,2,6,0,0,0,0,0,0,22,0,-4.510000000000002,20.0244,0,0
2,0,1,1,30.34,33.335,51,11.0014,23,2,6,0,0,0,0,0,0,23,0,-2.995000000000001,15.4734,0,0
2,0,1,1,30.34,32.575,40,23.9994,0,3,6,0,0,0,0,0,1,0,0,-2.235000000000003,12.136,0,0
2,0,1,1,29.52,32.575,38,7.0015,1,3,6,0,0,0,0,0,1,1,0,-3.0550000000000033,11.2176,0,0
2,0,1,1,28.7,31.82,39,0.0,2,3,6,0,0,0,0,0,1,2,0,-3.120000000000001,11.193,0,0
2,0,1,1,27.06,31.06,44,7.0015,3,3,6,0,0,0,0,0,1,3,0,-4.0,11.906399999999998,0,0
2,0,1,1,27.06,31.06,41,12.998,4,3,6,0,0,0,0,0,1,4,0,-4.0,11.0946,0,0
2,0,1,1,27.06,31.06,39,15.0013,5,3,6,0,0,0,0,0,1,5,0,-4.0,10.5534,0,0
2,0,1,1,27.06,31.06,39,8.9981,6,3,6,0,0,0,0,0,0,6,0,-4.0,10.5534,0,0
2,0,1,1,28.7,31.82,34,16.9979,7,3,6,0,0,1,0,0,0,7,0,-3.120000000000001,9.758,0,0
2,0,1,1,28.7,31.82,32,19.9995,8,3,6,0,0,1,0,0,0,8,0,-3.120000000000001,9.184,0,0
2,0,1,1,29.52,31.82,26,23.9994,9,3,6,0,0,1,0,0,0,9,0,-2.3000000000000007,7.6752,0,0
2,0,1,1,29.52,32.575,28,32.9975,10,3,6,0,0,0,0,0,0,10,0,-3.0550000000000033,8.2656,0,0
2,0,1,1,30.34,32.575,28,26.0027,11,3,6,0,0,0,0,0,0,11,0,-2.235000000000003,8.4952,0,0
2,0,1,1,31.16,33.335,25,31.0009,12,3,6,0,0,0,0,0,0,12,0,-2.1750000000000007,7.79,0,0
2,0,1,1,32.8,34.09,24,23.9994,13,3,6,0,0,0,0,0,0,13,0,-1.2900000000000063,7.871999999999999,0,0
2,0,1,1,31.98,33.335,24,22.0028,14,3,6,0,0,0,0,0,0,14,0,-1.3550000000000004,7.6752,0,0
2,0,1,1,32.8,34.09,21,26.0027,15,3,6,0,0,0,0,0,0,15,0,-1.2900000000000063,6.888,0,0
2,0,1,1,32.8,34.09,22,32.9975,16,3,6,0,0,0,0,0,0,16,0,-1.2900000000000063,7.215999999999999,0,0
2,0,1,1,31.16,32.575,20,35.0008,17,3,6,0,0,0,1,0,0,17,0,-1.4150000000000027,6.232,0,0
2,0,1,1,30.34,32.575,22,26.0027,18,3,6,0,0,0,1,0,0,18,0,-2.235000000000003,6.6748,0,0
2,0,1,1,29.52,31.82,23,19.9995,19,3,6,0,0,0,1,0,0,19,0,-2.3000000000000007,6.7896,0,0
2,0,1,1,28.7,31.82,24,12.998,20,3,6,0,0,0,0,0,0,20,0,-3.120000000000001,6.888,0,0
2,0,1,1,27.06,31.06,31,12.998,21,3,6,0,0,0,0,0,0,21,0,-4.0,8.3886,0,0
2,0,1,1,26.24,31.06,33,16.9979,22,3,6,0,0,0,0,0,0,22,0,-4.82,8.6592,0,0
2,0,1,1,25.42,31.06,35,15.0013,23,3,6,0,0,0,0,0,0,23,0,-5.639999999999997,8.897,0,0
2,0,1,1,25.42,31.06,38,19.0012,0,4,6,0,0,0,0,0,1,0,0,-5.639999999999997,9.659600000000001,0,0
2,0,1,1,24.6,31.06,38,23.9994,1,4,6,0,0,0,0,0,1,1,0,-6.459999999999997,9.348,0,0
2,0,1,1,22.96,26.515,43,15.0013,2,4,6,0,0,0,0,0,1,2,0,-3.5549999999999997,9.872800000000002,0,0
2,0,1,1,22.14,25.76,49,15.0013,3,4,6,0,0,0,0,0,1,3,0,-3.620000000000001,10.848600000000001,0,0
2,0,1,1,21.32,25.0,48,22.0028,4,4,6,0,0,0,0,0,1,4,0,-3.6799999999999997,10.233600000000001,0,0
2,0,1,1,21.32,25.0,48,23.9994,5,4,6,0,0,0,0,0,1,5,0,-3.6799999999999997,10.233600000000001,0,0
2,0,1,1,22.14,25.76,45,19.9995,6,4,6,0,0,0,0,0,0,6,0,-3.620000000000001,9.963000000000001,0,0
2,0,1,1,22.14,25.76,45,16.9979,7,4,6,0,0,1,0,0,0,7,0,-3.620000000000001,9.963000000000001,0,0
2,0,1,2,22.96,26.515,43,22.0028,8,4,6,0,0,1,0,0,0,8,0,-3.5549999999999997,9.872800000000002,0,0
2,0,1,1,23.78,27.275,40,11.0014,9,4,6,0,0,1,0,0,0,9,0,-3.4949999999999974,9.512,0,0
2,0,1,1,25.42,31.06,33,16.9979,10,4,6,0,0,0,0,0,0,10,0,-5.639999999999997,8.3886,0,0
2,0,1,1,26.24,31.06,31,22.0028,11,4,6,0,0,0,0,0,0,11,0,-4.82,8.1344,0,0
2,0,1,1,27.06,31.06,27,19.0012,12,4,6,0,0,0,0,0,0,12,0,-4.0,7.3062000000000005,0,0
2,0,1,1,27.88,31.06,26,16.9979,13,4,6,0,0,0,0,0,0,13,0,-3.1799999999999997,7.2488,0,0
2,0,1,1,28.7,31.82,28,19.0012,14,4,6,0,0,0,0,0,0,14,0,-3.120000000000001,8.036,0,0
2,0,1,1,28.7,31.82,28,19.0012,15,4,6,0,0,0,0,0,0,15,0,-3.120000000000001,8.036,0,0
2,0,1,1,29.52,31.82,26,22.0028,16,4,6,0,0,0,0,0,0,16,0,-2.3000000000000007,7.6752,0,0
2,0,1,1,29.52,31.82,25,19.0012,17,4,6,0,0,0,1,0,0,17,0,-2.3000000000000007,7.38,0,0
2,0,1,1,28.7,31.82,24,19.9995,18,4,6,0,0,0,1,0,0,18,0,-3.120000000000001,6.888,0,0
2,0,1,1,27.88,31.06,26,19.0012,19,4,6,0,0,0,1,0,0,19,0,-3.1799999999999997,7.2488,0,0
2,0,1,1,26.24,31.06,29,11.0014,20,4,6,0,0,0,0,0,0,20,0,-4.82,7.6095999999999995,0,0
2,0,1,1,26.24,31.06,29,7.0015,21,4,6,0,0,0,0,0,0,21,0,-4.82,7.6095999999999995,0,0
2,0,1,1,25.42,31.06,35,0.0,22,4,6,0,0,0,0,0,0,22,0,-5.639999999999997,8.897,0,0
2,0,1,1,23.78,27.275,46,7.0015,23,4,6,0,0,0,0,0,0,23,0,-3.4949999999999974,10.9388,0,0
2,0,0,1,22.96,26.515,52,0.0,0,5,6,0,1,0,0,0,1,0,0,-3.5549999999999997,11.939200000000001,0,0
2,0,0,1,22.14,25.76,64,7.0015,1,5,6,0,1,0,0,0,1,0,1,-3.620000000000001,14.1696,0,0
2,0,0,1,22.14,25.76,56,12.998,2,5,6,0,1,0,0,0,1,0,2,-3.620000000000001,12.398400000000002,0,0
2,0,0,1,21.32,25.0,59,7.0015,3,5,6,0,1,0,0,0,1,0,3,-3.6799999999999997,12.578800000000001,0,0
2,0,0,1,21.32,25.0,59,6.0032,4,5,6,0,1,0,0,0,1,0,4,-3.6799999999999997,12.578800000000001,0,0
2,0,0,1,20.5,24.24,64,0.0,5,5,6,0,1,0,0,0,1,0,5,-3.7399999999999984,13.12,0,0
2,0,0,1,22.14,25.76,60,0.0,6,5,6,0,1,0,0,0,0,0,6,-3.620000000000001,13.284,0,0
2,0,0,1,22.96,26.515,56,0.0,7,5,6,0,1,0,0,0,0,0,7,-3.5549999999999997,12.8576,0,0
2,0,0,1,24.6,31.06,46,6.0032,8,5,6,0,1,0,0,0,0,0,8,-6.459999999999997,11.316,0,0
2,0,0,1,25.42,31.06,43,8.9981,9,5,6,0,1,0,0,0,0,0,9,-5.639999999999997,10.930600000000002,0,0
2,0,0,1,26.24,31.06,38,7.0015,10,5,6,0,1,0,0,0,0,0,10,-4.82,9.9712,0,0
2,0,0,1,27.06,31.06,36,8.9981,11,5,6,0,1,0,0,1,0,0,11,-4.0,9.7416,0,0
2,0,0,1,28.7,31.82,32,11.0014,12,5,6,0,1,0,0,1,0,0,12,-3.120000000000001,9.184,0,0
2,0,0,1,30.34,32.575,28,8.9981,13,5,6,0,1,0,0,1,0,0,13,-2.235000000000003,8.4952,0,0
2,0,0,1,30.34,32.575,33,15.0013,14,5,6,0,1,0,0,1,0,0,14,-2.235000000000003,10.0122,0,0
2,0,0,2,30.34,32.575,27,27.9993,15,5,6,0,1,0,0,1,0,0,15,-2.235000000000003,8.191799999999999,0,0
2,0,0,2,29.52,32.575,30,8.9981,16,5,6,0,1,0,0,1,0,0,16,-3.0550000000000033,8.856,0,0
2,0,0,2,29.52,32.575,34,16.9979,17,5,6,0,1,0,0,0,0,0,17,-3.0550000000000033,10.0368,0,0
2,0,0,2,30.34,32.575,30,11.0014,18,5,6,0,1,0,0,0,0,0,18,-2.235000000000003,9.102,0,0
2,0,0,2,28.7,31.82,39,6.0032,19,5,6,0,1,0,0,0,0,0,19,-3.120000000000001,11.193,0,0
2,0,0,2,28.7,32.575,48,6.0032,20,5,6,0,1,0,0,0,0,0,20,-3.8750000000000036,13.776,0,0
2,0,0,2,27.06,31.06,47,7.0015,21,5,6,0,1,0,0,0,0,0,21,-4.0,12.7182,0,0
2,0,0,1,26.24,31.06,57,15.0013,22,5,6,0,1,0,0,0,0,0,22,-4.82,14.956799999999998,0,0
2,0,0,2,26.24,31.06,57,0.0,23,5,6,0,1,0,0,0,0,0,23,-4.82,14.956799999999998,0,0
2,0,0,1,26.24,31.06,57,6.0032,0,6,6,0,1,0,0,0,1,0,0,-4.82,14.956799999999998,0,0
2,0,0,2,26.24,31.06,61,11.0014,1,6,6,0,1,0,0,0,1,0,1,-4.82,16.0064,0,0
2,0,0,2,26.24,31.06,61,11.0014,2,6,6,0,1,0,0,0,1,0,2,-4.82,16.0064,0,0
2,0,0,2,25.42,30.305,65,11.0014,3,6,6,0,1,0,0,0,1,0,3,-4.884999999999998,16.523000000000003,0,0
2,0,0,2,25.42,30.305,65,11.0014,4,6,6,0,1,0,0,0,1,0,4,-4.884999999999998,16.523000000000003,0,0
2,0,0,2,25.42,30.305,61,8.9981,5,6,6,0,1,0,0,0,1,0,5,-4.884999999999998,15.506200000000002,0,0
2,0,0,2,25.42,30.305,61,7.0015,6,6,6,0,1,0,0,0,0,0,6,-4.884999999999998,15.506200000000002,0,0
2,0,0,2,24.6,29.545,73,16.9979,7,6,6,0,1,0,0,0,0,0,7,-4.945,17.958000000000002,0,0
2,0,0,2,24.6,29.545,73,16.9979,8,6,6,0,1,0,0,0,0,0,8,-4.945,17.958000000000002,0,0
2,0,0,2,24.6,28.79,78,12.998,9,6,6,0,1,0,0,0,0,0,9,-4.189999999999998,19.188000000000002,0,0
2,0,0,2,25.42,29.545,73,6.0032,10,6,6,0,1,0,0,0,0,0,10,-4.125,18.5566,0,0
2,0,0,2,26.24,30.305,69,7.0015,11,6,6,0,1,0,0,1,0,0,11,-4.065000000000001,18.1056,0,0
2,0,0,2,26.24,30.305,69,7.0015,12,6,6,0,1,0,0,1,0,0,12,-4.065000000000001,18.1056,0,0
2,0,0,1,27.06,31.06,65,7.0015,13,6,6,0,1,0,0,1,0,0,13,-4.0,17.589,0,0
2,0,0,1,28.7,32.575,58,11.0014,14,6,6,0,1,0,0,1,0,0,14,-3.8750000000000036,16.646,0,0
2,0,0,1,28.7,32.575,54,0.0,15,6,6,0,1,0,0,1,0,0,15,-3.8750000000000036,15.498,0,0
2,0,0,1,29.52,33.335,51,6.0032,16,6,6,0,1,0,0,1,0,0,16,-3.8150000000000013,15.0552,0,0
2,0,0,1,30.34,33.335,51,0.0,17,6,6,0,1,0,0,0,0,0,17,-2.995000000000001,15.4734,0,0
2,0,0,1,28.7,32.575,58,7.0015,18,6,6,0,1,0,0,0,0,0,18,-3.8750000000000036,16.646,0,0
2,0,0,1,27.88,31.82,65,11.0014,19,6,6,0,1,0,0,0,0,0,19,-3.9400000000000013,18.122,0,0
2,0,0,1,27.06,31.06,69,12.998,20,6,6,0,1,0,0,0,0,0,20,-4.0,18.6714,0,0
2,0,0,1,26.24,30.305,73,11.0014,21,6,6,0,1,0,0,0,0,0,21,-4.065000000000001,19.1552,0,0
2,0,0,1,26.24,29.545,78,15.0013,22,6,6,0,1,0,0,0,0,0,22,-3.3050000000000033,20.4672,0,0
2,0,0,1,25.42,29.545,78,8.9981,23,6,6,0,1,0,0,0,0,0,23,-4.125,19.827600000000004,0,0
2,0,1,1,25.42,29.545,78,8.9981,0,0,6,0,0,0,0,0,1,0,0,-4.125,19.827600000000004,0,0
2,0,1,1,24.6,28.03,83,8.9981,1,0,6,0,0,0,0,0,1,1,0,-3.4299999999999997,20.418000000000003,0,0
2,0,1,1,23.78,27.275,88,7.0015,2,0,6,0,0,0,0,0,1,2,0,-3.4949999999999974,20.926400000000005,0,0
2,0,1,1,23.78,27.275,88,0.0,3,0,6,0,0,0,0,0,1,3,0,-3.4949999999999974,20.926400000000005,0,0
2,0,1,1,22.96,26.515,94,7.0015,4,0,6,0,0,0,0,0,1,4,0,-3.5549999999999997,21.582400000000003,0,0
2,0,1,1,22.96,26.515,88,6.0032,5,0,6,0,0,0,0,0,1,5,0,-3.5549999999999997,20.2048,0,0
2,0,1,1,23.78,27.275,88,0.0,6,0,6,0,0,0,0,0,0,6,0,-3.4949999999999974,20.926400000000005,0,0
2,0,1,1,25.42,29.545,78,7.0015,7,0,6,0,0,1,0,0,0,7,0,-4.125,19.827600000000004,0,0
2,0,1,1,26.24,30.305,73,6.0032,8,0,6,0,0,1,0,0,0,8,0,-4.065000000000001,19.1552,0,0
2,0,1,1,28.7,32.575,58,11.0014,9,0,6,0,0,1,0,0,0,9,0,-3.8750000000000036,16.646,0,0
2,0,1,1,29.52,33.335,51,15.0013,10,0,6,0,0,0,0,0,0,10,0,-3.8150000000000013,15.0552,0,0
2,0,1,1,30.34,33.335,42,8.9981,11,0,6,0,0,0,0,0,0,11,0,-2.995000000000001,12.742799999999999,0,0
2,0,1,1,31.16,33.335,37,11.0014,12,0,6,0,0,0,0,0,0,12,0,-2.1750000000000007,11.529200000000001,0,0
2,0,1,1,31.98,34.09,35,0.0,13,0,6,0,0,0,0,0,0,13,0,-2.110000000000003,11.193,0,0
2,0,1,1,31.98,34.09,31,8.9981,14,0,6,0,0,0,0,0,0,14,0,-2.110000000000003,9.9138,0,0
2,0,1,1,32.8,34.85,29,12.998,15,0,6,0,0,0,0,0,0,15,0,-2.0500000000000043,9.511999999999999,0,0
2,0,1,1,31.16,33.335,33,8.9981,16,0,6,0,0,0,0,0,0,16,0,-2.1750000000000007,10.2828,0,0
2,0,1,1,31.98,34.09,33,19.0012,17,0,6,0,0,0,1,0,0,17,0,-2.110000000000003,10.5534,0,0
2,0,1,1,31.16,33.335,31,8.9981,18,0,6,0,0,0,1,0,0,18,0,-2.1750000000000007,9.659600000000001,0,0
2,0,1,1,29.52,33.335,54,12.998,19,0,6,0,0,0,1,0,0,19,0,-3.8150000000000013,15.9408,0,0
2,0,1,1,27.88,31.82,61,8.9981,20,0,6,0,0,0,0,0,0,20,0,-3.9400000000000013,17.0068,0,0
2,0,1,1,27.06,31.06,57,6.0032,21,0,6,0,0,0,0,0,0,21,0,-4.0,15.424199999999999,0,0
2,0,1,1,27.06,31.06,61,6.0032,22,0,6,0,0,0,0,0,0,22,0,-4.0,16.5066,0,0
2,0,1,1,26.24,30.305,69,6.0032,23,0,6,0,0,0,0,0,0,23,0,-4.065000000000001,18.1056,0,0
2,0,1,1,26.24,30.305,65,6.0032,0,1,6,0,0,0,0,0,1,0,0,-4.065000000000001,17.055999999999997,0,0
2,0,1,1,25.42,30.305,69,8.9981,1,1,6,0,0,0,0,0,1,1,0,-4.884999999999998,17.5398,0,0
2,0,1,1,24.6,29.545,73,6.0032,2,1,6,0,0,0,0,0,1,2,0,-4.945,17.958000000000002,0,0
2,0,1,1,24.6,29.545,73,6.0032,3,1,6,0,0,0,0,0,1,3,0,-4.945,17.958000000000002,0,0
2,0,1,1,23.78,27.275,83,8.9981,4,1,6,0,0,0,0,0,1,4,0,-3.4949999999999974,19.7374,0,0
2,0,1,1,23.78,27.275,88,11.0014,5,1,6,0,0,0,0,0,1,5,0,-3.4949999999999974,20.926400000000005,0,0
2,0,1,1,24.6,28.79,78,8.9981,6,1,6,0,0,0,0,0,0,6,0,-4.189999999999998,19.188000000000002,0,0
2,0,1,2,26.24,30.305,69,12.998,7,1,6,0,0,1,0,0,0,7,0,-4.065000000000001,18.1056,0,0
2,0,1,2,27.88,31.82,61,8.9981,8,1,6,0,0,1,0,0,0,8,0,-3.9400000000000013,17.0068,0,0
2,0,1,2,29.52,33.335,58,15.0013,9,1,6,0,0,1,0,0,0,9,0,-3.8150000000000013,17.1216,0,0
2,0,1,2,31.16,34.09,48,12.998,10,1,6,0,0,0,0,0,0,10,0,-2.9300000000000033,14.956800000000001,0,0
2,0,1,2,31.16,34.85,52,16.9979,11,1,6,0,0,0,0,0,0,11,0,-3.6900000000000013,16.2032,0,0
2,0,1,2,32.8,36.365,46,19.0012,12,1,6,0,0,0,0,0,0,12,0,-3.565000000000005,15.088,0,0
2,0,1,2,32.8,36.365,43,16.9979,13,1,6,0,0,0,0,0,0,13,0,-3.565000000000005,14.104,0,0
2,0,1,2,32.8,36.365,43,19.0012,14,1,6,0,0,0,0,0,0,14,0,-3.565000000000005,14.104,0,0
2,0,1,2,33.62,37.12,41,22.0028,15,1,6,0,0,0,0,0,0,15,0,-3.5,13.784199999999998,0,0
2,0,1,1,32.8,35.605,38,15.0013,16,1,6,0,0,0,0,0,0,16,0,-2.8049999999999997,12.463999999999999,0,0
2,0,1,1,32.8,36.365,43,16.9979,17,1,6,0,0,0,1,0,0,17,0,-3.565000000000005,14.104,0,0
2,0,1,1,31.98,34.85,46,19.0012,18,1,6,0,0,0,1,0,0,18,0,-2.870000000000001,14.710799999999999,0,0
2,0,1,1,31.16,34.09,48,16.9979,19,1,6,0,0,0,1,0,0,19,0,-2.9300000000000033,14.956800000000001,0,0
2,0,1,1,30.34,34.09,56,8.9981,20,1,6,0,0,0,0,0,0,20,0,-3.7500000000000036,16.9904,0,0
2,0,1,1,29.52,34.09,70,8.9981,21,1,6,0,0,0,0,0,0,21,0,-4.570000000000004,20.664,0,0
2,0,1,1,28.7,32.575,65,8.9981,22,1,6,0,0,0,0,0,0,22,0,-3.8750000000000036,18.655,0,0
2,0,1,1,27.88,31.82,79,7.0015,23,1,6,0,0,0,0,0,0,23,0,-3.9400000000000013,22.025199999999998,0,0
2,0,1,1,27.06,29.545,89,8.9981,0,2,6,0,0,0,0,0,1,0,0,-2.485000000000003,24.083399999999997,0,0
2,0,1,1,27.06,30.305,78,0.0,1,2,6,0,0,0,0,0,1,1,0,-3.245000000000001,21.1068,0,0
2,0,1,1,26.24,28.79,89,6.0032,2,2,6,0,0,0,0,0,1,2,0,-2.5500000000000007,23.353599999999997,0,0
2,0,1,1,26.24,28.79,89,6.0032,3,2,6,0,0,0,0,0,1,3,0,-2.5500000000000007,23.353599999999997,0,0
2,0,1,1,25.42,28.79,83,0.0,4,2,6,0,0,0,0,0,1,4,0,-3.3699999999999974,21.0986,0,0
2,0,1,1,25.42,28.03,88,0.0,5,2,6,0,0,0,0,0,1,5,0,-2.6099999999999994,22.369600000000002,0,0
2,0,1,1,26.24,28.79,89,8.9981,6,2,6,0,0,0,0,0,0,6,0,-2.5500000000000007,23.353599999999997,0,0
2,0,1,1,27.06,31.06,74,7.0015,7,2,6,0,0,1,0,0,0,7,0,-4.0,20.0244,0,0
2,0,1,1,31.16,35.605,58,11.0014,8,2,6,0,0,1,0,0,0,8,0,-4.444999999999997,18.0728,0,0
2,0,1,1,31.16,35.605,58,11.0014,9,2,6,0,0,1,0,0,0,9,0,-4.444999999999997,18.0728,0,0
2,0,1,1,33.62,37.12,43,15.0013,10,2,6,0,0,0,0,0,0,10,0,-3.5,14.456599999999998,0,0
2,0,1,1,34.44,37.88,41,12.998,11,2,6,0,0,0,0,0,0,11,0,-3.440000000000005,14.1204,0,0
2,0,1,1,36.08,40.91,42,8.9981,12,2,6,0,0,0,0,0,0,12,0,-4.829999999999998,15.153599999999999,0,0
2,0,1,1,36.9,42.425,42,0.0,13,2,6,0,0,0,0,0,0,13,0,-5.524999999999999,15.498,0,0
2,0,1,1,37.72,43.94,40,16.9979,14,2,6,0,0,0,0,0,0,14,0,-6.219999999999999,15.088,0,0
2,0,1,1,37.72,43.94,40,11.0014,15,2,6,0,0,0,0,0,0,15,0,-6.219999999999999,15.088,0,0
2,0,1,1,37.72,43.94,40,15.0013,16,2,6,0,0,0,0,0,0,16,0,-6.219999999999999,15.088,0,0
2,0,1,1,37.72,42.425,35,15.0013,17,2,6,0,0,0,1,0,0,17,0,-4.704999999999998,13.202,0,0
2,0,1,1,36.9,40.91,37,15.0013,18,2,6,0,0,0,1,0,0,18,0,-4.009999999999998,13.652999999999999,0,0
2,0,1,1,33.62,40.15,59,8.9981,19,2,6,0,0,0,1,0,0,19,0,-6.530000000000001,19.8358,0,0
2,0,1,1,32.8,39.395,63,8.9981,20,2,6,0,0,0,0,0,0,20,0,-6.595000000000006,20.663999999999998,0,0
2,0,1,1,32.8,40.15,66,8.9981,21,2,6,0,0,0,0,0,0,21,0,-7.350000000000001,21.647999999999996,0,0
2,0,1,1,31.16,37.12,75,11.0014,22,2,6,0,0,0,0,0,0,22,0,-5.959999999999997,23.37,0,0
2,0,1,1,31.16,37.12,75,12.998,23,2,6,0,0,0,0,0,0,23,0,-5.959999999999997,23.37,0,0
2,0,1,2,30.34,35.605,79,8.9981,0,3,6,0,0,0,0,0,1,0,0,-5.264999999999997,23.968600000000002,0,0
2,0,1,1,30.34,35.605,79,7.0015,1,3,6,0,0,0,0,0,1,1,0,-5.264999999999997,23.968600000000002,0,0
2,0,1,2,29.52,35.605,84,11.0014,2,3,6,0,0,0,0,0,1,2,0,-6.084999999999997,24.796799999999998,0,0
2,0,1,2,29.52,35.605,84,7.0015,3,3,6,0,0,0,0,0,1,3,0,-6.084999999999997,24.796799999999998,0,0
2,0,1,2,29.52,34.85,79,6.0032,4,3,6,0,0,0,0,0,1,4,0,-5.330000000000002,23.3208,0,0
2,0,1,2,28.7,33.335,84,0.0,5,3,6,0,0,0,0,0,1,5,0,-4.635000000000002,24.107999999999997,0,0
2,0,1,2,29.52,35.605,84,6.0032,6,3,6,0,0,0,0,0,0,6,0,-6.084999999999997,24.796799999999998,0,0
2,0,1,2,29.52,34.85,79,8.9981,7,3,6,0,0,1,0,0,0,7,0,-5.330000000000002,23.3208,0,0
2,0,1,2,31.16,36.365,70,7.0015,8,3,6,0,0,1,0,0,0,8,0,-5.205000000000002,21.811999999999998,0,0
2,0,1,1,34.44,39.395,49,0.0,9,3,6,0,0,1,0,0,0,9,0,-4.955000000000005,16.8756,0,0
2,0,1,1,35.26,40.91,50,19.0012,10,3,6,0,0,0,0,0,0,10,0,-5.649999999999999,17.63,0,0
2,0,1,1,36.9,42.425,42,15.0013,11,3,6,0,0,0,0,0,0,11,0,-5.524999999999999,15.498,0,0
2,0,1,1,37.72,42.425,35,12.998,12,3,6,0,0,0,0,0,0,12,0,-4.704999999999998,13.202,0,0
2,0,1,1,36.9,40.91,37,6.0032,13,3,6,0,0,0,0,0,0,13,0,-4.009999999999998,13.652999999999999,0,0
2,0,1,1,37.72,43.94,40,12.998,14,3,6,0,0,0,0,0,0,14,0,-6.219999999999999,15.088,0,0
2,0,1,1,38.54,41.665,31,11.0014,15,3,6,0,0,0,0,0,0,15,0,-3.125,11.9474,0,0
2,0,1,1,37.72,41.665,33,8.9981,16,3,6,0,0,0,0,0,0,16,0,-3.9450000000000003,12.4476,0,0
2,0,1,1,36.9,40.91,37,16.9979,17,3,6,0,0,0,1,0,0,17,0,-4.009999999999998,13.652999999999999,0,0
2,0,1,1,36.08,40.15,39,19.0012,18,3,6,0,0,0,1,0,0,18,0,-4.07,14.0712,0,0
2,0,1,2,34.44,37.12,39,22.0028,19,3,6,0,0,0,1,0,0,19,0,-2.6799999999999997,13.431599999999998,0,0
2,0,1,2,32.8,36.365,43,12.998,20,3,6,0,0,0,0,0,0,20,0,-3.565000000000005,14.104,0,0
2,0,1,3,31.16,34.85,52,0.0,21,3,6,0,0,0,0,0,0,21,0,-3.6900000000000013,16.2032,0,1
2,0,1,2,30.34,34.09,58,11.0014,22,3,6,0,0,0,0,0,0,22,0,-3.7500000000000036,17.5972,0,0
2,0,1,2,30.34,34.85,57,11.0014,23,3,6,0,0,0,0,0,0,23,0,-4.510000000000002,17.293799999999997,0,0
2,0,1,3,28.7,32.575,65,15.0013,0,4,6,0,0,0,0,0,1,0,0,-3.8750000000000036,18.655,0,1
2,0,1,3,28.7,32.575,65,15.0013,1,4,6,0,0,0,0,0,1,1,0,-3.8750000000000036,18.655,0,1
2,0,1,1,27.88,31.82,69,11.0014,2,4,6,0,0,0,0,0,1,2,0,-3.9400000000000013,19.2372,0,0
2,0,1,1,27.88,31.82,69,11.0014,3,4,6,0,0,0,0,0,1,3,0,-3.9400000000000013,19.2372,0,0
2,0,1,1,27.06,30.305,78,11.0014,4,4,6,0,0,0,0,0,1,4,0,-3.245000000000001,21.1068,0,0
2,0,1,1,27.06,30.305,78,11.0014,5,4,6,0,0,0,0,0,1,5,0,-3.245000000000001,21.1068,0,0
2,0,1,1,27.06,30.305,78,6.0032,6,4,6,0,0,0,0,0,0,6,0,-3.245000000000001,21.1068,0,0
2,0,1,1,29.52,34.09,66,7.0015,7,4,6,0,0,1,0,0,0,7,0,-4.570000000000004,19.4832,0,0
2,0,1,1,30.34,34.09,58,8.9981,8,4,6,0,0,1,0,0,0,8,0,-3.7500000000000036,17.5972,0,0
2,0,1,1,31.16,34.85,55,0.0,9,4,6,0,0,1,0,0,0,9,0,-3.6900000000000013,17.137999999999998,0,0
2,0,1,1,31.98,35.605,52,0.0,10,4,6,0,0,0,0,0,0,10,0,-3.6249999999999964,16.6296,0,0
2,0,1,1,33.62,37.88,46,0.0,11,4,6,0,0,0,0,0,0,11,0,-4.260000000000005,15.4652,0,0
2,0,1,1,34.44,37.88,44,8.9981,12,4,6,0,0,0,0,0,0,12,0,-3.440000000000005,15.153599999999999,0,0
2,0,1,1,34.44,37.88,44,7.0015,13,4,6,0,0,0,0,0,0,13,0,-3.440000000000005,15.153599999999999,0,0
2,0,1,1,35.26,38.635,39,0.0,14,4,6,0,0,0,0,0,0,14,0,-3.375,13.751399999999999,0,0
2,0,1,1,34.44,37.88,44,7.0015,15,4,6,0,0,0,0,0,0,15,0,-3.440000000000005,15.153599999999999,0,0
2,0,1,1,33.62,39.395,56,19.9995,16,4,6,0,0,0,0,0,0,16,0,-5.775000000000006,18.827199999999998,0,0
2,0,1,1,33.62,38.635,52,15.0013,17,4,6,0,0,0,1,0,0,17,0,-5.015000000000001,17.4824,0,0
2,0,1,1,32.8,38.635,59,15.0013,18,4,6,0,0,0,1,0,0,18,0,-5.835000000000001,19.351999999999997,0,0
2,0,1,1,31.98,37.12,59,12.998,19,4,6,0,0,0,1,0,0,19,0,-5.139999999999997,18.868199999999998,0,0
2,0,1,1,31.16,35.605,62,7.0015,20,4,6,0,0,0,0,0,0,20,0,-4.444999999999997,19.319200000000002,0,0
2,0,1,1,31.16,36.365,66,8.9981,21,4,6,0,0,0,0,0,0,21,0,-5.205000000000002,20.5656,0,0
2,0,1,1,29.52,34.85,74,16.9979,22,4,6,0,0,0,0,0,0,22,0,-5.330000000000002,21.8448,0,0
2,0,1,1,29.52,34.85,74,11.0014,23,4,6,0,0,0,0,0,0,23,0,-5.330000000000002,21.8448,0,0
2,0,0,1,28.7,33.335,79,8.9981,0,5,6,0,1,0,0,0,1,0,0,-4.635000000000002,22.673,0,0
2,0,0,1,28.7,33.335,79,6.0032,1,5,6,0,1,0,0,0,1,0,1,-4.635000000000002,22.673,0,0
2,0,0,1,28.7,33.335,79,7.0015,2,5,6,0,1,0,0,0,1,0,2,-4.635000000000002,22.673,0,0
2,0,0,1,27.88,31.82,83,6.0032,3,5,6,0,1,0,0,0,1,0,3,-3.9400000000000013,23.1404,0,0
2,0,0,1,27.88,31.82,79,6.0032,4,5,6,0,1,0,0,0,1,0,4,-3.9400000000000013,22.025199999999998,0,0
2,0,0,1,27.88,31.82,74,8.9981,5,5,6,0,1,0,0,0,1,0,5,-3.9400000000000013,20.6312,0,0
2,0,0,1,28.7,32.575,61,8.9981,6,5,6,0,1,0,0,0,0,0,6,-3.8750000000000036,17.507,0,0
2,0,0,1,29.52,33.335,58,12.998,7,5,6,0,1,0,0,0,0,0,7,-3.8150000000000013,17.1216,0,0
2,0,0,1,30.34,34.09,58,12.998,8,5,6,0,1,0,0,0,0,0,8,-3.7500000000000036,17.5972,0,0
2,0,0,1,30.34,34.09,62,8.9981,9,5,6,0,1,0,0,0,0,0,9,-3.7500000000000036,18.8108,0,0
2,0,0,1,30.34,34.09,58,11.0014,10,5,6,0,1,0,0,0,0,0,10,-3.7500000000000036,17.5972,0,0
2,0,0,1,31.16,35.605,62,8.9981,11,5,6,0,1,0,0,1,0,0,11,-4.444999999999997,19.319200000000002,0,0
2,0,0,1,32.8,37.88,55,15.0013,12,5,6,0,1,0,0,1,0,0,12,-5.080000000000005,18.04,0,0
2,0,0,1,32.8,37.88,55,12.998,13,5,6,0,1,0,0,1,0,0,13,-5.080000000000005,18.04,0,0
2,0,0,1,33.62,38.635,49,7.0015,14,5,6,0,1,0,0,1,0,0,14,-5.015000000000001,16.473799999999997,0,0
2,0,0,1,33.62,38.635,49,7.0015,15,5,6,0,1,0,0,1,0,0,15,-5.015000000000001,16.473799999999997,0,0
2,0,0,2,32.8,36.365,46,12.998,16,5,6,0,1,0,0,1,0,0,16,-3.565000000000005,15.088,0,0
2,0,0,2,30.34,34.09,58,11.0014,17,5,6,0,1,0,0,0,0,0,17,-3.7500000000000036,17.5972,0,0
2,0,0,2,29.52,34.09,62,8.9981,18,5,6,0,1,0,0,0,0,0,18,-4.570000000000004,18.3024,0,0
2,0,0,1,28.7,32.575,65,12.998,19,5,6,0,1,0,0,0,0,0,19,-3.8750000000000036,18.655,0,0
2,0,0,1,27.88,31.82,74,16.9979,20,5,6,0,1,0,0,0,0,0,20,-3.9400000000000013,20.6312,0,0
2,0,0,1,27.06,31.06,74,15.0013,21,5,6,0,1,0,0,0,0,0,21,-4.0,20.0244,0,0
2,0,0,1,27.06,30.305,78,15.0013,22,5,6,0,1,0,0,0,0,0,22,-3.245000000000001,21.1068,0,0
2,0,0,1,27.06,31.06,74,7.0015,23,5,6,0,1,0,0,0,0,0,23,-4.0,20.0244,0,0
2,0,0,1,27.06,30.305,78,15.0013,0,6,6,0,1,0,0,0,1,0,0,-3.245000000000001,21.1068,0,0
2,0,0,1,26.24,28.79,83,7.0015,1,6,6,0,1,0,0,0,1,0,1,-2.5500000000000007,21.7792,0,0
2,0,0,1,26.24,28.79,89,16.9979,2,6,6,0,1,0,0,0,1,0,2,-2.5500000000000007,23.353599999999997,0,0
2,0,0,1,26.24,28.79,89,19.0012,3,6,6,0,1,0,0,0,1,0,3,-2.5500000000000007,23.353599999999997,0,0
2,0,0,1,25.42,28.03,88,11.0014,4,6,6,0,1,0,0,0,1,0,4,-2.6099999999999994,22.369600000000002,0,0
2,0,0,1,25.42,28.03,88,15.0013,5,6,6,0,1,0,0,0,1,0,5,-2.6099999999999994,22.369600000000002,0,0
2,0,0,1,25.42,28.03,88,7.0015,6,6,6,0,1,0,0,0,0,0,6,-2.6099999999999994,22.369600000000002,0,0
2,0,0,1,26.24,29.545,78,7.0015,7,6,6,0,1,0,0,0,0,0,7,-3.3050000000000033,20.4672,0,0
2,0,0,1,28.7,33.335,74,0.0,8,6,6,0,1,0,0,0,0,0,8,-4.635000000000002,21.237999999999996,0,0
2,0,0,1,29.52,34.09,66,0.0,9,6,6,0,1,0,0,0,0,0,9,-4.570000000000004,19.4832,0,0
2,0,0,1,31.16,35.605,58,6.0032,10,6,6,0,1,0,0,0,0,0,10,-4.444999999999997,18.0728,0,0
2,0,0,1,31.98,36.365,55,7.0015,11,6,6,0,1,0,0,1,0,0,11,-4.385000000000002,17.589000000000002,0,0
2,0,0,1,33.62,37.88,46,0.0,12,6,6,0,1,0,0,1,0,0,12,-4.260000000000005,15.4652,0,0
2,0,0,1,31.98,37.12,59,19.0012,13,6,6,0,1,0,0,1,0,0,13,-5.139999999999997,18.868199999999998,0,0
2,0,0,1,33.62,39.395,56,16.9979,14,6,6,0,1,0,0,1,0,0,14,-5.775000000000006,18.827199999999998,0,0
2,0,0,1,32.8,38.635,59,19.9995,15,6,6,0,1,0,0,1,0,0,15,-5.835000000000001,19.351999999999997,0,0
2,0,0,3,27.88,31.82,83,19.0012,16,6,6,0,1,0,0,1,0,0,16,-3.9400000000000013,23.1404,0,1
2,0,0,3,27.88,31.82,83,19.0012,17,6,6,0,1,0,0,0,0,0,17,-3.9400000000000013,23.1404,0,1
2,0,0,1,28.7,33.335,74,11.0014,18,6,6,0,1,0,0,0,0,0,18,-4.635000000000002,21.237999999999996,0,0
2,0,0,1,28.7,33.335,74,7.0015,19,6,6,0,1,0,0,0,0,0,19,-4.635000000000002,21.237999999999996,0,0
2,0,0,1,27.06,30.305,83,11.0014,20,6,6,0,1,0,0,0,0,0,20,-3.245000000000001,22.4598,0,0
2,0,0,1,27.06,30.305,83,7.0015,21,6,6,0,1,0,0,0,0,0,21,-3.245000000000001,22.4598,0,0
2,0,0,1,26.24,28.79,83,8.9981,22,6,6,0,1,0,0,0,0,0,22,-2.5500000000000007,21.7792,0,0
2,0,0,1,26.24,29.545,78,12.998,23,6,6,0,1,0,0,0,0,0,23,-3.3050000000000033,20.4672,0,0
2,0,1,1,26.24,29.545,78,8.9981,0,0,6,0,0,0,0,0,1,0,0,-3.3050000000000033,20.4672,0,0
2,0,1,1,26.24,30.305,73,15.0013,1,0,6,0,0,0,0,0,1,1,0,-4.065000000000001,19.1552,0,0
2,0,1,1,25.42,29.545,73,19.0012,2,0,6,0,0,0,0,0,1,2,0,-4.125,18.5566,0,0
2,0,1,1,24.6,30.305,60,32.9975,3,0,6,0,0,0,0,0,1,3,0,-5.704999999999998,14.76,0,0
2,0,1,1,22.96,26.515,64,19.9995,4,0,6,0,0,0,0,0,1,4,0,-3.5549999999999997,14.6944,0,0
2,0,1,1,22.14,25.76,64,26.0027,5,0,6,0,0,0,0,0,1,5,0,-3.620000000000001,14.1696,0,0
2,0,1,1,22.14,25.76,64,27.9993,6,0,6,0,0,0,0,0,0,6,0,-3.620000000000001,14.1696,0,0
2,0,1,1,22.96,26.515,56,23.9994,7,0,6,0,0,1,0,0,0,7,0,-3.5549999999999997,12.8576,0,0
2,0,1,1,23.78,27.275,49,30.0026,8,0,6,0,0,1,0,0,0,8,0,-3.4949999999999974,11.6522,0,0
2,0,1,1,25.42,31.06,46,23.9994,9,0,6,0,0,1,0,0,0,9,0,-5.639999999999997,11.693200000000001,0,0
2,0,1,1,26.24,31.06,41,22.0028,10,0,6,0,0,0,0,0,0,10,0,-4.82,10.7584,0,0
2,0,1,1,27.06,31.06,41,19.9995,11,0,6,0,0,0,0,0,0,11,0,-4.0,11.0946,0,0
2,0,1,1,27.06,31.06,41,19.0012,12,0,6,0,0,0,0,0,0,12,0,-4.0,11.0946,0,0
2,0,1,1,28.7,31.82,37,0.0,13,0,6,0,0,0,0,0,0,13,0,-3.120000000000001,10.618999999999998,0,0
2,0,1,1,28.7,31.82,34,16.9979,14,0,6,0,0,0,0,0,0,14,0,-3.120000000000001,9.758,0,0
2,0,1,1,28.7,31.82,37,30.0026,15,0,6,0,0,0,0,0,0,15,0,-3.120000000000001,10.618999999999998,0,0
2,0,1,1,28.7,31.82,37,27.9993,16,0,6,0,0,0,0,0,0,16,0,-3.120000000000001,10.618999999999998,0,0
2,0,1,1,28.7,31.82,39,22.0028,17,0,6,0,0,0,1,0,0,17,0,-3.120000000000001,11.193,0,0
2,0,1,1,28.7,31.82,37,23.9994,18,0,6,0,0,0,1,0,0,18,0,-3.120000000000001,10.618999999999998,0,0
2,0,1,1,27.06,31.06,39,19.0012,19,0,6,0,0,0,1,0,0,19,0,-4.0,10.5534,0,0
2,0,1,1,26.24,31.06,44,16.9979,20,0,6,0,0,0,0,0,0,20,0,-4.82,11.5456,0,0
2,0,1,1,26.24,31.06,41,16.9979,21,0,6,0,0,0,0,0,0,21,0,-4.82,10.7584,0,0
2,0,1,1,25.42,31.06,46,15.0013,22,0,6,0,0,0,0,0,0,22,0,-5.639999999999997,11.693200000000001,0,0
2,0,1,1,25.42,31.06,46,12.998,23,0,6,0,0,0,0,0,0,23,0,-5.639999999999997,11.693200000000001,0,0
2,0,1,1,24.6,31.06,49,12.998,0,1,6,0,0,0,0,0,1,0,0,-6.459999999999997,12.054,0,0
2,0,1,1,24.6,31.06,49,16.9979,1,1,6,0,0,0,0,0,1,1,0,-6.459999999999997,12.054,0,0
2,0,1,1,24.6,31.06,49,19.0012,2,1,6,0,0,0,0,0,1,2,0,-6.459999999999997,12.054,0,0
2,0,1,1,23.78,27.275,53,22.0028,3,1,6,0,0,0,0,0,1,3,0,-3.4949999999999974,12.6034,0,0
2,0,1,1,22.14,25.76,60,16.9979,4,1,6,0,0,0,0,0,1,4,0,-3.620000000000001,13.284,0,0
2,0,1,1,22.14,25.76,56,22.0028,5,1,6,0,0,0,0,0,1,5,0,-3.620000000000001,12.398400000000002,0,0
2,0,1,1,22.14,25.76,56,19.9995,6,1,6,0,0,0,0,0,0,6,0,-3.620000000000001,12.398400000000002,0,0
2,0,1,1,22.96,26.515,52,27.9993,7,1,6,0,0,1,0,0,0,7,0,-3.5549999999999997,11.939200000000001,0,0
2,0,1,1,23.78,27.275,49,26.0027,8,1,6,0,0,1,0,0,0,8,0,-3.4949999999999974,11.6522,0,0
2,0,1,1,25.42,31.06,46,12.998,9,1,6,0,0,1,0,0,0,9,0,-5.639999999999997,11.693200000000001,0,0
2,0,1,1,25.42,31.06,46,15.0013,10,1,6,0,0,0,0,0,0,10,0,-5.639999999999997,11.693200000000001,0,0
2,0,1,1,26.24,31.06,41,19.0012,11,1,6,0,0,0,0,0,0,11,0,-4.82,10.7584,0,0
2,0,1,1,26.24,31.06,41,23.9994,12,1,6,0,0,0,0,0,0,12,0,-4.82,10.7584,0,0
2,0,1,1,26.24,31.06,44,15.0013,13,1,6,0,0,0,0,0,0,13,0,-4.82,11.5456,0,0
2,0,1,2,26.24,31.06,47,12.998,14,1,6,0,0,0,0,0,0,14,0,-4.82,12.332799999999999,0,0
2,0,1,1,26.24,31.06,47,11.0014,15,1,6,0,0,0,0,0,0,15,0,-4.82,12.332799999999999,0,0
2,0,1,1,27.88,31.82,41,12.998,16,1,6,0,0,0,0,0,0,16,0,-3.9400000000000013,11.4308,0,0
2,0,1,3,26.24,31.06,50,19.0012,17,1,6,0,0,0,1,0,0,17,0,-4.82,13.12,0,1
2,0,1,1,25.42,31.06,51,22.0028,18,1,6,0,0,0,1,0,0,18,0,-5.639999999999997,12.9642,0,0
2,0,1,1,26.24,31.06,50,23.9994,19,1,6,0,0,0,1,0,0,19,0,-4.82,13.12,0,0
2,0,1,1,24.6,31.06,56,11.0014,20,1,6,0,0,0,0,0,0,20,0,-6.459999999999997,13.776000000000002,0,0
2,0,1,1,24.6,31.06,56,19.9995,21,1,6,0,0,0,0,0,0,21,0,-6.459999999999997,13.776000000000002,0,0
2,0,1,1,23.78,27.275,60,15.0013,22,1,6,0,0,0,0,0,0,22,0,-3.4949999999999974,14.268000000000002,0,0
2,0,1,1,22.96,26.515,68,15.0013,23,1,6,0,0,0,0,0,0,23,0,-3.5549999999999997,15.6128,0,0
2,0,1,1,22.96,26.515,64,23.9994,0,2,6,0,0,0,0,0,1,0,0,-3.5549999999999997,14.6944,0,0
2,0,1,1,22.14,25.76,64,19.0012,1,2,6,0,0,0,0,0,1,1,0,-3.620000000000001,14.1696,0,0
2,0,1,1,21.32,25.0,63,15.0013,2,2,6,0,0,0,0,0,1,2,0,-3.6799999999999997,13.431600000000001,0,0
2,0,1,1,20.5,24.24,68,16.9979,3,2,6,0,0,0,0,0,1,3,0,-3.7399999999999984,13.94,0,0
2,0,1,1,20.5,24.24,63,19.0012,4,2,6,0,0,0,0,0,1,4,0,-3.7399999999999984,12.915,0,0
2,0,1,1,19.68,23.485,67,19.0012,5,2,6,0,0,0,0,0,1,5,0,-3.8049999999999997,13.185599999999999,0,0
2,0,1,1,20.5,24.24,63,16.9979,6,2,6,0,0,0,0,0,0,6,0,-3.7399999999999984,12.915,0,0
2,0,1,1,22.14,25.76,60,8.9981,7,2,6,0,0,1,0,0,0,7,0,-3.620000000000001,13.284,0,0
2,0,1,1,23.78,27.275,53,8.9981,8,2,6,0,0,1,0,0,0,8,0,-3.4949999999999974,12.6034,0,0
2,0,1,1,24.6,31.06,49,0.0,9,2,6,0,0,1,0,0,0,9,0,-6.459999999999997,12.054,0,0
2,0,1,1,26.24,31.06,47,11.0014,10,2,6,0,0,0,0,0,0,10,0,-4.82,12.332799999999999,0,0
2,0,1,1,27.88,31.82,36,0.0,11,2,6,0,0,0,0,0,0,11,0,-3.9400000000000013,10.0368,0,0
2,0,1,1,28.7,31.82,34,15.0013,12,2,6,0,0,0,0,0,0,12,0,-3.120000000000001,9.758,0,0
2,0,1,1,30.34,32.575,28,19.0012,13,2,6,0,0,0,0,0,0,13,0,-2.235000000000003,8.4952,0,0
2,0,1,1,30.34,32.575,28,0.0,14,2,6,0,0,0,0,0,0,14,0,-2.235000000000003,8.4952,0,0
2,0,1,1,31.16,33.335,27,0.0,15,2,6,0,0,0,0,0,0,15,0,-2.1750000000000007,8.4132,0,0
2,0,1,1,31.16,33.335,27,8.9981,16,2,6,0,0,0,0,0,0,16,0,-2.1750000000000007,8.4132,0,0
2,0,1,1,30.34,32.575,28,7.0015,17,2,6,0,0,0,1,0,0,17,0,-2.235000000000003,8.4952,0,0
2,0,1,1,29.52,32.575,32,8.9981,18,2,6,0,0,0,1,0,0,18,0,-3.0550000000000033,9.4464,0,0
2,0,1,1,28.7,31.82,37,19.0012,19,2,6,0,0,0,1,0,0,19,0,-3.120000000000001,10.618999999999998,0,0
2,0,1,1,27.06,31.06,44,11.0014,20,2,6,0,0,0,0,0,0,20,0,-4.0,11.906399999999998,0,0
2,0,1,1,26.24,31.06,47,15.0013,21,2,6,0,0,0,0,0,0,21,0,-4.82,12.332799999999999,0,0
2,0,1,1,25.42,31.06,50,7.0015,22,2,6,0,0,0,0,0,0,22,0,-5.639999999999997,12.71,0,0
2,0,1,1,25.42,31.06,53,0.0,23,2,6,0,0,0,0,0,0,23,0,-5.639999999999997,13.4726,0,0
2,0,1,1,24.6,31.06,56,7.0015,0,3,6,0,0,0,0,0,1,0,0,-6.459999999999997,13.776000000000002,0,0
2,0,1,1,23.78,27.275,60,0.0,1,3,6,0,0,0,0,0,1,1,0,-3.4949999999999974,14.268000000000002,0,0
2,0,1,1,24.6,31.06,56,6.0032,2,3,6,0,0,0,0,0,1,2,0,-6.459999999999997,13.776000000000002,0,0
2,0,1,2,22.96,26.515,73,6.0032,3,3,6,0,0,0,0,0,1,3,0,-3.5549999999999997,16.760800000000003,0,0
2,0,1,2,22.96,26.515,68,7.0015,4,3,6,0,0,0,0,0,1,4,0,-3.5549999999999997,15.6128,0,0
2,0,1,1,24.6,30.305,64,12.998,5,3,6,0,0,0,0,0,1,5,0,-5.704999999999998,15.744000000000002,0,0
2,0,1,3,23.78,27.275,73,11.0014,6,3,6,0,0,0,0,0,0,6,0,-3.4949999999999974,17.3594,0,1
2,0,1,3,22.96,26.515,78,11.0014,7,3,6,0,0,1,0,0,0,7,0,-3.5549999999999997,17.9088,0,1
2,0,1,2,24.6,29.545,69,8.9981,8,3,6,0,0,1,0,0,0,8,0,-4.945,16.974,0,0
2,0,1,2,25.42,30.305,65,12.998,9,3,6,0,0,1,0,0,0,9,0,-4.884999999999998,16.523000000000003,0,0
2,0,1,2,27.06,31.06,61,16.9979,10,3,6,0,0,0,0,0,0,10,0,-4.0,16.5066,0,0
2,0,1,2,27.88,31.82,61,19.9995,11,3,6,0,0,0,0,0,0,11,0,-3.9400000000000013,17.0068,0,0
2,0,1,1,29.52,33.335,54,26.0027,12,3,6,0,0,0,0,0,0,12,0,-3.8150000000000013,15.9408,0,0
2,0,1,2,29.52,33.335,54,16.9979,13,3,6,0,0,0,0,0,0,13,0,-3.8150000000000013,15.9408,0,0
2,0,1,2,29.52,33.335,54,22.0028,14,3,6,0,0,0,0,0,0,14,0,-3.8150000000000013,15.9408,0,0
2,0,1,2,28.7,32.575,61,19.9995,15,3,6,0,0,0,0,0,0,15,0,-3.8750000000000036,17.507,0,0
2,0,1,3,27.06,31.06,69,12.998,16,3,6,0,0,0,0,0,0,16,0,-4.0,18.6714,0,1
2,0,1,2,26.24,29.545,78,7.0015,17,3,6,0,0,0,1,0,0,17,0,-3.3050000000000033,20.4672,0,0
2,0,1,1,26.24,28.79,83,15.0013,18,3,6,0,0,0,1,0,0,18,0,-2.5500000000000007,21.7792,0,0
2,0,1,1,25.42,28.79,83,19.0012,19,3,6,0,0,0,1,0,0,19,0,-3.3699999999999974,21.0986,0,0
2,0,1,1,25.42,28.79,83,22.0028,20,3,6,0,0,0,0,0,0,20,0,-3.3699999999999974,21.0986,0,0
2,0,1,3,25.42,28.79,83,16.9979,21,3,6,0,0,0,0,0,0,21,0,-3.3699999999999974,21.0986,0,1
2,0,1,3,25.42,28.79,83,16.9979,22,3,6,0,0,0,0,0,0,22,0,-3.3699999999999974,21.0986,0,1
2,0,1,3,24.6,28.03,83,16.9979,23,3,6,0,0,0,0,0,0,23,0,-3.4299999999999997,20.418000000000003,0,1
2,0,1,1,22.96,26.515,88,6.0032,0,4,6,0,0,0,0,0,1,0,0,-3.5549999999999997,20.2048,0,0
2,0,1,1,22.96,26.515,94,8.9981,1,4,6,0,0,0,0,0,1,1,0,-3.5549999999999997,21.582400000000003,0,0
2,0,1,1,22.96,26.515,94,7.0015,2,4,6,0,0,0,0,0,1,2,0,-3.5549999999999997,21.582400000000003,0,0
2,0,1,1,22.96,26.515,94,7.0015,3,4,6,0,0,0,0,0,1,3,0,-3.5549999999999997,21.582400000000003,0,0
2,0,1,1,22.14,25.76,94,8.9981,4,4,6,0,0,0,0,0,1,4,0,-3.620000000000001,20.8116,0,0
2,0,1,1,22.14,25.76,100,0.0,5,4,6,0,0,0,0,0,1,5,0,-3.620000000000001,22.14,0,0
2,0,1,1,22.96,26.515,94,0.0,6,4,6,0,0,0,0,0,0,6,0,-3.5549999999999997,21.582400000000003,0,0
2,0,1,1,24.6,28.03,83,0.0,7,4,6,0,0,1,0,0,0,7,0,-3.4299999999999997,20.418000000000003,0,0
2,0,1,2,24.6,28.03,83,0.0,8,4,6,0,0,1,0,0,0,8,0,-3.4299999999999997,20.418000000000003,0,0
2,0,1,1,28.7,32.575,58,12.998,9,4,6,0,0,1,0,0,0,9,0,-3.8750000000000036,16.646,0,0
2,0,1,1,28.7,32.575,58,12.998,10,4,6,0,0,0,0,0,0,10,0,-3.8750000000000036,16.646,0,0
2,0,1,1,27.88,31.82,69,16.9979,11,4,6,0,0,0,0,0,0,11,0,-3.9400000000000013,19.2372,0,0
2,0,1,1,28.7,32.575,65,16.9979,12,4,6,0,0,0,0,0,0,12,0,-3.8750000000000036,18.655,0,0
2,0,1,1,30.34,34.09,62,19.0012,13,4,6,0,0,0,0,0,0,13,0,-3.7500000000000036,18.8108,0,0
2,0,1,1,31.16,34.85,52,12.998,14,4,6,0,0,0,0,0,0,14,0,-3.6900000000000013,16.2032,0,0
2,0,1,1,31.98,34.85,43,15.0013,15,4,6,0,0,0,0,0,0,15,0,-2.870000000000001,13.7514,0,0
2,0,1,1,31.16,34.09,45,11.0014,16,4,6,0,0,0,0,0,0,16,0,-2.9300000000000033,14.022,0,0
2,0,1,3,31.16,34.09,40,12.998,17,4,6,0,0,0,1,0,0,17,0,-2.9300000000000033,12.464,0,1
2,0,1,3,31.16,34.09,40,12.998,18,4,6,0,0,0,1,0,0,18,0,-2.9300000000000033,12.464,0,1
2,0,1,3,26.24,28.79,83,16.9979,19,4,6,0,0,0,1,0,0,19,0,-2.5500000000000007,21.7792,0,1
2,0,1,1,26.24,29.545,78,7.0015,20,4,6,0,0,0,0,0,0,20,0,-3.3050000000000033,20.4672,0,0
2,0,1,1,26.24,29.545,78,6.0032,21,4,6,0,0,0,0,0,0,21,0,-3.3050000000000033,20.4672,0,0
2,0,1,1,25.42,28.03,88,8.9981,22,4,6,0,0,0,0,0,0,22,0,-2.6099999999999994,22.369600000000002,0,0
2,0,1,1,25.42,28.79,83,8.9981,23,4,6,0,0,0,0,0,0,23,0,-3.3699999999999974,21.0986,0,0
2,0,0,1,25.42,28.03,88,8.9981,0,5,6,0,1,0,0,0,1,0,0,-2.6099999999999994,22.369600000000002,0,0
2,0,0,1,25.42,28.79,83,7.0015,1,5,6,0,1,0,0,0,1,0,1,-3.3699999999999974,21.0986,0,0
2,0,0,1,24.6,27.275,88,0.0,2,5,6,0,1,0,0,0,1,0,2,-2.674999999999997,21.648000000000003,0,0
2,0,0,1,24.6,27.275,88,6.0032,3,5,6,0,1,0,0,0,1,0,3,-2.674999999999997,21.648000000000003,0,0
2,0,0,1,24.6,27.275,88,6.0032,4,5,6,0,1,0,0,0,1,0,4,-2.674999999999997,21.648000000000003,0,0
2,0,0,1,25.42,28.79,83,0.0,5,5,6,0,1,0,0,0,1,0,5,-3.3699999999999974,21.0986,0,0
2,0,0,1,25.42,28.79,83,7.0015,6,5,6,0,1,0,0,0,0,0,6,-3.3699999999999974,21.0986,0,0
2,0,0,1,26.24,29.545,78,8.9981,7,5,6,0,1,0,0,0,0,0,7,-3.3050000000000033,20.4672,0,0
2,0,0,1,27.06,30.305,78,6.0032,8,5,6,0,1,0,0,0,0,0,8,-3.245000000000001,21.1068,0,0
2,0,0,1,28.7,32.575,61,15.0013,9,5,6,0,1,0,0,0,0,0,9,-3.8750000000000036,17.507,0,0
2,0,0,1,29.52,34.09,62,12.998,10,5,6,0,1,0,0,0,0,0,10,-4.570000000000004,18.3024,0,0
2,0,0,1,29.52,34.09,62,8.9981,11,5,6,0,1,0,0,1,0,0,11,-4.570000000000004,18.3024,0,0
2,0,0,1,30.34,34.85,66,6.0032,12,5,6,0,1,0,0,1,0,0,12,-4.510000000000002,20.0244,0,0
2,0,0,1,31.16,34.85,55,0.0,13,5,6,0,1,0,0,1,0,0,13,-3.6900000000000013,17.137999999999998,0,0
2,0,0,2,32.8,36.365,46,19.0012,14,5,6,0,1,0,0,1,0,0,14,-3.565000000000005,15.088,0,0
2,0,0,2,33.62,37.88,46,8.9981,15,5,6,0,1,0,0,1,0,0,15,-4.260000000000005,15.4652,0,0
2,0,0,2,31.16,34.85,52,15.0013,16,5,6,0,1,0,0,1,0,0,16,-3.6900000000000013,16.2032,0,0
2,0,0,2,31.16,34.09,48,11.0014,17,5,6,0,1,0,0,0,0,0,17,-2.9300000000000033,14.956800000000001,0,0
2,0,0,2,30.34,34.09,55,12.998,18,5,6,0,1,0,0,0,0,0,18,-3.7500000000000036,16.687,0,0
2,0,0,2,30.34,33.335,51,7.0015,19,5,6,0,1,0,0,0,0,0,19,-2.995000000000001,15.4734,0,0
2,0,0,2,29.52,33.335,58,8.9981,20,5,6,0,1,0,0,0,0,0,20,-3.8150000000000013,17.1216,0,0
2,0,0,2,29.52,34.09,66,7.0015,21,5,6,0,1,0,0,0,0,0,21,-4.570000000000004,19.4832,0,0
2,0,0,2,29.52,34.09,62,8.9981,22,5,6,0,1,0,0,0,0,0,22,-4.570000000000004,18.3024,0,0
2,0,0,2,29.52,34.09,62,0.0,23,5,6,0,1,0,0,0,0,0,23,-4.570000000000004,18.3024,0,0
2,0,0,1,28.7,32.575,65,0.0,0,6,6,0,1,0,0,0,1,0,0,-3.8750000000000036,18.655,0,0
2,0,0,2,28.7,32.575,65,6.0032,1,6,6,0,1,0,0,0,1,0,1,-3.8750000000000036,18.655,0,0
2,0,0,1,27.88,31.82,74,6.0032,2,6,6,0,1,0,0,0,1,0,2,-3.9400000000000013,20.6312,0,0
2,0,0,2,27.06,30.305,78,8.9981,3,6,6,0,1,0,0,0,1,0,3,-3.245000000000001,21.1068,0,0
2,0,0,2,27.06,31.06,74,8.9981,4,6,6,0,1,0,0,0,1,0,4,-4.0,20.0244,0,0
2,0,0,2,27.06,30.305,78,0.0,5,6,6,0,1,0,0,0,1,0,5,-3.245000000000001,21.1068,0,0
2,0,0,2,27.06,30.305,78,11.0014,6,6,6,0,1,0,0,0,0,0,6,-3.245000000000001,21.1068,0,0
2,0,0,2,27.06,30.305,78,11.0014,7,6,6,0,1,0,0,0,0,0,7,-3.245000000000001,21.1068,0,0
2,0,0,3,27.88,31.82,74,7.0015,8,6,6,0,1,0,0,0,0,0,8,-3.9400000000000013,20.6312,0,1
2,0,0,2,27.88,31.82,74,7.0015,9,6,6,0,1,0,0,0,0,0,9,-3.9400000000000013,20.6312,0,0
2,0,0,2,28.7,32.575,61,7.0015,10,6,6,0,1,0,0,0,0,0,10,-3.8750000000000036,17.507,0,0
2,0,0,2,29.52,33.335,58,6.0032,11,6,6,0,1,0,0,1,0,0,11,-3.8150000000000013,17.1216,0,0
2,0,0,2,30.34,34.09,55,6.0032,12,6,6,0,1,0,0,1,0,0,12,-3.7500000000000036,16.687,0,0
2,0,0,2,30.34,33.335,51,0.0,13,6,6,0,1,0,0,1,0,0,13,-2.995000000000001,15.4734,0,0
2,0,0,3,30.34,34.09,58,7.0015,14,6,6,0,1,0,0,1,0,0,14,-3.7500000000000036,17.5972,0,1
2,0,0,2,30.34,34.09,55,7.0015,15,6,6,0,1,0,0,1,0,0,15,-3.7500000000000036,16.687,0,0
2,0,0,2,31.16,34.09,48,0.0,16,6,6,0,1,0,0,1,0,0,16,-2.9300000000000033,14.956800000000001,0,0
2,0,0,1,30.34,33.335,51,0.0,17,6,6,0,1,0,0,0,0,0,17,-2.995000000000001,15.4734,0,0
2,0,0,2,30.34,34.09,58,6.0032,18,6,6,0,1,0,0,0,0,0,18,-3.7500000000000036,17.5972,0,0
2,0,0,1,29.52,34.09,62,8.9981,19,6,6,0,1,0,0,0,0,0,19,-4.570000000000004,18.3024,0,0
2,0,0,1,28.7,32.575,70,12.998,20,6,6,0,1,0,0,0,0,0,20,-3.8750000000000036,20.09,0,0
2,0,0,1,27.88,31.82,79,8.9981,21,6,6,0,1,0,0,0,0,0,21,-3.9400000000000013,22.025199999999998,0,0
2,0,0,1,27.06,30.305,78,15.0013,22,6,6,0,1,0,0,0,0,0,22,-3.245000000000001,21.1068,0,0
2,0,0,1,27.06,30.305,78,12.998,23,6,6,0,1,0,0,0,0,0,23,-3.245000000000001,21.1068,0,0
3,0,1,1,27.06,31.06,50,0.0,0,4,7,0,0,0,0,0,1,0,0,-4.0,13.53,0,0
3,0,1,1,27.06,31.06,50,0.0,1,4,7,0,0,0,0,0,1,1,0,-4.0,13.53,0,0
3,0,1,1,25.42,30.305,69,0.0,2,4,7,0,0,0,0,0,1,2,0,-4.884999999999998,17.5398,0,0
3,0,1,1,26.24,31.06,53,0.0,3,4,7,0,0,0,0,0,1,3,0,-4.82,13.9072,0,0
3,0,1,1,25.42,31.06,57,0.0,4,4,7,0,0,0,0,0,1,4,0,-5.639999999999997,14.4894,0,0
3,0,1,1,24.6,30.305,64,8.9981,5,4,7,0,0,0,0,0,1,5,0,-5.704999999999998,15.744000000000002,0,0
3,0,1,1,25.42,30.305,61,8.9981,6,4,7,0,0,0,0,0,0,6,0,-4.884999999999998,15.506200000000002,0,0
3,0,1,1,27.06,31.06,54,7.0015,7,4,7,0,0,1,0,0,0,7,0,-4.0,14.612400000000001,0,0
3,0,1,1,28.7,31.82,42,11.0014,8,4,7,0,0,1,0,0,0,8,0,-3.120000000000001,12.053999999999998,0,0
3,0,1,1,30.34,32.575,35,11.0014,9,4,7,0,0,1,0,0,0,9,0,-2.235000000000003,10.619000000000002,0,0
3,0,1,1,31.16,33.335,33,11.0014,10,4,7,0,0,0,0,0,0,10,0,-2.1750000000000007,10.2828,0,0
3,0,1,1,32.8,34.85,26,0.0,11,4,7,0,0,0,0,0,0,11,0,-2.0500000000000043,8.527999999999999,0,0
3,0,1,1,32.8,34.85,26,0.0,12,4,7,0,0,0,0,0,0,12,0,-2.0500000000000043,8.527999999999999,0,0
3,0,1,1,32.8,34.09,24,0.0,13,4,7,0,0,0,0,0,0,13,0,-1.2900000000000063,7.871999999999999,0,0
3,0,1,1,33.62,34.85,23,12.998,14,4,7,0,0,0,0,0,0,14,0,-1.230000000000004,7.7326,0,0
3,0,1,1,33.62,34.85,21,16.9979,15,4,7,0,0,0,0,0,0,15,0,-1.230000000000004,7.0602,0,0
3,0,1,1,33.62,34.85,17,0.0,16,4,7,0,0,0,0,0,0,16,0,-1.230000000000004,5.7154,0,0
3,0,1,1,33.62,34.85,21,12.998,17,4,7,0,0,0,1,0,0,17,0,-1.230000000000004,7.0602,0,0
3,0,1,1,32.8,34.09,24,16.9979,18,4,7,0,0,0,1,0,0,18,0,-1.2900000000000063,7.871999999999999,0,0
3,0,1,1,31.98,33.335,25,12.998,19,4,7,0,0,0,1,0,0,19,0,-1.3550000000000004,7.995,0,0
3,0,1,1,29.52,32.575,42,15.0013,20,4,7,0,0,0,0,0,0,20,0,-3.0550000000000033,12.398399999999999,0,0
3,0,1,1,28.7,31.82,45,12.998,21,4,7,0,0,0,0,0,0,21,0,-3.120000000000001,12.915,0,0
3,0,1,1,28.7,31.82,42,0.0,22,4,7,0,0,0,0,0,0,22,0,-3.120000000000001,12.053999999999998,0,0
3,0,1,1,27.88,31.82,47,6.0032,23,4,7,0,0,0,0,0,0,23,0,-3.9400000000000013,13.103599999999998,0,0
3,0,0,1,27.88,31.82,47,6.0032,0,5,7,0,1,0,0,0,1,0,0,-3.9400000000000013,13.103599999999998,0,0
3,0,0,1,27.06,31.06,54,0.0,1,5,7,0,1,0,0,0,1,0,1,-4.0,14.612400000000001,0,0
3,0,0,1,26.24,31.06,53,0.0,2,5,7,0,1,0,0,0,1,0,2,-4.82,13.9072,0,0
3,0,0,1,26.24,31.06,53,0.0,3,5,7,0,1,0,0,0,1,0,3,-4.82,13.9072,0,0
3,0,0,1,25.42,30.305,61,0.0,4,5,7,0,1,0,0,0,1,0,4,-4.884999999999998,15.506200000000002,0,0
3,0,0,1,23.78,27.275,73,7.0015,5,5,7,0,1,0,0,0,1,0,5,-3.4949999999999974,17.3594,0,0
3,0,0,1,25.42,30.305,69,7.0015,6,5,7,0,1,0,0,0,0,0,6,-4.884999999999998,17.5398,0,0
3,0,0,1,26.24,30.305,65,0.0,7,5,7,0,1,0,0,0,0,0,7,-4.065000000000001,17.055999999999997,0,0
3,0,0,1,27.88,31.82,57,0.0,8,5,7,0,1,0,0,0,0,0,8,-3.9400000000000013,15.891599999999999,0,0
3,0,0,1,30.34,33.335,51,6.0032,9,5,7,0,1,0,0,0,0,0,9,-2.995000000000001,15.4734,0,0
3,0,0,1,32.8,35.605,36,0.0,10,5,7,0,1,0,0,0,0,0,10,-2.8049999999999997,11.808,0,0
3,0,0,1,32.8,35.605,36,6.0032,11,5,7,0,1,0,0,1,0,0,11,-2.8049999999999997,11.808,0,0
3,0,0,1,33.62,35.605,30,8.9981,12,5,7,0,1,0,0,1,0,0,12,-1.9849999999999994,10.085999999999999,0,0
3,0,0,1,33.62,35.605,30,7.0015,13,5,7,0,1,0,0,1,0,0,13,-1.9849999999999994,10.085999999999999,0,0
3,0,0,1,34.44,35.605,20,0.0,14,5,7,0,1,0,0,1,0,0,14,-1.1649999999999991,6.888,0,0
3,0,0,1,35.26,36.365,19,11.0014,15,5,7,0,1,0,0,1,0,0,15,-1.105000000000004,6.6994,0,0
3,0,0,1,36.08,37.12,22,15.0013,16,5,7,0,1,0,0,1,0,0,16,-1.0399999999999991,7.9376,0,0
3,0,0,1,34.44,36.365,30,15.0013,17,5,7,0,1,0,0,0,0,0,17,-1.9250000000000043,10.331999999999999,0,0
3,0,0,1,33.62,35.605,30,19.0012,18,5,7,0,1,0,0,0,0,0,18,-1.9849999999999994,10.085999999999999,0,0
3,0,0,1,32.8,34.85,33,15.0013,19,5,7,0,1,0,0,0,0,0,19,-2.0500000000000043,10.823999999999998,0,0
3,0,0,1,31.16,34.09,45,19.0012,20,5,7,0,1,0,0,0,0,0,20,-2.9300000000000033,14.022,0,0
3,0,0,1,30.34,33.335,48,12.998,21,5,7,0,1,0,0,0,0,0,21,-2.995000000000001,14.5632,0,0
3,0,0,1,29.52,33.335,51,11.0014,22,5,7,0,1,0,0,0,0,0,22,-3.8150000000000013,15.0552,0,0
3,0,0,1,29.52,33.335,54,19.0012,23,5,7,0,1,0,0,0,0,0,23,-3.8150000000000013,15.9408,0,0
3,0,0,1,28.7,32.575,58,15.0013,0,6,7,0,1,0,0,0,1,0,0,-3.8750000000000036,16.646,0,0
3,0,0,2,28.7,32.575,61,11.0014,1,6,7,0,1,0,0,0,1,0,1,-3.8750000000000036,17.507,0,0
3,0,0,1,28.7,32.575,58,12.998,2,6,7,0,1,0,0,0,1,0,2,-3.8750000000000036,16.646,0,0
3,0,0,3,27.88,31.82,65,6.0032,3,6,7,0,1,0,0,0,1,0,3,-3.9400000000000013,18.122,0,1
3,0,0,3,27.88,31.82,65,6.0032,4,6,7,0,1,0,0,0,1,0,4,-3.9400000000000013,18.122,0,1
3,0,0,3,25.42,28.79,83,12.998,5,6,7,0,1,0,0,0,1,0,5,-3.3699999999999974,21.0986,0,1
3,0,0,2,25.42,27.275,94,6.0032,6,6,7,0,1,0,0,0,0,0,6,-1.8549999999999969,23.8948,0,0
3,0,0,2,26.24,28.79,89,12.998,7,6,7,0,1,0,0,0,0,0,7,-2.5500000000000007,23.353599999999997,0,0
3,0,0,1,27.88,31.82,79,15.0013,8,6,7,0,1,0,0,0,0,0,8,-3.9400000000000013,22.025199999999998,0,0
3,0,0,1,28.7,33.335,74,16.9979,9,6,7,0,1,0,0,0,0,0,9,-4.635000000000002,21.237999999999996,0,0
3,0,0,1,30.34,34.85,66,11.0014,10,6,7,0,1,0,0,0,0,0,10,-4.510000000000002,20.0244,0,0
3,0,0,1,31.16,35.605,62,7.0015,11,6,7,0,1,0,0,1,0,0,11,-4.444999999999997,19.319200000000002,0,0
3,0,0,1,32.8,37.88,55,7.0015,12,6,7,0,1,0,0,1,0,0,12,-5.080000000000005,18.04,0,0
3,0,0,1,32.8,38.635,59,15.0013,13,6,7,0,1,0,0,1,0,0,13,-5.835000000000001,19.351999999999997,0,0
3,0,0,1,33.62,39.395,56,16.9979,14,6,7,0,1,0,0,1,0,0,14,-5.775000000000006,18.827199999999998,0,0
3,0,0,1,34.44,40.15,53,19.9995,15,6,7,0,1,0,0,1,0,0,15,-5.710000000000001,18.2532,0,0
3,0,0,1,34.44,40.15,53,19.9995,16,6,7,0,1,0,0,1,0,0,16,-5.710000000000001,18.2532,0,0
3,0,0,3,32.8,37.12,49,56.9969,17,6,7,0,1,0,0,0,0,0,17,-4.32,16.072,0,1
3,0,0,3,32.8,37.12,49,56.9969,18,6,7,0,1,0,0,0,0,0,18,-4.32,16.072,0,1
3,0,0,2,27.06,30.305,83,12.998,19,6,7,0,1,0,0,0,0,0,19,-3.245000000000001,22.4598,0,0
3,0,0,3,27.06,30.305,83,0.0,20,6,7,0,1,0,0,0,0,0,20,-3.245000000000001,22.4598,0,1
3,0,0,2,27.06,30.305,83,11.0014,21,6,7,0,1,0,0,0,0,0,21,-3.245000000000001,22.4598,0,0
3,0,0,2,27.06,30.305,78,7.0015,22,6,7,0,1,0,0,0,0,0,22,-3.245000000000001,21.1068,0,0
3,0,0,1,26.24,28.79,83,11.0014,23,6,7,0,1,0,0,0,0,0,23,-2.5500000000000007,21.7792,0,0
3,1,0,1,26.24,28.79,83,8.9981,0,0,7,0,0,0,0,0,1,0,0,-2.5500000000000007,21.7792,0,0
3,1,0,1,26.24,28.79,83,6.0032,1,0,7,0,0,0,0,0,1,0,0,-2.5500000000000007,21.7792,0,0
3,1,0,1,26.24,28.79,83,0.0,2,0,7,0,0,0,0,0,1,0,0,-2.5500000000000007,21.7792,0,0
3,1,0,1,26.24,29.545,78,0.0,3,0,7,0,0,0,0,0,1,0,0,-3.3050000000000033,20.4672,0,0
3,1,0,2,27.06,30.305,78,6.0032,4,0,7,0,0,0,0,0,1,0,0,-3.245000000000001,21.1068,0,0
3,1,0,2,26.24,28.79,83,8.9981,5,0,7,0,0,0,0,0,1,0,0,-2.5500000000000007,21.7792,0,0
3,1,0,1,26.24,28.79,89,11.0014,6,0,7,0,0,0,0,0,0,0,0,-2.5500000000000007,23.353599999999997,0,0
3,1,0,1,27.06,30.305,83,8.9981,7,0,7,0,0,0,0,0,0,0,0,-3.245000000000001,22.4598,0,0
3,1,0,1,28.7,33.335,74,7.0015,8,0,7,0,0,0,0,0,0,0,0,-4.635000000000002,21.237999999999996,0,0
3,1,0,2,29.52,34.09,66,6.0032,9,0,7,0,0,0,0,0,0,0,0,-4.570000000000004,19.4832,0,0
3,1,0,2,31.16,34.85,55,6.0032,10,0,7,0,0,0,0,0,0,0,0,-3.6900000000000013,17.137999999999998,0,0
3,1,0,2,31.16,34.85,55,6.0032,11,0,7,0,0,0,0,0,0,0,0,-3.6900000000000013,17.137999999999998,0,0
3,1,0,2,31.98,35.605,52,0.0,12,0,7,0,0,0,0,0,0,0,0,-3.6249999999999964,16.6296,0,0
3,1,0,2,31.98,35.605,49,0.0,13,0,7,0,0,0,0,0,0,0,0,-3.6249999999999964,15.6702,0,0
3,1,0,1,32.8,36.365,46,0.0,14,0,7,0,0,0,0,0,0,0,0,-3.565000000000005,15.088,0,0
3,1,0,1,33.62,37.12,43,6.0032,15,0,7,0,0,0,0,0,0,0,0,-3.5,14.456599999999998,0,0
3,1,0,1,33.62,37.12,41,0.0,16,0,7,0,0,0,0,0,0,0,0,-3.5,13.784199999999998,0,0
3,1,0,1,32.8,36.365,46,0.0,17,0,7,0,0,0,0,0,0,0,0,-3.565000000000005,15.088,0,0
3,1,0,1,32.8,36.365,46,8.9981,18,0,7,0,0,0,0,0,0,0,0,-3.565000000000005,15.088,0,0
3,1,0,2,31.98,35.605,49,11.0014,19,0,7,0,0,0,0,0,0,0,0,-3.6249999999999964,15.6702,0,0
3,1,0,2,31.16,34.85,55,7.0015,20,0,7,0,0,0,0,0,0,0,0,-3.6900000000000013,17.137999999999998,0,0
3,1,0,2,30.34,34.09,62,7.0015,21,0,7,0,0,0,0,0,0,0,0,-3.7500000000000036,18.8108,0,0
3,1,0,2,30.34,34.09,62,8.9981,22,0,7,0,0,0,0,0,0,0,0,-3.7500000000000036,18.8108,0,0
3,1,0,2,29.52,34.09,70,7.0015,23,0,7,0,0,0,0,0,0,0,0,-4.570000000000004,20.664,0,0
3,0,1,2,28.7,32.575,65,11.0014,0,1,7,0,0,0,0,0,1,0,0,-3.8750000000000036,18.655,0,0
3,0,1,1,28.7,32.575,65,7.0015,1,1,7,0,0,0,0,0,1,1,0,-3.8750000000000036,18.655,0,0
3,0,1,1,27.06,31.06,74,6.0032,2,1,7,0,0,0,0,0,1,2,0,-4.0,20.0244,0,0
3,0,1,1,27.06,31.06,74,15.0013,3,1,7,0,0,0,0,0,1,3,0,-4.0,20.0244,0,0
3,0,1,1,27.06,31.06,69,11.0014,4,1,7,0,0,0,0,0,1,4,0,-4.0,18.6714,0,0
3,0,1,1,27.06,31.06,69,0.0,5,1,7,0,0,0,0,0,1,5,0,-4.0,18.6714,0,0
3,0,1,1,27.06,31.06,74,6.0032,6,1,7,0,0,0,0,0,0,6,0,-4.0,20.0244,0,0
3,0,1,1,28.7,32.575,65,6.0032,7,1,7,0,0,1,0,0,0,7,0,-3.8750000000000036,18.655,0,0
3,0,1,1,29.52,34.09,62,8.9981,8,1,7,0,0,1,0,0,0,8,0,-4.570000000000004,18.3024,0,0
3,0,1,1,30.34,34.09,58,8.9981,9,1,7,0,0,1,0,0,0,9,0,-3.7500000000000036,17.5972,0,0
3,0,1,1,31.16,34.85,52,7.0015,10,1,7,0,0,0,0,0,0,10,0,-3.6900000000000013,16.2032,0,0
3,0,1,1,31.98,34.85,46,7.0015,11,1,7,0,0,0,0,0,0,11,0,-2.870000000000001,14.710799999999999,0,0
3,0,1,1,32.8,36.365,43,7.0015,12,1,7,0,0,0,0,0,0,12,0,-3.565000000000005,14.104,0,0
3,0,1,1,33.62,37.12,43,7.0015,13,1,7,0,0,0,0,0,0,13,0,-3.5,14.456599999999998,0,0
3,0,1,1,32.8,37.12,49,11.0014,14,1,7,0,0,0,0,0,0,14,0,-4.32,16.072,0,0
3,0,1,1,33.62,37.12,43,0.0,15,1,7,0,0,0,0,0,0,15,0,-3.5,14.456599999999998,0,0
3,0,1,1,33.62,37.88,46,7.0015,16,1,7,0,0,0,0,0,0,16,0,-4.260000000000005,15.4652,0,0
3,0,1,1,33.62,37.88,46,7.0015,17,1,7,0,0,0,1,0,0,17,0,-4.260000000000005,15.4652,0,0
3,0,1,1,32.8,37.88,55,11.0014,18,1,7,0,0,0,1,0,0,18,0,-5.080000000000005,18.04,0,0
3,0,1,1,32.8,38.635,59,8.9981,19,1,7,0,0,0,1,0,0,19,0,-5.835000000000001,19.351999999999997,0,0
3,0,1,1,31.16,36.365,66,7.0015,20,1,7,0,0,0,0,0,0,20,0,-5.205000000000002,20.5656,0,0
3,0,1,1,31.98,37.12,62,16.9979,21,1,7,0,0,0,0,0,0,21,0,-5.139999999999997,19.8276,0,0
3,0,1,1,31.16,36.365,66,15.0013,22,1,7,0,0,0,0,0,0,22,0,-5.205000000000002,20.5656,0,0
3,0,1,1,30.34,34.85,66,11.0014,23,1,7,0,0,0,0,0,0,23,0,-4.510000000000002,20.0244,0,0
3,0,1,1,29.52,34.85,74,12.998,0,2,7,0,0,0,0,0,1,0,0,-5.330000000000002,21.8448,0,0
3,0,1,1,28.7,33.335,74,8.9981,1,2,7,0,0,0,0,0,1,1,0,-4.635000000000002,21.237999999999996,0,0
3,0,1,1,28.7,33.335,79,6.0032,2,2,7,0,0,0,0,0,1,2,0,-4.635000000000002,22.673,0,0
3,0,1,1,28.7,33.335,79,0.0,3,2,7,0,0,0,0,0,1,3,0,-4.635000000000002,22.673,0,0
3,0,1,2,27.88,31.82,83,6.0032,4,2,7,0,0,0,0,0,1,4,0,-3.9400000000000013,23.1404,0,0
3,0,1,1,27.88,31.82,83,6.0032,5,2,7,0,0,0,0,0,1,5,0,-3.9400000000000013,23.1404,0,0
3,0,1,1,28.7,33.335,79,6.0032,6,2,7,0,0,0,0,0,0,6,0,-4.635000000000002,22.673,0,0
3,0,1,2,29.52,34.85,79,0.0,7,2,7,0,0,1,0,0,0,7,0,-5.330000000000002,23.3208,0,0
3,0,1,2,29.52,34.85,74,7.0015,8,2,7,0,0,1,0,0,0,8,0,-5.330000000000002,21.8448,0,0
3,0,1,3,28.7,33.335,79,12.998,9,2,7,0,0,1,0,0,0,9,0,-4.635000000000002,22.673,0,1
3,0,1,3,28.7,33.335,79,6.0032,10,2,7,0,0,0,0,0,0,10,0,-4.635000000000002,22.673,0,1
3,0,1,2,29.52,34.85,74,0.0,11,2,7,0,0,0,0,0,0,11,0,-5.330000000000002,21.8448,0,0
3,0,1,2,30.34,34.85,66,6.0032,12,2,7,0,0,0,0,0,0,12,0,-4.510000000000002,20.0244,0,0
3,0,1,2,30.34,34.85,70,7.0015,13,2,7,0,0,0,0,0,0,13,0,-4.510000000000002,21.238000000000003,0,0
3,0,1,1,31.16,36.365,66,19.0012,14,2,7,0,0,0,0,0,0,14,0,-5.205000000000002,20.5656,0,0
3,0,1,1,31.16,36.365,70,19.0012,15,2,7,0,0,0,0,0,0,15,0,-5.205000000000002,21.811999999999998,0,0
3,0,1,1,31.16,36.365,70,16.9979,16,2,7,0,0,0,0,0,0,16,0,-5.205000000000002,21.811999999999998,0,0
3,0,1,1,31.98,37.12,59,15.0013,17,2,7,0,0,0,1,0,0,17,0,-5.139999999999997,18.868199999999998,0,0
3,0,1,1,31.16,35.605,62,12.998,18,2,7,0,0,0,1,0,0,18,0,-4.444999999999997,19.319200000000002,0,0
3,0,1,1,30.34,34.85,70,15.0013,19,2,7,0,0,0,1,0,0,19,0,-4.510000000000002,21.238000000000003,0,0
3,0,1,1,29.52,34.85,74,16.9979,20,2,7,0,0,0,0,0,0,20,0,-5.330000000000002,21.8448,0,0
3,0,1,1,28.7,33.335,79,12.998,21,2,7,0,0,0,0,0,0,21,0,-4.635000000000002,22.673,0,0
3,0,1,1,28.7,33.335,79,12.998,22,2,7,0,0,0,0,0,0,22,0,-4.635000000000002,22.673,0,0
3,0,1,1,27.88,31.82,83,15.0013,23,2,7,0,0,0,0,0,0,23,0,-3.9400000000000013,23.1404,0,0
3,0,1,1,27.06,29.545,89,8.9981,0,3,7,0,0,0,0,0,1,0,0,-2.485000000000003,24.083399999999997,0,0
3,0,1,1,27.06,29.545,89,12.998,1,3,7,0,0,0,0,0,1,1,0,-2.485000000000003,24.083399999999997,0,0
3,0,1,1,27.06,29.545,89,12.998,2,3,7,0,0,0,0,0,1,2,0,-2.485000000000003,24.083399999999997,0,0
3,0,1,1,26.24,28.03,94,7.0015,3,3,7,0,0,0,0,0,1,3,0,-1.7900000000000027,24.665599999999998,0,0
3,0,1,1,26.24,28.79,89,7.0015,4,3,7,0,0,0,0,0,1,4,0,-2.5500000000000007,23.353599999999997,0,0
3,0,1,1,26.24,28.79,89,7.0015,5,3,7,0,0,0,0,0,1,5,0,-2.5500000000000007,23.353599999999997,0,0
3,0,1,2,26.24,28.79,89,8.9981,6,3,7,0,0,0,0,0,0,6,0,-2.5500000000000007,23.353599999999997,0,0
3,0,1,2,27.06,29.545,89,7.0015,7,3,7,0,0,1,0,0,0,7,0,-2.485000000000003,24.083399999999997,0,0
3,0,1,2,28.7,33.335,79,12.998,8,3,7,0,0,1,0,0,0,8,0,-4.635000000000002,22.673,0,0
3,0,1,1,30.34,34.85,70,11.0014,9,3,7,0,0,1,0,0,0,9,0,-4.510000000000002,21.238000000000003,0,0
3,0,1,1,31.98,37.12,62,0.0,10,3,7,0,0,0,0,0,0,10,0,-5.139999999999997,19.8276,0,0
3,0,1,1,33.62,38.635,52,8.9981,11,3,7,0,0,0,0,0,0,11,0,-5.015000000000001,17.4824,0,0
3,0,1,1,34.44,38.635,41,0.0,12,3,7,0,0,0,0,0,0,12,0,-4.195,14.1204,0,0
3,0,1,1,35.26,39.395,41,0.0,13,3,7,0,0,0,0,0,0,13,0,-4.135000000000005,14.456599999999998,0,0
3,0,1,1,35.26,39.395,41,16.9979,14,3,7,0,0,0,0,0,0,14,0,-4.135000000000005,14.456599999999998,0,0
3,0,1,1,35.26,39.395,41,16.9979,15,3,7,0,0,0,0,0,0,15,0,-4.135000000000005,14.456599999999998,0,0
3,0,1,1,35.26,38.635,39,15.0013,16,3,7,0,0,0,0,0,0,16,0,-3.375,13.751399999999999,0,0
3,0,1,1,35.26,37.88,36,16.9979,17,3,7,0,0,0,1,0,0,17,0,-2.6200000000000045,12.693599999999998,0,0
3,0,1,1,34.44,37.88,44,19.9995,18,3,7,0,0,0,1,0,0,18,0,-3.440000000000005,15.153599999999999,0,0
3,0,1,1,33.62,38.635,52,19.0012,19,3,7,0,0,0,1,0,0,19,0,-5.015000000000001,17.4824,0,0
3,0,1,1,31.16,35.605,58,23.9994,20,3,7,0,0,0,0,0,0,20,0,-4.444999999999997,18.0728,0,0
3,0,1,1,30.34,34.09,62,11.0014,21,3,7,0,0,0,0,0,0,21,0,-3.7500000000000036,18.8108,0,0
3,0,1,1,30.34,34.09,62,11.0014,22,3,7,0,0,0,0,0,0,22,0,-3.7500000000000036,18.8108,0,0
3,0,1,1,29.52,34.09,66,0.0,23,3,7,0,0,0,0,0,0,23,0,-4.570000000000004,19.4832,0,0
3,0,1,1,30.34,34.85,66,7.0015,0,4,7,0,0,0,0,0,1,0,0,-4.510000000000002,20.0244,0,0
3,0,1,1,29.52,34.85,79,0.0,1,4,7,0,0,0,0,0,1,1,0,-5.330000000000002,23.3208,0,0
3,0,1,2,28.7,33.335,74,11.0014,2,4,7,0,0,0,0,0,1,2,0,-4.635000000000002,21.237999999999996,0,0
3,0,1,1,27.88,31.82,79,7.0015,3,4,7,0,0,0,0,0,1,3,0,-3.9400000000000013,22.025199999999998,0,0
3,0,1,1,28.7,33.335,79,16.9979,4,4,7,0,0,0,0,0,1,4,0,-4.635000000000002,22.673,0,0
3,0,1,1,27.88,31.82,79,16.9979,5,4,7,0,0,0,0,0,1,5,0,-3.9400000000000013,22.025199999999998,0,0
3,0,1,1,28.7,33.335,74,7.0015,6,4,7,0,0,0,0,0,0,6,0,-4.635000000000002,21.237999999999996,0,0
3,0,1,2,28.7,33.335,79,12.998,7,4,7,0,0,1,0,0,0,7,0,-4.635000000000002,22.673,0,0
3,0,1,2,29.52,34.85,74,16.9979,8,4,7,0,0,1,0,0,0,8,0,-5.330000000000002,21.8448,0,0
3,0,1,2,31.16,36.365,70,19.9995,9,4,7,0,0,1,0,0,0,9,0,-5.205000000000002,21.811999999999998,0,0
3,0,1,2,30.34,34.85,70,23.9994,10,4,7,0,0,0,0,0,0,10,0,-4.510000000000002,21.238000000000003,0,0
3,0,1,2,30.34,35.605,74,16.9979,11,4,7,0,0,0,0,0,0,11,0,-5.264999999999997,22.4516,0,0
3,0,1,2,31.16,36.365,70,19.0012,12,4,7,0,0,0,0,0,0,12,0,-5.205000000000002,21.811999999999998,0,0
3,0,1,2,31.98,37.88,66,19.0012,13,4,7,0,0,0,0,0,0,13,0,-5.900000000000002,21.1068,0,0
3,0,1,2,32.8,39.395,63,23.9994,14,4,7,0,0,0,0,0,0,14,0,-6.595000000000006,20.663999999999998,0,0
3,0,1,2,32.8,39.395,63,23.9994,15,4,7,0,0,0,0,0,0,15,0,-6.595000000000006,20.663999999999998,0,0
3,0,1,3,27.88,31.82,83,30.0026,16,4,7,0,0,0,0,0,0,16,0,-3.9400000000000013,23.1404,0,1
3,0,1,3,27.06,29.545,89,30.0026,17,4,7,0,0,0,1,0,0,17,0,-2.485000000000003,24.083399999999997,0,1
3,0,1,1,27.06,30.305,83,6.0032,18,4,7,0,0,0,1,0,0,18,0,-3.245000000000001,22.4598,0,0
3,0,1,1,27.06,30.305,83,6.0032,19,4,7,0,0,0,1,0,0,19,0,-3.245000000000001,22.4598,0,0
3,0,1,1,27.06,30.305,83,11.0014,20,4,7,0,0,0,0,0,0,20,0,-3.245000000000001,22.4598,0,0
3,0,1,2,27.06,30.305,83,16.9979,21,4,7,0,0,0,0,0,0,21,0,-3.245000000000001,22.4598,0,0
3,0,1,2,27.06,30.305,78,12.998,22,4,7,0,0,0,0,0,0,22,0,-3.245000000000001,21.1068,0,0
3,0,1,2,27.06,30.305,78,6.0032,23,4,7,0,0,0,0,0,0,23,0,-3.245000000000001,21.1068,0,0
3,0,0,2,27.06,30.305,83,8.9981,0,5,7,0,1,0,0,0,1,0,0,-3.245000000000001,22.4598,0,0
3,0,0,2,26.24,28.79,89,7.0015,1,5,7,0,1,0,0,0,1,0,1,-2.5500000000000007,23.353599999999997,0,0
3,0,0,1,26.24,28.79,89,11.0014,2,5,7,0,1,0,0,0,1,0,2,-2.5500000000000007,23.353599999999997,0,0
3,0,0,1,26.24,28.79,89,8.9981,3,5,7,0,1,0,0,0,1,0,3,-2.5500000000000007,23.353599999999997,0,0
3,0,0,1,26.24,28.79,83,15.0013,4,5,7,0,1,0,0,0,1,0,4,-2.5500000000000007,21.7792,0,0
3,0,0,2,25.42,28.03,88,11.0014,5,5,7,0,1,0,0,0,1,0,5,-2.6099999999999994,22.369600000000002,0,0
3,0,0,2,26.24,28.79,83,12.998,6,5,7,0,1,0,0,0,0,0,6,-2.5500000000000007,21.7792,0,0
3,0,0,1,27.06,30.305,78,12.998,7,5,7,0,1,0,0,0,0,0,7,-3.245000000000001,21.1068,0,0
3,0,0,1,28.7,32.575,70,16.9979,8,5,7,0,1,0,0,0,0,0,8,-3.8750000000000036,20.09,0,0
3,0,0,1,30.34,34.09,58,19.0012,9,5,7,0,1,0,0,0,0,0,9,-3.7500000000000036,17.5972,0,0
3,0,0,1,31.16,34.85,52,11.0014,10,5,7,0,1,0,0,0,0,0,10,-3.6900000000000013,16.2032,0,0
3,0,0,1,31.98,34.85,46,19.9995,11,5,7,0,1,0,0,1,0,0,11,-2.870000000000001,14.710799999999999,0,0
3,0,0,1,32.8,36.365,46,16.9979,12,5,7,0,1,0,0,1,0,0,12,-3.565000000000005,15.088,0,0
3,0,0,1,33.62,37.12,41,15.0013,13,5,7,0,1,0,0,1,0,0,13,-3.5,13.784199999999998,0,0
3,0,0,1,34.44,37.12,36,8.9981,14,5,7,0,1,0,0,1,0,0,14,-2.6799999999999997,12.398399999999999,0,0
3,0,0,1,34.44,36.365,34,6.0032,15,5,7,0,1,0,0,1,0,0,15,-1.9250000000000043,11.7096,0,0
3,0,0,1,33.62,36.365,38,0.0,16,5,7,0,1,0,0,1,0,0,16,-2.7450000000000045,12.775599999999999,0,0
3,0,0,1,34.44,36.365,32,0.0,17,5,7,0,1,0,0,0,0,0,17,-1.9250000000000043,11.0208,0,0
3,0,0,1,33.62,36.365,36,7.0015,18,5,7,0,1,0,0,0,0,0,18,-2.7450000000000045,12.1032,0,0
3,0,0,1,31.16,34.85,55,11.0014,19,5,7,0,1,0,0,0,0,0,19,-3.6900000000000013,17.137999999999998,0,0
3,0,0,1,31.16,35.605,58,15.0013,20,5,7,0,1,0,0,0,0,0,20,-4.444999999999997,18.0728,0,0
3,0,0,1,30.34,34.09,58,11.0014,21,5,7,0,1,0,0,0,0,0,21,-3.7500000000000036,17.5972,0,0
3,0,0,1,29.52,34.09,62,11.0014,22,5,7,0,1,0,0,0,0,0,22,-4.570000000000004,18.3024,0,0
3,0,0,1,29.52,33.335,58,12.998,23,5,7,0,1,0,0,0,0,0,23,-3.8150000000000013,17.1216,0,0
3,0,0,1,28.7,32.575,61,11.0014,0,6,7,0,1,0,0,0,1,0,0,-3.8750000000000036,17.507,0,0
3,0,0,1,28.7,32.575,61,8.9981,1,6,7,0,1,0,0,0,1,0,1,-3.8750000000000036,17.507,0,0
3,0,0,1,27.88,31.82,69,6.0032,2,6,7,0,1,0,0,0,1,0,2,-3.9400000000000013,19.2372,0,0
3,0,0,1,27.06,31.06,74,6.0032,3,6,7,0,1,0,0,0,1,0,3,-4.0,20.0244,0,0
3,0,0,1,27.06,31.06,69,6.0032,4,6,7,0,1,0,0,0,1,0,4,-4.0,18.6714,0,0
3,0,0,1,27.06,31.06,74,0.0,5,6,7,0,1,0,0,0,1,0,5,-4.0,20.0244,0,0
3,0,0,1,26.24,29.545,78,6.0032,6,6,7,0,1,0,0,0,0,0,6,-3.3050000000000033,20.4672,0,0
3,0,0,1,28.7,32.575,70,6.0032,7,6,7,0,1,0,0,0,0,0,7,-3.8750000000000036,20.09,0,0
3,0,0,1,29.52,34.09,66,0.0,8,6,7,0,1,0,0,0,0,0,8,-4.570000000000004,19.4832,0,0
3,0,0,1,30.34,34.85,66,6.0032,9,6,7,0,1,0,0,0,0,0,9,-4.510000000000002,20.0244,0,0
3,0,0,1,31.16,34.85,55,8.9981,10,6,7,0,1,0,0,0,0,0,10,-3.6900000000000013,17.137999999999998,0,0
3,0,0,1,31.98,36.365,55,12.998,11,6,7,0,1,0,0,1,0,0,11,-4.385000000000002,17.589000000000002,0,0
3,0,0,1,33.62,37.88,46,19.0012,12,6,7,0,1,0,0,1,0,0,12,-4.260000000000005,15.4652,0,0
3,0,0,1,32.8,36.365,46,19.9995,13,6,7,0,1,0,0,1,0,0,13,-3.565000000000005,15.088,0,0
3,0,0,1,33.62,37.12,41,22.0028,14,6,7,0,1,0,0,1,0,0,14,-3.5,13.784199999999998,0,0
3,0,0,1,34.44,37.12,39,19.0012,15,6,7,0,1,0,0,1,0,0,15,-2.6799999999999997,13.431599999999998,0,0
3,0,0,1,34.44,37.88,41,19.0012,16,6,7,0,1,0,0,1,0,0,16,-3.440000000000005,14.1204,0,0
3,0,0,1,34.44,37.12,36,15.0013,17,6,7,0,1,0,0,0,0,0,17,-2.6799999999999997,12.398399999999999,0,0
3,0,0,1,33.62,37.12,43,19.0012,18,6,7,0,1,0,0,0,0,0,18,-3.5,14.456599999999998,0,0
3,0,0,1,32.8,37.12,49,22.0028,19,6,7,0,1,0,0,0,0,0,19,-4.32,16.072,0,0
3,0,0,1,31.16,34.85,55,12.998,20,6,7,0,1,0,0,0,0,0,20,-3.6900000000000013,17.137999999999998,0,0
3,0,0,1,30.34,34.09,62,16.9979,21,6,7,0,1,0,0,0,0,0,21,-3.7500000000000036,18.8108,0,0
3,0,0,1,30.34,34.85,66,15.0013,22,6,7,0,1,0,0,0,0,0,22,-4.510000000000002,20.0244,0,0
3,0,0,1,29.52,34.09,66,16.9979,23,6,7,0,1,0,0,0,0,0,23,-4.570000000000004,19.4832,0,0
3,0,1,1,28.7,32.575,65,12.998,0,0,7,0,0,0,0,0,1,0,0,-3.8750000000000036,18.655,0,0
3,0,1,1,28.7,32.575,61,19.0012,1,0,7,0,0,0,0,0,1,1,0,-3.8750000000000036,17.507,0,0
3,0,1,1,28.7,32.575,61,15.0013,2,0,7,0,0,0,0,0,1,2,0,-3.8750000000000036,17.507,0,0
3,0,1,1,27.88,31.82,65,11.0014,3,0,7,0,0,0,0,0,1,3,0,-3.9400000000000013,18.122,0,0
3,0,1,1,27.06,31.06,74,15.0013,4,0,7,0,0,0,0,0,1,4,0,-4.0,20.0244,0,0
3,0,1,1,27.06,31.06,74,8.9981,5,0,7,0,0,0,0,0,1,5,0,-4.0,20.0244,0,0
3,0,1,1,27.88,31.82,74,12.998,6,0,7,0,0,0,0,0,0,6,0,-3.9400000000000013,20.6312,0,0
3,0,1,1,28.7,33.335,74,16.9979,7,0,7,0,0,1,0,0,0,7,0,-4.635000000000002,21.237999999999996,0,0
3,0,1,1,30.34,34.85,66,19.0012,8,0,7,0,0,1,0,0,0,8,0,-4.510000000000002,20.0244,0,0
3,0,1,1,31.98,37.12,59,19.9995,9,0,7,0,0,1,0,0,0,9,0,-5.139999999999997,18.868199999999998,0,0
3,0,1,1,32.8,37.88,55,23.9994,10,0,7,0,0,0,0,0,0,10,0,-5.080000000000005,18.04,0,0
3,0,1,1,33.62,39.395,56,19.9995,11,0,7,0,0,0,0,0,0,11,0,-5.775000000000006,18.827199999999998,0,0
3,0,1,1,34.44,40.15,53,19.0012,12,0,7,0,0,0,0,0,0,12,0,-5.710000000000001,18.2532,0,0
3,0,1,1,35.26,40.91,50,16.9979,13,0,7,0,0,0,0,0,0,13,0,-5.649999999999999,17.63,0,0
3,0,1,1,35.26,41.665,53,19.0012,14,0,7,0,0,0,0,0,0,14,0,-6.405000000000001,18.6878,0,0
3,0,1,1,35.26,42.425,56,27.9993,15,0,7,0,0,0,0,0,0,15,0,-7.164999999999999,19.7456,0,0
3,0,1,1,35.26,42.425,56,26.0027,16,0,7,0,0,0,0,0,0,16,0,-7.164999999999999,19.7456,0,0
3,0,1,1,35.26,42.425,56,27.9993,17,0,7,0,0,0,1,0,0,17,0,-7.164999999999999,19.7456,0,0
3,0,1,1,35.26,41.665,53,26.0027,18,0,7,0,0,0,1,0,0,18,0,-6.405000000000001,18.6878,0,0
3,0,1,1,34.44,41.665,59,22.0028,19,0,7,0,0,0,1,0,0,19,0,-7.225000000000001,20.319599999999998,0,0
3,0,1,1,29.52,34.85,74,27.9993,20,0,7,0,0,0,0,0,0,20,0,-5.330000000000002,21.8448,0,0
3,0,1,1,28.7,33.335,79,27.9993,21,0,7,0,0,0,0,0,0,21,0,-4.635000000000002,22.673,0,0
3,0,1,1,29.52,34.85,74,8.9981,22,0,7,0,0,0,0,0,0,22,0,-5.330000000000002,21.8448,0,0
3,0,1,1,28.7,33.335,79,8.9981,23,0,7,0,0,0,0,0,0,23,0,-4.635000000000002,22.673,0,0
3,0,1,1,28.7,33.335,79,8.9981,0,1,7,0,0,0,0,0,1,0,0,-4.635000000000002,22.673,0,0
3,0,1,1,28.7,33.335,79,6.0032,1,1,7,0,0,0,0,0,1,1,0,-4.635000000000002,22.673,0,0
3,0,1,1,28.7,33.335,79,7.0015,2,1,7,0,0,0,0,0,1,2,0,-4.635000000000002,22.673,0,0
3,0,1,2,28.7,33.335,79,0.0,3,1,7,0,0,0,0,0,1,3,0,-4.635000000000002,22.673,0,0
3,0,1,1,28.7,33.335,79,11.0014,4,1,7,0,0,0,0,0,1,4,0,-4.635000000000002,22.673,0,0
3,0,1,1,28.7,33.335,79,6.0032,5,1,7,0,0,0,0,0,1,5,0,-4.635000000000002,22.673,0,0
3,0,1,1,30.34,34.09,58,15.0013,6,1,7,0,0,0,0,0,0,6,0,-3.7500000000000036,17.5972,0,0
3,0,1,1,31.16,34.85,55,12.998,7,1,7,0,0,1,0,0,0,7,0,-3.6900000000000013,17.137999999999998,0,0
3,0,1,1,31.16,35.605,58,15.0013,8,1,7,0,0,1,0,0,0,8,0,-4.444999999999997,18.0728,0,0
3,0,1,1,31.98,36.365,55,32.9975,9,1,7,0,0,1,0,0,0,9,0,-4.385000000000002,17.589000000000002,0,0
3,0,1,1,33.62,38.635,52,11.0014,10,1,7,0,0,0,0,0,0,10,0,-5.015000000000001,17.4824,0,0
3,0,1,1,33.62,38.635,52,11.0014,11,1,7,0,0,0,0,0,0,11,0,-5.015000000000001,17.4824,0,0
3,0,1,1,35.26,39.395,44,19.9995,12,1,7,0,0,0,0,0,0,12,0,-4.135000000000005,15.514399999999998,0,0
3,0,1,1,35.26,40.15,47,15.0013,13,1,7,0,0,0,0,0,0,13,0,-4.890000000000001,16.5722,0,0
3,0,1,1,36.9,42.425,42,19.9995,14,1,7,0,0,0,0,0,0,14,0,-5.524999999999999,15.498,0,0
3,0,1,1,36.9,42.425,42,23.9994,15,1,7,0,0,0,0,0,0,15,0,-5.524999999999999,15.498,0,0
3,0,1,1,35.26,39.395,44,19.0012,16,1,7,0,0,0,0,0,0,16,0,-4.135000000000005,15.514399999999998,0,0
3,0,1,1,36.08,40.91,44,19.0012,17,1,7,0,0,0,1,0,0,17,0,-4.829999999999998,15.8752,0,0
3,0,1,1,35.26,40.15,47,19.9995,18,1,7,0,0,0,1,0,0,18,0,-4.890000000000001,16.5722,0,0
3,0,1,1,34.44,37.88,44,19.0012,19,1,7,0,0,0,1,0,0,19,0,-3.440000000000005,15.153599999999999,0,0
3,0,1,1,33.62,37.12,43,12.998,20,1,7,0,0,0,0,0,0,20,0,-3.5,14.456599999999998,0,0
3,0,1,1,33.62,37.12,43,7.0015,21,1,7,0,0,0,0,0,0,21,0,-3.5,14.456599999999998,0,0
3,0,1,1,32.8,36.365,46,8.9981,22,1,7,0,0,0,0,0,0,22,0,-3.565000000000005,15.088,0,0
3,0,1,1,31.98,35.605,52,0.0,23,1,7,0,0,0,0,0,0,23,0,-3.6249999999999964,16.6296,0,0
3,0,1,1,31.16,35.605,62,0.0,0,2,7,0,0,0,0,0,1,0,0,-4.444999999999997,19.319200000000002,0,0
3,0,1,1,31.16,34.85,55,0.0,1,2,7,0,0,0,0,0,1,1,0,-3.6900000000000013,17.137999999999998,0,0
3,0,1,1,31.16,34.85,55,0.0,2,2,7,0,0,0,0,0,1,2,0,-3.6900000000000013,17.137999999999998,0,0
3,0,1,1,30.34,34.09,58,12.998,3,2,7,0,0,0,0,0,1,3,0,-3.7500000000000036,17.5972,0,0
3,0,1,1,30.34,34.09,58,16.9979,4,2,7,0,0,0,0,0,1,4,0,-3.7500000000000036,17.5972,0,0
3,0,1,1,30.34,34.09,58,12.998,5,2,7,0,0,0,0,0,1,5,0,-3.7500000000000036,17.5972,0,0
3,0,1,1,30.34,34.09,58,11.0014,6,2,7,0,0,0,0,0,0,6,0,-3.7500000000000036,17.5972,0,0
3,0,1,1,31.16,34.85,55,16.9979,7,2,7,0,0,1,0,0,0,7,0,-3.6900000000000013,17.137999999999998,0,0
3,0,1,1,32.8,37.12,49,16.9979,8,2,7,0,0,1,0,0,0,8,0,-4.32,16.072,0,0
3,0,1,1,33.62,37.12,41,12.998,9,2,7,0,0,1,0,0,0,9,0,-3.5,13.784199999999998,0,0
3,0,1,1,33.62,37.88,46,12.998,10,2,7,0,0,0,0,0,0,10,0,-4.260000000000005,15.4652,0,0
3,0,1,1,34.44,37.12,39,11.0014,11,2,7,0,0,0,0,0,0,11,0,-2.6799999999999997,13.431599999999998,0,0
3,0,1,1,34.44,37.88,41,19.0012,12,2,7,0,0,0,0,0,0,12,0,-3.440000000000005,14.1204,0,0
3,0,1,3,33.62,37.88,46,8.9981,13,2,7,0,0,0,0,0,0,13,0,-4.260000000000005,15.4652,0,1
3,0,1,3,33.62,37.88,46,8.9981,14,2,7,0,0,0,0,0,0,14,0,-4.260000000000005,15.4652,0,1
3,0,1,3,26.24,28.03,94,8.9981,15,2,7,0,0,0,0,0,0,15,0,-1.7900000000000027,24.665599999999998,0,1
3,0,1,2,27.06,29.545,89,0.0,16,2,7,0,0,0,0,0,0,16,0,-2.485000000000003,24.083399999999997,0,0
3,0,1,1,28.7,33.335,79,0.0,17,2,7,0,0,0,1,0,0,17,0,-4.635000000000002,22.673,0,0
3,0,1,1,29.52,34.85,79,8.9981,18,2,7,0,0,0,1,0,0,18,0,-5.330000000000002,23.3208,0,0
3,0,1,1,28.7,33.335,79,7.0015,19,2,7,0,0,0,1,0,0,19,0,-4.635000000000002,22.673,0,0
3,0,1,1,28.7,33.335,84,11.0014,20,2,7,0,0,0,0,0,0,20,0,-4.635000000000002,24.107999999999997,0,0
3,0,1,1,28.7,33.335,79,7.0015,21,2,7,0,0,0,0,0,0,21,0,-4.635000000000002,22.673,0,0
3,0,1,1,27.88,31.82,83,12.998,22,2,7,0,0,0,0,0,0,22,0,-3.9400000000000013,23.1404,0,0
3,0,1,1,27.06,30.305,83,16.9979,23,2,7,0,0,0,0,0,0,23,0,-3.245000000000001,22.4598,0,0
3,0,1,1,27.06,31.06,69,19.9995,0,3,7,0,0,0,0,0,1,0,0,-4.0,18.6714,0,0
3,0,1,1,27.06,31.06,61,16.9979,1,3,7,0,0,0,0,0,1,1,0,-4.0,16.5066,0,0
3,0,1,1,26.24,31.06,57,19.9995,2,3,7,0,0,0,0,0,1,2,0,-4.82,14.956799999999998,0,0
3,0,1,1,25.42,31.06,57,19.9995,3,3,7,0,0,0,0,0,1,3,0,-5.639999999999997,14.4894,0,0
3,0,1,1,25.42,31.06,53,16.9979,4,3,7,0,0,0,0,0,1,4,0,-5.639999999999997,13.4726,0,0
3,0,1,1,24.6,31.06,56,15.0013,5,3,7,0,0,0,0,0,1,5,0,-6.459999999999997,13.776000000000002,0,0
3,0,1,1,24.6,30.305,60,15.0013,6,3,7,0,0,0,0,0,0,6,0,-5.704999999999998,14.76,0,0
3,0,1,1,25.42,31.06,53,16.9979,7,3,7,0,0,1,0,0,0,7,0,-5.639999999999997,13.4726,0,0
3,0,1,1,26.24,31.06,50,23.9994,8,3,7,0,0,1,0,0,0,8,0,-4.82,13.12,0,0
3,0,1,1,27.88,31.82,47,19.0012,9,3,7,0,0,1,0,0,0,9,0,-3.9400000000000013,13.103599999999998,0,0
3,0,1,1,28.7,31.82,42,16.9979,10,3,7,0,0,0,0,0,0,10,0,-3.120000000000001,12.053999999999998,0,0
3,0,1,1,29.52,32.575,37,15.0013,11,3,7,0,0,0,0,0,0,11,0,-3.0550000000000033,10.9224,0,0
3,0,1,1,30.34,32.575,35,16.9979,12,3,7,0,0,0,0,0,0,12,0,-2.235000000000003,10.619000000000002,0,0
3,0,1,1,31.16,33.335,33,22.0028,13,3,7,0,0,0,0,0,0,13,0,-2.1750000000000007,10.2828,0,0
3,0,1,1,30.34,32.575,35,19.0012,14,3,7,0,0,0,0,0,0,14,0,-2.235000000000003,10.619000000000002,0,0
3,0,1,1,31.16,33.335,33,19.9995,15,3,7,0,0,0,0,0,0,15,0,-2.1750000000000007,10.2828,0,0
3,0,1,1,31.16,33.335,33,8.9981,16,3,7,0,0,0,0,0,0,16,0,-2.1750000000000007,10.2828,0,0
3,0,1,1,30.34,32.575,37,8.9981,17,3,7,0,0,0,1,0,0,17,0,-2.235000000000003,11.2258,0,0
3,0,1,1,29.52,32.575,42,12.998,18,3,7,0,0,0,1,0,0,18,0,-3.0550000000000033,12.398399999999999,0,0
3,0,1,1,29.52,32.575,39,15.0013,19,3,7,0,0,0,1,0,0,19,0,-3.0550000000000033,11.5128,0,0
3,0,1,1,28.7,31.82,42,15.0013,20,3,7,0,0,0,0,0,0,20,0,-3.120000000000001,12.053999999999998,0,0
3,0,1,1,27.06,31.06,50,8.9981,21,3,7,0,0,0,0,0,0,21,0,-4.0,13.53,0,0
3,0,1,1,26.24,31.06,57,6.0032,22,3,7,0,0,0,0,0,0,22,0,-4.82,14.956799999999998,0,0
3,0,1,1,26.24,30.305,65,16.9979,23,3,7,0,0,0,0,0,0,23,0,-4.065000000000001,17.055999999999997,0,0
3,0,1,1,25.42,29.545,73,15.0013,0,4,7,0,0,0,0,0,1,0,0,-4.125,18.5566,0,0
3,0,1,1,25.42,29.545,73,12.998,1,4,7,0,0,0,0,0,1,1,0,-4.125,18.5566,0,0
3,0,1,1,24.6,28.79,78,11.0014,2,4,7,0,0,0,0,0,1,2,0,-4.189999999999998,19.188000000000002,0,0
3,0,1,1,24.6,29.545,73,12.998,3,4,7,0,0,0,0,0,1,3,0,-4.945,17.958000000000002,0,0
3,0,1,1,24.6,29.545,73,11.0014,4,4,7,0,0,0,0,0,1,4,0,-4.945,17.958000000000002,0,0
3,0,1,1,24.6,29.545,73,8.9981,5,4,7,0,0,0,0,0,1,5,0,-4.945,17.958000000000002,0,0
3,0,1,2,24.6,29.545,73,7.0015,6,4,7,0,0,0,0,0,0,6,0,-4.945,17.958000000000002,0,0
3,0,1,1,26.24,30.305,65,7.0015,7,4,7,0,0,1,0,0,0,7,0,-4.065000000000001,17.055999999999997,0,0
3,0,1,1,26.24,30.305,65,16.9979,8,4,7,0,0,1,0,0,0,8,0,-4.065000000000001,17.055999999999997,0,0
3,0,1,1,27.88,31.82,54,12.998,9,4,7,0,0,1,0,0,0,9,0,-3.9400000000000013,15.0552,0,0
3,0,1,2,27.06,31.06,61,11.0014,10,4,7,0,0,0,0,0,0,10,0,-4.0,16.5066,0,0
3,0,1,1,28.7,32.575,54,8.9981,11,4,7,0,0,0,0,0,0,11,0,-3.8750000000000036,15.498,0,0
3,0,1,1,28.7,32.575,48,12.998,12,4,7,0,0,0,0,0,0,12,0,-3.8750000000000036,13.776,0,0
3,0,1,1,28.7,32.575,54,12.998,13,4,7,0,0,0,0,0,0,13,0,-3.8750000000000036,15.498,0,0
3,0,1,1,28.7,32.575,51,12.998,14,4,7,0,0,0,0,0,0,14,0,-3.8750000000000036,14.637,0,0
3,0,1,1,29.52,32.575,45,11.0014,15,4,7,0,0,0,0,0,0,15,0,-3.0550000000000033,13.284,0,0
3,0,1,1,29.52,33.335,51,12.998,16,4,7,0,0,0,0,0,0,16,0,-3.8150000000000013,15.0552,0,0
3,0,1,1,30.34,33.335,42,16.9979,17,4,7,0,0,0,1,0,0,17,0,-2.995000000000001,12.742799999999999,0,0
3,0,1,1,29.52,32.575,45,15.0013,18,4,7,0,0,0,1,0,0,18,0,-3.0550000000000033,13.284,0,0
3,0,1,1,28.7,31.82,45,15.0013,19,4,7,0,0,0,1,0,0,19,0,-3.120000000000001,12.915,0,0
3,0,1,1,28.7,32.575,51,15.0013,20,4,7,0,0,0,0,0,0,20,0,-3.8750000000000036,14.637,0,0
3,0,1,1,27.06,31.06,54,7.0015,21,4,7,0,0,0,0,0,0,21,0,-4.0,14.612400000000001,0,0
3,0,1,1,27.06,31.06,57,15.0013,22,4,7,0,0,0,0,0,0,22,0,-4.0,15.424199999999999,0,0
3,0,1,1,26.24,31.06,61,11.0014,23,4,7,0,0,0,0,0,0,23,0,-4.82,16.0064,0,0
3,0,0,1,25.42,30.305,65,12.998,0,5,7,0,1,0,0,0,1,0,0,-4.884999999999998,16.523000000000003,0,0
3,0,0,1,24.6,29.545,69,7.0015,1,5,7,0,1,0,0,0,1,0,1,-4.945,16.974,0,0
3,0,0,1,24.6,29.545,73,8.9981,2,5,7,0,1,0,0,0,1,0,2,-4.945,17.958000000000002,0,0
3,0,0,1,24.6,28.79,78,8.9981,3,5,7,0,1,0,0,0,1,0,3,-4.189999999999998,19.188000000000002,0,0
3,0,0,1,24.6,29.545,73,6.0032,4,5,7,0,1,0,0,0,1,0,4,-4.945,17.958000000000002,0,0
3,0,0,1,23.78,27.275,78,6.0032,5,5,7,0,1,0,0,0,1,0,5,-3.4949999999999974,18.5484,0,0
3,0,0,1,24.6,28.79,78,11.0014,6,5,7,0,1,0,0,0,0,0,6,-4.189999999999998,19.188000000000002,0,0
3,0,0,1,25.42,29.545,73,8.9981,7,5,7,0,1,0,0,0,0,0,7,-4.125,18.5566,0,0
3,0,0,1,27.06,31.06,65,11.0014,8,5,7,0,1,0,0,0,0,0,8,-4.0,17.589,0,0
3,0,0,1,28.7,32.575,54,15.0013,9,5,7,0,1,0,0,0,0,0,9,-3.8750000000000036,15.498,0,0
3,0,0,1,29.52,33.335,54,12.998,10,5,7,0,1,0,0,0,0,0,10,-3.8150000000000013,15.9408,0,0
3,0,0,1,30.34,33.335,48,15.0013,11,5,7,0,1,0,0,1,0,0,11,-2.995000000000001,14.5632,0,0
3,0,0,1,31.16,34.09,43,19.0012,12,5,7,0,1,0,0,1,0,0,12,-2.9300000000000033,13.398800000000001,0,0
3,0,0,1,31.16,34.09,45,19.9995,13,5,7,0,1,0,0,1,0,0,13,-2.9300000000000033,14.022,0,0
3,0,0,1,30.34,33.335,45,19.9995,14,5,7,0,1,0,0,1,0,0,14,-2.995000000000001,13.652999999999999,0,0
3,0,0,1,31.16,34.09,45,22.0028,15,5,7,0,1,0,0,1,0,0,15,-2.9300000000000033,14.022,0,0
3,0,0,1,31.16,34.09,45,19.0012,16,5,7,0,1,0,0,1,0,0,16,-2.9300000000000033,14.022,0,0
3,0,0,1,31.16,34.09,45,15.0013,17,5,7,0,1,0,0,0,0,0,17,-2.9300000000000033,14.022,0,0
3,0,0,1,31.16,34.09,45,19.0012,18,5,7,0,1,0,0,0,0,0,18,-2.9300000000000033,14.022,0,0
3,0,0,1,30.34,34.09,48,12.998,19,5,7,0,1,0,0,0,0,0,19,-3.7500000000000036,14.5632,0,0
3,0,0,1,29.52,33.335,51,15.0013,20,5,7,0,1,0,0,0,0,0,20,-3.8150000000000013,15.0552,0,0
3,0,0,1,28.7,32.575,58,15.0013,21,5,7,0,1,0,0,0,0,0,21,-3.8750000000000036,16.646,0,0
3,0,0,1,28.7,32.575,65,19.0012,22,5,7,0,1,0,0,0,0,0,22,-3.8750000000000036,18.655,0,0
3,0,0,1,27.88,31.82,61,15.0013,23,5,7,0,1,0,0,0,0,0,23,-3.9400000000000013,17.0068,0,0
3,0,0,1,27.06,31.06,65,15.0013,0,6,7,0,1,0,0,0,1,0,0,-4.0,17.589,0,0
3,0,0,1,26.24,30.305,69,12.998,1,6,7,0,1,0,0,0,1,0,1,-4.065000000000001,18.1056,0,0
3,0,0,1,26.24,30.305,69,15.0013,2,6,7,0,1,0,0,0,1,0,2,-4.065000000000001,18.1056,0,0
3,0,0,1,26.24,30.305,69,15.0013,3,6,7,0,1,0,0,0,1,0,3,-4.065000000000001,18.1056,0,0
3,0,0,1,25.42,29.545,73,11.0014,4,6,7,0,1,0,0,0,1,0,4,-4.125,18.5566,0,0
3,0,0,1,26.24,30.305,69,15.0013,5,6,7,0,1,0,0,0,1,0,5,-4.065000000000001,18.1056,0,0
3,0,0,1,25.42,29.545,73,11.0014,6,6,7,0,1,0,0,0,0,0,6,-4.125,18.5566,0,0
3,0,0,1,26.24,30.305,73,11.0014,7,6,7,0,1,0,0,0,0,0,7,-4.065000000000001,19.1552,0,0
3,0,0,1,27.88,31.82,65,15.0013,8,6,7,0,1,0,0,0,0,0,8,-3.9400000000000013,18.122,0,0
3,0,0,1,29.52,33.335,58,15.0013,9,6,7,0,1,0,0,0,0,0,9,-3.8150000000000013,17.1216,0,0
3,0,0,1,30.34,34.09,60,15.0013,10,6,7,0,1,0,0,0,0,0,10,-3.7500000000000036,18.204,0,0
3,0,0,1,31.16,34.85,55,19.0012,11,6,7,0,1,0,0,1,0,0,11,-3.6900000000000013,17.137999999999998,0,0
3,0,0,1,31.16,34.85,55,19.0012,12,6,7,0,1,0,0,1,0,0,12,-3.6900000000000013,17.137999999999998,0,0
3,0,0,1,32.8,37.12,49,19.9995,13,6,7,0,1,0,0,1,0,0,13,-4.32,16.072,0,0
3,0,0,1,32.8,37.12,49,23.9994,14,6,7,0,1,0,0,1,0,0,14,-4.32,16.072,0,0
3,0,0,1,33.62,37.12,43,19.9995,15,6,7,0,1,0,0,1,0,0,15,-3.5,14.456599999999998,0,0
3,0,0,1,32.8,36.365,46,19.9995,16,6,7,0,1,0,0,1,0,0,16,-3.565000000000005,15.088,0,0
3,0,0,1,32.8,37.12,49,26.0027,17,6,7,0,1,0,0,0,0,0,17,-4.32,16.072,0,0
3,0,0,1,32.8,36.365,46,19.9995,18,6,7,0,1,0,0,0,0,0,18,-3.565000000000005,15.088,0,0
3,0,0,1,31.16,34.85,55,19.0012,19,6,7,0,1,0,0,0,0,0,19,-3.6900000000000013,17.137999999999998,0,0
3,0,0,1,31.16,35.605,58,16.9979,20,6,7,0,1,0,0,0,0,0,20,-4.444999999999997,18.0728,0,0
3,0,0,1,30.34,34.09,62,15.0013,21,6,7,0,1,0,0,0,0,0,21,-3.7500000000000036,18.8108,0,0
3,0,0,1,29.52,34.09,66,15.0013,22,6,7,0,1,0,0,0,0,0,22,-4.570000000000004,19.4832,0,0
3,0,0,1,28.7,33.335,74,8.9981,23,6,7,0,1,0,0,0,0,0,23,-4.635000000000002,21.237999999999996,0,0
3,0,1,1,28.7,33.335,74,8.9981,0,0,7,0,0,0,0,0,1,0,0,-4.635000000000002,21.237999999999996,0,0
3,0,1,1,28.7,33.335,74,15.0013,1,0,7,0,0,0,0,0,1,1,0,-4.635000000000002,21.237999999999996,0,0
3,0,1,1,27.06,30.305,83,15.0013,2,0,7,0,0,0,0,0,1,2,0,-3.245000000000001,22.4598,0,0
3,0,1,1,27.06,30.305,78,12.998,3,0,7,0,0,0,0,0,1,3,0,-3.245000000000001,21.1068,0,0
3,0,1,1,26.24,29.545,78,11.0014,4,0,7,0,0,0,0,0,1,4,0,-3.3050000000000033,20.4672,0,0
3,0,1,1,26.24,29.545,78,7.0015,5,0,7,0,0,0,0,0,1,5,0,-3.3050000000000033,20.4672,0,0
3,0,1,1,26.24,28.79,83,7.0015,6,0,7,0,0,0,0,0,0,6,0,-2.5500000000000007,21.7792,0,0
3,0,1,1,27.88,31.82,74,15.0013,7,0,7,0,0,1,0,0,0,7,0,-3.9400000000000013,20.6312,0,0
3,0,1,1,28.7,32.575,70,12.998,8,0,7,0,0,1,0,0,0,8,0,-3.8750000000000036,20.09,0,0
3,0,1,1,30.34,34.85,67,15.0013,9,0,7,0,0,1,0,0,0,9,0,-4.510000000000002,20.3278,0,0
3,0,1,1,31.16,35.605,62,12.998,10,0,7,0,0,0,0,0,0,10,0,-4.444999999999997,19.319200000000002,0,0
3,0,1,1,32.8,37.88,55,6.0032,11,0,7,0,0,0,0,0,0,11,0,-5.080000000000005,18.04,0,0
3,0,1,1,32.8,38.635,59,12.998,12,0,7,0,0,0,0,0,0,12,0,-5.835000000000001,19.351999999999997,0,0
3,0,1,1,33.62,39.395,56,16.9979,13,0,7,0,0,0,0,0,0,13,0,-5.775000000000006,18.827199999999998,0,0
3,0,1,1,33.62,39.395,56,22.0028,14,0,7,0,0,0,0,0,0,14,0,-5.775000000000006,18.827199999999998,0,0
3,0,1,1,34.44,40.15,53,22.0028,15,0,7,0,0,0,0,0,0,15,0,-5.710000000000001,18.2532,0,0
3,0,1,1,34.44,40.15,53,19.0012,16,0,7,0,0,0,0,0,0,16,0,-5.710000000000001,18.2532,0,0
3,0,1,1,34.44,39.395,49,22.0028,17,0,7,0,0,0,1,0,0,17,0,-4.955000000000005,16.8756,0,0
3,0,1,1,33.62,38.635,49,23.9994,18,0,7,0,0,0,1,0,0,18,0,-5.015000000000001,16.473799999999997,0,0
3,0,1,1,32.8,37.88,55,15.0013,19,0,7,0,0,0,1,0,0,19,0,-5.080000000000005,18.04,0,0
3,0,1,1,31.98,37.12,59,15.0013,20,0,7,0,0,0,0,0,0,20,0,-5.139999999999997,18.868199999999998,0,0
3,0,1,1,30.34,34.85,66,12.998,21,0,7,0,0,0,0,0,0,21,0,-4.510000000000002,20.0244,0,0
3,0,1,1,31.16,36.365,66,15.0013,22,0,7,0,0,0,0,0,0,22,0,-5.205000000000002,20.5656,0,0
3,0,1,1,30.34,34.85,66,11.0014,23,0,7,0,0,0,0,0,0,23,0,-4.510000000000002,20.0244,0,0
3,0,1,1,30.34,34.85,66,7.0015,0,1,7,0,0,0,0,0,1,0,0,-4.510000000000002,20.0244,0,0
3,0,1,2,30.34,34.85,66,8.9981,1,1,7,0,0,0,0,0,1,1,0,-4.510000000000002,20.0244,0,0
3,0,1,1,29.52,34.09,70,11.0014,2,1,7,0,0,0,0,0,1,2,0,-4.570000000000004,20.664,0,0
3,0,1,1,29.52,34.09,70,11.0014,3,1,7,0,0,0,0,0,1,3,0,-4.570000000000004,20.664,0,0
3,0,1,1,29.52,34.09,70,8.9981,4,1,7,0,0,0,0,0,1,4,0,-4.570000000000004,20.664,0,0
3,0,1,2,28.7,33.335,74,7.0015,5,1,7,0,0,0,0,0,1,5,0,-4.635000000000002,21.237999999999996,0,0
3,0,1,2,29.52,34.85,74,7.0015,6,1,7,0,0,0,0,0,0,6,0,-5.330000000000002,21.8448,0,0
3,0,1,2,30.34,34.85,70,11.0014,7,1,7,0,0,1,0,0,0,7,0,-4.510000000000002,21.238000000000003,0,0
3,0,1,2,31.16,36.365,70,11.0014,8,1,7,0,0,1,0,0,0,8,0,-5.205000000000002,21.811999999999998,0,0
3,0,1,2,32.8,39.395,63,8.9981,9,1,7,0,0,1,0,0,0,9,0,-6.595000000000006,20.663999999999998,0,0
3,0,1,2,33.62,39.395,56,11.0014,10,1,7,0,0,0,0,0,0,10,0,-5.775000000000006,18.827199999999998,0,0
3,0,1,1,33.62,40.15,59,0.0,11,1,7,0,0,0,0,0,0,11,0,-6.530000000000001,19.8358,0,0
3,0,1,1,34.44,40.91,56,6.0032,12,1,7,0,0,0,0,0,0,12,0,-6.469999999999999,19.2864,0,0
3,0,1,1,35.26,41.665,53,7.0015,13,1,7,0,0,0,0,0,0,13,0,-6.405000000000001,18.6878,0,0
3,0,1,1,35.26,40.91,50,12.998,14,1,7,0,0,0,0,0,0,14,0,-5.649999999999999,17.63,0,0
3,0,1,1,36.08,40.91,44,12.998,15,1,7,0,0,0,0,0,0,15,0,-4.829999999999998,15.8752,0,0
3,0,1,1,36.9,42.425,42,19.9995,16,1,7,0,0,0,0,0,0,16,0,-5.524999999999999,15.498,0,0
3,0,1,1,32.8,40.15,66,0.0,17,1,7,0,0,0,1,0,0,17,0,-7.350000000000001,21.647999999999996,0,0
3,0,1,1,32.8,40.15,66,8.9981,18,1,7,0,0,0,1,0,0,18,0,-7.350000000000001,21.647999999999996,0,0
3,0,1,1,31.16,37.12,75,12.998,19,1,7,0,0,0,1,0,0,19,0,-5.959999999999997,23.37,0,0
3,0,1,1,30.34,36.365,74,6.0032,20,1,7,0,0,0,0,0,0,20,0,-6.025000000000002,22.4516,0,0
3,0,1,1,30.34,35.605,74,8.9981,21,1,7,0,0,0,0,0,0,21,0,-5.264999999999997,22.4516,0,0
3,0,1,1,30.34,35.605,74,0.0,22,1,7,0,0,0,0,0,0,22,0,-5.264999999999997,22.4516,0,0
3,0,1,3,29.52,34.85,79,11.0014,23,1,7,0,0,0,0,0,0,23,0,-5.330000000000002,23.3208,0,1
3,0,1,1,29.52,34.09,70,15.0013,0,0,8,0,0,0,0,0,1,0,0,-4.570000000000004,20.664,0,0
3,0,1,1,29.52,34.85,74,12.998,1,0,8,0,0,0,0,0,1,1,0,-5.330000000000002,21.8448,0,0
3,0,1,1,28.7,33.335,74,7.0015,2,0,8,0,0,0,0,0,1,2,0,-4.635000000000002,21.237999999999996,0,0
3,0,1,1,28.7,33.335,79,11.0014,3,0,8,0,0,0,0,0,1,3,0,-4.635000000000002,22.673,0,0
3,0,1,1,27.06,30.305,83,8.9981,4,0,8,0,0,0,0,0,1,4,0,-3.245000000000001,22.4598,0,0
3,0,1,1,27.06,30.305,83,7.0015,5,0,8,0,0,0,0,0,1,5,0,-3.245000000000001,22.4598,0,0
3,0,1,1,27.06,30.305,83,6.0032,6,0,8,0,0,0,0,0,0,6,0,-3.245000000000001,22.4598,0,0
3,0,1,1,30.34,34.09,62,0.0,7,0,8,0,0,1,0,0,0,7,0,-3.7500000000000036,18.8108,0,0
3,0,1,1,32.8,36.365,43,12.998,8,0,8,0,0,1,0,0,0,8,0,-3.565000000000005,14.104,0,0
3,0,1,1,33.62,37.12,41,0.0,9,0,8,0,0,1,0,0,0,9,0,-3.5,13.784199999999998,0,0
3,0,1,1,35.26,37.88,36,11.0014,10,0,8,0,0,0,0,0,0,10,0,-2.6200000000000045,12.693599999999998,0,0
3,0,1,1,36.08,38.635,32,11.0014,11,0,8,0,0,0,0,0,0,11,0,-2.5549999999999997,11.5456,0,0
3,0,1,1,36.9,40.15,33,16.9979,12,0,8,0,0,0,0,0,0,12,0,-3.25,12.177,0,0
3,0,1,1,36.9,40.15,31,19.9995,13,0,8,0,0,0,0,0,0,13,0,-3.25,11.438999999999998,0,0
3,0,1,1,37.72,40.91,29,12.998,14,0,8,0,0,0,0,0,0,14,0,-3.1899999999999977,10.938799999999999,0,0
3,0,1,1,36.9,39.395,27,0.0,15,0,8,0,0,0,0,0,0,15,0,-2.4950000000000045,9.963,0,0
3,0,1,1,36.9,39.395,27,0.0,16,0,8,0,0,0,0,0,0,16,0,-2.4950000000000045,9.963,0,0
3,0,1,1,31.16,34.09,45,19.9995,17,0,8,0,0,0,1,0,0,17,0,-2.9300000000000033,14.022,0,0
3,0,1,1,31.98,34.85,43,12.998,18,0,8,0,0,0,1,0,0,18,0,-2.870000000000001,13.7514,0,0
3,0,1,1,30.34,33.335,51,15.0013,19,0,8,0,0,0,1,0,0,19,0,-2.995000000000001,15.4734,0,0
3,0,1,1,29.52,34.09,62,15.0013,20,0,8,0,0,0,0,0,0,20,0,-4.570000000000004,18.3024,0,0
3,0,1,1,28.7,32.575,70,16.9979,21,0,8,0,0,0,0,0,0,21,0,-3.8750000000000036,20.09,0,0
3,0,1,1,28.7,32.575,70,6.0032,22,0,8,0,0,0,0,0,0,22,0,-3.8750000000000036,20.09,0,0
3,0,1,1,27.88,31.82,74,12.998,23,0,8,0,0,0,0,0,0,23,0,-3.9400000000000013,20.6312,0,0
3,0,1,1,27.06,31.06,74,0.0,0,1,8,0,0,0,0,0,1,0,0,-4.0,20.0244,0,0
3,0,1,1,27.06,31.06,74,7.0015,1,1,8,0,0,0,0,0,1,1,0,-4.0,20.0244,0,0
3,0,1,1,27.88,31.82,69,0.0,2,1,8,0,0,0,0,0,1,2,0,-3.9400000000000013,19.2372,0,0
3,0,1,1,27.06,31.06,74,12.998,3,1,8,0,0,0,0,0,1,3,0,-4.0,20.0244,0,0
3,0,1,1,27.06,31.06,74,7.0015,4,1,8,0,0,0,0,0,1,4,0,-4.0,20.0244,0,0
3,0,1,1,27.06,31.06,74,8.9981,5,1,8,0,0,0,0,0,1,5,0,-4.0,20.0244,0,0
3,0,1,1,27.88,31.82,69,7.0015,6,1,8,0,0,0,0,0,0,6,0,-3.9400000000000013,19.2372,0,0
3,0,1,1,29.52,33.335,61,19.0012,7,1,8,0,0,1,0,0,0,7,0,-3.8150000000000013,18.0072,0,0
3,0,1,1,30.34,34.09,58,19.0012,8,1,8,0,0,1,0,0,0,8,0,-3.7500000000000036,17.5972,0,0
3,0,1,1,31.98,34.85,46,19.9995,9,1,8,0,0,1,0,0,0,9,0,-2.870000000000001,14.710799999999999,0,0
3,0,1,1,33.62,36.365,36,19.9995,10,1,8,0,0,0,0,0,0,10,0,-2.7450000000000045,12.1032,0,0
3,0,1,1,34.44,36.365,32,27.9993,11,1,8,0,0,0,0,0,0,11,0,-1.9250000000000043,11.0208,0,0
3,0,1,1,35.26,37.12,30,19.0012,12,1,8,0,0,0,0,0,0,12,0,-1.8599999999999994,10.578,0,0
3,0,1,1,35.26,37.12,30,15.0013,13,1,8,0,0,0,0,0,0,13,0,-1.8599999999999994,10.578,0,0
3,0,1,1,36.9,38.635,25,19.0012,14,1,8,0,0,0,0,0,0,14,0,-1.7349999999999994,9.225,0,0
3,0,1,1,36.9,38.635,25,19.0012,15,1,8,0,0,0,0,0,0,15,0,-1.7349999999999994,9.225,0,0
3,0,1,1,36.9,38.635,25,19.0012,16,1,8,0,0,0,0,0,0,16,0,-1.7349999999999994,9.225,0,0
3,0,1,2,36.9,39.395,27,8.9981,17,1,8,0,0,0,1,0,0,17,0,-2.4950000000000045,9.963,0,0
3,0,1,2,35.26,37.88,34,12.998,18,1,8,0,0,0,1,0,0,18,0,-2.6200000000000045,11.988399999999999,0,0
3,0,1,2,35.26,37.88,36,15.0013,19,1,8,0,0,0,1,0,0,19,0,-2.6200000000000045,12.693599999999998,0,0
3,0,1,2,33.62,37.88,46,16.9979,20,1,8,0,0,0,0,0,0,20,0,-4.260000000000005,15.4652,0,0
3,0,1,1,32.8,37.12,52,15.0013,21,1,8,0,0,0,0,0,0,21,0,-4.32,17.055999999999997,0,0
3,0,1,2,31.98,37.12,59,11.0014,22,1,8,0,0,0,0,0,0,22,0,-5.139999999999997,18.868199999999998,0,0
3,0,1,2,32.8,37.12,49,11.0014,23,1,8,0,0,0,0,0,0,23,0,-4.32,16.072,0,0
3,0,1,2,32.8,37.12,49,11.0014,0,2,8,0,0,0,0,0,1,0,0,-4.32,16.072,0,0
3,0,1,2,31.98,35.605,52,11.0014,1,2,8,0,0,0,0,0,1,1,0,-3.6249999999999964,16.6296,0,0
3,0,1,2,31.98,35.605,49,11.0014,2,2,8,0,0,0,0,0,1,2,0,-3.6249999999999964,15.6702,0,0
3,0,1,2,31.16,34.85,55,6.0032,3,2,8,0,0,0,0,0,1,3,0,-3.6900000000000013,17.137999999999998,0,0
3,0,1,2,31.16,34.85,52,11.0014,4,2,8,0,0,0,0,0,1,4,0,-3.6900000000000013,16.2032,0,0
3,0,1,2,31.16,34.85,55,6.0032,5,2,8,0,0,0,0,0,1,5,0,-3.6900000000000013,17.137999999999998,0,0
3,0,1,3,29.52,34.09,66,32.9975,6,2,8,0,0,0,0,0,0,6,0,-4.570000000000004,19.4832,0,1
3,0,1,2,30.34,33.335,51,15.0013,7,2,8,0,0,1,0,0,0,7,0,-2.995000000000001,15.4734,0,0
3,0,1,2,30.34,33.335,51,11.0014,8,2,8,0,0,1,0,0,0,8,0,-2.995000000000001,15.4734,0,0
3,0,1,2,30.34,34.09,55,12.998,9,2,8,0,0,1,0,0,0,9,0,-3.7500000000000036,16.687,0,0
3,0,1,3,30.34,34.09,58,6.0032,10,2,8,0,0,0,0,0,0,10,0,-3.7500000000000036,17.5972,0,1
3,0,1,2,30.34,34.09,58,7.0015,11,2,8,0,0,0,0,0,0,11,0,-3.7500000000000036,17.5972,0,0
3,0,1,3,31.16,34.85,55,8.9981,12,2,8,0,0,0,0,0,0,12,0,-3.6900000000000013,17.137999999999998,0,1
3,0,1,2,31.16,35.605,58,15.0013,13,2,8,0,0,0,0,0,0,13,0,-4.444999999999997,18.0728,0,0
3,0,1,2,31.16,35.605,58,15.0013,14,2,8,0,0,0,0,0,0,14,0,-4.444999999999997,18.0728,0,0
3,0,1,2,28.7,33.335,79,8.9981,15,2,8,0,0,0,0,0,0,15,0,-4.635000000000002,22.673,0,0
3,0,1,3,27.88,31.82,79,0.0,16,2,8,0,0,0,0,0,0,16,0,-3.9400000000000013,22.025199999999998,0,1
3,0,1,2,28.7,33.335,79,0.0,17,2,8,0,0,0,1,0,0,17,0,-4.635000000000002,22.673,0,0
3,0,1,3,28.7,33.335,84,0.0,18,2,8,0,0,0,1,0,0,18,0,-4.635000000000002,24.107999999999997,0,1
3,0,1,3,28.7,33.335,84,0.0,19,2,8,0,0,0,1,0,0,19,0,-4.635000000000002,24.107999999999997,0,1
3,0,1,3,28.7,33.335,84,7.0015,20,2,8,0,0,0,0,0,0,20,0,-4.635000000000002,24.107999999999997,0,1
3,0,1,2,27.88,31.82,89,8.9981,21,2,8,0,0,0,0,0,0,21,0,-3.9400000000000013,24.8132,0,0
3,0,1,3,27.88,31.82,89,7.0015,22,2,8,0,0,0,0,0,0,22,0,-3.9400000000000013,24.8132,0,1
3,0,1,2,27.88,31.82,89,6.0032,23,2,8,0,0,0,0,0,0,23,0,-3.9400000000000013,24.8132,0,0
3,0,1,2,27.88,31.82,89,6.0032,0,3,8,0,0,0,0,0,1,0,0,-3.9400000000000013,24.8132,0,0
3,0,1,2,27.06,29.545,94,6.0032,1,3,8,0,0,0,0,0,1,1,0,-2.485000000000003,25.4364,0,0
3,0,1,2,27.06,29.545,94,6.0032,2,3,8,0,0,0,0,0,1,2,0,-2.485000000000003,25.4364,0,0
3,0,1,3,27.06,29.545,94,6.0032,3,3,8,0,0,0,0,0,1,3,0,-2.485000000000003,25.4364,0,1
3,0,1,2,27.88,31.82,89,0.0,4,3,8,0,0,0,0,0,1,4,0,-3.9400000000000013,24.8132,0,0
3,0,1,2,27.88,31.82,89,0.0,5,3,8,0,0,0,0,0,1,5,0,-3.9400000000000013,24.8132,0,0
3,0,1,2,27.88,31.82,89,19.9995,6,3,8,0,0,0,0,0,0,6,0,-3.9400000000000013,24.8132,0,0
3,0,1,2,27.88,31.82,89,19.9995,7,3,8,0,0,1,0,0,0,7,0,-3.9400000000000013,24.8132,0,0
3,0,1,2,28.7,32.575,82,23.9994,8,3,8,0,0,1,0,0,0,8,0,-3.8750000000000036,23.534000000000002,0,0
3,0,1,1,29.52,34.85,74,22.0028,9,3,8,0,0,1,0,0,0,9,0,-5.330000000000002,21.8448,0,0
3,0,1,1,29.52,33.335,71,19.9995,10,3,8,0,0,0,0,0,0,10,0,-3.8150000000000013,20.9592,0,0
3,0,1,2,30.34,34.85,66,15.0013,11,3,8,0,0,0,0,0,0,11,0,-4.510000000000002,20.0244,0,0
3,0,1,2,31.16,35.605,62,15.0013,12,3,8,0,0,0,0,0,0,12,0,-4.444999999999997,19.319200000000002,0,0
3,0,1,1,31.16,35.605,58,0.0,13,3,8,0,0,0,0,0,0,13,0,-4.444999999999997,18.0728,0,0
3,0,1,1,32.8,37.88,55,11.0014,14,3,8,0,0,0,0,0,0,14,0,-5.080000000000005,18.04,0,0
3,0,1,1,32.8,37.88,55,16.9979,15,3,8,0,0,0,0,0,0,15,0,-5.080000000000005,18.04,0,0
3,0,1,1,31.16,35.605,62,22.0028,16,3,8,0,0,0,0,0,0,16,0,-4.444999999999997,19.319200000000002,0,0
3,0,1,1,31.16,35.605,62,22.0028,17,3,8,0,0,0,1,0,0,17,0,-4.444999999999997,19.319200000000002,0,0
3,0,1,1,28.7,33.335,74,19.9995,18,3,8,0,0,0,1,0,0,18,0,-4.635000000000002,21.237999999999996,0,0
3,0,1,1,28.7,33.335,74,19.0012,19,3,8,0,0,0,1,0,0,19,0,-4.635000000000002,21.237999999999996,0,0
3,0,1,2,28.7,33.335,74,12.998,20,3,8,0,0,0,0,0,0,20,0,-4.635000000000002,21.237999999999996,0,0
3,0,1,2,28.7,33.335,74,12.998,21,3,8,0,0,0,0,0,0,21,0,-4.635000000000002,21.237999999999996,0,0
3,0,1,1,27.88,31.82,74,12.998,22,3,8,0,0,0,0,0,0,22,0,-3.9400000000000013,20.6312,0,0
3,0,1,1,27.06,31.06,74,7.0015,23,3,8,0,0,0,0,0,0,23,0,-4.0,20.0244,0,0
3,0,1,1,27.06,31.06,74,7.0015,0,4,8,0,0,0,0,0,1,0,0,-4.0,20.0244,0,0
3,0,1,1,26.24,29.545,78,6.0032,1,4,8,0,0,0,0,0,1,1,0,-3.3050000000000033,20.4672,0,0
3,0,1,1,27.06,31.06,69,0.0,2,4,8,0,0,0,0,0,1,2,0,-4.0,18.6714,0,0
3,0,1,1,26.24,29.545,78,6.0032,3,4,8,0,0,0,0,0,1,3,0,-3.3050000000000033,20.4672,0,0
3,0,1,1,26.24,29.545,78,8.9981,4,4,8,0,0,0,0,0,1,4,0,-3.3050000000000033,20.4672,0,0
3,0,1,1,26.24,29.545,78,6.0032,5,4,8,0,0,0,0,0,1,5,0,-3.3050000000000033,20.4672,0,0
3,0,1,1,26.24,29.545,78,8.9981,6,4,8,0,0,0,0,0,0,6,0,-3.3050000000000033,20.4672,0,0
3,0,1,1,27.06,30.305,78,8.9981,7,4,8,0,0,1,0,0,0,7,0,-3.245000000000001,21.1068,0,0
3,0,1,1,28.7,32.575,65,15.0013,8,4,8,0,0,1,0,0,0,8,0,-3.8750000000000036,18.655,0,0
3,0,1,1,29.52,33.335,58,7.0015,9,4,8,0,0,1,0,0,0,9,0,-3.8150000000000013,17.1216,0,0
3,0,1,1,30.34,34.09,55,8.9981,10,4,8,0,0,0,0,0,0,10,0,-3.7500000000000036,16.687,0,0
3,0,1,2,31.16,34.85,52,16.9979,11,4,8,0,0,0,0,0,0,11,0,-3.6900000000000013,16.2032,0,0
3,0,1,1,31.16,34.85,52,16.9979,12,4,8,0,0,0,0,0,0,12,0,-3.6900000000000013,16.2032,0,0
3,0,1,1,31.98,35.605,52,16.9979,13,4,8,0,0,0,0,0,0,13,0,-3.6249999999999964,16.6296,0,0
3,0,1,2,31.98,35.605,52,16.9979,14,4,8,0,0,0,0,0,0,14,0,-3.6249999999999964,16.6296,0,0
3,0,1,1,31.16,34.85,55,16.9979,15,4,8,0,0,0,0,0,0,15,0,-3.6900000000000013,17.137999999999998,0,0
3,0,1,1,32.8,37.12,49,16.9979,16,4,8,0,0,0,0,0,0,16,0,-4.32,16.072,0,0
3,0,1,1,31.98,35.605,49,19.9995,17,4,8,0,0,0,1,0,0,17,0,-3.6249999999999964,15.6702,0,0
3,0,1,1,31.16,34.85,52,16.9979,18,4,8,0,0,0,1,0,0,18,0,-3.6900000000000013,16.2032,0,0
3,0,1,1,30.34,34.09,55,16.9979,19,4,8,0,0,0,1,0,0,19,0,-3.7500000000000036,16.687,0,0
3,0,1,1,29.52,33.335,58,15.0013,20,4,8,0,0,0,0,0,0,20,0,-3.8150000000000013,17.1216,0,0
3,0,1,1,28.7,32.575,65,12.998,21,4,8,0,0,0,0,0,0,21,0,-3.8750000000000036,18.655,0,0
3,0,1,1,28.7,32.575,65,15.0013,22,4,8,0,0,0,0,0,0,22,0,-3.8750000000000036,18.655,0,0
3,0,1,1,27.88,31.82,69,15.0013,23,4,8,0,0,0,0,0,0,23,0,-3.9400000000000013,19.2372,0,0
3,0,0,1,27.06,30.305,78,12.998,0,5,8,0,1,0,0,0,1,0,0,-3.245000000000001,21.1068,0,0
3,0,0,1,27.06,30.305,78,11.0014,1,5,8,0,1,0,0,0,1,0,1,-3.245000000000001,21.1068,0,0
3,0,0,1,27.06,30.305,78,15.0013,2,5,8,0,1,0,0,0,1,0,2,-3.245000000000001,21.1068,0,0
3,0,0,2,27.06,30.305,78,11.0014,3,5,8,0,1,0,0,0,1,0,3,-3.245000000000001,21.1068,0,0
3,0,0,2,27.06,30.305,83,11.0014,4,5,8,0,1,0,0,0,1,0,4,-3.245000000000001,22.4598,0,0
3,0,0,1,26.24,28.79,89,6.0032,5,5,8,0,1,0,0,0,1,0,5,-2.5500000000000007,23.353599999999997,0,0
3,0,0,1,26.24,28.79,89,7.0015,6,5,8,0,1,0,0,0,0,0,6,-2.5500000000000007,23.353599999999997,0,0
3,0,0,1,27.88,31.82,83,11.0014,7,5,8,0,1,0,0,0,0,0,7,-3.9400000000000013,23.1404,0,0
3,0,0,1,27.88,31.82,83,11.0014,8,5,8,0,1,0,0,0,0,0,8,-3.9400000000000013,23.1404,0,0
3,0,0,1,30.34,34.85,70,15.0013,9,5,8,0,1,0,0,0,0,0,9,-4.510000000000002,21.238000000000003,0,0
3,0,0,2,30.34,34.85,70,19.0012,10,5,8,0,1,0,0,0,0,0,10,-4.510000000000002,21.238000000000003,0,0
3,0,0,1,31.98,37.12,62,15.0013,11,5,8,0,1,0,0,1,0,0,11,-5.139999999999997,19.8276,0,0
3,0,0,1,32.8,37.88,55,15.0013,12,5,8,0,1,0,0,1,0,0,12,-5.080000000000005,18.04,0,0
3,0,0,2,32.8,38.635,59,22.0028,13,5,8,0,1,0,0,1,0,0,13,-5.835000000000001,19.351999999999997,0,0
3,0,0,1,33.62,38.635,52,16.9979,14,5,8,0,1,0,0,1,0,0,14,-5.015000000000001,17.4824,0,0
3,0,0,2,34.44,40.15,53,16.9979,15,5,8,0,1,0,0,1,0,0,15,-5.710000000000001,18.2532,0,0
3,0,0,3,30.34,35.605,79,11.0014,16,5,8,0,1,0,0,1,0,0,16,-5.264999999999997,23.968600000000002,0,1
3,0,0,3,30.34,35.605,79,11.0014,17,5,8,0,1,0,0,0,0,0,17,-5.264999999999997,23.968600000000002,0,1
3,0,0,2,29.52,34.85,79,30.0026,18,5,8,0,1,0,0,0,0,0,18,-5.330000000000002,23.3208,0,0
3,0,0,3,29.52,35.605,84,16.9979,19,5,8,0,1,0,0,0,0,0,19,-6.084999999999997,24.796799999999998,0,1
3,0,0,3,29.52,34.85,79,19.0012,20,5,8,0,1,0,0,0,0,0,20,-5.330000000000002,23.3208,0,1
3,0,0,2,28.7,33.335,84,22.0028,21,5,8,0,1,0,0,0,0,0,21,-4.635000000000002,24.107999999999997,0,0
3,0,0,2,28.7,33.335,84,22.0028,22,5,8,0,1,0,0,0,0,0,22,-4.635000000000002,24.107999999999997,0,0
3,0,0,3,28.7,33.335,84,19.0012,23,5,8,0,1,0,0,0,0,0,23,-4.635000000000002,24.107999999999997,0,1
3,0,0,2,28.7,33.335,84,19.0012,0,6,8,0,1,0,0,0,1,0,0,-4.635000000000002,24.107999999999997,0,0
3,0,0,2,28.7,33.335,84,16.9979,1,6,8,0,1,0,0,0,1,0,1,-4.635000000000002,24.107999999999997,0,0
3,0,0,2,28.7,33.335,84,15.0013,2,6,8,0,1,0,0,0,1,0,2,-4.635000000000002,24.107999999999997,0,0
3,0,0,2,28.7,33.335,84,8.9981,3,6,8,0,1,0,0,0,1,0,3,-4.635000000000002,24.107999999999997,0,0
3,0,0,1,28.7,33.335,84,8.9981,4,6,8,0,1,0,0,0,1,0,4,-4.635000000000002,24.107999999999997,0,0
3,0,0,1,28.7,33.335,89,12.998,5,6,8,0,1,0,0,0,1,0,5,-4.635000000000002,25.542999999999996,0,0
3,0,0,1,28.7,33.335,89,11.0014,6,6,8,0,1,0,0,0,0,0,6,-4.635000000000002,25.542999999999996,0,0
3,0,0,1,28.7,33.335,84,12.998,7,6,8,0,1,0,0,0,0,0,7,-4.635000000000002,24.107999999999997,0,0
3,0,0,1,29.52,34.85,79,12.998,8,6,8,0,1,0,0,0,0,0,8,-5.330000000000002,23.3208,0,0
3,0,0,1,31.16,37.12,75,7.0015,9,6,8,0,1,0,0,0,0,0,9,-5.959999999999997,23.37,0,0
3,0,0,1,32.8,40.15,66,8.9981,10,6,8,0,1,0,0,0,0,0,10,-7.350000000000001,21.647999999999996,0,0
3,0,0,1,33.62,41.665,63,0.0,11,6,8,0,1,0,0,1,0,0,11,-8.045000000000002,21.1806,0,0
3,0,0,1,36.9,42.425,42,19.9995,12,6,8,0,1,0,0,1,0,0,12,-5.524999999999999,15.498,0,0
3,0,0,1,36.9,42.425,42,19.9995,13,6,8,0,1,0,0,1,0,0,13,-5.524999999999999,15.498,0,0
3,0,0,1,35.26,40.15,47,12.998,14,6,8,0,1,0,0,1,0,0,14,-4.890000000000001,16.5722,0,0
3,0,0,3,29.52,34.85,74,19.9995,15,6,8,0,1,0,0,1,0,0,15,-5.330000000000002,21.8448,0,1
3,0,0,3,29.52,34.85,74,19.9995,16,6,8,0,1,0,0,1,0,0,16,-5.330000000000002,21.8448,0,1
3,0,0,3,30.34,35.605,74,43.0006,17,6,8,0,1,0,0,0,0,0,17,-5.264999999999997,22.4516,0,1
3,0,0,1,29.52,34.85,74,6.0032,18,6,8,0,1,0,0,0,0,0,18,-5.330000000000002,21.8448,0,0
3,0,0,1,29.52,34.85,79,11.0014,19,6,8,0,1,0,0,0,0,0,19,-5.330000000000002,23.3208,0,0
3,0,0,1,29.52,35.605,84,8.9981,20,6,8,0,1,0,0,0,0,0,20,-6.084999999999997,24.796799999999998,0,0
3,0,0,1,29.52,35.605,84,7.0015,21,6,8,0,1,0,0,0,0,0,21,-6.084999999999997,24.796799999999998,0,0
3,0,0,1,28.7,33.335,89,12.998,22,6,8,0,1,0,0,0,0,0,22,-4.635000000000002,25.542999999999996,0,0
3,0,0,1,28.7,33.335,79,7.0015,23,6,8,0,1,0,0,0,0,0,23,-4.635000000000002,22.673,0,0
3,0,1,1,28.7,33.335,79,7.0015,0,0,8,0,0,0,0,0,1,0,0,-4.635000000000002,22.673,0,0
3,0,1,1,27.88,31.82,83,8.9981,1,0,8,0,0,0,0,0,1,1,0,-3.9400000000000013,23.1404,0,0
3,0,1,1,27.06,29.545,89,0.0,2,0,8,0,0,0,0,0,1,2,0,-2.485000000000003,24.083399999999997,0,0
3,0,1,1,27.06,29.545,89,0.0,3,0,8,0,0,0,0,0,1,3,0,-2.485000000000003,24.083399999999997,0,0
3,0,1,1,27.06,29.545,89,7.0015,4,0,8,0,0,0,0,0,1,4,0,-2.485000000000003,24.083399999999997,0,0
3,0,1,1,28.7,33.335,79,6.0032,5,0,8,0,0,0,0,0,1,5,0,-4.635000000000002,22.673,0,0
3,0,1,1,28.7,32.575,65,19.0012,6,0,8,0,0,0,0,0,0,6,0,-3.8750000000000036,18.655,0,0
3,0,1,1,29.52,34.09,62,19.9995,7,0,8,0,0,1,0,0,0,7,0,-4.570000000000004,18.3024,0,0
3,0,1,1,30.34,34.09,58,22.0028,8,0,8,0,0,1,0,0,0,8,0,-3.7500000000000036,17.5972,0,0
3,0,1,1,31.16,34.85,55,26.0027,9,0,8,0,0,1,0,0,0,9,0,-3.6900000000000013,17.137999999999998,0,0
3,0,1,1,32.8,37.12,52,26.0027,10,0,8,0,0,0,0,0,0,10,0,-4.32,17.055999999999997,0,0
3,0,1,1,33.62,37.12,48,23.9994,11,0,8,0,0,0,0,0,0,11,0,-3.5,16.1376,0,0
3,0,1,1,33.62,37.88,46,16.9979,12,0,8,0,0,0,0,0,0,12,0,-4.260000000000005,15.4652,0,0
3,0,1,1,34.44,37.88,44,19.9995,13,0,8,0,0,0,0,0,0,13,0,-3.440000000000005,15.153599999999999,0,0
3,0,1,1,33.62,37.12,43,19.9995,14,0,8,0,0,0,0,0,0,14,0,-3.5,14.456599999999998,0,0
3,0,1,1,34.44,37.88,41,19.9995,15,0,8,0,0,0,0,0,0,15,0,-3.440000000000005,14.1204,0,0
3,0,1,1,35.26,38.635,39,19.0012,16,0,8,0,0,0,0,0,0,16,0,-3.375,13.751399999999999,0,0
3,0,1,1,35.26,38.635,39,11.0014,17,0,8,0,0,0,1,0,0,17,0,-3.375,13.751399999999999,0,0
3,0,1,1,34.44,37.88,41,8.9981,18,0,8,0,0,0,1,0,0,18,0,-3.440000000000005,14.1204,0,0
3,0,1,1,33.62,37.12,43,7.0015,19,0,8,0,0,0,1,0,0,19,0,-3.5,14.456599999999998,0,0
3,0,1,1,32.8,37.88,55,0.0,20,0,8,0,0,0,0,0,0,20,0,-5.080000000000005,18.04,0,0
3,0,1,1,31.16,35.605,58,6.0032,21,0,8,0,0,0,0,0,0,21,0,-4.444999999999997,18.0728,0,0
3,0,1,1,31.16,35.605,58,7.0015,22,0,8,0,0,0,0,0,0,22,0,-4.444999999999997,18.0728,0,0
3,0,1,1,30.34,34.85,66,7.0015,23,0,8,0,0,0,0,0,0,23,0,-4.510000000000002,20.0244,0,0
3,0,1,1,29.52,34.85,79,8.9981,0,1,8,0,0,0,0,0,1,0,0,-5.330000000000002,23.3208,0,0
3,0,1,1,29.52,34.09,66,0.0,1,1,8,0,0,0,0,0,1,1,0,-4.570000000000004,19.4832,0,0
3,0,1,1,29.52,34.09,70,0.0,2,1,8,0,0,0,0,0,1,2,0,-4.570000000000004,20.664,0,0
3,0,1,1,29.52,34.09,62,0.0,3,1,8,0,0,0,0,0,1,3,0,-4.570000000000004,18.3024,0,0
3,0,1,1,28.7,33.335,74,0.0,4,1,8,0,0,0,0,0,1,4,0,-4.635000000000002,21.237999999999996,0,0
3,0,1,1,28.7,32.575,65,6.0032,5,1,8,0,0,0,0,0,1,5,0,-3.8750000000000036,18.655,0,0
3,0,1,1,29.52,33.335,64,0.0,6,1,8,0,0,0,0,0,0,6,0,-3.8150000000000013,18.8928,0,0
3,0,1,1,29.52,34.85,74,7.0015,7,1,8,0,0,1,0,0,0,7,0,-5.330000000000002,21.8448,0,0
3,0,1,1,30.34,34.85,66,0.0,8,1,8,0,0,1,0,0,0,8,0,-4.510000000000002,20.0244,0,0
3,0,1,2,31.98,37.12,62,8.9981,9,1,8,0,0,1,0,0,0,9,0,-5.139999999999997,19.8276,0,0
3,0,1,2,32.8,38.635,59,15.0013,10,1,8,0,0,0,0,0,0,10,0,-5.835000000000001,19.351999999999997,0,0
3,0,1,1,32.8,38.635,59,15.0013,11,1,8,0,0,0,0,0,0,11,0,-5.835000000000001,19.351999999999997,0,0
3,0,1,1,33.62,39.395,56,12.998,12,1,8,0,0,0,0,0,0,12,0,-5.775000000000006,18.827199999999998,0,0
3,0,1,1,34.44,39.395,49,11.0014,13,1,8,0,0,0,0,0,0,13,0,-4.955000000000005,16.8756,0,0
3,0,1,1,35.26,39.395,44,19.0012,14,1,8,0,0,0,0,0,0,14,0,-4.135000000000005,15.514399999999998,0,0
3,0,1,1,35.26,38.635,39,19.0012,15,1,8,0,0,0,0,0,0,15,0,-3.375,13.751399999999999,0,0
3,0,1,1,35.26,38.635,39,19.9995,16,1,8,0,0,0,0,0,0,16,0,-3.375,13.751399999999999,0,0
3,0,1,1,32.8,37.88,55,11.0014,17,1,8,0,0,0,1,0,0,17,0,-5.080000000000005,18.04,0,0
3,0,1,1,32.8,37.88,55,12.998,18,1,8,0,0,0,1,0,0,18,0,-5.080000000000005,18.04,0,0
3,0,1,1,32.8,37.12,49,7.0015,19,1,8,0,0,0,1,0,0,19,0,-4.32,16.072,0,0
3,0,1,1,32.8,36.365,43,12.998,20,1,8,0,0,0,0,0,0,20,0,-3.565000000000005,14.104,0,0
3,0,1,1,31.98,34.85,46,16.9979,21,1,8,0,0,0,0,0,0,21,0,-2.870000000000001,14.710799999999999,0,0
3,0,1,1,31.98,34.85,46,19.9995,22,1,8,0,0,0,0,0,0,22,0,-2.870000000000001,14.710799999999999,0,0
3,0,1,1,31.16,34.09,48,19.0012,23,1,8,0,0,0,0,0,0,23,0,-2.9300000000000033,14.956800000000001,0,0
3,0,1,1,30.34,33.335,51,15.0013,0,2,8,0,0,0,0,0,1,0,0,-2.995000000000001,15.4734,0,0
3,0,1,1,29.52,33.335,54,12.998,1,2,8,0,0,0,0,0,1,1,0,-3.8150000000000013,15.9408,0,0
3,0,1,1,29.52,33.335,54,11.0014,2,2,8,0,0,0,0,0,1,2,0,-3.8150000000000013,15.9408,0,0
3,0,1,1,28.7,32.575,58,11.0014,3,2,8,0,0,0,0,0,1,3,0,-3.8750000000000036,16.646,0,0
3,0,1,1,28.7,32.575,54,8.9981,4,2,8,0,0,0,0,0,1,4,0,-3.8750000000000036,15.498,0,0
3,0,1,1,27.88,31.82,61,6.0032,5,2,8,0,0,0,0,0,1,5,0,-3.9400000000000013,17.0068,0,0
3,0,1,1,27.88,31.82,61,0.0,6,2,8,0,0,0,0,0,0,6,0,-3.9400000000000013,17.0068,0,0
3,0,1,1,28.7,32.575,58,6.0032,7,2,8,0,0,1,0,0,0,7,0,-3.8750000000000036,16.646,0,0
3,0,1,1,30.34,33.335,51,12.998,8,2,8,0,0,1,0,0,0,8,0,-2.995000000000001,15.4734,0,0
3,0,1,1,31.16,34.09,48,15.0013,9,2,8,0,0,1,0,0,0,9,0,-2.9300000000000033,14.956800000000001,0,0
3,0,1,1,32.8,36.365,43,15.0013,10,2,8,0,0,0,0,0,0,10,0,-3.565000000000005,14.104,0,0
3,0,1,1,32.8,35.605,41,26.0027,11,2,8,0,0,0,0,0,0,11,0,-2.8049999999999997,13.448,0,0
3,0,1,1,33.62,36.365,38,19.9995,12,2,8,0,0,0,0,0,0,12,0,-2.7450000000000045,12.775599999999999,0,0
3,0,1,1,33.62,36.365,38,19.0012,13,2,8,0,0,0,0,0,0,13,0,-2.7450000000000045,12.775599999999999,0,0
3,0,1,1,34.44,36.365,34,22.0028,14,2,8,0,0,0,0,0,0,14,0,-1.9250000000000043,11.7096,0,0
3,0,1,1,35.26,37.12,30,22.0028,15,2,8,0,0,0,0,0,0,15,0,-1.8599999999999994,10.578,0,0
3,0,1,1,35.26,37.12,26,19.9995,16,2,8,0,0,0,0,0,0,16,0,-1.8599999999999994,9.1676,0,0
3,0,1,1,34.44,35.605,26,19.9995,17,2,8,0,0,0,1,0,0,17,0,-1.1649999999999991,8.9544,0,0
3,0,1,1,33.62,35.605,28,19.9995,18,2,8,0,0,0,1,0,0,18,0,-1.9849999999999994,9.413599999999999,0,0
3,0,1,1,32.8,34.85,26,16.9979,19,2,8,0,0,0,1,0,0,19,0,-2.0500000000000043,8.527999999999999,0,0
3,0,1,1,31.16,33.335,31,8.9981,20,2,8,0,0,0,0,0,0,20,0,-2.1750000000000007,9.659600000000001,0,0
3,0,1,1,31.16,33.335,33,7.0015,21,2,8,0,0,0,0,0,0,21,0,-2.1750000000000007,10.2828,0,0
3,0,1,1,30.34,32.575,37,0.0,22,2,8,0,0,0,0,0,0,22,0,-2.235000000000003,11.2258,0,0
3,0,1,1,30.34,32.575,37,6.0032,23,2,8,0,0,0,0,0,0,23,0,-2.235000000000003,11.2258,0,0
3,0,1,1,28.7,31.82,45,7.0015,0,3,8,0,0,0,0,0,1,0,0,-3.120000000000001,12.915,0,0
3,0,1,1,28.7,31.82,45,8.9981,1,3,8,0,0,0,0,0,1,1,0,-3.120000000000001,12.915,0,0
3,0,1,1,27.06,31.06,54,8.9981,2,3,8,0,0,0,0,0,1,2,0,-4.0,14.612400000000001,0,0
3,0,1,1,26.24,31.06,57,8.9981,3,3,8,0,0,0,0,0,1,3,0,-4.82,14.956799999999998,0,0
3,0,1,1,26.24,31.06,57,11.0014,4,3,8,0,0,0,0,0,1,4,0,-4.82,14.956799999999998,0,0
3,0,1,1,26.24,31.06,61,12.998,5,3,8,0,0,0,0,0,1,5,0,-4.82,16.0064,0,0
3,0,1,1,25.42,30.305,65,11.0014,6,3,8,0,0,0,0,0,0,6,0,-4.884999999999998,16.523000000000003,0,0
3,0,1,1,27.06,31.06,54,8.9981,7,3,8,0,0,1,0,0,0,7,0,-4.0,14.612400000000001,0,0
3,0,1,1,28.7,31.82,45,11.0014,8,3,8,0,0,1,0,0,0,8,0,-3.120000000000001,12.915,0,0
3,0,1,1,29.52,32.575,39,15.0013,9,3,8,0,0,1,0,0,0,9,0,-3.0550000000000033,11.5128,0,0
3,0,1,1,30.34,32.575,37,16.9979,10,3,8,0,0,0,0,0,0,10,0,-2.235000000000003,11.2258,0,0
3,0,1,1,31.16,33.335,35,16.9979,11,3,8,0,0,0,0,0,0,11,0,-2.1750000000000007,10.905999999999999,0,0
3,0,1,1,31.98,34.09,31,16.9979,12,3,8,0,0,0,0,0,0,12,0,-2.110000000000003,9.9138,0,0
3,0,1,1,31.16,33.335,31,15.0013,13,3,8,0,0,0,0,0,0,13,0,-2.1750000000000007,9.659600000000001,0,0
3,0,1,1,32.8,34.85,29,0.0,14,3,8,0,0,0,0,0,0,14,0,-2.0500000000000043,9.511999999999999,0,0
3,0,1,1,32.8,34.85,29,19.9995,15,3,8,0,0,0,0,0,0,15,0,-2.0500000000000043,9.511999999999999,0,0
3,0,1,1,32.8,34.85,27,12.998,16,3,8,0,0,0,0,0,0,16,0,-2.0500000000000043,8.856,0,0
3,0,1,1,32.8,34.85,29,16.9979,17,3,8,0,0,0,1,0,0,17,0,-2.0500000000000043,9.511999999999999,0,0
3,0,1,1,31.98,34.09,29,6.0032,18,3,8,0,0,0,1,0,0,18,0,-2.110000000000003,9.2742,0,0
3,0,1,1,30.34,32.575,35,12.998,19,3,8,0,0,0,1,0,0,19,0,-2.235000000000003,10.619000000000002,0,0
3,0,1,1,29.52,32.575,37,8.9981,20,3,8,0,0,0,0,0,0,20,0,-3.0550000000000033,10.9224,0,0
3,0,1,1,28.7,32.575,48,6.0032,21,3,8,0,0,0,0,0,0,21,0,-3.8750000000000036,13.776,0,0
3,0,1,1,28.7,32.575,48,0.0,22,3,8,0,0,0,0,0,0,22,0,-3.8750000000000036,13.776,0,0
3,0,1,1,27.06,31.06,50,11.0014,23,3,8,0,0,0,0,0,0,23,0,-4.0,13.53,0,0
3,0,1,1,26.24,31.06,53,11.0014,0,4,8,0,0,0,0,0,1,0,0,-4.82,13.9072,0,0
3,0,1,1,26.24,31.06,53,8.9981,1,4,8,0,0,0,0,0,1,1,0,-4.82,13.9072,0,0
3,0,1,1,25.42,31.06,57,12.998,2,4,8,0,0,0,0,0,1,2,0,-5.639999999999997,14.4894,0,0
3,0,1,1,25.42,31.06,53,11.0014,3,4,8,0,0,0,0,0,1,3,0,-5.639999999999997,13.4726,0,0
3,0,1,1,25.42,31.06,53,8.9981,4,4,8,0,0,0,0,0,1,4,0,-5.639999999999997,13.4726,0,0
3,0,1,1,24.6,31.06,56,8.9981,5,4,8,0,0,0,0,0,1,5,0,-6.459999999999997,13.776000000000002,0,0
3,0,1,1,25.42,31.06,50,8.9981,6,4,8,0,0,0,0,0,0,6,0,-5.639999999999997,12.71,0,0
3,0,1,1,26.24,31.06,44,11.0014,7,4,8,0,0,1,0,0,0,7,0,-4.82,11.5456,0,0
3,0,1,1,27.88,31.82,39,15.0013,8,4,8,0,0,1,0,0,0,8,0,-3.9400000000000013,10.873199999999999,0,0
3,0,1,1,29.52,32.575,34,8.9981,9,4,8,0,0,1,0,0,0,9,0,-3.0550000000000033,10.0368,0,0
3,0,1,1,30.34,32.575,33,7.0015,10,4,8,0,0,0,0,0,0,10,0,-2.235000000000003,10.0122,0,0
3,0,1,1,31.16,33.335,29,0.0,11,4,8,0,0,0,0,0,0,11,0,-2.1750000000000007,9.0364,0,0
3,0,1,1,32.8,34.85,27,0.0,12,4,8,0,0,0,0,0,0,12,0,-2.0500000000000043,8.856,0,0
3,0,1,1,31.98,34.09,29,6.0032,13,4,8,0,0,0,0,0,0,13,0,-2.110000000000003,9.2742,0,0
3,0,1,1,32.8,34.85,29,12.998,14,4,8,0,0,0,0,0,0,14,0,-2.0500000000000043,9.511999999999999,0,0
3,0,1,1,32.8,34.85,29,11.0014,15,4,8,0,0,0,0,0,0,15,0,-2.0500000000000043,9.511999999999999,0,0
3,0,1,1,33.62,35.605,28,0.0,16,4,8,0,0,0,0,0,0,16,0,-1.9849999999999994,9.413599999999999,0,0
3,0,1,1,33.62,35.605,26,0.0,17,4,8,0,0,0,1,0,0,17,0,-1.9849999999999994,8.7412,0,0
3,0,1,1,31.16,34.09,40,19.9995,18,4,8,0,0,0,1,0,0,18,0,-2.9300000000000033,12.464,0,0
3,0,1,1,30.34,33.335,42,15.0013,19,4,8,0,0,0,1,0,0,19,0,-2.995000000000001,12.742799999999999,0,0
3,0,1,1,29.52,32.575,42,15.0013,20,4,8,0,0,0,0,0,0,20,0,-3.0550000000000033,12.398399999999999,0,0
3,0,1,1,28.7,32.575,48,8.9981,21,4,8,0,0,0,0,0,0,21,0,-3.8750000000000036,13.776,0,0
3,0,1,1,27.88,31.82,51,0.0,22,4,8,0,0,0,0,0,0,22,0,-3.9400000000000013,14.218799999999998,0,0
3,0,1,1,27.88,31.82,51,0.0,23,4,8,0,0,0,0,0,0,23,0,-3.9400000000000013,14.218799999999998,0,0
3,0,0,1,27.88,31.82,51,7.0015,0,5,8,0,1,0,0,0,1,0,0,-3.9400000000000013,14.218799999999998,0,0
3,0,0,2,27.88,31.82,57,6.0032,1,5,8,0,1,0,0,0,1,0,1,-3.9400000000000013,15.891599999999999,0,0
3,0,0,1,27.88,31.82,57,0.0,2,5,8,0,1,0,0,0,1,0,2,-3.9400000000000013,15.891599999999999,0,0
3,0,0,1,27.06,31.06,65,8.9981,3,5,8,0,1,0,0,0,1,0,3,-4.0,17.589,0,0
3,0,0,2,26.24,30.305,73,8.9981,4,5,8,0,1,0,0,0,1,0,4,-4.065000000000001,19.1552,0,0
3,0,0,1,26.24,30.305,73,7.0015,5,5,8,0,1,0,0,0,1,0,5,-4.065000000000001,19.1552,0,0
3,0,0,1,26.24,30.305,73,6.0032,6,5,8,0,1,0,0,0,0,0,6,-4.065000000000001,19.1552,0,0
3,0,0,2,27.06,31.06,74,12.998,7,5,8,0,1,0,0,0,0,0,7,-4.0,20.0244,0,0
3,0,0,2,28.7,32.575,65,11.0014,8,5,8,0,1,0,0,0,0,0,8,-3.8750000000000036,18.655,0,0
3,0,0,2,28.7,33.335,74,11.0014,9,5,8,0,1,0,0,0,0,0,9,-4.635000000000002,21.237999999999996,0,0
3,0,0,2,29.52,34.85,74,15.0013,10,5,8,0,1,0,0,0,0,0,10,-5.330000000000002,21.8448,0,0
3,0,0,2,30.34,34.85,70,12.998,11,5,8,0,1,0,0,1,0,0,11,-4.510000000000002,21.238000000000003,0,0
3,0,0,2,27.06,29.545,89,11.0014,12,5,8,0,1,0,0,1,0,0,12,-2.485000000000003,24.083399999999997,0,0
3,0,0,2,30.34,35.605,74,22.0028,13,5,8,0,1,0,0,1,0,0,13,-5.264999999999997,22.4516,0,0
3,0,0,1,30.34,34.85,70,16.9979,14,5,8,0,1,0,0,1,0,0,14,-4.510000000000002,21.238000000000003,0,0
3,0,0,3,27.88,31.82,79,23.9994,15,5,8,0,1,0,0,1,0,0,15,-3.9400000000000013,22.025199999999998,0,1
3,0,0,2,28.7,33.335,74,19.0012,16,5,8,0,1,0,0,1,0,0,16,-4.635000000000002,21.237999999999996,0,0
3,0,0,2,29.52,34.85,74,16.9979,17,5,8,0,1,0,0,0,0,0,17,-5.330000000000002,21.8448,0,0
3,0,0,1,28.7,33.335,74,15.0013,18,5,8,0,1,0,0,0,0,0,18,-4.635000000000002,21.237999999999996,0,0
3,0,0,2,27.88,31.82,79,19.0012,19,5,8,0,1,0,0,0,0,0,19,-3.9400000000000013,22.025199999999998,0,0
3,0,0,2,27.88,31.82,83,15.0013,20,5,8,0,1,0,0,0,0,0,20,-3.9400000000000013,23.1404,0,0
3,0,0,2,27.88,31.82,83,26.0027,21,5,8,0,1,0,0,0,0,0,21,-3.9400000000000013,23.1404,0,0
3,0,0,2,27.88,31.82,83,26.0027,22,5,8,0,1,0,0,0,0,0,22,-3.9400000000000013,23.1404,0,0
3,0,0,2,27.06,30.305,83,22.0028,23,5,8,0,1,0,0,0,0,0,23,-3.245000000000001,22.4598,0,0
3,0,0,3,27.06,30.305,83,19.9995,0,6,8,0,1,0,0,0,1,0,0,-3.245000000000001,22.4598,0,1
3,0,0,3,26.24,28.79,89,15.0013,1,6,8,0,1,0,0,0,1,0,1,-2.5500000000000007,23.353599999999997,0,1
3,0,0,3,26.24,28.79,89,15.0013,2,6,8,0,1,0,0,0,1,0,2,-2.5500000000000007,23.353599999999997,0,1
3,0,0,2,26.24,28.03,94,16.9979,3,6,8,0,1,0,0,0,1,0,3,-1.7900000000000027,24.665599999999998,0,0
3,0,0,3,26.24,28.03,94,12.998,4,6,8,0,1,0,0,0,1,0,4,-1.7900000000000027,24.665599999999998,0,1
3,0,0,2,26.24,28.03,94,11.0014,5,6,8,0,1,0,0,0,1,0,5,-1.7900000000000027,24.665599999999998,0,0
3,0,0,2,26.24,28.03,94,7.0015,6,6,8,0,1,0,0,0,0,0,6,-1.7900000000000027,24.665599999999998,0,0
3,0,0,2,27.06,29.545,89,12.998,7,6,8,0,1,0,0,0,0,0,7,-2.485000000000003,24.083399999999997,0,0
3,0,0,2,27.06,29.545,89,19.0012,8,6,8,0,1,0,0,0,0,0,8,-2.485000000000003,24.083399999999997,0,0
3,0,0,3,27.06,29.545,89,19.0012,9,6,8,0,1,0,0,0,0,0,9,-2.485000000000003,24.083399999999997,0,1
3,0,0,1,28.7,33.335,79,15.0013,10,6,8,0,1,0,0,0,0,0,10,-4.635000000000002,22.673,0,0
3,0,0,1,28.7,33.335,79,12.998,11,6,8,0,1,0,0,1,0,0,11,-4.635000000000002,22.673,0,0
3,0,0,2,28.7,33.335,79,15.0013,12,6,8,0,1,0,0,1,0,0,12,-4.635000000000002,22.673,0,0
3,0,0,1,29.52,34.85,74,16.9979,13,6,8,0,1,0,0,1,0,0,13,-5.330000000000002,21.8448,0,0
3,0,0,1,30.34,34.85,70,12.998,14,6,8,0,1,0,0,1,0,0,14,-4.510000000000002,21.238000000000003,0,0
3,0,0,1,30.34,34.85,66,12.998,15,6,8,0,1,0,0,1,0,0,15,-4.510000000000002,20.0244,0,0
3,0,0,1,30.34,34.85,66,11.0014,16,6,8,0,1,0,0,1,0,0,16,-4.510000000000002,20.0244,0,0
3,0,0,1,31.16,35.605,62,8.9981,17,6,8,0,1,0,0,0,0,0,17,-4.444999999999997,19.319200000000002,0,0
3,0,0,1,30.34,34.85,66,11.0014,18,6,8,0,1,0,0,0,0,0,18,-4.510000000000002,20.0244,0,0
3,0,0,1,29.52,34.85,74,15.0013,19,6,8,0,1,0,0,0,0,0,19,-5.330000000000002,21.8448,0,0
3,0,0,1,28.7,33.335,84,11.0014,20,6,8,0,1,0,0,0,0,0,20,-4.635000000000002,24.107999999999997,0,0
3,0,0,3,24.6,27.275,88,32.9975,21,6,8,0,1,0,0,0,0,0,21,-2.674999999999997,21.648000000000003,0,1
3,0,0,3,24.6,27.275,88,32.9975,22,6,8,0,1,0,0,0,0,0,22,-2.674999999999997,21.648000000000003,0,1
3,0,0,3,24.6,28.03,83,0.0,23,6,8,0,1,0,0,0,0,0,23,-3.4299999999999997,20.418000000000003,0,1
3,0,1,3,24.6,27.275,88,6.0032,0,0,8,0,0,0,0,0,1,0,0,-2.674999999999997,21.648000000000003,0,1
3,0,1,2,24.6,27.275,88,8.9981,1,0,8,0,0,0,0,0,1,1,0,-2.674999999999997,21.648000000000003,0,0
3,0,1,2,24.6,28.03,83,0.0,2,0,8,0,0,0,0,0,1,2,0,-3.4299999999999997,20.418000000000003,0,0
3,0,1,1,24.6,28.03,83,12.998,3,0,8,0,0,0,0,0,1,3,0,-3.4299999999999997,20.418000000000003,0,0
3,0,1,1,24.6,28.03,83,8.9981,4,0,8,0,0,0,0,0,1,4,0,-3.4299999999999997,20.418000000000003,0,0
3,0,1,2,24.6,27.275,88,12.998,5,0,8,0,0,0,0,0,1,5,0,-2.674999999999997,21.648000000000003,0,0
3,0,1,1,24.6,27.275,88,16.9979,6,0,8,0,0,0,0,0,0,6,0,-2.674999999999997,21.648000000000003,0,0
3,0,1,1,24.6,27.275,88,16.9979,7,0,8,0,0,1,0,0,0,7,0,-2.674999999999997,21.648000000000003,0,0
3,0,1,1,26.24,29.545,78,22.0028,8,0,8,0,0,1,0,0,0,8,0,-3.3050000000000033,20.4672,0,0
3,0,1,1,26.24,29.545,78,22.0028,9,0,8,0,0,1,0,0,0,9,0,-3.3050000000000033,20.4672,0,0
3,0,1,1,27.88,31.82,69,19.0012,10,0,8,0,0,0,0,0,0,10,0,-3.9400000000000013,19.2372,0,0
3,0,1,2,29.52,34.09,62,16.9979,11,0,8,0,0,0,0,0,0,11,0,-4.570000000000004,18.3024,0,0
3,0,1,1,30.34,34.09,58,19.0012,12,0,8,0,0,0,0,0,0,12,0,-3.7500000000000036,17.5972,0,0
3,0,1,1,31.98,35.605,52,19.0012,13,0,8,0,0,0,0,0,0,13,0,-3.6249999999999964,16.6296,0,0
3,0,1,1,30.34,34.09,55,6.0032,14,0,8,0,0,0,0,0,0,14,0,-3.7500000000000036,16.687,0,0
3,0,1,3,30.34,34.09,55,19.9995,15,0,8,0,0,0,0,0,0,15,0,-3.7500000000000036,16.687,0,1
3,0,1,1,30.34,34.09,55,22.0028,16,0,8,0,0,0,0,0,0,16,0,-3.7500000000000036,16.687,0,0
3,0,1,1,30.34,33.335,51,19.0012,17,0,8,0,0,0,1,0,0,17,0,-2.995000000000001,15.4734,0,0
3,0,1,1,28.7,32.575,65,12.998,18,0,8,0,0,0,1,0,0,18,0,-3.8750000000000036,18.655,0,0
3,0,1,1,28.7,32.575,65,0.0,19,0,8,0,0,0,1,0,0,19,0,-3.8750000000000036,18.655,0,0
3,0,1,1,27.06,31.06,74,8.9981,20,0,8,0,0,0,0,0,0,20,0,-4.0,20.0244,0,0
3,0,1,1,27.06,31.06,65,12.998,21,0,8,0,0,0,0,0,0,21,0,-4.0,17.589,0,0
3,0,1,1,27.06,31.06,69,16.9979,22,0,8,0,0,0,0,0,0,22,0,-4.0,18.6714,0,0
3,0,1,1,26.24,30.305,69,15.0013,23,0,8,0,0,0,0,0,0,23,0,-4.065000000000001,18.1056,0,0
3,0,1,1,26.24,30.305,69,7.0015,0,1,8,0,0,0,0,0,1,0,0,-4.065000000000001,18.1056,0,0
3,0,1,1,26.24,30.305,69,11.0014,1,1,8,0,0,0,0,0,1,1,0,-4.065000000000001,18.1056,0,0
3,0,1,1,25.42,29.545,73,15.0013,2,1,8,0,0,0,0,0,1,2,0,-4.125,18.5566,0,0
3,0,1,1,25.42,29.545,73,15.0013,3,1,8,0,0,0,0,0,1,3,0,-4.125,18.5566,0,0
3,0,1,1,26.24,30.305,69,19.9995,4,1,8,0,0,0,0,0,1,4,0,-4.065000000000001,18.1056,0,0
3,0,1,1,25.42,29.545,73,19.0012,5,1,8,0,0,0,0,0,1,5,0,-4.125,18.5566,0,0
3,0,1,1,25.42,29.545,73,22.0028,6,1,8,0,0,0,0,0,0,6,0,-4.125,18.5566,0,0
3,0,1,1,26.24,30.305,69,16.9979,7,1,8,0,0,1,0,0,0,7,0,-4.065000000000001,18.1056,0,0
3,0,1,1,28.7,32.575,58,30.0026,8,1,8,0,0,1,0,0,0,8,0,-3.8750000000000036,16.646,0,0
3,0,1,1,27.88,31.82,61,19.0012,9,1,8,0,0,1,0,0,0,9,0,-3.9400000000000013,17.0068,0,0
3,0,1,1,28.7,32.575,58,26.0027,10,1,8,0,0,0,0,0,0,10,0,-3.8750000000000036,16.646,0,0
3,0,1,1,30.34,33.335,51,15.0013,11,1,8,0,0,0,0,0,0,11,0,-2.995000000000001,15.4734,0,0
3,0,1,1,31.16,34.09,48,22.0028,12,1,8,0,0,0,0,0,0,12,0,-2.9300000000000033,14.956800000000001,0,0
3,0,1,1,31.16,34.09,48,19.9995,13,1,8,0,0,0,0,0,0,13,0,-2.9300000000000033,14.956800000000001,0,0
3,0,1,1,31.16,34.09,45,27.9993,14,1,8,0,0,0,0,0,0,14,0,-2.9300000000000033,14.022,0,0
3,0,1,1,32.8,35.605,41,19.9995,15,1,8,0,0,0,0,0,0,15,0,-2.8049999999999997,13.448,0,0
3,0,1,1,32.8,35.605,41,15.0013,16,1,8,0,0,0,0,0,0,16,0,-2.8049999999999997,13.448,0,0
3,0,1,1,31.16,34.09,45,22.0028,17,1,8,0,0,0,1,0,0,17,0,-2.9300000000000033,14.022,0,0
3,0,1,1,31.16,34.09,45,15.0013,18,1,8,0,0,0,1,0,0,18,0,-2.9300000000000033,14.022,0,0
3,0,1,1,30.34,33.335,48,12.998,19,1,8,0,0,0,1,0,0,19,0,-2.995000000000001,14.5632,0,0
3,0,1,1,30.34,33.335,51,0.0,20,1,8,0,0,0,0,0,0,20,0,-2.995000000000001,15.4734,0,0
3,0,1,1,29.52,33.335,54,0.0,21,1,8,0,0,0,0,0,0,21,0,-3.8150000000000013,15.9408,0,0
3,0,1,1,28.7,32.575,61,0.0,22,1,8,0,0,0,0,0,0,22,0,-3.8750000000000036,17.507,0,0
3,0,1,1,27.06,31.06,65,8.9981,23,1,8,0,0,0,0,0,0,23,0,-4.0,17.589,0,0
3,0,1,1,27.06,31.06,69,6.0032,0,2,8,0,0,0,0,0,1,0,0,-4.0,18.6714,0,0
3,0,1,1,26.24,30.305,73,11.0014,1,2,8,0,0,0,0,0,1,1,0,-4.065000000000001,19.1552,0,0
3,0,1,1,27.06,31.06,69,0.0,2,2,8,0,0,0,0,0,1,2,0,-4.0,18.6714,0,0
3,0,1,1,26.24,29.545,78,0.0,3,2,8,0,0,0,0,0,1,3,0,-3.3050000000000033,20.4672,0,0
3,0,1,1,26.24,30.305,73,0.0,4,2,8,0,0,0,0,0,1,4,0,-4.065000000000001,19.1552,0,0
3,0,1,1,26.24,30.305,73,0.0,5,2,8,0,0,0,0,0,1,5,0,-4.065000000000001,19.1552,0,0
3,0,1,1,25.42,29.545,78,0.0,6,2,8,0,0,0,0,0,0,6,0,-4.125,19.827600000000004,0,0
3,0,1,1,27.06,31.06,65,6.0032,7,2,8,0,0,1,0,0,0,7,0,-4.0,17.589,0,0
3,0,1,1,28.7,32.575,54,11.0014,8,2,8,0,0,1,0,0,0,8,0,-3.8750000000000036,15.498,0,0
3,0,1,1,30.34,33.335,48,6.0032,9,2,8,0,0,1,0,0,0,9,0,-2.995000000000001,14.5632,0,0
3,0,1,1,31.16,34.09,43,6.0032,10,2,8,0,0,0,0,0,0,10,0,-2.9300000000000033,13.398800000000001,0,0
3,0,1,1,31.98,34.85,43,7.0015,11,2,8,0,0,0,0,0,0,11,0,-2.870000000000001,13.7514,0,0
3,0,1,1,32.8,36.365,43,19.0012,12,2,8,0,0,0,0,0,0,12,0,-3.565000000000005,14.104,0,0
3,0,1,1,32.8,35.605,41,12.998,13,2,8,0,0,0,0,0,0,13,0,-2.8049999999999997,13.448,0,0
3,0,1,1,33.62,36.365,36,11.0014,14,2,8,0,0,0,0,0,0,14,0,-2.7450000000000045,12.1032,0,0
3,0,1,1,32.8,36.365,43,8.9981,15,2,8,0,0,0,0,0,0,15,0,-3.565000000000005,14.104,0,0
3,0,1,1,33.62,37.12,43,15.0013,16,2,8,0,0,0,0,0,0,16,0,-3.5,14.456599999999998,0,0
3,0,1,1,32.8,37.12,49,15.0013,17,2,8,0,0,0,1,0,0,17,0,-4.32,16.072,0,0
3,0,1,1,31.16,34.85,55,16.9979,18,2,8,0,0,0,1,0,0,18,0,-3.6900000000000013,17.137999999999998,0,0
3,0,1,1,31.16,34.85,55,15.0013,19,2,8,0,0,0,1,0,0,19,0,-3.6900000000000013,17.137999999999998,0,0
3,0,1,1,30.34,34.09,58,16.9979,20,2,8,0,0,0,0,0,0,20,0,-3.7500000000000036,17.5972,0,0
3,0,1,1,29.52,34.09,62,15.0013,21,2,8,0,0,0,0,0,0,21,0,-4.570000000000004,18.3024,0,0
3,0,1,1,28.7,32.575,65,12.998,22,2,8,0,0,0,0,0,0,22,0,-3.8750000000000036,18.655,0,0
3,0,1,1,28.7,32.575,65,19.0012,23,2,8,0,0,0,0,0,0,23,0,-3.8750000000000036,18.655,0,0
3,0,1,1,27.88,31.82,65,8.9981,0,3,8,0,0,0,0,0,1,0,0,-3.9400000000000013,18.122,0,0
3,0,1,2,27.06,31.06,65,11.0014,1,3,8,0,0,0,0,0,1,1,0,-4.0,17.589,0,0
3,0,1,1,27.06,31.06,65,15.0013,2,3,8,0,0,0,0,0,1,2,0,-4.0,17.589,0,0
3,0,1,1,27.06,31.06,69,19.0012,3,3,8,0,0,0,0,0,1,3,0,-4.0,18.6714,0,0
3,0,1,1,26.24,30.305,73,15.0013,4,3,8,0,0,0,0,0,1,4,0,-4.065000000000001,19.1552,0,0
3,0,1,1,26.24,29.545,78,19.0012,5,3,8,0,0,0,0,0,1,5,0,-3.3050000000000033,20.4672,0,0
3,0,1,2,26.24,29.545,78,16.9979,6,3,8,0,0,0,0,0,0,6,0,-3.3050000000000033,20.4672,0,0
3,0,1,1,26.24,29.545,78,19.9995,7,3,8,0,0,1,0,0,0,7,0,-3.3050000000000033,20.4672,0,0
3,0,1,1,27.06,31.06,74,19.0012,8,3,8,0,0,1,0,0,0,8,0,-4.0,20.0244,0,0
3,0,1,1,29.52,34.09,66,16.9979,9,3,8,0,0,1,0,0,0,9,0,-4.570000000000004,19.4832,0,0
3,0,1,1,30.34,34.85,66,16.9979,10,3,8,0,0,0,0,0,0,10,0,-4.510000000000002,20.0244,0,0
3,0,1,1,31.16,35.605,58,16.9979,11,3,8,0,0,0,0,0,0,11,0,-4.444999999999997,18.0728,0,0
3,0,1,1,32.8,37.12,52,19.0012,12,3,8,0,0,0,0,0,0,12,0,-4.32,17.055999999999997,0,0
3,0,1,1,32.8,37.12,52,23.9994,13,3,8,0,0,0,0,0,0,13,0,-4.32,17.055999999999997,0,0
3,0,1,1,33.62,37.88,46,22.0028,14,3,8,0,0,0,0,0,0,14,0,-4.260000000000005,15.4652,0,0
3,0,1,1,32.8,36.365,46,23.9994,15,3,8,0,0,0,0,0,0,15,0,-3.565000000000005,15.088,0,0
3,0,1,1,32.8,36.365,46,23.9994,16,3,8,0,0,0,0,0,0,16,0,-3.565000000000005,15.088,0,0
3,0,1,3,32.8,36.365,46,19.9995,17,3,8,0,0,0,1,0,0,17,0,-3.565000000000005,15.088,0,1
3,0,1,3,31.16,34.85,55,16.9979,18,3,8,0,0,0,1,0,0,18,0,-3.6900000000000013,17.137999999999998,0,1
3,0,1,1,27.06,30.305,83,7.0015,19,3,8,0,0,0,1,0,0,19,0,-3.245000000000001,22.4598,0,0
3,0,1,1,27.06,30.305,83,7.0015,20,3,8,0,0,0,0,0,0,20,0,-3.245000000000001,22.4598,0,0
3,0,1,2,27.88,31.82,79,0.0,21,3,8,0,0,0,0,0,0,21,0,-3.9400000000000013,22.025199999999998,0,0
3,0,1,2,28.7,33.335,74,7.0015,22,3,8,0,0,0,0,0,0,22,0,-4.635000000000002,21.237999999999996,0,0
3,0,1,2,28.7,33.335,74,8.9981,23,3,8,0,0,0,0,0,0,23,0,-4.635000000000002,21.237999999999996,0,0
3,0,1,3,27.88,31.82,69,12.998,0,4,8,0,0,0,0,0,1,0,0,-3.9400000000000013,19.2372,0,1
3,0,1,3,26.24,28.79,89,0.0,1,4,8,0,0,0,0,0,1,1,0,-2.5500000000000007,23.353599999999997,0,1
3,0,1,3,26.24,28.79,83,0.0,2,4,8,0,0,0,0,0,1,2,0,-2.5500000000000007,21.7792,0,1
3,0,1,1,26.24,29.545,78,0.0,3,4,8,0,0,0,0,0,1,3,0,-3.3050000000000033,20.4672,0,0
3,0,1,1,26.24,28.79,83,0.0,4,4,8,0,0,0,0,0,1,4,0,-2.5500000000000007,21.7792,0,0
3,0,1,1,26.24,28.79,83,0.0,5,4,8,0,0,0,0,0,1,5,0,-2.5500000000000007,21.7792,0,0
3,0,1,1,26.24,28.79,83,0.0,6,4,8,0,0,0,0,0,0,6,0,-2.5500000000000007,21.7792,0,0
3,0,1,2,27.06,30.305,83,6.0032,7,4,8,0,0,1,0,0,0,7,0,-3.245000000000001,22.4598,0,0
3,0,1,2,27.06,30.305,83,0.0,8,4,8,0,0,1,0,0,0,8,0,-3.245000000000001,22.4598,0,0
3,0,1,1,28.7,32.575,65,8.9981,9,4,8,0,0,1,0,0,0,9,0,-3.8750000000000036,18.655,0,0
3,0,1,1,29.52,34.09,62,6.0032,10,4,8,0,0,0,0,0,0,10,0,-4.570000000000004,18.3024,0,0
3,0,1,2,29.52,34.09,66,6.0032,11,4,8,0,0,0,0,0,0,11,0,-4.570000000000004,19.4832,0,0
3,0,1,2,30.34,34.09,62,6.0032,12,4,8,0,0,0,0,0,0,12,0,-3.7500000000000036,18.8108,0,0
3,0,1,2,31.16,35.605,62,12.998,13,4,8,0,0,0,0,0,0,13,0,-4.444999999999997,19.319200000000002,0,0
3,0,1,1,31.98,36.365,55,12.998,14,4,8,0,0,0,0,0,0,14,0,-4.385000000000002,17.589000000000002,0,0
3,0,1,1,32.8,37.12,49,7.0015,15,4,8,0,0,0,0,0,0,15,0,-4.32,16.072,0,0
3,0,1,1,32.8,37.12,49,0.0,16,4,8,0,0,0,0,0,0,16,0,-4.32,16.072,0,0
3,0,1,1,31.16,35.605,58,35.0008,17,4,8,0,0,0,1,0,0,17,0,-4.444999999999997,18.0728,0,0
3,0,1,1,31.16,35.605,58,35.0008,18,4,8,0,0,0,1,0,0,18,0,-4.444999999999997,18.0728,0,0
3,0,1,3,25.42,29.545,73,31.0009,19,4,8,0,0,0,1,0,0,19,0,-4.125,18.5566,0,1
3,0,1,3,25.42,28.79,83,19.9995,20,4,8,0,0,0,0,0,0,20,0,-3.3699999999999974,21.0986,0,1
3,0,1,1,25.42,28.79,83,8.9981,21,4,8,0,0,0,0,0,0,21,0,-3.3699999999999974,21.0986,0,0
3,0,1,1,24.6,27.275,88,8.9981,22,4,8,0,0,0,0,0,0,22,0,-2.674999999999997,21.648000000000003,0,0
3,0,1,2,24.6,27.275,88,6.0032,23,4,8,0,0,0,0,0,0,23,0,-2.674999999999997,21.648000000000003,0,0
3,0,1,1,24.6,28.79,78,7.0015,0,3,9,0,0,0,0,0,1,0,0,-4.189999999999998,19.188000000000002,0,0
3,0,1,1,24.6,29.545,73,6.0032,1,3,9,0,0,0,0,0,1,1,0,-4.945,17.958000000000002,0,0
3,0,1,1,23.78,27.275,78,6.0032,2,3,9,0,0,0,0,0,1,2,0,-3.4949999999999974,18.5484,0,0
3,0,1,1,23.78,27.275,78,6.0032,3,3,9,0,0,0,0,0,1,3,0,-3.4949999999999974,18.5484,0,0
3,0,1,1,22.96,26.515,83,6.0032,4,3,9,0,0,0,0,0,1,4,0,-3.5549999999999997,19.0568,0,0
3,0,1,1,22.96,26.515,73,6.0032,5,3,9,0,0,0,0,0,1,5,0,-3.5549999999999997,16.760800000000003,0,0
3,0,1,1,24.6,28.79,78,0.0,6,3,9,0,0,0,0,0,0,6,0,-4.189999999999998,19.188000000000002,0,0
3,0,1,1,24.6,28.79,78,0.0,7,3,9,0,0,1,0,0,0,7,0,-4.189999999999998,19.188000000000002,0,0
3,0,1,1,25.42,29.545,73,8.9981,8,3,9,0,0,1,0,0,0,8,0,-4.125,18.5566,0,0
3,0,1,1,26.24,30.305,69,7.0015,9,3,9,0,0,1,0,0,0,9,0,-4.065000000000001,18.1056,0,0
3,0,1,1,27.88,31.82,61,8.9981,10,3,9,0,0,0,0,0,0,10,0,-3.9400000000000013,17.0068,0,0
3,0,1,1,29.52,33.335,51,8.9981,11,3,9,0,0,0,0,0,0,11,0,-3.8150000000000013,15.0552,0,0
3,0,1,2,29.52,33.335,51,8.9981,12,3,9,0,0,0,0,0,0,12,0,-3.8150000000000013,15.0552,0,0
3,0,1,2,29.52,33.335,48,6.0032,13,3,9,0,0,0,0,0,0,13,0,-3.8150000000000013,14.1696,0,0
3,0,1,3,29.52,33.335,54,16.9979,14,3,9,0,0,0,0,0,0,14,0,-3.8150000000000013,15.9408,0,1
3,0,1,1,29.52,33.335,51,8.9981,15,3,9,0,0,0,0,0,0,15,0,-3.8150000000000013,15.0552,0,0
3,0,1,1,30.34,33.335,51,12.998,16,3,9,0,0,0,0,0,0,16,0,-2.995000000000001,15.4734,0,0
3,0,1,1,29.52,33.335,54,16.9979,17,3,9,0,0,0,1,0,0,17,0,-3.8150000000000013,15.9408,0,0
3,0,1,1,29.52,33.335,54,15.0013,18,3,9,0,0,0,1,0,0,18,0,-3.8150000000000013,15.9408,0,0
3,0,1,1,28.7,32.575,58,11.0014,19,3,9,0,0,0,1,0,0,19,0,-3.8750000000000036,16.646,0,0
3,0,1,1,27.06,31.06,61,15.0013,20,3,9,0,0,0,0,0,0,20,0,-4.0,16.5066,0,0
3,0,1,2,27.06,31.06,57,12.998,21,3,9,0,0,0,0,0,0,21,0,-4.0,15.424199999999999,0,0
3,0,1,2,27.06,31.06,57,15.0013,22,3,9,0,0,0,0,0,0,22,0,-4.0,15.424199999999999,0,0
3,0,1,1,26.24,30.305,65,16.9979,23,3,9,0,0,0,0,0,0,23,0,-4.065000000000001,17.055999999999997,0,0
3,0,1,1,26.24,30.305,65,12.998,0,4,9,0,0,0,0,0,1,0,0,-4.065000000000001,17.055999999999997,0,0
3,0,1,3,25.42,29.545,73,7.0015,1,4,9,0,0,0,0,0,1,1,0,-4.125,18.5566,0,1
3,0,1,3,25.42,29.545,73,7.0015,2,4,9,0,0,0,0,0,1,2,0,-4.125,18.5566,0,1
3,0,1,2,24.6,28.03,83,11.0014,3,4,9,0,0,0,0,0,1,3,0,-3.4299999999999997,20.418000000000003,0,0
3,0,1,1,24.6,28.03,83,6.0032,4,4,9,0,0,0,0,0,1,4,0,-3.4299999999999997,20.418000000000003,0,0
3,0,1,2,24.6,28.03,83,8.9981,5,4,9,0,0,0,0,0,1,5,0,-3.4299999999999997,20.418000000000003,0,0
3,0,1,1,24.6,28.03,83,8.9981,6,4,9,0,0,0,0,0,0,6,0,-3.4299999999999997,20.418000000000003,0,0
3,0,1,1,24.6,28.03,83,7.0015,7,4,9,0,0,1,0,0,0,7,0,-3.4299999999999997,20.418000000000003,0,0
3,0,1,1,25.42,29.545,78,12.998,8,4,9,0,0,1,0,0,0,8,0,-4.125,19.827600000000004,0,0
3,0,1,2,25.42,28.79,83,7.0015,9,4,9,0,0,1,0,0,0,9,0,-3.3699999999999974,21.0986,0,0
3,0,1,2,26.24,30.305,76,11.0014,10,4,9,0,0,0,0,0,0,10,0,-4.065000000000001,19.9424,0,0
3,0,1,2,27.06,31.06,74,7.0015,11,4,9,0,0,0,0,0,0,11,0,-4.0,20.0244,0,0
3,0,1,2,27.06,31.06,69,15.0013,12,4,9,0,0,0,0,0,0,12,0,-4.0,18.6714,0,0
3,0,1,2,27.88,31.82,65,8.9981,13,4,9,0,0,0,0,0,0,13,0,-3.9400000000000013,18.122,0,0
3,0,1,2,28.7,32.575,61,7.0015,14,4,9,0,0,0,0,0,0,14,0,-3.8750000000000036,17.507,0,0
3,0,1,2,28.7,32.575,61,16.9979,15,4,9,0,0,0,0,0,0,15,0,-3.8750000000000036,17.507,0,0
3,0,1,2,28.7,32.575,61,8.9981,16,4,9,0,0,0,0,0,0,16,0,-3.8750000000000036,17.507,0,0
3,0,1,2,27.88,31.82,65,11.0014,17,4,9,0,0,0,1,0,0,17,0,-3.9400000000000013,18.122,0,0
3,0,1,2,27.88,31.82,65,12.998,18,4,9,0,0,0,1,0,0,18,0,-3.9400000000000013,18.122,0,0
3,0,1,1,27.06,31.06,69,8.9981,19,4,9,0,0,0,1,0,0,19,0,-4.0,18.6714,0,0
3,0,1,1,26.24,30.305,73,0.0,20,4,9,0,0,0,0,0,0,20,0,-4.065000000000001,19.1552,0,0
3,0,1,2,26.24,30.305,73,6.0032,21,4,9,0,0,0,0,0,0,21,0,-4.065000000000001,19.1552,0,0
3,0,1,2,26.24,30.305,73,11.0014,22,4,9,0,0,0,0,0,0,22,0,-4.065000000000001,19.1552,0,0
3,0,1,2,26.24,30.305,73,11.0014,23,4,9,0,0,0,0,0,0,23,0,-4.065000000000001,19.1552,0,0
3,0,0,2,26.24,30.305,73,7.0015,0,5,9,0,1,0,0,0,1,0,0,-4.065000000000001,19.1552,0,0
3,0,0,2,26.24,30.305,69,16.9979,1,5,9,0,1,0,0,0,1,0,1,-4.065000000000001,18.1056,0,0
3,0,0,2,26.24,30.305,69,15.0013,2,5,9,0,1,0,0,0,1,0,2,-4.065000000000001,18.1056,0,0
3,0,0,1,25.42,29.545,73,11.0014,3,5,9,0,1,0,0,0,1,0,3,-4.125,18.5566,0,0
3,0,0,1,25.42,29.545,73,11.0014,4,5,9,0,1,0,0,0,1,0,4,-4.125,18.5566,0,0
3,0,0,1,25.42,30.305,69,12.998,5,5,9,0,1,0,0,0,1,0,5,-4.884999999999998,17.5398,0,0
3,0,0,1,25.42,29.545,73,11.0014,6,5,9,0,1,0,0,0,0,0,6,-4.125,18.5566,0,0
3,0,0,1,25.42,29.545,73,12.998,7,5,9,0,1,0,0,0,0,0,7,-4.125,18.5566,0,0
3,0,0,1,26.24,30.305,69,11.0014,8,5,9,0,1,0,0,0,0,0,8,-4.065000000000001,18.1056,0,0
3,0,0,2,27.06,31.06,69,16.9979,9,5,9,0,1,0,0,0,0,0,9,-4.0,18.6714,0,0
3,0,0,3,27.06,31.06,65,16.9979,10,5,9,0,1,0,0,0,0,0,10,-4.0,17.589,0,1
3,0,0,3,27.06,31.06,69,19.0012,11,5,9,0,1,0,0,1,0,0,11,-4.0,18.6714,0,1
3,0,0,1,28.7,32.575,61,15.0013,12,5,9,0,1,0,0,1,0,0,12,-3.8750000000000036,17.507,0,0
3,0,0,1,28.7,32.575,65,15.0013,13,5,9,0,1,0,0,1,0,0,13,-3.8750000000000036,18.655,0,0
3,0,0,2,29.52,34.09,66,11.0014,14,5,9,0,1,0,0,1,0,0,14,-4.570000000000004,19.4832,0,0
3,0,0,1,29.52,34.09,70,11.0014,15,5,9,0,1,0,0,1,0,0,15,-4.570000000000004,20.664,0,0
3,0,0,1,29.52,34.09,70,12.998,16,5,9,0,1,0,0,1,0,0,16,-4.570000000000004,20.664,0,0
3,0,0,1,29.52,34.09,70,15.0013,17,5,9,0,1,0,0,0,0,0,17,-4.570000000000004,20.664,0,0
3,0,0,1,29.52,34.09,70,11.0014,18,5,9,0,1,0,0,0,0,0,18,-4.570000000000004,20.664,0,0
3,0,0,1,28.7,33.335,74,8.9981,19,5,9,0,1,0,0,0,0,0,19,-4.635000000000002,21.237999999999996,0,0
3,0,0,1,28.7,33.335,79,11.0014,20,5,9,0,1,0,0,0,0,0,20,-4.635000000000002,22.673,0,0
3,0,0,1,27.88,31.82,83,8.9981,21,5,9,0,1,0,0,0,0,0,21,-3.9400000000000013,23.1404,0,0
3,0,0,1,27.88,31.82,83,7.0015,22,5,9,0,1,0,0,0,0,0,22,-3.9400000000000013,23.1404,0,0
3,0,0,1,27.06,31.06,85,8.9981,23,5,9,0,1,0,0,0,0,0,23,-4.0,23.000999999999998,0,0
3,0,0,1,27.06,29.545,89,12.998,0,6,9,0,1,0,0,0,1,0,0,-2.485000000000003,24.083399999999997,0,0
3,0,0,1,27.06,30.305,83,8.9981,1,6,9,0,1,0,0,0,1,0,1,-3.245000000000001,22.4598,0,0
3,0,0,1,27.06,30.305,83,12.998,2,6,9,0,1,0,0,0,1,0,2,-3.245000000000001,22.4598,0,0
3,0,0,1,26.24,28.79,89,12.998,3,6,9,0,1,0,0,0,1,0,3,-2.5500000000000007,23.353599999999997,0,0
3,0,0,1,26.24,28.79,83,11.0014,4,6,9,0,1,0,0,0,1,0,4,-2.5500000000000007,21.7792,0,0
3,0,0,1,26.24,28.79,83,8.9981,5,6,9,0,1,0,0,0,1,0,5,-2.5500000000000007,21.7792,0,0
3,0,0,1,26.24,28.79,84,15.0013,6,6,9,0,1,0,0,0,0,0,6,-2.5500000000000007,22.0416,0,0
3,0,0,1,27.06,30.305,78,12.998,7,6,9,0,1,0,0,0,0,0,7,-3.245000000000001,21.1068,0,0
3,0,0,1,27.06,30.305,78,11.0014,8,6,9,0,1,0,0,0,0,0,8,-3.245000000000001,21.1068,0,0
3,0,0,1,27.06,30.305,78,11.0014,9,6,9,0,1,0,0,0,0,0,9,-3.245000000000001,21.1068,0,0
3,0,0,1,28.7,33.335,74,8.9981,10,6,9,0,1,0,0,0,0,0,10,-4.635000000000002,21.237999999999996,0,0
3,0,0,1,30.34,34.85,70,11.0014,11,6,9,0,1,0,0,1,0,0,11,-4.510000000000002,21.238000000000003,0,0
3,0,0,1,31.16,36.365,66,11.0014,12,6,9,0,1,0,0,1,0,0,12,-5.205000000000002,20.5656,0,0
3,0,0,2,31.98,37.12,62,19.0012,13,6,9,0,1,0,0,1,0,0,13,-5.139999999999997,19.8276,0,0
3,0,0,1,31.98,37.88,66,22.0028,14,6,9,0,1,0,0,1,0,0,14,-5.900000000000002,21.1068,0,0
3,0,0,1,31.98,37.88,66,19.0012,15,6,9,0,1,0,0,1,0,0,15,-5.900000000000002,21.1068,0,0
3,0,0,1,32.8,38.635,59,15.0013,16,6,9,0,1,0,0,1,0,0,16,-5.835000000000001,19.351999999999997,0,0
3,0,0,1,31.16,36.365,66,15.0013,17,6,9,0,1,0,0,0,0,0,17,-5.205000000000002,20.5656,0,0
3,0,0,1,31.16,36.365,66,12.998,18,6,9,0,1,0,0,0,0,0,18,-5.205000000000002,20.5656,0,0
3,0,0,1,30.34,34.85,70,12.998,19,6,9,0,1,0,0,0,0,0,19,-4.510000000000002,21.238000000000003,0,0
3,0,0,1,30.34,34.85,70,19.9995,20,6,9,0,1,0,0,0,0,0,20,-4.510000000000002,21.238000000000003,0,0
3,0,0,1,29.52,34.85,74,16.9979,21,6,9,0,1,0,0,0,0,0,21,-5.330000000000002,21.8448,0,0
3,0,0,2,29.52,34.85,74,19.0012,22,6,9,0,1,0,0,0,0,0,22,-5.330000000000002,21.8448,0,0
3,0,0,2,29.52,34.09,70,11.0014,23,6,9,0,1,0,0,0,0,0,23,-4.570000000000004,20.664,0,0
3,1,0,2,28.7,33.335,74,15.0013,0,0,9,0,0,0,0,0,1,0,0,-4.635000000000002,21.237999999999996,0,0
3,1,0,2,27.88,31.82,79,7.0015,1,0,9,0,0,0,0,0,1,0,0,-3.9400000000000013,22.025199999999998,0,0
3,1,0,2,27.88,31.82,79,11.0014,2,0,9,0,0,0,0,0,1,0,0,-3.9400000000000013,22.025199999999998,0,0
3,1,0,2,27.88,31.82,74,19.9995,3,0,9,0,0,0,0,0,1,0,0,-3.9400000000000013,20.6312,0,0
3,1,0,2,27.88,31.82,69,19.0012,4,0,9,0,0,0,0,0,1,0,0,-3.9400000000000013,19.2372,0,0
3,1,0,2,27.06,31.06,74,11.0014,5,0,9,0,0,0,0,0,1,0,0,-4.0,20.0244,0,0
3,1,0,2,27.06,31.06,74,8.9981,6,0,9,0,0,0,0,0,0,0,0,-4.0,20.0244,0,0
3,1,0,1,27.06,31.06,74,11.0014,7,0,9,0,0,0,0,0,0,0,0,-4.0,20.0244,0,0
3,1,0,2,27.06,30.305,78,12.998,8,0,9,0,0,0,0,0,0,0,0,-3.245000000000001,21.1068,0,0
3,1,0,3,27.88,31.82,74,11.0014,9,0,9,0,0,0,0,0,0,0,0,-3.9400000000000013,20.6312,0,1
3,1,0,2,28.7,32.575,70,11.0014,10,0,9,0,0,0,0,0,0,0,0,-3.8750000000000036,20.09,0,0
3,1,0,2,28.7,33.335,74,11.0014,11,0,9,0,0,0,0,0,0,0,0,-4.635000000000002,21.237999999999996,0,0
3,1,0,2,29.52,34.09,70,12.998,12,0,9,0,0,0,0,0,0,0,0,-4.570000000000004,20.664,0,0
3,1,0,2,30.34,34.85,70,8.9981,13,0,9,0,0,0,0,0,0,0,0,-4.510000000000002,21.238000000000003,0,0
3,1,0,1,30.34,34.85,70,11.0014,14,0,9,0,0,0,0,0,0,0,0,-4.510000000000002,21.238000000000003,0,0
3,1,0,2,27.88,31.82,79,19.0012,15,0,9,0,0,0,0,0,0,0,0,-3.9400000000000013,22.025199999999998,0,0
3,1,0,2,27.88,31.82,79,19.0012,16,0,9,0,0,0,0,0,0,0,0,-3.9400000000000013,22.025199999999998,0,0
3,1,0,2,27.06,29.545,89,7.0015,17,0,9,0,0,0,0,0,0,0,0,-2.485000000000003,24.083399999999997,0,0
3,1,0,1,27.06,29.545,89,6.0032,18,0,9,0,0,0,0,0,0,0,0,-2.485000000000003,24.083399999999997,0,0
3,1,0,3,27.06,29.545,94,7.0015,19,0,9,0,0,0,0,0,0,0,0,-2.485000000000003,25.4364,0,1
3,1,0,3,27.06,29.545,94,16.9979,20,0,9,0,0,0,0,0,0,0,0,-2.485000000000003,25.4364,0,1
3,1,0,2,27.06,29.545,94,19.9995,21,0,9,0,0,0,0,0,0,0,0,-2.485000000000003,25.4364,0,0
3,1,0,2,24.6,27.275,88,39.0007,22,0,9,0,0,0,0,0,0,0,0,-2.674999999999997,21.648000000000003,0,0
3,1,0,3,22.96,26.515,88,26.0027,23,0,9,0,0,0,0,0,0,0,0,-3.5549999999999997,20.2048,0,1
3,0,1,3,22.14,25.76,94,23.9994,0,1,9,0,0,0,0,0,1,0,0,-3.620000000000001,20.8116,0,1
3,0,1,3,22.14,25.76,94,16.9979,2,1,9,0,0,0,0,0,1,2,0,-3.620000000000001,20.8116,0,1
3,0,1,3,22.14,25.76,94,19.9995,3,1,9,0,0,0,0,0,1,3,0,-3.620000000000001,20.8116,0,1
3,0,1,2,22.14,25.76,94,19.9995,4,1,9,0,0,0,0,0,1,4,0,-3.620000000000001,20.8116,0,0
3,0,1,3,22.14,25.76,88,23.9994,5,1,9,0,0,0,0,0,1,5,0,-3.620000000000001,19.4832,0,1
3,0,1,2,22.14,25.76,88,22.0028,6,1,9,0,0,0,0,0,0,6,0,-3.620000000000001,19.4832,0,0
3,0,1,2,22.14,25.76,83,23.9994,7,1,9,0,0,1,0,0,0,7,0,-3.620000000000001,18.3762,0,0
3,0,1,3,22.14,25.76,83,26.0027,8,1,9,0,0,1,0,0,0,8,0,-3.620000000000001,18.3762,0,1
3,0,1,2,22.14,25.76,81,27.9993,9,1,9,0,0,1,0,0,0,9,0,-3.620000000000001,17.933400000000002,0,0
3,0,1,3,22.14,25.76,83,23.9994,10,1,9,0,0,0,0,0,0,10,0,-3.620000000000001,18.3762,0,1
3,0,1,3,22.14,25.76,83,26.0027,11,1,9,0,0,0,0,0,0,11,0,-3.620000000000001,18.3762,0,1
3,0,1,3,22.14,25.76,83,26.0027,12,1,9,0,0,0,0,0,0,12,0,-3.620000000000001,18.3762,0,1
3,0,1,3,22.14,25.76,88,19.9995,13,1,9,0,0,0,0,0,0,13,0,-3.620000000000001,19.4832,0,1
3,0,1,3,22.14,25.76,88,19.0012,14,1,9,0,0,0,0,0,0,14,0,-3.620000000000001,19.4832,0,1
3,0,1,3,22.14,25.76,94,26.0027,15,1,9,0,0,0,0,0,0,15,0,-3.620000000000001,20.8116,0,1
3,0,1,3,22.14,25.76,94,26.0027,16,1,9,0,0,0,0,0,0,16,0,-3.620000000000001,20.8116,0,1
3,0,1,2,22.14,25.76,88,26.0027,17,1,9,0,0,0,1,0,0,17,0,-3.620000000000001,19.4832,0,0
3,0,1,2,22.14,25.76,88,26.0027,18,1,9,0,0,0,1,0,0,18,0,-3.620000000000001,19.4832,0,0
3,0,1,2,22.14,25.76,88,27.9993,19,1,9,0,0,0,1,0,0,19,0,-3.620000000000001,19.4832,0,0
3,0,1,3,22.14,25.76,88,19.9995,20,1,9,0,0,0,0,0,0,20,0,-3.620000000000001,19.4832,0,1
3,0,1,3,22.14,25.76,88,19.0012,21,1,9,0,0,0,0,0,0,21,0,-3.620000000000001,19.4832,0,1
3,0,1,2,22.14,25.76,94,22.0028,22,1,9,0,0,0,0,0,0,22,0,-3.620000000000001,20.8116,0,0
3,0,1,3,22.14,25.76,94,16.9979,23,1,9,0,0,0,0,0,0,23,0,-3.620000000000001,20.8116,0,1
3,0,1,2,22.14,25.76,94,15.0013,0,2,9,0,0,0,0,0,1,0,0,-3.620000000000001,20.8116,0,0
3,0,1,3,22.14,25.76,94,16.9979,1,2,9,0,0,0,0,0,1,1,0,-3.620000000000001,20.8116,0,1
3,0,1,2,22.14,25.76,94,15.0013,2,2,9,0,0,0,0,0,1,2,0,-3.620000000000001,20.8116,0,0
3,0,1,3,22.96,26.515,94,8.9981,3,2,9,0,0,0,0,0,1,3,0,-3.5549999999999997,21.582400000000003,0,1
3,0,1,3,22.96,26.515,94,11.0014,4,2,9,0,0,0,0,0,1,4,0,-3.5549999999999997,21.582400000000003,0,1
3,0,1,2,22.96,26.515,100,8.9981,5,2,9,0,0,0,0,0,1,5,0,-3.5549999999999997,22.96,0,0
3,0,1,3,24.6,27.275,88,7.0015,6,2,9,0,0,0,0,0,0,6,0,-2.674999999999997,21.648000000000003,0,1
3,0,1,3,24.6,27.275,88,6.0032,7,2,9,0,0,1,0,0,0,7,0,-2.674999999999997,21.648000000000003,0,1
3,0,1,3,25.42,27.275,94,6.0032,8,2,9,0,0,1,0,0,0,8,0,-1.8549999999999969,23.8948,0,1
3,0,1,3,24.6,27.275,88,8.9981,9,2,9,0,0,1,0,0,0,9,0,-2.674999999999997,21.648000000000003,0,1
3,0,1,3,24.6,27.275,88,8.9981,10,2,9,0,0,0,0,0,0,10,0,-2.674999999999997,21.648000000000003,0,1
3,0,1,3,24.6,25.76,94,0.0,11,2,9,0,0,0,0,0,0,11,0,-1.1600000000000001,23.124000000000002,0,1
3,0,1,3,22.96,26.515,94,0.0,12,2,9,0,0,0,0,0,0,12,0,-3.5549999999999997,21.582400000000003,0,1
3,0,1,3,24.6,27.275,88,0.0,13,2,9,0,0,0,0,0,0,13,0,-2.674999999999997,21.648000000000003,0,1
3,0,1,3,24.6,25.76,93,0.0,14,2,9,0,0,0,0,0,0,14,0,-1.1600000000000001,22.878,0,1
3,0,1,3,25.42,27.275,94,7.0015,15,2,9,0,0,0,0,0,0,15,0,-1.8549999999999969,23.8948,0,1
3,0,1,1,26.24,28.79,89,0.0,16,2,9,0,0,0,0,0,0,16,0,-2.5500000000000007,23.353599999999997,0,0
3,0,1,3,26.24,28.79,89,0.0,17,2,9,0,0,0,1,0,0,17,0,-2.5500000000000007,23.353599999999997,0,1
3,0,1,3,26.24,28.79,89,0.0,18,2,9,0,0,0,1,0,0,18,0,-2.5500000000000007,23.353599999999997,0,1
3,0,1,2,26.24,28.79,89,0.0,19,2,9,0,0,0,1,0,0,19,0,-2.5500000000000007,23.353599999999997,0,0
3,0,1,3,26.24,28.79,89,6.0032,20,2,9,0,0,0,0,0,0,20,0,-2.5500000000000007,23.353599999999997,0,1
3,0,1,3,26.24,28.79,89,6.0032,21,2,9,0,0,0,0,0,0,21,0,-2.5500000000000007,23.353599999999997,0,1
3,0,1,3,25.42,27.275,94,11.0014,22,2,9,0,0,0,0,0,0,22,0,-1.8549999999999969,23.8948,0,1
3,0,1,3,25.42,27.275,94,12.998,23,2,9,0,0,0,0,0,0,23,0,-1.8549999999999969,23.8948,0,1
3,0,1,3,24.6,25.0,100,12.998,0,3,9,0,0,0,0,0,1,0,0,-0.3999999999999986,24.6,0,1
3,0,1,3,25.42,27.275,94,7.0015,1,3,9,0,0,0,0,0,1,1,0,-1.8549999999999969,23.8948,0,1
3,0,1,3,25.42,27.275,94,0.0,3,3,9,0,0,0,0,0,1,3,0,-1.8549999999999969,23.8948,0,1
3,0,1,2,25.42,27.275,94,6.0032,4,3,9,0,0,0,0,0,1,4,0,-1.8549999999999969,23.8948,0,0
3,0,1,3,25.42,27.275,94,6.0032,5,3,9,0,0,0,0,0,1,5,0,-1.8549999999999969,23.8948,0,1
3,0,1,3,25.42,27.275,94,11.0014,6,3,9,0,0,0,0,0,0,6,0,-1.8549999999999969,23.8948,0,1
3,0,1,3,25.42,27.275,94,7.0015,7,3,9,0,0,1,0,0,0,7,0,-1.8549999999999969,23.8948,0,1
3,0,1,3,25.42,27.275,94,8.9981,8,3,9,0,0,1,0,0,0,8,0,-1.8549999999999969,23.8948,0,1
3,0,1,2,25.42,25.76,100,16.9979,9,3,9,0,0,1,0,0,0,9,0,-0.33999999999999986,25.42,0,0
3,0,1,2,26.24,28.03,94,7.0015,10,3,9,0,0,0,0,0,0,10,0,-1.7900000000000027,24.665599999999998,0,0
3,0,1,2,26.24,28.03,94,15.0013,11,3,9,0,0,0,0,0,0,11,0,-1.7900000000000027,24.665599999999998,0,0
3,0,1,2,27.06,29.545,94,15.0013,12,3,9,0,0,0,0,0,0,12,0,-2.485000000000003,25.4364,0,0
3,0,1,2,27.88,31.82,83,26.0027,13,3,9,0,0,0,0,0,0,13,0,-3.9400000000000013,23.1404,0,0
3,0,1,2,28.7,33.335,79,23.9994,14,3,9,0,0,0,0,0,0,14,0,-4.635000000000002,22.673,0,0
3,0,1,3,27.06,29.545,89,19.9995,15,3,9,0,0,0,0,0,0,15,0,-2.485000000000003,24.083399999999997,0,1
3,0,1,3,26.24,28.03,94,19.0012,16,3,9,0,0,0,0,0,0,16,0,-1.7900000000000027,24.665599999999998,0,1
3,0,1,3,26.24,28.03,94,19.0012,17,3,9,0,0,0,1,0,0,17,0,-1.7900000000000027,24.665599999999998,0,1
3,0,1,3,26.24,28.03,94,23.9994,18,3,9,0,0,0,1,0,0,18,0,-1.7900000000000027,24.665599999999998,0,1
3,0,1,3,25.42,25.76,100,22.0028,19,3,9,0,0,0,1,0,0,19,0,-0.33999999999999986,25.42,0,1
3,0,1,2,25.42,27.275,94,11.0014,20,3,9,0,0,0,0,0,0,20,0,-1.8549999999999969,23.8948,0,0
3,0,1,3,26.24,28.03,94,7.0015,21,3,9,0,0,0,0,0,0,21,0,-1.7900000000000027,24.665599999999998,0,1
3,0,1,3,25.42,25.76,100,6.0032,22,3,9,0,0,0,0,0,0,22,0,-0.33999999999999986,25.42,0,1
3,0,1,3,25.42,25.76,100,6.0032,23,3,9,0,0,0,0,0,0,23,0,-0.33999999999999986,25.42,0,1
3,0,1,3,26.24,28.03,94,12.998,0,4,9,0,0,0,0,0,1,0,0,-1.7900000000000027,24.665599999999998,0,1
3,0,1,2,25.42,25.76,100,11.0014,1,4,9,0,0,0,0,0,1,1,0,-0.33999999999999986,25.42,0,0
3,0,1,2,25.42,25.76,100,16.9979,2,4,9,0,0,0,0,0,1,2,0,-0.33999999999999986,25.42,0,0
3,0,1,2,25.42,27.275,94,16.9979,3,4,9,0,0,0,0,0,1,3,0,-1.8549999999999969,23.8948,0,0
3,0,1,3,25.42,27.275,94,11.0014,4,4,9,0,0,0,0,0,1,4,0,-1.8549999999999969,23.8948,0,1
3,0,1,2,25.42,27.275,94,8.9981,5,4,9,0,0,0,0,0,1,5,0,-1.8549999999999969,23.8948,0,0
3,0,1,2,25.42,25.76,100,8.9981,6,4,9,0,0,0,0,0,0,6,0,-0.33999999999999986,25.42,0,0
3,0,1,3,25.42,25.76,100,16.9979,7,4,9,0,0,1,0,0,0,7,0,-0.33999999999999986,25.42,0,1
3,0,1,3,25.42,27.275,94,11.0014,8,4,9,0,0,1,0,0,0,8,0,-1.8549999999999969,23.8948,0,1
3,0,1,3,25.42,27.275,94,11.0014,9,4,9,0,0,1,0,0,0,9,0,-1.8549999999999969,23.8948,0,1
3,0,1,2,25.42,25.76,100,0.0,10,4,9,0,0,0,0,0,0,10,0,-0.33999999999999986,25.42,0,0
3,0,1,2,25.42,27.275,94,0.0,11,4,9,0,0,0,0,0,0,11,0,-1.8549999999999969,23.8948,0,0
3,0,1,1,26.24,28.03,94,0.0,12,4,9,0,0,0,0,0,0,12,0,-1.7900000000000027,24.665599999999998,0,0
3,0,1,1,28.7,33.335,79,6.0032,13,4,9,0,0,0,0,0,0,13,0,-4.635000000000002,22.673,0,0
3,0,1,1,29.52,34.85,74,6.0032,14,4,9,0,0,0,0,0,0,14,0,-5.330000000000002,21.8448,0,0
3,0,1,1,30.34,34.85,66,0.0,15,4,9,0,0,0,0,0,0,15,0,-4.510000000000002,20.0244,0,0
3,0,1,1,30.34,34.85,66,8.9981,16,4,9,0,0,0,0,0,0,16,0,-4.510000000000002,20.0244,0,0
3,0,1,1,28.7,33.335,79,16.9979,17,4,9,0,0,0,1,0,0,17,0,-4.635000000000002,22.673,0,0
3,0,1,1,28.7,33.335,79,12.998,18,4,9,0,0,0,1,0,0,18,0,-4.635000000000002,22.673,0,0
3,0,1,1,27.06,29.545,89,11.0014,19,4,9,0,0,0,1,0,0,19,0,-2.485000000000003,24.083399999999997,0,0
3,0,1,1,26.24,28.03,94,6.0032,20,4,9,0,0,0,0,0,0,20,0,-1.7900000000000027,24.665599999999998,0,0
3,0,1,1,27.06,29.545,89,0.0,21,4,9,0,0,0,0,0,0,21,0,-2.485000000000003,24.083399999999997,0,0
3,0,1,1,25.42,27.275,94,0.0,22,4,9,0,0,0,0,0,0,22,0,-1.8549999999999969,23.8948,0,0
3,0,1,1,25.42,27.275,94,6.0032,23,4,9,0,0,0,0,0,0,23,0,-1.8549999999999969,23.8948,0,0
3,0,0,1,25.42,27.275,94,0.0,0,5,9,0,1,0,0,0,1,0,0,-1.8549999999999969,23.8948,0,0
3,0,0,2,25.42,27.275,94,0.0,1,5,9,0,1,0,0,0,1,0,1,-1.8549999999999969,23.8948,0,0
3,0,0,2,24.6,25.0,97,7.0015,2,5,9,0,1,0,0,0,1,0,2,-0.3999999999999986,23.862000000000002,0,0
3,0,0,1,23.78,27.275,100,8.9981,3,5,9,0,1,0,0,0,1,0,3,-3.4949999999999974,23.78,0,0
3,0,0,1,23.78,27.275,94,6.0032,4,5,9,0,1,0,0,0,1,0,4,-3.4949999999999974,22.3532,0,0
3,0,0,1,23.78,27.275,94,8.9981,5,5,9,0,1,0,0,0,1,0,5,-3.4949999999999974,22.3532,0,0
3,0,0,1,23.78,27.275,94,11.0014,6,5,9,0,1,0,0,0,0,0,6,-3.4949999999999974,22.3532,0,0
3,0,0,1,24.6,27.275,88,8.9981,7,5,9,0,1,0,0,0,0,0,7,-2.674999999999997,21.648000000000003,0,0
3,0,0,1,25.42,28.79,83,11.0014,8,5,9,0,1,0,0,0,0,0,8,-3.3699999999999974,21.0986,0,0
3,0,0,1,26.24,29.545,78,19.9995,9,5,9,0,1,0,0,0,0,0,9,-3.3050000000000033,20.4672,0,0
3,0,0,1,28.7,32.575,65,16.9979,10,5,9,0,1,0,0,0,0,0,10,-3.8750000000000036,18.655,0,0
3,0,0,1,29.52,34.09,62,16.9979,11,5,9,0,1,0,0,1,0,0,11,-4.570000000000004,18.3024,0,0
3,0,0,1,29.52,34.09,62,15.0013,12,5,9,0,1,0,0,1,0,0,12,-4.570000000000004,18.3024,0,0
3,0,0,1,30.34,34.09,55,19.0012,13,5,9,0,1,0,0,1,0,0,13,-3.7500000000000036,16.687,0,0
3,0,0,1,30.34,34.09,55,19.0012,14,5,9,0,1,0,0,1,0,0,14,-3.7500000000000036,16.687,0,0
3,0,0,1,30.34,34.09,55,15.0013,15,5,9,0,1,0,0,1,0,0,15,-3.7500000000000036,16.687,0,0
3,0,0,1,30.34,34.09,55,12.998,16,5,9,0,1,0,0,1,0,0,16,-3.7500000000000036,16.687,0,0
3,0,0,1,30.34,34.09,55,15.0013,17,5,9,0,1,0,0,0,0,0,17,-3.7500000000000036,16.687,0,0
3,0,0,1,29.52,33.335,58,12.998,18,5,9,0,1,0,0,0,0,0,18,-3.8150000000000013,17.1216,0,0
3,0,0,1,28.7,32.575,58,8.9981,19,5,9,0,1,0,0,0,0,0,19,-3.8750000000000036,16.646,0,0
3,0,0,1,27.06,31.06,69,7.0015,20,5,9,0,1,0,0,0,0,0,20,-4.0,18.6714,0,0
3,0,0,1,26.24,29.545,78,6.0032,21,5,9,0,1,0,0,0,0,0,21,-3.3050000000000033,20.4672,0,0
3,0,0,1,26.24,29.545,78,0.0,22,5,9,0,1,0,0,0,0,0,22,-3.3050000000000033,20.4672,0,0
3,0,0,2,25.42,28.03,88,0.0,23,5,9,0,1,0,0,0,0,0,23,-2.6099999999999994,22.369600000000002,0,0
3,0,0,1,25.42,28.03,88,0.0,0,6,9,0,1,0,0,0,1,0,0,-2.6099999999999994,22.369600000000002,0,0
3,0,0,2,25.42,28.03,88,0.0,1,6,9,0,1,0,0,0,1,0,1,-2.6099999999999994,22.369600000000002,0,0
3,0,0,2,25.42,29.545,78,12.998,2,6,9,0,1,0,0,0,1,0,2,-4.125,19.827600000000004,0,0
3,0,0,2,25.42,29.545,78,6.0032,3,6,9,0,1,0,0,0,1,0,3,-4.125,19.827600000000004,0,0
3,0,0,1,24.6,28.03,83,8.9981,4,6,9,0,1,0,0,0,1,0,4,-3.4299999999999997,20.418000000000003,0,0
3,0,0,1,24.6,28.03,83,8.9981,5,6,9,0,1,0,0,0,1,0,5,-3.4299999999999997,20.418000000000003,0,0
3,0,0,1,23.78,27.275,88,7.0015,6,6,9,0,1,0,0,0,0,0,6,-3.4949999999999974,20.926400000000005,0,0
3,0,0,1,24.6,27.275,88,0.0,7,6,9,0,1,0,0,0,0,0,7,-2.674999999999997,21.648000000000003,0,0
3,0,0,1,26.24,29.545,78,0.0,8,6,9,0,1,0,0,0,0,0,8,-3.3050000000000033,20.4672,0,0
3,0,0,1,27.06,31.06,74,0.0,9,6,9,0,1,0,0,0,0,0,9,-4.0,20.0244,0,0
3,0,0,1,28.7,32.575,65,0.0,10,6,9,0,1,0,0,0,0,0,10,-3.8750000000000036,18.655,0,0
3,0,0,1,28.7,32.575,65,0.0,11,6,9,0,1,0,0,1,0,0,11,-3.8750000000000036,18.655,0,0
3,0,0,1,28.7,32.575,65,0.0,12,6,9,0,1,0,0,1,0,0,12,-3.8750000000000036,18.655,0,0
3,0,0,1,30.34,34.09,58,7.0015,13,6,9,0,1,0,0,1,0,0,13,-3.7500000000000036,17.5972,0,0
3,0,0,1,29.52,33.335,58,19.0012,14,6,9,0,1,0,0,1,0,0,14,-3.8150000000000013,17.1216,0,0
3,0,0,1,30.34,33.335,51,19.9995,15,6,9,0,1,0,0,1,0,0,15,-2.995000000000001,15.4734,0,0
3,0,0,1,29.52,33.335,51,19.9995,16,6,9,0,1,0,0,1,0,0,16,-3.8150000000000013,15.0552,0,0
3,0,0,1,29.52,33.335,51,8.9981,17,6,9,0,1,0,0,0,0,0,17,-3.8150000000000013,15.0552,0,0
3,0,0,1,27.88,31.82,65,19.9995,18,6,9,0,1,0,0,0,0,0,18,-3.9400000000000013,18.122,0,0
3,0,0,1,26.24,30.305,69,7.0015,19,6,9,0,1,0,0,0,0,0,19,-4.065000000000001,18.1056,0,0
3,0,0,1,25.42,29.545,73,7.0015,20,6,9,0,1,0,0,0,0,0,20,-4.125,18.5566,0,0
3,0,0,1,26.24,30.305,69,0.0,21,6,9,0,1,0,0,0,0,0,21,-4.065000000000001,18.1056,0,0
3,0,0,1,25.42,30.305,69,26.0027,22,6,9,0,1,0,0,0,0,0,22,-4.884999999999998,17.5398,0,0
3,0,0,3,23.78,27.275,78,6.0032,23,6,9,0,1,0,0,0,0,0,23,-3.4949999999999974,18.5484,0,1
3,0,1,1,22.96,26.515,88,6.0032,0,0,9,0,0,0,0,0,1,0,0,-3.5549999999999997,20.2048,0,0
3,0,1,1,22.96,26.515,88,0.0,1,0,9,0,0,0,0,0,1,1,0,-3.5549999999999997,20.2048,0,0
3,0,1,1,22.96,26.515,88,0.0,2,0,9,0,0,0,0,0,1,2,0,-3.5549999999999997,20.2048,0,0
3,0,1,1,22.14,25.76,94,7.0015,4,0,9,0,0,0,0,0,1,4,0,-3.620000000000001,20.8116,0,0
3,0,1,1,22.96,26.515,83,0.0,5,0,9,0,0,0,0,0,1,5,0,-3.5549999999999997,19.0568,0,0
3,0,1,1,22.96,26.515,83,0.0,6,0,9,0,0,0,0,0,0,6,0,-3.5549999999999997,19.0568,0,0
3,0,1,1,23.78,27.275,83,0.0,7,0,9,0,0,1,0,0,0,7,0,-3.4949999999999974,19.7374,0,0
3,0,1,1,24.6,28.79,78,6.0032,8,0,9,0,0,1,0,0,0,8,0,-4.189999999999998,19.188000000000002,0,0
3,0,1,1,26.24,30.305,69,0.0,9,0,9,0,0,1,0,0,0,9,0,-4.065000000000001,18.1056,0,0
3,0,1,1,27.88,31.82,62,11.0014,10,0,9,0,0,0,0,0,0,10,0,-3.9400000000000013,17.2856,0,0
3,0,1,1,28.7,32.575,58,12.998,11,0,9,0,0,0,0,0,0,11,0,-3.8750000000000036,16.646,0,0
3,0,1,1,29.52,33.335,51,12.998,12,0,9,0,0,0,0,0,0,12,0,-3.8150000000000013,15.0552,0,0
3,0,1,1,29.52,33.335,54,7.0015,13,0,9,0,0,0,0,0,0,13,0,-3.8150000000000013,15.9408,0,0
3,0,1,1,30.34,33.335,51,11.0014,14,0,9,0,0,0,0,0,0,14,0,-2.995000000000001,15.4734,0,0
3,0,1,1,30.34,33.335,48,6.0032,15,0,9,0,0,0,0,0,0,15,0,-2.995000000000001,14.5632,0,0
3,0,1,1,29.52,33.335,48,0.0,16,0,9,0,0,0,0,0,0,16,0,-3.8150000000000013,14.1696,0,0
3,0,1,1,29.52,33.335,51,11.0014,17,0,9,0,0,0,1,0,0,17,0,-3.8150000000000013,15.0552,0,0
3,0,1,1,28.7,32.575,54,12.998,18,0,9,0,0,0,1,0,0,18,0,-3.8750000000000036,15.498,0,0
3,0,1,1,27.88,31.82,57,8.9981,19,0,9,0,0,0,1,0,0,19,0,-3.9400000000000013,15.891599999999999,0,0
3,0,1,1,27.06,31.06,65,0.0,20,0,9,0,0,0,0,0,0,20,0,-4.0,17.589,0,0
3,0,1,1,26.24,30.305,73,6.0032,21,0,9,0,0,0,0,0,0,21,0,-4.065000000000001,19.1552,0,0
3,0,1,1,25.42,28.79,83,11.0014,22,0,9,0,0,0,0,0,0,22,0,-3.3699999999999974,21.0986,0,0
3,0,1,1,25.42,28.79,83,7.0015,23,0,9,0,0,0,0,0,0,23,0,-3.3699999999999974,21.0986,0,0
3,0,1,1,24.6,27.275,88,7.0015,0,1,9,0,0,0,0,0,1,0,0,-2.674999999999997,21.648000000000003,0,0
3,0,1,1,23.78,27.275,83,7.0015,1,1,9,0,0,0,0,0,1,1,0,-3.4949999999999974,19.7374,0,0
3,0,1,1,24.6,28.79,78,0.0,2,1,9,0,0,0,0,0,1,2,0,-4.189999999999998,19.188000000000002,0,0
3,0,1,1,23.78,27.275,83,0.0,3,1,9,0,0,0,0,0,1,3,0,-3.4949999999999974,19.7374,0,0
3,0,1,1,22.96,26.515,88,0.0,4,1,9,0,0,0,0,0,1,4,0,-3.5549999999999997,20.2048,0,0
3,0,1,1,22.96,26.515,88,0.0,5,1,9,0,0,0,0,0,1,5,0,-3.5549999999999997,20.2048,0,0
3,0,1,1,22.96,26.515,88,7.0015,6,1,9,0,0,0,0,0,0,6,0,-3.5549999999999997,20.2048,0,0
3,0,1,1,23.78,27.275,83,6.0032,7,1,9,0,0,1,0,0,0,7,0,-3.4949999999999974,19.7374,0,0
3,0,1,1,24.6,28.03,81,7.0015,8,1,9,0,0,1,0,0,0,8,0,-3.4299999999999997,19.926000000000002,0,0
3,0,1,1,26.24,30.305,69,6.0032,9,1,9,0,0,1,0,0,0,9,0,-4.065000000000001,18.1056,0,0
3,0,1,1,27.88,31.82,69,8.9981,10,1,9,0,0,0,0,0,0,10,0,-3.9400000000000013,19.2372,0,0
3,0,1,1,28.7,32.575,61,11.0014,11,1,9,0,0,0,0,0,0,11,0,-3.8750000000000036,17.507,0,0
3,0,1,1,29.52,33.335,58,15.0013,12,1,9,0,0,0,0,0,0,12,0,-3.8150000000000013,17.1216,0,0
3,0,1,1,30.34,33.335,51,19.0012,13,1,9,0,0,0,0,0,0,13,0,-2.995000000000001,15.4734,0,0
3,0,1,1,30.34,33.335,51,22.0028,14,1,9,0,0,0,0,0,0,14,0,-2.995000000000001,15.4734,0,0
3,0,1,1,30.34,33.335,51,19.9995,15,1,9,0,0,0,0,0,0,15,0,-2.995000000000001,15.4734,0,0
3,0,1,1,30.34,33.335,51,15.0013,16,1,9,0,0,0,0,0,0,16,0,-2.995000000000001,15.4734,0,0
3,0,1,1,30.34,33.335,51,15.0013,17,1,9,0,0,0,1,0,0,17,0,-2.995000000000001,15.4734,0,0
3,0,1,1,28.7,32.575,61,11.0014,18,1,9,0,0,0,1,0,0,18,0,-3.8750000000000036,17.507,0,0
3,0,1,1,27.88,31.82,69,11.0014,19,1,9,0,0,0,1,0,0,19,0,-3.9400000000000013,19.2372,0,0
3,0,1,1,27.06,31.06,74,12.998,20,1,9,0,0,0,0,0,0,20,0,-4.0,20.0244,0,0
3,0,1,1,26.24,29.545,78,11.0014,21,1,9,0,0,0,0,0,0,21,0,-3.3050000000000033,20.4672,0,0
3,0,1,1,26.24,29.545,78,8.9981,22,1,9,0,0,0,0,0,0,22,0,-3.3050000000000033,20.4672,0,0
3,0,1,1,26.24,29.545,78,7.0015,23,1,9,0,0,0,0,0,0,23,0,-3.3050000000000033,20.4672,0,0
3,0,1,1,25.42,29.545,78,6.0032,0,2,9,0,0,0,0,0,1,0,0,-4.125,19.827600000000004,0,0
3,0,1,1,25.42,29.545,78,6.0032,1,2,9,0,0,0,0,0,1,1,0,-4.125,19.827600000000004,0,0
3,0,1,1,24.6,28.03,83,0.0,2,2,9,0,0,0,0,0,1,2,0,-3.4299999999999997,20.418000000000003,0,0
3,0,1,1,24.6,27.275,88,8.9981,3,2,9,0,0,0,0,0,1,3,0,-2.674999999999997,21.648000000000003,0,0
3,0,1,1,24.6,28.03,83,6.0032,4,2,9,0,0,0,0,0,1,4,0,-3.4299999999999997,20.418000000000003,0,0
3,0,1,1,23.78,27.275,88,7.0015,5,2,9,0,0,0,0,0,1,5,0,-3.4949999999999974,20.926400000000005,0,0
3,0,1,1,23.78,27.275,88,7.0015,6,2,9,0,0,0,0,0,0,6,0,-3.4949999999999974,20.926400000000005,0,0
3,0,1,1,24.6,28.03,83,7.0015,7,2,9,0,0,1,0,0,0,7,0,-3.4299999999999997,20.418000000000003,0,0
3,0,1,1,25.42,28.79,83,11.0014,8,2,9,0,0,1,0,0,0,8,0,-3.3699999999999974,21.0986,0,0
3,0,1,1,26.24,29.545,78,11.0014,9,2,9,0,0,1,0,0,0,9,0,-3.3050000000000033,20.4672,0,0
3,0,1,1,28.7,32.575,70,8.9981,10,2,9,0,0,0,0,0,0,10,0,-3.8750000000000036,20.09,0,0
3,0,1,1,29.52,34.09,66,11.0014,11,2,9,0,0,0,0,0,0,11,0,-4.570000000000004,19.4832,0,0
3,0,1,1,30.34,34.09,58,15.0013,12,2,9,0,0,0,0,0,0,12,0,-3.7500000000000036,17.5972,0,0
3,0,1,1,31.16,34.85,55,16.9979,13,2,9,0,0,0,0,0,0,13,0,-3.6900000000000013,17.137999999999998,0,0
3,0,1,1,31.98,35.605,52,15.0013,14,2,9,0,0,0,0,0,0,14,0,-3.6249999999999964,16.6296,0,0
3,0,1,1,31.98,35.605,49,16.9979,15,2,9,0,0,0,0,0,0,15,0,-3.6249999999999964,15.6702,0,0
3,0,1,1,31.16,34.85,52,19.0012,16,2,9,0,0,0,0,0,0,16,0,-3.6900000000000013,16.2032,0,0
3,0,1,1,31.16,34.85,52,19.0012,17,2,9,0,0,0,1,0,0,17,0,-3.6900000000000013,16.2032,0,0
3,0,1,1,29.52,34.09,62,11.0014,18,2,9,0,0,0,1,0,0,18,0,-4.570000000000004,18.3024,0,0
3,0,1,2,28.7,32.575,70,7.0015,19,2,9,0,0,0,1,0,0,19,0,-3.8750000000000036,20.09,0,0
3,0,1,2,29.52,33.335,58,27.9993,20,2,9,0,0,0,0,0,0,20,0,-3.8150000000000013,17.1216,0,0
3,0,1,2,27.06,31.06,65,15.0013,21,2,9,0,0,0,0,0,0,21,0,-4.0,17.589,0,0
3,0,1,2,27.06,31.06,65,8.9981,22,2,9,0,0,0,0,0,0,22,0,-4.0,17.589,0,0
3,0,1,2,26.24,30.305,69,7.0015,23,2,9,0,0,0,0,0,0,23,0,-4.065000000000001,18.1056,0,0
3,0,1,1,26.24,30.305,69,8.9981,0,3,9,0,0,0,0,0,1,0,0,-4.065000000000001,18.1056,0,0
3,0,1,1,26.24,30.305,69,11.0014,1,3,9,0,0,0,0,0,1,1,0,-4.065000000000001,18.1056,0,0
3,0,1,1,25.42,29.545,73,7.0015,2,3,9,0,0,0,0,0,1,2,0,-4.125,18.5566,0,0
3,0,1,1,25.42,29.545,73,6.0032,3,3,9,0,0,0,0,0,1,3,0,-4.125,18.5566,0,0
3,0,1,1,24.6,28.79,78,7.0015,4,3,9,0,0,0,0,0,1,4,0,-4.189999999999998,19.188000000000002,0,0
3,0,1,1,24.6,28.79,78,0.0,5,3,9,0,0,0,0,0,1,5,0,-4.189999999999998,19.188000000000002,0,0
3,0,1,2,24.6,28.03,83,16.9979,6,3,9,0,0,0,0,0,0,6,0,-3.4299999999999997,20.418000000000003,0,0
3,0,1,2,25.42,29.545,78,12.998,7,3,9,0,0,1,0,0,0,7,0,-4.125,19.827600000000004,0,0
3,0,1,1,26.24,30.305,73,8.9981,8,3,9,0,0,1,0,0,0,8,0,-4.065000000000001,19.1552,0,0
3,0,1,2,26.24,30.305,73,23.9994,9,3,9,0,0,1,0,0,0,9,0,-4.065000000000001,19.1552,0,0
3,0,1,2,27.06,31.06,69,16.9979,10,3,9,0,0,0,0,0,0,10,0,-4.0,18.6714,0,0
3,0,1,2,27.88,31.82,65,8.9981,11,3,9,0,0,0,0,0,0,11,0,-3.9400000000000013,18.122,0,0
3,0,1,2,27.06,31.06,69,19.9995,12,3,9,0,0,0,0,0,0,12,0,-4.0,18.6714,0,0
3,0,1,2,26.24,30.305,65,19.0012,13,3,9,0,0,0,0,0,0,13,0,-4.065000000000001,17.055999999999997,0,0
3,0,1,2,26.24,30.305,65,27.9993,14,3,9,0,0,0,0,0,0,14,0,-4.065000000000001,17.055999999999997,0,0
3,0,1,2,24.6,29.545,69,27.9993,15,3,9,0,0,0,0,0,0,15,0,-4.945,16.974,0,0
3,0,1,2,22.14,25.76,77,31.0009,16,3,9,0,0,0,0,0,0,16,0,-3.620000000000001,17.0478,0,0
3,0,1,3,19.68,23.485,82,31.0009,17,3,9,0,0,0,1,0,0,17,0,-3.8049999999999997,16.1376,0,1
3,0,1,3,19.68,23.485,67,40.9973,18,3,9,0,0,0,1,0,0,18,0,-3.8049999999999997,13.185599999999999,0,1
3,0,1,1,18.86,22.725,67,31.0009,19,3,9,0,0,0,1,0,0,19,0,-3.865000000000002,12.636199999999999,0,0
3,0,1,1,18.86,22.725,63,22.0028,20,3,9,0,0,0,0,0,0,20,0,-3.865000000000002,11.8818,0,0
3,0,1,1,18.86,22.725,63,22.0028,21,3,9,0,0,0,0,0,0,21,0,-3.865000000000002,11.8818,0,0
3,0,1,1,18.04,21.97,67,19.0012,22,3,9,0,0,0,0,0,0,22,0,-3.9299999999999997,12.086799999999998,0,0
3,0,1,1,18.04,21.97,67,15.0013,23,3,9,0,0,0,0,0,0,23,0,-3.9299999999999997,12.086799999999998,0,0
3,0,1,1,17.22,21.21,71,15.0013,0,4,9,0,0,0,0,0,1,0,0,-3.990000000000002,12.226199999999999,0,0
3,0,1,1,17.22,21.21,67,12.998,1,4,9,0,0,0,0,0,1,1,0,-3.990000000000002,11.5374,0,0
3,0,1,1,16.4,20.455,71,19.0012,2,4,9,0,0,0,0,0,1,2,0,-4.055,11.643999999999998,0,0
3,0,1,1,16.4,20.455,71,16.9979,3,4,9,0,0,0,0,0,1,3,0,-4.055,11.643999999999998,0,0
3,0,1,1,16.4,20.455,71,19.0012,4,4,9,0,0,0,0,0,1,4,0,-4.055,11.643999999999998,0,0
3,0,1,1,15.58,19.695,76,12.998,5,4,9,0,0,0,0,0,1,5,0,-4.115,11.8408,0,0
3,0,1,1,15.58,19.695,71,15.0013,6,4,9,0,0,0,0,0,0,6,0,-4.115,11.0618,0,0
3,0,1,1,16.4,20.455,71,19.0012,7,4,9,0,0,1,0,0,0,7,0,-4.055,11.643999999999998,0,0
3,0,1,1,17.22,21.21,67,15.0013,8,4,9,0,0,1,0,0,0,8,0,-3.990000000000002,11.5374,0,0
3,0,1,1,18.86,22.725,55,16.9979,9,4,9,0,0,1,0,0,0,9,0,-3.865000000000002,10.373,0,0
3,0,1,2,20.5,24.24,51,19.0012,10,4,9,0,0,0,0,0,0,10,0,-3.7399999999999984,10.455,0,0
3,0,1,2,20.5,24.24,51,8.9981,11,4,9,0,0,0,0,0,0,11,0,-3.7399999999999984,10.455,0,0
3,0,1,2,21.32,25.0,45,0.0,12,4,9,0,0,0,0,0,0,12,0,-3.6799999999999997,9.594,0,0
3,0,1,2,22.14,25.76,42,0.0,13,4,9,0,0,0,0,0,0,13,0,-3.620000000000001,9.2988,0,0
3,0,1,2,22.14,25.76,45,11.0014,14,4,9,0,0,0,0,0,0,14,0,-3.620000000000001,9.963000000000001,0,0
3,0,1,2,22.14,25.76,45,15.0013,15,4,9,0,0,0,0,0,0,15,0,-3.620000000000001,9.963000000000001,0,0
3,0,1,2,21.32,25.0,48,11.0014,16,4,9,0,0,0,0,0,0,16,0,-3.6799999999999997,10.233600000000001,0,0
3,0,1,2,21.32,25.0,48,8.9981,17,4,9,0,0,0,1,0,0,17,0,-3.6799999999999997,10.233600000000001,0,0
3,0,1,2,21.32,25.0,52,11.0014,18,4,9,0,0,0,1,0,0,18,0,-3.6799999999999997,11.086400000000001,0,0
3,0,1,2,20.5,24.24,55,11.0014,19,4,9,0,0,0,1,0,0,19,0,-3.7399999999999984,11.275,0,0
3,0,1,2,20.5,24.24,55,0.0,20,4,9,0,0,0,0,0,0,20,0,-3.7399999999999984,11.275,0,0
3,0,1,2,20.5,24.24,63,0.0,21,4,9,0,0,0,0,0,0,21,0,-3.7399999999999984,12.915,0,0
3,0,1,1,19.68,23.485,67,6.0032,22,4,9,0,0,0,0,0,0,22,0,-3.8049999999999997,13.185599999999999,0,0
3,0,1,1,20.5,24.24,59,0.0,23,4,9,0,0,0,0,0,0,23,0,-3.7399999999999984,12.095,0,0
3,0,0,1,18.86,22.725,72,11.0014,0,5,9,0,1,0,0,0,1,0,0,-3.865000000000002,13.5792,0,0
3,0,0,1,18.86,22.725,72,7.0015,1,5,9,0,1,0,0,0,1,0,1,-3.865000000000002,13.5792,0,0
3,0,0,1,18.86,22.725,82,6.0032,2,5,9,0,1,0,0,0,1,0,2,-3.865000000000002,15.4652,0,0
3,0,0,1,18.86,22.725,72,8.9981,3,5,9,0,1,0,0,0,1,0,3,-3.865000000000002,13.5792,0,0
3,0,0,1,18.86,22.725,72,8.9981,4,5,9,0,1,0,0,0,1,0,4,-3.865000000000002,13.5792,0,0
3,0,0,1,18.86,22.725,72,11.0014,5,5,9,0,1,0,0,0,1,0,5,-3.865000000000002,13.5792,0,0
3,0,0,2,18.86,22.725,72,15.0013,6,5,9,0,1,0,0,0,0,0,6,-3.865000000000002,13.5792,0,0
3,0,0,2,18.86,22.725,77,12.998,7,5,9,0,1,0,0,0,0,0,7,-3.865000000000002,14.5222,0,0
3,0,0,2,18.86,22.725,77,16.9979,8,5,9,0,1,0,0,0,0,0,8,-3.865000000000002,14.5222,0,0
3,0,0,2,19.68,23.485,67,15.0013,9,5,9,0,1,0,0,0,0,0,9,-3.8049999999999997,13.185599999999999,0,0
3,0,0,2,20.5,24.24,68,19.0012,10,5,9,0,1,0,0,0,0,0,10,-3.7399999999999984,13.94,0,0
3,0,0,2,21.32,25.0,68,15.0013,11,5,9,0,1,0,0,1,0,0,11,-3.6799999999999997,14.4976,0,0
3,0,0,2,21.32,25.0,67,15.0013,12,5,9,0,1,0,0,1,0,0,12,-3.6799999999999997,14.2844,0,0
3,0,0,2,21.32,25.0,68,12.998,13,5,9,0,1,0,0,1,0,0,13,-3.6799999999999997,14.4976,0,0
3,0,0,2,21.32,25.0,72,12.998,14,5,9,0,1,0,0,1,0,0,14,-3.6799999999999997,15.3504,0,0
3,0,0,2,21.32,25.0,72,12.998,15,5,9,0,1,0,0,1,0,0,15,-3.6799999999999997,15.3504,0,0
3,0,0,1,22.14,25.76,68,16.9979,16,5,9,0,1,0,0,1,0,0,16,-3.620000000000001,15.0552,0,0
3,0,0,1,21.32,25.0,72,15.0013,17,5,9,0,1,0,0,0,0,0,17,-3.6799999999999997,15.3504,0,0
3,0,0,2,21.32,25.0,72,15.0013,18,5,9,0,1,0,0,0,0,0,18,-3.6799999999999997,15.3504,0,0
3,0,0,1,21.32,25.0,68,8.9981,19,5,9,0,1,0,0,0,0,0,19,-3.6799999999999997,14.4976,0,0
3,0,0,1,21.32,25.0,68,8.9981,20,5,9,0,1,0,0,0,0,0,20,-3.6799999999999997,14.4976,0,0
3,0,0,2,20.5,24.24,72,12.998,21,5,9,0,1,0,0,0,0,0,21,-3.7399999999999984,14.76,0,0
3,0,0,1,20.5,24.24,72,15.0013,22,5,9,0,1,0,0,0,0,0,22,-3.7399999999999984,14.76,0,0
3,0,0,1,18.86,22.725,82,11.0014,23,5,9,0,1,0,0,0,0,0,23,-3.865000000000002,15.4652,0,0
3,0,0,1,18.86,22.725,77,15.0013,0,6,9,0,1,0,0,0,1,0,0,-3.865000000000002,14.5222,0,0
3,0,0,1,18.86,22.725,77,15.0013,1,6,9,0,1,0,0,0,1,0,1,-3.865000000000002,14.5222,0,0
3,0,0,1,18.04,21.97,82,16.9979,2,6,9,0,1,0,0,0,1,0,2,-3.9299999999999997,14.7928,0,0
3,0,0,1,18.04,21.97,82,12.998,3,6,9,0,1,0,0,0,1,0,3,-3.9299999999999997,14.7928,0,0
3,0,0,1,18.04,21.97,77,15.0013,4,6,9,0,1,0,0,0,1,0,4,-3.9299999999999997,13.890799999999999,0,0
3,0,0,1,18.04,21.97,77,15.0013,5,6,9,0,1,0,0,0,1,0,5,-3.9299999999999997,13.890799999999999,0,0
3,0,0,1,18.04,21.97,77,16.9979,6,6,9,0,1,0,0,0,0,0,6,-3.9299999999999997,13.890799999999999,0,0
3,0,0,1,18.86,22.725,72,15.0013,7,6,9,0,1,0,0,0,0,0,7,-3.865000000000002,13.5792,0,0
3,0,0,1,18.86,22.725,72,16.9979,8,6,9,0,1,0,0,0,0,0,8,-3.865000000000002,13.5792,0,0
3,0,0,1,19.68,23.485,67,16.9979,9,6,9,0,1,0,0,0,0,0,9,-3.8049999999999997,13.185599999999999,0,0
3,0,0,1,20.5,24.24,72,11.0014,10,6,9,0,1,0,0,0,0,0,10,-3.7399999999999984,14.76,0,0
3,0,0,1,21.32,25.0,68,15.0013,11,6,9,0,1,0,0,1,0,0,11,-3.6799999999999997,14.4976,0,0
3,0,0,1,22.14,25.76,64,8.9981,12,6,9,0,1,0,0,1,0,0,12,-3.620000000000001,14.1696,0,0
3,0,0,1,22.96,26.515,60,8.9981,13,6,9,0,1,0,0,1,0,0,13,-3.5549999999999997,13.776000000000002,0,0
3,0,0,2,23.78,27.275,56,8.9981,14,6,9,0,1,0,0,1,0,0,14,-3.4949999999999974,13.3168,0,0
3,0,0,2,23.78,27.275,60,8.9981,15,6,9,0,1,0,0,1,0,0,15,-3.4949999999999974,14.268000000000002,0,0
3,0,0,2,22.96,26.515,64,11.0014,16,6,9,0,1,0,0,1,0,0,16,-3.5549999999999997,14.6944,0,0
3,0,0,2,22.96,26.515,64,12.998,17,6,9,0,1,0,0,0,0,0,17,-3.5549999999999997,14.6944,0,0
3,0,0,2,22.96,26.515,60,7.0015,18,6,9,0,1,0,0,0,0,0,18,-3.5549999999999997,13.776000000000002,0,0
3,0,0,2,22.14,25.76,68,7.0015,19,6,9,0,1,0,0,0,0,0,19,-3.620000000000001,15.0552,0,0
3,0,0,2,22.14,25.76,68,6.0032,20,6,9,0,1,0,0,0,0,0,20,-3.620000000000001,15.0552,0,0
3,0,0,2,22.14,25.76,68,6.0032,21,6,9,0,1,0,0,0,0,0,21,-3.620000000000001,15.0552,0,0
3,0,0,2,22.14,25.76,68,6.0032,22,6,9,0,1,0,0,0,0,0,22,-3.620000000000001,15.0552,0,0
3,0,0,1,22.14,25.76,68,12.998,23,6,9,0,1,0,0,0,0,0,23,-3.620000000000001,15.0552,0,0
3,0,1,2,21.32,25.0,72,11.0014,0,0,9,0,0,0,0,0,1,0,0,-3.6799999999999997,15.3504,0,0
3,0,1,2,21.32,25.0,72,7.0015,1,0,9,0,0,0,0,0,1,1,0,-3.6799999999999997,15.3504,0,0
3,0,1,2,21.32,25.0,72,8.9981,2,0,9,0,0,0,0,0,1,2,0,-3.6799999999999997,15.3504,0,0
3,0,1,2,20.5,24.24,77,8.9981,3,0,9,0,0,0,0,0,1,3,0,-3.7399999999999984,15.785,0,0
3,0,1,2,20.5,24.24,77,11.0014,4,0,9,0,0,0,0,0,1,4,0,-3.7399999999999984,15.785,0,0
3,0,1,2,20.5,24.24,77,12.998,5,0,9,0,0,0,0,0,1,5,0,-3.7399999999999984,15.785,0,0
3,0,1,1,20.5,24.24,77,15.0013,6,0,9,0,0,0,0,0,0,6,0,-3.7399999999999984,15.785,0,0
3,0,1,2,20.5,24.24,82,15.0013,7,0,9,0,0,1,0,0,0,7,0,-3.7399999999999984,16.81,0,0
3,0,1,2,21.32,25.0,77,8.9981,8,0,9,0,0,1,0,0,0,8,0,-3.6799999999999997,16.4164,0,0
3,0,1,2,22.14,25.76,68,11.0014,9,0,9,0,0,1,0,0,0,9,0,-3.620000000000001,15.0552,0,0
3,0,1,2,22.96,26.515,64,8.9981,10,0,9,0,0,0,0,0,0,10,0,-3.5549999999999997,14.6944,0,0
3,0,1,2,23.78,27.275,64,11.0014,11,0,9,0,0,0,0,0,0,11,0,-3.4949999999999974,15.2192,0,0
3,0,1,2,23.78,27.275,60,6.0032,12,0,9,0,0,0,0,0,0,12,0,-3.4949999999999974,14.268000000000002,0,0
3,0,1,2,24.6,30.305,60,0.0,13,0,9,0,0,0,0,0,0,13,0,-5.704999999999998,14.76,0,0
3,0,1,2,24.6,30.305,60,12.998,14,0,9,0,0,0,0,0,0,14,0,-5.704999999999998,14.76,0,0
3,0,1,2,24.6,30.305,60,15.0013,15,0,9,0,0,0,0,0,0,15,0,-5.704999999999998,14.76,0,0
3,0,1,2,24.6,30.305,60,11.0014,16,0,9,0,0,0,0,0,0,16,0,-5.704999999999998,14.76,0,0
3,0,1,2,23.78,27.275,64,8.9981,17,0,9,0,0,0,1,0,0,17,0,-3.4949999999999974,15.2192,0,0
3,0,1,2,22.96,26.515,68,8.9981,18,0,9,0,0,0,1,0,0,18,0,-3.5549999999999997,15.6128,0,0
3,0,1,2,22.96,26.515,68,7.0015,19,0,9,0,0,0,1,0,0,19,0,-3.5549999999999997,15.6128,0,0
3,0,1,2,22.96,26.515,68,8.9981,20,0,9,0,0,0,0,0,0,20,0,-3.5549999999999997,15.6128,0,0
3,0,1,2,22.96,26.515,68,11.0014,21,0,9,0,0,0,0,0,0,21,0,-3.5549999999999997,15.6128,0,0
3,0,1,2,22.96,26.515,68,11.0014,22,0,9,0,0,0,0,0,0,22,0,-3.5549999999999997,15.6128,0,0
3,0,1,2,22.96,26.515,73,12.998,23,0,9,0,0,0,0,0,0,23,0,-3.5549999999999997,16.760800000000003,0,0
4,0,0,1,20.5,24.24,63,26.0027,0,5,10,0,1,0,0,0,1,0,0,-3.7399999999999984,12.915,0,0
4,0,0,1,19.68,23.485,67,22.0028,1,5,10,0,1,0,0,0,1,0,1,-3.8049999999999997,13.185599999999999,0,0
4,0,0,1,18.86,22.725,63,27.9993,2,5,10,0,1,0,0,0,1,0,2,-3.865000000000002,11.8818,0,0
4,0,0,1,18.86,22.725,59,27.9993,3,5,10,0,1,0,0,0,1,0,3,-3.865000000000002,11.1274,0,0
4,0,0,1,18.04,21.97,58,27.9993,4,5,10,0,1,0,0,0,1,0,4,-3.9299999999999997,10.463199999999999,0,0
4,0,0,2,18.04,21.97,62,19.9995,5,5,10,0,1,0,0,0,1,0,5,-3.9299999999999997,11.184800000000001,0,0
4,0,0,1,17.22,21.21,67,22.0028,6,5,10,0,1,0,0,0,0,0,6,-3.990000000000002,11.5374,0,0
4,0,0,3,17.22,21.21,67,16.9979,7,5,10,0,1,0,0,0,0,0,7,-3.990000000000002,11.5374,0,1
4,0,0,2,16.4,20.455,76,22.0028,8,5,10,0,1,0,0,0,0,0,8,-4.055,12.463999999999999,0,0
4,0,0,3,16.4,20.455,82,23.9994,9,5,10,0,1,0,0,0,0,0,9,-4.055,13.448,0,1
4,0,0,3,16.4,20.455,76,23.9994,10,5,10,0,1,0,0,0,0,0,10,-4.055,12.463999999999999,0,1
4,0,0,3,15.58,19.695,82,22.0028,11,5,10,0,1,0,0,1,0,0,11,-4.115,12.775599999999999,0,1
4,0,0,2,16.4,20.455,82,16.9979,12,5,10,0,1,0,0,1,0,0,12,-4.055,13.448,0,0
4,0,0,2,16.4,20.455,82,22.0028,13,5,10,0,1,0,0,1,0,0,13,-4.055,13.448,0,0
4,0,0,2,17.22,21.21,71,23.9994,14,5,10,0,1,0,0,1,0,0,14,-3.990000000000002,12.226199999999999,0,0
4,0,0,2,17.22,21.21,71,19.0012,15,5,10,0,1,0,0,1,0,0,15,-3.990000000000002,12.226199999999999,0,0
4,0,0,2,16.4,20.455,76,19.9995,16,5,10,0,1,0,0,1,0,0,16,-4.055,12.463999999999999,0,0
4,0,0,3,16.4,20.455,76,12.998,17,5,10,0,1,0,0,0,0,0,17,-4.055,12.463999999999999,0,1
4,0,0,3,15.58,19.695,87,15.0013,18,5,10,0,1,0,0,0,0,0,18,-4.115,13.5546,0,1
4,0,0,2,15.58,19.695,82,12.998,19,5,10,0,1,0,0,0,0,0,19,-4.115,12.775599999999999,0,0
4,0,0,3,14.76,18.18,87,7.0015,20,5,10,0,1,0,0,0,0,0,20,-3.42,12.841199999999999,0,1
4,0,0,3,14.76,18.18,87,7.0015,21,5,10,0,1,0,0,0,0,0,21,-3.42,12.841199999999999,0,1
4,0,0,2,14.76,17.425,93,15.0013,22,5,10,0,1,0,0,0,0,0,22,-2.665000000000001,13.7268,0,0
4,0,0,3,14.76,17.425,93,15.0013,23,5,10,0,1,0,0,0,0,0,23,-2.665000000000001,13.7268,0,1
4,0,0,3,14.76,16.665,93,19.9995,0,6,10,0,1,0,0,0,1,0,0,-1.9049999999999994,13.7268,0,1
4,0,0,3,13.94,15.91,87,16.9979,1,6,10,0,1,0,0,0,1,0,1,-1.9700000000000006,12.1278,0,1
4,0,0,3,13.94,15.15,87,19.9995,2,6,10,0,1,0,0,0,1,0,2,-1.2100000000000009,12.1278,0,1
4,0,0,3,13.94,15.91,87,19.0012,3,6,10,0,1,0,0,0,1,0,3,-1.9700000000000006,12.1278,0,1
4,0,0,2,13.94,15.91,87,16.9979,4,6,10,0,1,0,0,0,1,0,4,-1.9700000000000006,12.1278,0,0
4,0,0,1,13.12,15.15,87,19.0012,5,6,10,0,1,0,0,0,1,0,5,-2.030000000000001,11.414399999999999,0,0
4,0,0,1,13.12,15.91,81,11.0014,6,6,10,0,1,0,0,0,0,0,6,-2.790000000000001,10.6272,0,0
4,0,0,1,13.94,16.665,76,12.998,7,6,10,0,1,0,0,0,0,0,7,-2.7249999999999996,10.5944,0,0
4,0,0,2,13.94,16.665,76,12.998,8,6,10,0,1,0,0,0,0,0,8,-2.7249999999999996,10.5944,0,0
4,0,0,1,14.76,16.665,76,23.9994,9,6,10,0,1,0,0,0,0,0,9,-1.9049999999999994,11.2176,0,0
4,0,0,2,14.76,16.665,71,19.0012,10,6,10,0,1,0,0,0,0,0,10,-1.9049999999999994,10.4796,0,0
4,0,0,2,15.58,19.695,66,16.9979,11,6,10,0,1,0,0,1,0,0,11,-4.115,10.2828,0,0
4,0,0,2,16.4,20.455,62,12.998,12,6,10,0,1,0,0,1,0,0,12,-4.055,10.168,0,0
4,0,0,3,16.4,20.455,62,15.0013,13,6,10,0,1,0,0,1,0,0,13,-4.055,10.168,0,1
4,0,0,3,14.76,17.425,81,11.0014,14,6,10,0,1,0,0,1,0,0,14,-2.665000000000001,11.955599999999999,0,1
4,0,0,3,14.76,16.665,81,16.9979,15,6,10,0,1,0,0,1,0,0,15,-1.9049999999999994,11.955599999999999,0,1
4,0,0,3,14.76,17.425,87,12.998,16,6,10,0,1,0,0,1,0,0,16,-2.665000000000001,12.841199999999999,0,1
4,0,0,3,14.76,17.425,87,11.0014,17,6,10,0,1,0,0,0,0,0,17,-2.665000000000001,12.841199999999999,0,1
4,0,0,2,14.76,17.425,81,12.998,18,6,10,0,1,0,0,0,0,0,18,-2.665000000000001,11.955599999999999,0,0
4,0,0,2,15.58,19.695,76,11.0014,19,6,10,0,1,0,0,0,0,0,19,-4.115,11.8408,0,0
4,0,0,2,14.76,16.665,76,16.9979,20,6,10,0,1,0,0,0,0,0,20,-1.9049999999999994,11.2176,0,0
4,0,0,1,14.76,17.425,71,15.0013,21,6,10,0,1,0,0,0,0,0,21,-2.665000000000001,10.4796,0,0
4,0,0,3,14.76,18.18,81,6.0032,22,6,10,0,1,0,0,0,0,0,22,-3.42,11.955599999999999,0,1
4,0,0,1,14.76,18.18,81,6.0032,23,6,10,0,1,0,0,0,0,0,23,-3.42,11.955599999999999,0,0
4,0,1,1,13.94,17.425,87,7.0015,0,0,10,0,0,0,0,0,1,0,0,-3.485000000000001,12.1278,0,0
4,0,1,1,14.76,18.18,81,6.0032,1,0,10,0,0,0,0,0,1,1,0,-3.42,11.955599999999999,0,0
4,0,1,1,14.76,18.18,76,7.0015,2,0,10,0,0,0,0,0,1,2,0,-3.42,11.2176,0,0
4,0,1,1,14.76,18.94,81,0.0,3,0,10,0,0,0,0,0,1,3,0,-4.1800000000000015,11.955599999999999,0,0
4,0,1,1,13.94,17.425,87,7.0015,4,0,10,0,0,0,0,0,1,4,0,-3.485000000000001,12.1278,0,0
4,0,1,2,14.76,18.18,76,7.0015,5,0,10,0,0,0,0,0,1,5,0,-3.42,11.2176,0,0
4,0,1,2,14.76,18.94,71,0.0,6,0,10,0,0,0,0,0,0,6,0,-4.1800000000000015,10.4796,0,0
4,0,1,2,14.76,17.425,71,8.9981,7,0,10,0,0,1,0,0,0,7,0,-2.665000000000001,10.4796,0,0
4,0,1,2,14.76,18.18,71,7.0015,8,0,10,0,0,1,0,0,0,8,0,-3.42,10.4796,0,0
4,0,1,2,16.4,20.455,66,6.0032,9,0,10,0,0,1,0,0,0,9,0,-4.055,10.823999999999998,0,0
4,0,1,2,16.4,20.455,66,7.0015,10,0,10,0,0,0,0,0,0,10,0,-4.055,10.823999999999998,0,0
4,0,1,2,16.4,20.455,71,15.0013,11,0,10,0,0,0,0,0,0,11,0,-4.055,11.643999999999998,0,0
4,0,1,2,16.4,20.455,71,8.9981,12,0,10,0,0,0,0,0,0,12,0,-4.055,11.643999999999998,0,0
4,0,1,3,17.22,21.21,67,11.0014,13,0,10,0,0,0,0,0,0,13,0,-3.990000000000002,11.5374,0,1
4,0,1,3,16.4,20.455,76,0.0,14,0,10,0,0,0,0,0,0,14,0,-4.055,12.463999999999999,0,1
4,0,1,3,16.4,20.455,76,0.0,15,0,10,0,0,0,0,0,0,15,0,-4.055,12.463999999999999,0,1
4,0,1,2,16.4,20.455,76,7.0015,16,0,10,0,0,0,0,0,0,16,0,-4.055,12.463999999999999,0,0
4,0,1,2,16.4,20.455,76,11.0014,17,0,10,0,0,0,1,0,0,17,0,-4.055,12.463999999999999,0,0
4,0,1,2,16.4,20.455,76,11.0014,18,0,10,0,0,0,1,0,0,18,0,-4.055,12.463999999999999,0,0
4,0,1,1,16.4,20.455,76,0.0,19,0,10,0,0,0,1,0,0,19,0,-4.055,12.463999999999999,0,0
4,0,1,3,16.4,20.455,82,0.0,20,0,10,0,0,0,0,0,0,20,0,-4.055,13.448,0,1
4,0,1,2,16.4,20.455,82,0.0,21,0,10,0,0,0,0,0,0,21,0,-4.055,13.448,0,0
4,0,1,2,16.4,20.455,82,0.0,22,0,10,0,0,0,0,0,0,22,0,-4.055,13.448,0,0
4,0,1,2,16.4,20.455,82,7.0015,23,0,10,0,0,0,0,0,0,23,0,-4.055,13.448,0,0
4,0,1,2,16.4,20.455,87,6.0032,0,1,10,0,0,0,0,0,1,0,0,-4.055,14.267999999999999,0,0
4,0,1,2,16.4,20.455,87,7.0015,1,1,10,0,0,0,0,0,1,1,0,-4.055,14.267999999999999,0,0
4,0,1,2,16.4,20.455,87,0.0,2,1,10,0,0,0,0,0,1,2,0,-4.055,14.267999999999999,0,0
4,0,1,1,16.4,20.455,82,7.0015,3,1,10,0,0,0,0,0,1,3,0,-4.055,13.448,0,0
4,0,1,1,16.4,20.455,82,6.0032,4,1,10,0,0,0,0,0,1,4,0,-4.055,13.448,0,0
4,0,1,1,16.4,20.455,82,8.9981,5,1,10,0,0,0,0,0,1,5,0,-4.055,13.448,0,0
4,0,1,1,16.4,20.455,82,7.0015,6,1,10,0,0,0,0,0,0,6,0,-4.055,13.448,0,0
4,0,1,1,17.22,21.21,82,19.0012,7,1,10,0,0,1,0,0,0,7,0,-3.990000000000002,14.1204,0,0
4,0,1,1,18.04,21.97,77,15.0013,8,1,10,0,0,1,0,0,0,8,0,-3.9299999999999997,13.890799999999999,0,0
4,0,1,1,18.86,22.725,67,16.9979,9,1,10,0,0,1,0,0,0,9,0,-3.865000000000002,12.636199999999999,0,0
4,0,1,1,19.68,23.485,67,19.0012,10,1,10,0,0,0,0,0,0,10,0,-3.8049999999999997,13.185599999999999,0,0
4,0,1,1,22.14,25.76,64,19.0012,11,1,10,0,0,0,0,0,0,11,0,-3.620000000000001,14.1696,0,0
4,0,1,1,22.96,26.515,56,19.9995,12,1,10,0,0,0,0,0,0,12,0,-3.5549999999999997,12.8576,0,0
4,0,1,1,22.96,26.515,56,19.9995,13,1,10,0,0,0,0,0,0,13,0,-3.5549999999999997,12.8576,0,0
4,0,1,1,23.78,27.275,53,16.9979,14,1,10,0,0,0,0,0,0,14,0,-3.4949999999999974,12.6034,0,0
4,0,1,1,23.78,27.275,56,19.0012,15,1,10,0,0,0,0,0,0,15,0,-3.4949999999999974,13.3168,0,0
4,0,1,1,23.78,27.275,56,22.0028,16,1,10,0,0,0,0,0,0,16,0,-3.4949999999999974,13.3168,0,0
4,0,1,1,22.96,26.515,60,26.0027,17,1,10,0,0,0,1,0,0,17,0,-3.5549999999999997,13.776000000000002,0,0
4,0,1,1,22.14,25.76,64,19.0012,18,1,10,0,0,0,1,0,0,18,0,-3.620000000000001,14.1696,0,0
4,0,1,1,21.32,25.0,68,15.0013,19,1,10,0,0,0,1,0,0,19,0,-3.6799999999999997,14.4976,0,0
4,0,1,1,21.32,25.0,68,15.0013,20,1,10,0,0,0,0,0,0,20,0,-3.6799999999999997,14.4976,0,0
4,0,1,1,20.5,24.24,72,8.9981,21,1,10,0,0,0,0,0,0,21,0,-3.7399999999999984,14.76,0,0
4,0,1,1,20.5,24.24,72,8.9981,22,1,10,0,0,0,0,0,0,22,0,-3.7399999999999984,14.76,0,0
4,0,1,1,19.68,23.485,77,8.9981,23,1,10,0,0,0,0,0,0,23,0,-3.8049999999999997,15.153599999999999,0,0
4,0,1,1,19.68,23.485,77,8.9981,0,2,10,0,0,0,0,0,1,0,0,-3.8049999999999997,15.153599999999999,0,0
4,0,1,1,19.68,23.485,77,11.0014,1,2,10,0,0,0,0,0,1,1,0,-3.8049999999999997,15.153599999999999,0,0
4,0,1,1,18.86,22.725,82,11.0014,2,2,10,0,0,0,0,0,1,2,0,-3.865000000000002,15.4652,0,0
4,0,1,1,18.86,22.725,82,7.0015,3,2,10,0,0,0,0,0,1,3,0,-3.865000000000002,15.4652,0,0
4,0,1,1,18.04,21.97,88,0.0,4,2,10,0,0,0,0,0,1,4,0,-3.9299999999999997,15.8752,0,0
4,0,1,1,18.04,21.97,82,8.9981,5,2,10,0,0,0,0,0,1,5,0,-3.9299999999999997,14.7928,0,0
4,0,1,1,18.04,21.97,82,7.0015,6,2,10,0,0,0,0,0,0,6,0,-3.9299999999999997,14.7928,0,0
4,0,1,1,18.86,22.725,77,7.0015,7,2,10,0,0,1,0,0,0,7,0,-3.865000000000002,14.5222,0,0
4,0,1,1,21.32,25.0,63,0.0,8,2,10,0,0,1,0,0,0,8,0,-3.6799999999999997,13.431600000000001,0,0
4,0,1,1,22.14,25.76,60,19.9995,9,2,10,0,0,1,0,0,0,9,0,-3.620000000000001,13.284,0,0
4,0,1,1,22.96,26.515,56,26.0027,10,2,10,0,0,0,0,0,0,10,0,-3.5549999999999997,12.8576,0,0
4,0,1,1,24.6,31.06,46,19.0012,11,2,10,0,0,0,0,0,0,11,0,-6.459999999999997,11.316,0,0
4,0,1,1,25.42,31.06,43,22.0028,12,2,10,0,0,0,0,0,0,12,0,-5.639999999999997,10.930600000000002,0,0
4,0,1,1,26.24,31.06,41,15.0013,13,2,10,0,0,0,0,0,0,13,0,-4.82,10.7584,0,0
4,0,1,1,26.24,31.06,41,19.0012,14,2,10,0,0,0,0,0,0,14,0,-4.82,10.7584,0,0
4,0,1,1,26.24,31.06,47,19.0012,15,2,10,0,0,0,0,0,0,15,0,-4.82,12.332799999999999,0,0
4,0,1,1,26.24,31.06,47,22.0028,16,2,10,0,0,0,0,0,0,16,0,-4.82,12.332799999999999,0,0
4,0,1,1,26.24,31.06,47,16.9979,17,2,10,0,0,0,1,0,0,17,0,-4.82,12.332799999999999,0,0
4,0,1,1,24.6,31.06,53,11.0014,18,2,10,0,0,0,1,0,0,18,0,-6.459999999999997,13.038000000000002,0,0
4,0,1,1,23.78,27.275,56,8.9981,19,2,10,0,0,0,1,0,0,19,0,-3.4949999999999974,13.3168,0,0
4,0,1,1,21.32,25.0,77,11.0014,20,2,10,0,0,0,0,0,0,20,0,-3.6799999999999997,16.4164,0,0
4,0,1,1,20.5,24.24,82,7.0015,21,2,10,0,0,0,0,0,0,21,0,-3.7399999999999984,16.81,0,0
4,0,1,1,21.32,25.0,72,0.0,22,2,10,0,0,0,0,0,0,22,0,-3.6799999999999997,15.3504,0,0
4,0,1,1,20.5,24.24,77,7.0015,23,2,10,0,0,0,0,0,0,23,0,-3.7399999999999984,15.785,0,0
4,0,1,1,20.5,24.24,72,12.998,0,3,10,0,0,0,0,0,1,0,0,-3.7399999999999984,14.76,0,0
4,0,1,1,19.68,23.485,63,12.998,1,3,10,0,0,0,0,0,1,1,0,-3.8049999999999997,12.398399999999999,0,0
4,0,1,1,18.86,22.725,67,12.998,2,3,10,0,0,0,0,0,1,2,0,-3.865000000000002,12.636199999999999,0,0
4,0,1,1,18.04,21.97,67,15.0013,3,3,10,0,0,0,0,0,1,3,0,-3.9299999999999997,12.086799999999998,0,0
4,0,1,1,18.04,21.97,62,19.0012,4,3,10,0,0,0,0,0,1,4,0,-3.9299999999999997,11.184800000000001,0,0
4,0,1,1,17.22,21.21,62,12.998,5,3,10,0,0,0,0,0,1,5,0,-3.990000000000002,10.6764,0,0
4,0,1,1,16.4,20.455,66,12.998,6,3,10,0,0,0,0,0,0,6,0,-4.055,10.823999999999998,0,0
4,0,1,1,17.22,21.21,62,12.998,7,3,10,0,0,1,0,0,0,7,0,-3.990000000000002,10.6764,0,0
4,0,1,1,18.04,21.97,62,11.0014,8,3,10,0,0,1,0,0,0,8,0,-3.9299999999999997,11.184800000000001,0,0
4,0,1,1,18.86,22.725,63,12.998,9,3,10,0,0,1,0,0,0,9,0,-3.865000000000002,11.8818,0,0
4,0,1,1,21.32,25.0,52,0.0,10,3,10,0,0,0,0,0,0,10,0,-3.6799999999999997,11.086400000000001,0,0
4,0,1,1,22.14,25.76,49,0.0,11,3,10,0,0,0,0,0,0,11,0,-3.620000000000001,10.848600000000001,0,0
4,0,1,1,22.96,26.515,49,6.0032,12,3,10,0,0,0,0,0,0,12,0,-3.5549999999999997,11.250399999999999,0,0
4,0,1,1,22.96,26.515,46,6.0032,13,3,10,0,0,0,0,0,0,13,0,-3.5549999999999997,10.5616,0,0
4,0,1,1,23.78,27.275,43,6.0032,14,3,10,0,0,0,0,0,0,14,0,-3.4949999999999974,10.2254,0,0
4,0,1,1,23.78,27.275,46,8.9981,15,3,10,0,0,0,0,0,0,15,0,-3.4949999999999974,10.9388,0,0
4,0,1,1,23.78,27.275,49,12.998,16,3,10,0,0,0,0,0,0,16,0,-3.4949999999999974,11.6522,0,0
4,0,1,1,22.96,26.515,52,8.9981,17,3,10,0,0,0,1,0,0,17,0,-3.5549999999999997,11.939200000000001,0,0
4,0,1,1,22.14,25.76,64,6.0032,18,3,10,0,0,0,1,0,0,18,0,-3.620000000000001,14.1696,0,0
4,0,1,1,21.32,25.0,59,7.0015,19,3,10,0,0,0,1,0,0,19,0,-3.6799999999999997,12.578800000000001,0,0
4,0,1,1,20.5,24.24,77,7.0015,20,3,10,0,0,0,0,0,0,20,0,-3.7399999999999984,15.785,0,0
4,0,1,1,18.86,22.725,88,6.0032,21,3,10,0,0,0,0,0,0,21,0,-3.865000000000002,16.596799999999998,0,0
4,0,1,1,18.86,22.725,82,0.0,22,3,10,0,0,0,0,0,0,22,0,-3.865000000000002,15.4652,0,0
4,0,1,1,18.04,21.97,88,6.0032,23,3,10,0,0,0,0,0,0,23,0,-3.9299999999999997,15.8752,0,0
4,0,1,1,18.04,21.97,88,0.0,0,4,10,0,0,0,0,0,1,0,0,-3.9299999999999997,15.8752,0,0
4,0,1,1,18.04,21.97,88,0.0,1,4,10,0,0,0,0,0,1,1,0,-3.9299999999999997,15.8752,0,0
4,0,1,1,17.22,21.21,88,0.0,2,4,10,0,0,0,0,0,1,2,0,-3.990000000000002,15.153599999999999,0,0
4,0,1,1,16.4,20.455,87,0.0,3,4,10,0,0,0,0,0,1,3,0,-4.055,14.267999999999999,0,0
4,0,1,1,16.4,20.455,87,7.0015,4,4,10,0,0,0,0,0,1,4,0,-4.055,14.267999999999999,0,0
4,0,1,1,17.22,21.21,82,0.0,5,4,10,0,0,0,0,0,1,5,0,-3.990000000000002,14.1204,0,0
4,0,1,1,17.22,21.21,88,0.0,6,4,10,0,0,0,0,0,0,6,0,-3.990000000000002,15.153599999999999,0,0
4,0,1,1,17.22,21.21,94,0.0,7,4,10,0,0,1,0,0,0,7,0,-3.990000000000002,16.186799999999998,0,0
4,0,1,1,18.86,22.725,82,0.0,8,4,10,0,0,1,0,0,0,8,0,-3.865000000000002,15.4652,0,0
4,0,1,1,19.68,23.485,77,0.0,9,4,10,0,0,1,0,0,0,9,0,-3.8049999999999997,15.153599999999999,0,0
4,0,1,1,21.32,25.0,68,6.0032,10,4,10,0,0,0,0,0,0,10,0,-3.6799999999999997,14.4976,0,0
4,0,1,1,22.96,26.515,63,0.0,11,4,10,0,0,0,0,0,0,11,0,-3.5549999999999997,14.4648,0,0
4,0,1,1,24.6,31.06,53,0.0,12,4,10,0,0,0,0,0,0,12,0,-6.459999999999997,13.038000000000002,0,0
4,0,1,1,24.6,31.06,46,0.0,13,4,10,0,0,0,0,0,0,13,0,-6.459999999999997,11.316,0,0
4,0,1,1,25.42,31.06,50,0.0,14,4,10,0,0,0,0,0,0,14,0,-5.639999999999997,12.71,0,0
4,0,1,1,27.06,31.06,41,0.0,15,4,10,0,0,0,0,0,0,15,0,-4.0,11.0946,0,0
4,0,1,1,26.24,31.06,44,0.0,16,4,10,0,0,0,0,0,0,16,0,-4.82,11.5456,0,0
4,0,1,1,24.6,31.06,56,16.9979,17,4,10,0,0,0,1,0,0,17,0,-6.459999999999997,13.776000000000002,0,0
4,0,1,1,22.96,26.515,60,6.0032,18,4,10,0,0,0,1,0,0,18,0,-3.5549999999999997,13.776000000000002,0,0
4,0,1,1,22.96,26.515,52,0.0,19,4,10,0,0,0,1,0,0,19,0,-3.5549999999999997,11.939200000000001,0,0
4,0,1,1,22.14,25.76,49,0.0,20,4,10,0,0,0,0,0,0,20,0,-3.620000000000001,10.848600000000001,0,0
4,0,1,1,20.5,24.24,68,0.0,21,4,10,0,0,0,0,0,0,21,0,-3.7399999999999984,13.94,0,0
4,0,1,1,20.5,24.24,68,0.0,22,4,10,0,0,0,0,0,0,22,0,-3.7399999999999984,13.94,0,0
4,0,1,1,20.5,24.24,63,0.0,23,4,10,0,0,0,0,0,0,23,0,-3.7399999999999984,12.915,0,0
4,0,0,1,19.68,23.485,72,0.0,0,5,10,0,1,0,0,0,1,0,0,-3.8049999999999997,14.1696,0,0
4,0,0,1,18.86,22.725,82,0.0,1,5,10,0,1,0,0,0,1,0,1,-3.865000000000002,15.4652,0,0
4,0,0,1,18.86,22.725,82,0.0,2,5,10,0,1,0,0,0,1,0,2,-3.865000000000002,15.4652,0,0
4,0,0,1,18.04,21.97,88,0.0,3,5,10,0,1,0,0,0,1,0,3,-3.9299999999999997,15.8752,0,0
4,0,0,1,17.22,21.21,94,8.9981,4,5,10,0,1,0,0,0,1,0,4,-3.990000000000002,16.186799999999998,0,0
4,0,0,1,17.22,21.21,88,7.0015,5,5,10,0,1,0,0,0,1,0,5,-3.990000000000002,15.153599999999999,0,0
4,0,0,1,17.22,21.21,94,0.0,6,5,10,0,1,0,0,0,0,0,6,-3.990000000000002,16.186799999999998,0,0
4,0,0,1,17.22,21.21,94,6.0032,7,5,10,0,1,0,0,0,0,0,7,-3.990000000000002,16.186799999999998,0,0
4,0,0,1,18.86,22.725,82,0.0,8,5,10,0,1,0,0,0,0,0,8,-3.865000000000002,15.4652,0,0
4,0,0,1,20.5,24.24,77,0.0,9,5,10,0,1,0,0,0,0,0,9,-3.7399999999999984,15.785,0,0
4,0,0,1,21.32,25.0,77,0.0,10,5,10,0,1,0,0,0,0,0,10,-3.6799999999999997,16.4164,0,0
4,0,0,1,23.78,27.275,56,0.0,11,5,10,0,1,0,0,1,0,0,11,-3.4949999999999974,13.3168,0,0
4,0,0,1,25.42,31.06,35,0.0,12,5,10,0,1,0,0,1,0,0,12,-5.639999999999997,8.897,0,0
4,0,0,1,25.42,31.06,46,7.0015,13,5,10,0,1,0,0,1,0,0,13,-5.639999999999997,11.693200000000001,0,0
4,0,0,1,25.42,31.06,50,6.0032,14,5,10,0,1,0,0,1,0,0,14,-5.639999999999997,12.71,0,0
4,0,0,1,27.06,31.06,39,0.0,15,5,10,0,1,0,0,1,0,0,15,-4.0,10.5534,0,0
4,0,0,1,26.24,31.06,44,6.0032,16,5,10,0,1,0,0,1,0,0,16,-4.82,11.5456,0,0
4,0,0,1,25.42,31.06,50,8.9981,17,5,10,0,1,0,0,0,0,0,17,-5.639999999999997,12.71,0,0
4,0,0,1,24.6,31.06,46,7.0015,18,5,10,0,1,0,0,0,0,0,18,-6.459999999999997,11.316,0,0
4,0,0,1,22.14,25.76,68,8.9981,19,5,10,0,1,0,0,0,0,0,19,-3.620000000000001,15.0552,0,0
4,0,0,1,21.32,25.0,77,7.0015,20,5,10,0,1,0,0,0,0,0,20,-3.6799999999999997,16.4164,0,0
4,0,0,1,21.32,25.0,77,0.0,21,5,10,0,1,0,0,0,0,0,21,-3.6799999999999997,16.4164,0,0
4,0,0,1,20.5,24.24,77,0.0,22,5,10,0,1,0,0,0,0,0,22,-3.7399999999999984,15.785,0,0
4,0,0,1,19.68,23.485,88,0.0,23,5,10,0,1,0,0,0,0,0,23,-3.8049999999999997,17.3184,0,0
4,0,0,1,18.86,22.725,88,6.0032,0,6,10,0,1,0,0,0,1,0,0,-3.865000000000002,16.596799999999998,0,0
4,0,0,1,18.86,22.725,88,0.0,1,6,10,0,1,0,0,0,1,0,1,-3.865000000000002,16.596799999999998,0,0
4,0,0,1,18.86,22.725,88,0.0,2,6,10,0,1,0,0,0,1,0,2,-3.865000000000002,16.596799999999998,0,0
4,0,0,1,18.04,21.97,88,0.0,3,6,10,0,1,0,0,0,1,0,3,-3.9299999999999997,15.8752,0,0
4,0,0,1,18.04,21.97,88,0.0,4,6,10,0,1,0,0,0,1,0,4,-3.9299999999999997,15.8752,0,0
4,0,0,1,18.04,21.97,88,0.0,5,6,10,0,1,0,0,0,1,0,5,-3.9299999999999997,15.8752,0,0
4,0,0,1,18.04,21.97,88,0.0,6,6,10,0,1,0,0,0,0,0,6,-3.9299999999999997,15.8752,0,0
4,0,0,1,18.04,21.97,86,0.0,7,6,10,0,1,0,0,0,0,0,7,-3.9299999999999997,15.514399999999998,0,0
4,0,0,1,18.86,22.725,88,0.0,8,6,10,0,1,0,0,0,0,0,8,-3.865000000000002,16.596799999999998,0,0
4,0,0,1,20.5,24.24,77,0.0,9,6,10,0,1,0,0,0,0,0,9,-3.7399999999999984,15.785,0,0
4,0,0,1,22.96,26.515,68,6.0032,10,6,10,0,1,0,0,0,0,0,10,-3.5549999999999997,15.6128,0,0
4,0,0,1,25.42,31.06,53,6.0032,11,6,10,0,1,0,0,1,0,0,11,-5.639999999999997,13.4726,0,0
4,0,0,1,26.24,31.06,44,6.0032,12,6,10,0,1,0,0,1,0,0,12,-4.82,11.5456,0,0
4,0,0,1,27.06,31.06,44,6.0032,13,6,10,0,1,0,0,1,0,0,13,-4.0,11.906399999999998,0,0
4,0,0,1,27.88,31.82,47,11.0014,14,6,10,0,1,0,0,1,0,0,14,-3.9400000000000013,13.103599999999998,0,0
4,0,0,1,27.88,31.82,51,11.0014,15,6,10,0,1,0,0,1,0,0,15,-3.9400000000000013,14.218799999999998,0,0
4,0,0,1,27.06,31.06,50,8.9981,16,6,10,0,1,0,0,1,0,0,16,-4.0,13.53,0,0
4,0,0,1,25.42,30.305,61,7.0015,17,6,10,0,1,0,0,0,0,0,17,-4.884999999999998,15.506200000000002,0,0
4,0,0,1,26.24,31.06,50,7.0015,18,6,10,0,1,0,0,0,0,0,18,-4.82,13.12,0,0
4,0,0,1,22.96,26.515,73,6.0032,19,6,10,0,1,0,0,0,0,0,19,-3.5549999999999997,16.760800000000003,0,0
4,0,0,1,22.96,26.515,73,7.0015,20,6,10,0,1,0,0,0,0,0,20,-3.5549999999999997,16.760800000000003,0,0
4,0,0,1,22.14,25.76,83,7.0015,21,6,10,0,1,0,0,0,0,0,21,-3.620000000000001,18.3762,0,0
4,0,0,2,21.32,25.0,94,0.0,22,6,10,0,1,0,0,0,0,0,22,-3.6799999999999997,20.0408,0,0
4,0,0,1,20.5,24.24,88,7.0015,23,6,10,0,1,0,0,0,0,0,23,-3.7399999999999984,18.04,0,0
4,1,0,1,20.5,24.24,94,0.0,0,0,10,0,0,0,0,0,1,0,0,-3.7399999999999984,19.27,0,0
4,1,0,1,19.68,23.485,88,0.0,1,0,10,0,0,0,0,0,1,0,0,-3.8049999999999997,17.3184,0,0
4,1,0,1,19.68,23.485,88,0.0,2,0,10,0,0,0,0,0,1,0,0,-3.8049999999999997,17.3184,0,0
4,1,0,1,18.86,22.725,88,0.0,3,0,10,0,0,0,0,0,1,0,0,-3.865000000000002,16.596799999999998,0,0
4,1,0,1,18.86,22.725,94,0.0,4,0,10,0,0,0,0,0,1,0,0,-3.865000000000002,17.7284,0,0
4,1,0,1,18.86,22.725,94,0.0,5,0,10,0,0,0,0,0,1,0,0,-3.865000000000002,17.7284,0,0
4,1,0,1,18.04,21.97,94,0.0,6,0,10,0,0,0,0,0,0,0,0,-3.9299999999999997,16.9576,0,0
4,1,0,1,18.86,22.725,88,0.0,7,0,10,0,0,0,0,0,0,0,0,-3.865000000000002,16.596799999999998,0,0
4,1,0,1,21.32,25.0,83,0.0,8,0,10,0,0,0,0,0,0,0,0,-3.6799999999999997,17.6956,0,0
4,1,0,1,22.14,25.76,77,0.0,9,0,10,0,0,0,0,0,0,0,0,-3.620000000000001,17.0478,0,0
4,1,0,1,22.96,26.515,73,11.0014,10,0,10,0,0,0,0,0,0,0,0,-3.5549999999999997,16.760800000000003,0,0
4,1,0,1,25.42,30.305,69,6.0032,11,0,10,0,0,0,0,0,0,0,0,-4.884999999999998,17.5398,0,0
4,1,0,2,28.7,32.575,48,6.0032,12,0,10,0,0,0,0,0,0,0,0,-3.8750000000000036,13.776,0,0
4,1,0,1,29.52,32.575,37,0.0,13,0,10,0,0,0,0,0,0,0,0,-3.0550000000000033,10.9224,0,0
4,1,0,1,30.34,32.575,37,0.0,14,0,10,0,0,0,0,0,0,0,0,-2.235000000000003,11.2258,0,0
4,1,0,2,29.52,32.575,42,7.0015,15,0,10,0,0,0,0,0,0,0,0,-3.0550000000000033,12.398399999999999,0,0
4,1,0,2,28.7,31.82,45,6.0032,16,0,10,0,0,0,0,0,0,0,0,-3.120000000000001,12.915,0,0
4,1,0,2,27.06,31.06,54,7.0015,17,0,10,0,0,0,0,0,0,0,0,-4.0,14.612400000000001,0,0
4,1,0,2,26.24,31.06,53,0.0,18,0,10,0,0,0,0,0,0,0,0,-4.82,13.9072,0,0
4,1,0,2,23.78,27.275,78,6.0032,19,0,10,0,0,0,0,0,0,0,0,-3.4949999999999974,18.5484,0,0
4,1,0,1,24.6,29.545,73,0.0,20,0,10,0,0,0,0,0,0,0,0,-4.945,17.958000000000002,0,0
4,1,0,1,22.96,26.515,88,6.0032,21,0,10,0,0,0,0,0,0,0,0,-3.5549999999999997,20.2048,0,0
4,1,0,1,22.96,26.515,88,6.0032,22,0,10,0,0,0,0,0,0,0,0,-3.5549999999999997,20.2048,0,0
4,1,0,2,22.14,25.76,88,7.0015,23,0,10,0,0,0,0,0,0,0,0,-3.620000000000001,19.4832,0,0
4,0,1,2,22.14,25.76,88,0.0,0,1,10,0,0,0,0,0,1,0,0,-3.620000000000001,19.4832,0,0
4,0,1,2,21.32,25.0,94,6.0032,1,1,10,0,0,0,0,0,1,1,0,-3.6799999999999997,20.0408,0,0
4,0,1,2,21.32,25.0,94,8.9981,2,1,10,0,0,0,0,0,1,2,0,-3.6799999999999997,20.0408,0,0
4,0,1,2,21.32,25.0,88,7.0015,3,1,10,0,0,0,0,0,1,3,0,-3.6799999999999997,18.7616,0,0
4,0,1,2,21.32,25.0,88,8.9981,4,1,10,0,0,0,0,0,1,4,0,-3.6799999999999997,18.7616,0,0
4,0,1,2,21.32,25.0,88,0.0,5,1,10,0,0,0,0,0,1,5,0,-3.6799999999999997,18.7616,0,0
4,0,1,1,21.32,25.0,83,6.0032,6,1,10,0,0,0,0,0,0,6,0,-3.6799999999999997,17.6956,0,0
4,0,1,2,21.32,25.0,88,6.0032,7,1,10,0,0,1,0,0,0,7,0,-3.6799999999999997,18.7616,0,0
4,0,1,2,22.96,26.515,83,7.0015,8,1,10,0,0,1,0,0,0,8,0,-3.5549999999999997,19.0568,0,0
4,0,1,2,24.6,29.545,69,0.0,9,1,10,0,0,1,0,0,0,9,0,-4.945,16.974,0,0
4,0,1,2,24.6,29.545,69,8.9981,10,1,10,0,0,0,0,0,0,10,0,-4.945,16.974,0,0
4,0,1,2,24.6,29.545,73,11.0014,11,1,10,0,0,0,0,0,0,11,0,-4.945,17.958000000000002,0,0
4,0,1,2,24.6,29.545,73,11.0014,12,1,10,0,0,0,0,0,0,12,0,-4.945,17.958000000000002,0,0
4,0,1,2,24.6,29.545,73,12.998,13,1,10,0,0,0,0,0,0,13,0,-4.945,17.958000000000002,0,0
4,0,1,3,24.6,29.545,73,7.0015,14,1,10,0,0,0,0,0,0,14,0,-4.945,17.958000000000002,0,1
4,0,1,2,24.6,28.79,78,11.0014,15,1,10,0,0,0,0,0,0,15,0,-4.189999999999998,19.188000000000002,0,0
4,0,1,2,24.6,29.545,73,11.0014,16,1,10,0,0,0,0,0,0,16,0,-4.945,17.958000000000002,0,0
4,0,1,2,24.6,28.79,78,16.9979,17,1,10,0,0,0,1,0,0,17,0,-4.189999999999998,19.188000000000002,0,0
4,0,1,2,24.6,28.79,78,15.0013,18,1,10,0,0,0,1,0,0,18,0,-4.189999999999998,19.188000000000002,0,0
4,0,1,2,23.78,27.275,83,15.0013,19,1,10,0,0,0,1,0,0,19,0,-3.4949999999999974,19.7374,0,0
4,0,1,2,23.78,27.275,83,15.0013,20,1,10,0,0,0,0,0,0,20,0,-3.4949999999999974,19.7374,0,0
4,0,1,2,23.78,27.275,78,12.998,21,1,10,0,0,0,0,0,0,21,0,-3.4949999999999974,18.5484,0,0
4,0,1,2,22.96,26.515,83,12.998,22,1,10,0,0,0,0,0,0,22,0,-3.5549999999999997,19.0568,0,0
4,0,1,2,22.96,26.515,83,19.0012,23,1,10,0,0,0,0,0,0,23,0,-3.5549999999999997,19.0568,0,0
4,0,1,2,22.96,26.515,83,8.9981,0,2,10,0,0,0,0,0,1,0,0,-3.5549999999999997,19.0568,0,0
4,0,1,3,22.96,26.515,83,8.9981,1,2,10,0,0,0,0,0,1,1,0,-3.5549999999999997,19.0568,0,1
4,0,1,2,22.96,26.515,83,19.0012,2,2,10,0,0,0,0,0,1,2,0,-3.5549999999999997,19.0568,0,0
4,0,1,3,22.14,25.76,94,19.9995,3,2,10,0,0,0,0,0,1,3,0,-3.620000000000001,20.8116,0,1
4,0,1,3,22.14,25.76,94,26.0027,4,2,10,0,0,0,0,0,1,4,0,-3.620000000000001,20.8116,0,1
4,0,1,2,22.14,25.76,88,22.0028,5,2,10,0,0,0,0,0,1,5,0,-3.620000000000001,19.4832,0,0
4,0,1,2,22.14,25.76,88,16.9979,6,2,10,0,0,0,0,0,0,6,0,-3.620000000000001,19.4832,0,0
4,0,1,2,22.14,25.76,88,26.0027,7,2,10,0,0,1,0,0,0,7,0,-3.620000000000001,19.4832,0,0
4,0,1,2,22.14,25.76,88,26.0027,8,2,10,0,0,1,0,0,0,8,0,-3.620000000000001,19.4832,0,0
4,0,1,2,22.14,25.76,88,30.0026,9,2,10,0,0,1,0,0,0,9,0,-3.620000000000001,19.4832,0,0
4,0,1,2,22.14,25.76,88,26.0027,10,2,10,0,0,0,0,0,0,10,0,-3.620000000000001,19.4832,0,0
4,0,1,3,22.14,25.76,94,22.0028,11,2,10,0,0,0,0,0,0,11,0,-3.620000000000001,20.8116,0,1
4,0,1,3,22.14,25.76,88,22.0028,12,2,10,0,0,0,0,0,0,12,0,-3.620000000000001,19.4832,0,1
4,0,1,3,22.14,25.76,88,15.0013,13,2,10,0,0,0,0,0,0,13,0,-3.620000000000001,19.4832,0,1
4,0,1,3,22.14,25.76,94,19.0012,14,2,10,0,0,0,0,0,0,14,0,-3.620000000000001,20.8116,0,1
4,0,1,3,22.14,25.76,94,16.9979,15,2,10,0,0,0,0,0,0,15,0,-3.620000000000001,20.8116,0,1
4,0,1,2,22.96,26.515,88,15.0013,16,2,10,0,0,0,0,0,0,16,0,-3.5549999999999997,20.2048,0,0
4,0,1,3,22.14,25.76,94,15.0013,17,2,10,0,0,0,1,0,0,17,0,-3.620000000000001,20.8116,0,1
4,0,1,3,22.14,25.76,94,8.9981,18,2,10,0,0,0,1,0,0,18,0,-3.620000000000001,20.8116,0,1
4,0,1,3,22.14,25.76,94,8.9981,19,2,10,0,0,0,1,0,0,19,0,-3.620000000000001,20.8116,0,1
4,0,1,3,22.14,25.76,94,7.0015,20,2,10,0,0,0,0,0,0,20,0,-3.620000000000001,20.8116,0,1
4,0,1,3,22.14,25.76,100,7.0015,21,2,10,0,0,0,0,0,0,21,0,-3.620000000000001,22.14,0,1
4,0,1,3,22.14,25.76,94,6.0032,22,2,10,0,0,0,0,0,0,22,0,-3.620000000000001,20.8116,0,1
4,0,1,3,22.14,25.76,94,6.0032,23,2,10,0,0,0,0,0,0,23,0,-3.620000000000001,20.8116,0,1
4,0,1,2,22.14,25.76,94,8.9981,0,3,10,0,0,0,0,0,1,0,0,-3.620000000000001,20.8116,0,0
4,0,1,2,22.14,25.76,94,0.0,1,3,10,0,0,0,0,0,1,1,0,-3.620000000000001,20.8116,0,0
4,0,1,2,22.14,25.76,94,0.0,2,3,10,0,0,0,0,0,1,2,0,-3.620000000000001,20.8116,0,0
4,0,1,2,22.14,25.76,100,12.998,3,3,10,0,0,0,0,0,1,3,0,-3.620000000000001,22.14,0,0
4,0,1,2,22.14,25.76,100,7.0015,4,3,10,0,0,0,0,0,1,4,0,-3.620000000000001,22.14,0,0
4,0,1,2,22.14,25.76,100,7.0015,5,3,10,0,0,0,0,0,1,5,0,-3.620000000000001,22.14,0,0
4,0,1,3,22.14,25.76,100,6.0032,6,3,10,0,0,0,0,0,0,6,0,-3.620000000000001,22.14,0,1
4,0,1,3,22.14,25.76,100,8.9981,7,3,10,0,0,1,0,0,0,7,0,-3.620000000000001,22.14,0,1
4,0,1,3,22.14,25.76,100,6.0032,8,3,10,0,0,1,0,0,0,8,0,-3.620000000000001,22.14,0,1
4,0,1,3,22.96,26.515,100,7.0015,9,3,10,0,0,1,0,0,0,9,0,-3.5549999999999997,22.96,0,1
4,0,1,3,22.96,26.515,100,8.9981,10,3,10,0,0,0,0,0,0,10,0,-3.5549999999999997,22.96,0,1
4,0,1,2,25.42,28.79,83,0.0,11,3,10,0,0,0,0,0,0,11,0,-3.3699999999999974,21.0986,0,0
4,0,1,2,25.42,28.03,88,0.0,12,3,10,0,0,0,0,0,0,12,0,-2.6099999999999994,22.369600000000002,0,0
4,0,1,2,26.24,28.79,83,11.0014,13,3,10,0,0,0,0,0,0,13,0,-2.5500000000000007,21.7792,0,0
4,0,1,1,27.06,30.305,78,12.998,14,3,10,0,0,0,0,0,0,14,0,-3.245000000000001,21.1068,0,0
4,0,1,1,27.06,30.305,78,12.998,15,3,10,0,0,0,0,0,0,15,0,-3.245000000000001,21.1068,0,0
4,0,1,1,27.06,31.06,74,15.0013,16,3,10,0,0,0,0,0,0,16,0,-4.0,20.0244,0,0
4,0,1,3,25.42,28.79,83,16.9979,17,3,10,0,0,0,1,0,0,17,0,-3.3699999999999974,21.0986,0,1
4,0,1,3,25.42,28.79,83,16.9979,18,3,10,0,0,0,1,0,0,18,0,-3.3699999999999974,21.0986,0,1
4,0,1,2,25.42,28.79,83,11.0014,19,3,10,0,0,0,1,0,0,19,0,-3.3699999999999974,21.0986,0,0
4,0,1,1,25.42,28.79,83,19.0012,20,3,10,0,0,0,0,0,0,20,0,-3.3699999999999974,21.0986,0,0
4,0,1,1,25.42,28.79,83,12.998,21,3,10,0,0,0,0,0,0,21,0,-3.3699999999999974,21.0986,0,0
4,0,1,1,25.42,28.79,83,12.998,22,3,10,0,0,0,0,0,0,22,0,-3.3699999999999974,21.0986,0,0
4,0,1,2,23.78,27.275,88,12.998,23,3,10,0,0,0,0,0,0,23,0,-3.4949999999999974,20.926400000000005,0,0
4,0,1,1,23.78,27.275,94,6.0032,0,4,10,0,0,0,0,0,1,0,0,-3.4949999999999974,22.3532,0,0
4,0,1,1,23.78,27.275,94,8.9981,1,4,10,0,0,0,0,0,1,1,0,-3.4949999999999974,22.3532,0,0
4,0,1,1,22.96,26.515,94,11.0014,2,4,10,0,0,0,0,0,1,2,0,-3.5549999999999997,21.582400000000003,0,0
4,0,1,1,22.96,26.515,94,8.9981,3,4,10,0,0,0,0,0,1,3,0,-3.5549999999999997,21.582400000000003,0,0
4,0,1,1,22.96,26.515,94,12.998,4,4,10,0,0,0,0,0,1,4,0,-3.5549999999999997,21.582400000000003,0,0
4,0,1,2,22.96,26.515,94,11.0014,5,4,10,0,0,0,0,0,1,5,0,-3.5549999999999997,21.582400000000003,0,0
4,0,1,3,22.96,26.515,88,12.998,6,4,10,0,0,0,0,0,0,6,0,-3.5549999999999997,20.2048,0,1
4,0,1,3,22.96,26.515,88,12.998,7,4,10,0,0,1,0,0,0,7,0,-3.5549999999999997,20.2048,0,1
4,0,1,2,22.96,26.515,90,11.0014,8,4,10,0,0,1,0,0,0,8,0,-3.5549999999999997,20.664,0,0
4,0,1,2,22.96,26.515,94,15.0013,9,4,10,0,0,1,0,0,0,9,0,-3.5549999999999997,21.582400000000003,0,0
4,0,1,3,22.14,25.76,88,23.9994,10,4,10,0,0,0,0,0,0,10,0,-3.620000000000001,19.4832,0,1
4,0,1,3,21.32,25.0,88,11.0014,11,4,10,0,0,0,0,0,0,11,0,-3.6799999999999997,18.7616,0,1
4,0,1,3,21.32,25.0,88,11.0014,12,4,10,0,0,0,0,0,0,12,0,-3.6799999999999997,18.7616,0,1
4,0,1,1,22.96,26.515,73,23.9994,13,4,10,0,0,0,0,0,0,13,0,-3.5549999999999997,16.760800000000003,0,0
4,0,1,1,25.42,31.06,43,23.9994,14,4,10,0,0,0,0,0,0,14,0,-5.639999999999997,10.930600000000002,0,0
4,0,1,1,25.42,31.06,43,19.0012,15,4,10,0,0,0,0,0,0,15,0,-5.639999999999997,10.930600000000002,0,0
4,0,1,1,24.6,31.06,43,15.0013,16,4,10,0,0,0,0,0,0,16,0,-6.459999999999997,10.578,0,0
4,0,1,1,23.78,27.275,46,27.9993,17,4,10,0,0,0,1,0,0,17,0,-3.4949999999999974,10.9388,0,0
4,0,1,1,22.14,25.76,39,19.0012,18,4,10,0,0,0,1,0,0,18,0,-3.620000000000001,8.6346,0,0
4,0,1,1,22.14,25.76,39,22.0028,19,4,10,0,0,0,1,0,0,19,0,-3.620000000000001,8.6346,0,0
4,0,1,1,21.32,25.0,42,12.998,20,4,10,0,0,0,0,0,0,20,0,-3.6799999999999997,8.9544,0,0
4,0,1,1,20.5,24.24,45,12.998,21,4,10,0,0,0,0,0,0,21,0,-3.7399999999999984,9.225,0,0
4,0,1,1,18.86,22.725,59,15.0013,22,4,10,0,0,0,0,0,0,22,0,-3.865000000000002,11.1274,0,0
4,0,1,1,18.86,22.725,59,11.0014,23,4,10,0,0,0,0,0,0,23,0,-3.865000000000002,11.1274,0,0
4,0,0,1,18.86,22.725,55,7.0015,0,5,10,0,1,0,0,0,1,0,0,-3.865000000000002,10.373,0,0
4,0,0,1,18.86,22.725,55,16.9979,1,5,10,0,1,0,0,0,1,0,1,-3.865000000000002,10.373,0,0
4,0,0,1,18.86,22.725,59,12.998,2,5,10,0,1,0,0,0,1,0,2,-3.865000000000002,11.1274,0,0
4,0,0,1,18.04,21.97,62,12.998,3,5,10,0,1,0,0,0,1,0,3,-3.9299999999999997,11.184800000000001,0,0
4,0,0,1,17.22,21.21,67,8.9981,4,5,10,0,1,0,0,0,1,0,4,-3.990000000000002,11.5374,0,0
4,0,0,1,17.22,21.21,71,11.0014,5,5,10,0,1,0,0,0,1,0,5,-3.990000000000002,12.226199999999999,0,0
4,0,0,1,16.4,20.455,71,0.0,6,5,10,0,1,0,0,0,0,0,6,-4.055,11.643999999999998,0,0
4,0,0,1,16.4,20.455,76,7.0015,7,5,10,0,1,0,0,0,0,0,7,-4.055,12.463999999999999,0,0
4,0,0,1,18.86,22.725,59,19.0012,8,5,10,0,1,0,0,0,0,0,8,-3.865000000000002,11.1274,0,0
4,0,0,1,21.32,25.0,48,19.9995,9,5,10,0,1,0,0,0,0,0,9,-3.6799999999999997,10.233600000000001,0,0
4,0,0,1,22.14,25.76,45,30.0026,10,5,10,0,1,0,0,0,0,0,10,-3.620000000000001,9.963000000000001,0,0
4,0,0,1,22.96,26.515,40,26.0027,11,5,10,0,1,0,0,1,0,0,11,-3.5549999999999997,9.184000000000001,0,0
4,0,0,1,23.78,27.275,35,36.9974,12,5,10,0,1,0,0,1,0,0,12,-3.4949999999999974,8.323,0,0
4,0,0,1,24.6,31.06,35,31.0009,13,5,10,0,1,0,0,1,0,0,13,-6.459999999999997,8.61,0,0
4,0,0,1,24.6,31.06,33,31.0009,14,5,10,0,1,0,0,1,0,0,14,-6.459999999999997,8.118,0,0
4,0,0,1,25.42,31.06,31,32.9975,15,5,10,0,1,0,0,1,0,0,15,-5.639999999999997,7.880200000000001,0,0
4,0,0,1,25.42,31.06,29,26.0027,16,5,10,0,1,0,0,1,0,0,16,-5.639999999999997,7.3718,0,0
4,0,0,1,23.78,27.275,32,19.0012,17,5,10,0,1,0,0,0,0,0,17,-3.4949999999999974,7.6096,0,0
4,0,0,1,22.14,25.76,39,12.998,18,5,10,0,1,0,0,0,0,0,18,-3.620000000000001,8.6346,0,0
4,0,0,1,20.5,24.24,51,8.9981,19,5,10,0,1,0,0,0,0,0,19,-3.7399999999999984,10.455,0,0
4,0,0,1,20.5,24.24,48,8.9981,20,5,10,0,1,0,0,0,0,0,20,-3.7399999999999984,9.84,0,0
4,0,0,1,20.5,24.24,42,15.0013,21,5,10,0,1,0,0,0,0,0,21,-3.7399999999999984,8.61,0,0
4,0,0,1,20.5,24.24,36,8.9981,22,5,10,0,1,0,0,0,0,0,22,-3.7399999999999984,7.38,0,0
4,0,0,1,19.68,23.485,41,11.0014,23,5,10,0,1,0,0,0,0,0,23,-3.8049999999999997,8.0688,0,0
4,0,0,1,18.86,22.725,44,8.9981,0,6,10,0,1,0,0,0,1,0,0,-3.865000000000002,8.298399999999999,0,0
4,0,0,1,18.04,21.97,47,8.9981,1,6,10,0,1,0,0,0,1,0,1,-3.9299999999999997,8.4788,0,0
4,0,0,1,17.22,21.21,54,8.9981,2,6,10,0,1,0,0,0,1,0,2,-3.990000000000002,9.298799999999998,0,0
4,0,0,1,17.22,21.21,54,8.9981,3,6,10,0,1,0,0,0,1,0,3,-3.990000000000002,9.298799999999998,0,0
4,0,0,1,17.22,21.21,54,12.998,4,6,10,0,1,0,0,0,1,0,4,-3.990000000000002,9.298799999999998,0,0
4,0,0,1,17.22,21.21,54,11.0014,5,6,10,0,1,0,0,0,1,0,5,-3.990000000000002,9.298799999999998,0,0
4,0,0,1,15.58,19.695,66,11.0014,6,6,10,0,1,0,0,0,0,0,6,-4.115,10.2828,0,0
4,0,0,1,16.4,20.455,62,8.9981,7,6,10,0,1,0,0,0,0,0,7,-4.055,10.168,0,0
4,0,0,1,18.04,21.97,62,12.998,8,6,10,0,1,0,0,0,0,0,8,-3.9299999999999997,11.184800000000001,0,0
4,0,0,1,20.5,24.24,45,15.0013,9,6,10,0,1,0,0,0,0,0,9,-3.7399999999999984,9.225,0,0
4,0,0,1,22.14,25.76,45,16.9979,10,6,10,0,1,0,0,0,0,0,10,-3.620000000000001,9.963000000000001,0,0
4,0,0,1,22.96,26.515,35,19.0012,11,6,10,0,1,0,0,1,0,0,11,-3.5549999999999997,8.036,0,0
4,0,0,1,23.78,27.275,35,16.9979,12,6,10,0,1,0,0,1,0,0,12,-3.4949999999999974,8.323,0,0
4,0,0,1,24.6,31.06,35,19.9995,13,6,10,0,1,0,0,1,0,0,13,-6.459999999999997,8.61,0,0
4,0,0,1,24.6,31.06,40,19.9995,14,6,10,0,1,0,0,1,0,0,14,-6.459999999999997,9.84,0,0
4,0,0,1,25.42,31.06,35,26.0027,15,6,10,0,1,0,0,1,0,0,15,-5.639999999999997,8.897,0,0
4,0,0,1,24.6,31.06,46,26.0027,16,6,10,0,1,0,0,1,0,0,16,-6.459999999999997,11.316,0,0
4,0,0,1,23.78,27.275,49,31.0009,17,6,10,0,1,0,0,0,0,0,17,-3.4949999999999974,11.6522,0,0
4,0,0,1,22.96,26.515,49,30.0026,18,6,10,0,1,0,0,0,0,0,18,-3.5549999999999997,11.250399999999999,0,0
4,0,0,1,22.14,25.76,52,26.0027,19,6,10,0,1,0,0,0,0,0,19,-3.620000000000001,11.5128,0,0
4,0,0,1,22.14,25.76,52,31.0009,20,6,10,0,1,0,0,0,0,0,20,-3.620000000000001,11.5128,0,0
4,0,0,1,22.14,25.76,52,26.0027,21,6,10,0,1,0,0,0,0,0,21,-3.620000000000001,11.5128,0,0
4,0,0,1,22.96,26.515,49,27.9993,22,6,10,0,1,0,0,0,0,0,22,-3.5549999999999997,11.250399999999999,0,0
4,0,0,1,22.96,26.515,52,27.9993,23,6,10,0,1,0,0,0,0,0,23,-3.5549999999999997,11.939200000000001,0,0
4,0,1,1,22.14,25.76,56,22.0028,0,0,10,0,0,0,0,0,1,0,0,-3.620000000000001,12.398400000000002,0,0
4,0,1,1,22.96,26.515,54,26.0027,1,0,10,0,0,0,0,0,1,1,0,-3.5549999999999997,12.398400000000002,0,0
4,0,1,1,22.96,26.515,54,26.0027,2,0,10,0,0,0,0,0,1,2,0,-3.5549999999999997,12.398400000000002,0,0
4,0,1,1,22.96,26.515,49,12.998,3,0,10,0,0,0,0,0,1,3,0,-3.5549999999999997,11.250399999999999,0,0
4,0,1,1,21.32,25.0,59,11.0014,4,0,10,0,0,0,0,0,1,4,0,-3.6799999999999997,12.578800000000001,0,0
4,0,1,1,20.5,24.24,63,19.9995,5,0,10,0,0,0,0,0,1,5,0,-3.7399999999999984,12.915,0,0
4,0,1,1,20.5,24.24,55,16.9979,6,0,10,0,0,0,0,0,0,6,0,-3.7399999999999984,11.275,0,0
4,0,1,2,20.5,24.24,55,11.0014,7,0,10,0,0,1,0,0,0,7,0,-3.7399999999999984,11.275,0,0
4,0,1,2,20.5,24.24,51,16.9979,8,0,10,0,0,1,0,0,0,8,0,-3.7399999999999984,10.455,0,0
4,0,1,2,20.5,24.24,45,19.0012,9,0,10,0,0,1,0,0,0,9,0,-3.7399999999999984,9.225,0,0
4,0,1,1,21.32,25.0,45,11.0014,10,0,10,0,0,0,0,0,0,10,0,-3.6799999999999997,9.594,0,0
4,0,1,1,22.96,26.515,43,0.0,11,0,10,0,0,0,0,0,0,11,0,-3.5549999999999997,9.872800000000002,0,0
4,0,1,1,22.96,26.515,40,6.0032,12,0,10,0,0,0,0,0,0,12,0,-3.5549999999999997,9.184000000000001,0,0
4,0,1,1,22.96,26.515,46,6.0032,13,0,10,0,0,0,0,0,0,13,0,-3.5549999999999997,10.5616,0,0
4,0,1,1,23.78,27.275,49,12.998,14,0,10,0,0,0,0,0,0,14,0,-3.4949999999999974,11.6522,0,0
4,0,1,1,22.96,26.515,60,16.9979,15,0,10,0,0,0,0,0,0,15,0,-3.5549999999999997,13.776000000000002,0,0
4,0,1,1,23.78,27.275,56,16.9979,16,0,10,0,0,0,0,0,0,16,0,-3.4949999999999974,13.3168,0,0
4,0,1,1,22.96,26.515,64,8.9981,17,0,10,0,0,0,1,0,0,17,0,-3.5549999999999997,14.6944,0,0
4,0,1,1,22.96,26.515,60,0.0,18,0,10,0,0,0,1,0,0,18,0,-3.5549999999999997,13.776000000000002,0,0
4,0,1,1,22.14,25.76,68,7.0015,19,0,10,0,0,0,1,0,0,19,0,-3.620000000000001,15.0552,0,0
4,0,1,1,21.32,25.0,77,7.0015,20,0,10,0,0,0,0,0,0,20,0,-3.6799999999999997,16.4164,0,0
4,0,1,1,20.5,24.24,77,7.0015,21,0,10,0,0,0,0,0,0,21,0,-3.7399999999999984,15.785,0,0
4,0,1,1,20.5,24.24,77,0.0,22,0,10,0,0,0,0,0,0,22,0,-3.7399999999999984,15.785,0,0
4,0,1,2,19.68,23.485,88,0.0,23,0,10,0,0,0,0,0,0,23,0,-3.8049999999999997,17.3184,0,0
4,0,1,1,19.68,23.485,82,0.0,0,1,10,0,0,0,0,0,1,0,0,-3.8049999999999997,16.1376,0,0
4,0,1,2,18.86,22.725,88,0.0,1,1,10,0,0,0,0,0,1,1,0,-3.865000000000002,16.596799999999998,0,0
4,0,1,1,18.04,21.97,94,6.0032,2,1,10,0,0,0,0,0,1,2,0,-3.9299999999999997,16.9576,0,0
4,0,1,1,18.04,21.97,94,6.0032,3,1,10,0,0,0,0,0,1,3,0,-3.9299999999999997,16.9576,0,0
4,0,1,2,18.04,21.97,94,7.0015,4,1,10,0,0,0,0,0,1,4,0,-3.9299999999999997,16.9576,0,0
4,0,1,2,18.86,22.725,88,0.0,5,1,10,0,0,0,0,0,1,5,0,-3.865000000000002,16.596799999999998,0,0
4,0,1,1,18.86,22.725,82,6.0032,6,1,10,0,0,0,0,0,0,6,0,-3.865000000000002,15.4652,0,0
4,0,1,1,18.86,22.725,88,6.0032,7,1,10,0,0,1,0,0,0,7,0,-3.865000000000002,16.596799999999998,0,0
4,0,1,1,20.5,24.24,77,6.0032,8,1,10,0,0,1,0,0,0,8,0,-3.7399999999999984,15.785,0,0
4,0,1,2,21.32,25.0,77,6.0032,9,1,10,0,0,1,0,0,0,9,0,-3.6799999999999997,16.4164,0,0
4,0,1,2,22.96,26.515,68,0.0,10,1,10,0,0,0,0,0,0,10,0,-3.5549999999999997,15.6128,0,0
4,0,1,2,24.6,31.06,49,7.0015,11,1,10,0,0,0,0,0,0,11,0,-6.459999999999997,12.054,0,0
4,0,1,2,25.42,31.06,43,6.0032,12,1,10,0,0,0,0,0,0,12,0,-5.639999999999997,10.930600000000002,0,0
4,0,1,2,26.24,31.06,38,12.998,13,1,10,0,0,0,0,0,0,13,0,-4.82,9.9712,0,0
4,0,1,2,25.42,31.06,41,11.0014,14,1,10,0,0,0,0,0,0,14,0,-5.639999999999997,10.4222,0,0
4,0,1,1,25.42,31.06,50,12.998,15,1,10,0,0,0,0,0,0,15,0,-5.639999999999997,12.71,0,0
4,0,1,1,25.42,31.06,57,16.9979,16,1,10,0,0,0,0,0,0,16,0,-5.639999999999997,14.4894,0,0
4,0,1,1,24.6,30.305,60,8.9981,17,1,10,0,0,0,1,0,0,17,0,-5.704999999999998,14.76,0,0
4,0,1,1,22.96,26.515,68,7.0015,18,1,10,0,0,0,1,0,0,18,0,-3.5549999999999997,15.6128,0,0
4,0,1,1,22.96,26.515,60,7.0015,19,1,10,0,0,0,1,0,0,19,0,-3.5549999999999997,13.776000000000002,0,0
4,0,1,1,22.14,25.76,64,11.0014,20,1,10,0,0,0,0,0,0,20,0,-3.620000000000001,14.1696,0,0
4,0,1,2,22.14,25.76,68,8.9981,21,1,10,0,0,0,0,0,0,21,0,-3.620000000000001,15.0552,0,0
4,0,1,2,21.32,25.0,77,11.0014,22,1,10,0,0,0,0,0,0,22,0,-3.6799999999999997,16.4164,0,0
4,0,1,2,21.32,25.0,77,12.998,23,1,10,0,0,0,0,0,0,23,0,-3.6799999999999997,16.4164,0,0
4,0,1,2,21.32,25.0,77,12.998,0,2,10,0,0,0,0,0,1,0,0,-3.6799999999999997,16.4164,0,0
4,0,1,2,21.32,25.0,77,12.998,1,2,10,0,0,0,0,0,1,1,0,-3.6799999999999997,16.4164,0,0
4,0,1,2,21.32,25.0,77,12.998,2,2,10,0,0,0,0,0,1,2,0,-3.6799999999999997,16.4164,0,0
4,0,1,3,20.5,24.24,94,12.998,4,2,10,0,0,0,0,0,1,4,0,-3.7399999999999984,19.27,0,1
4,0,1,3,20.5,24.24,100,7.0015,5,2,10,0,0,0,0,0,1,5,0,-3.7399999999999984,20.5,0,1
4,0,1,3,21.32,25.0,83,16.9979,6,2,10,0,0,0,0,0,0,6,0,-3.6799999999999997,17.6956,0,1
4,0,1,3,21.32,25.0,77,16.9979,7,2,10,0,0,1,0,0,0,7,0,-3.6799999999999997,16.4164,0,1
4,0,1,3,22.14,25.76,70,32.9975,8,2,10,0,0,1,0,0,0,8,0,-3.620000000000001,15.498,0,1
4,0,1,3,21.32,25.0,88,32.9975,9,2,10,0,0,1,0,0,0,9,0,-3.6799999999999997,18.7616,0,1
4,0,1,3,21.32,25.0,88,32.9975,10,2,10,0,0,0,0,0,0,10,0,-3.6799999999999997,18.7616,0,1
4,0,1,3,21.32,25.0,94,16.9979,11,2,10,0,0,0,0,0,0,11,0,-3.6799999999999997,20.0408,0,1
4,0,1,3,21.32,25.0,94,22.0028,12,2,10,0,0,0,0,0,0,12,0,-3.6799999999999997,20.0408,0,1
4,0,1,2,22.14,25.76,94,19.0012,13,2,10,0,0,0,0,0,0,13,0,-3.620000000000001,20.8116,0,0
4,0,1,3,22.14,25.76,94,11.0014,14,2,10,0,0,0,0,0,0,14,0,-3.620000000000001,20.8116,0,1
4,0,1,3,22.14,25.76,100,8.9981,15,2,10,0,0,0,0,0,0,15,0,-3.620000000000001,22.14,0,1
4,0,1,3,22.96,26.515,94,11.0014,16,2,10,0,0,0,0,0,0,16,0,-3.5549999999999997,21.582400000000003,0,1
4,0,1,3,22.96,26.515,94,11.0014,17,2,10,0,0,0,1,0,0,17,0,-3.5549999999999997,21.582400000000003,0,1
4,0,1,3,22.96,26.515,100,11.0014,18,2,10,0,0,0,1,0,0,18,0,-3.5549999999999997,22.96,0,1
4,0,1,2,24.6,27.275,88,8.9981,19,2,10,0,0,0,1,0,0,19,0,-2.674999999999997,21.648000000000003,0,0
4,0,1,3,24.6,25.76,94,6.0032,20,2,10,0,0,0,0,0,0,20,0,-1.1600000000000001,23.124000000000002,0,1
4,0,1,2,23.78,27.275,94,8.9981,21,2,10,0,0,0,0,0,0,21,0,-3.4949999999999974,22.3532,0,0
4,0,1,2,23.78,27.275,94,23.9994,22,2,10,0,0,0,0,0,0,22,0,-3.4949999999999974,22.3532,0,0
4,0,1,2,23.78,27.275,94,23.9994,23,2,10,0,0,0,0,0,0,23,0,-3.4949999999999974,22.3532,0,0
4,0,1,2,14.76,17.425,87,11.0014,0,1,11,0,0,0,0,0,1,0,0,-2.665000000000001,12.841199999999999,0,0
4,0,1,1,14.76,17.425,81,8.9981,1,1,11,0,0,0,0,0,1,1,0,-2.665000000000001,11.955599999999999,0,0
4,0,1,2,14.76,17.425,81,11.0014,2,1,11,0,0,0,0,0,1,2,0,-2.665000000000001,11.955599999999999,0,0
4,0,1,2,14.76,17.425,81,8.9981,3,1,11,0,0,0,0,0,1,3,0,-2.665000000000001,11.955599999999999,0,0
4,0,1,1,13.94,15.91,81,15.0013,4,1,11,0,0,0,0,0,1,4,0,-1.9700000000000006,11.2914,0,0
4,0,1,1,13.12,15.91,81,12.998,5,1,11,0,0,0,0,0,1,5,0,-2.790000000000001,10.6272,0,0
4,0,1,1,13.12,15.91,81,12.998,6,1,11,0,0,0,0,0,0,6,0,-2.790000000000001,10.6272,0,0
4,0,1,1,13.94,16.665,76,12.998,7,1,11,0,0,1,0,0,0,7,0,-2.7249999999999996,10.5944,0,0
4,0,1,1,14.76,16.665,71,16.9979,8,1,11,0,0,1,0,0,0,8,0,-1.9049999999999994,10.4796,0,0
4,0,1,1,16.4,20.455,66,11.0014,9,1,11,0,0,1,0,0,0,9,0,-4.055,10.823999999999998,0,0
4,0,1,1,18.04,21.97,62,8.9981,10,1,11,0,0,0,0,0,0,10,0,-3.9299999999999997,11.184800000000001,0,0
4,0,1,1,18.86,22.725,63,7.0015,11,1,11,0,0,0,0,0,0,11,0,-3.865000000000002,11.8818,0,0
4,0,1,1,20.5,24.24,48,6.0032,12,1,11,0,0,0,0,0,0,12,0,-3.7399999999999984,9.84,0,0
4,0,1,1,19.68,23.485,55,12.998,13,1,11,0,0,0,0,0,0,13,0,-3.8049999999999997,10.824000000000002,0,0
4,0,1,1,20.5,24.24,48,16.9979,14,1,11,0,0,0,0,0,0,14,0,-3.7399999999999984,9.84,0,0
4,0,1,1,20.5,24.24,45,8.9981,15,1,11,0,0,0,0,0,0,15,0,-3.7399999999999984,9.225,0,0
4,0,1,1,19.68,23.485,44,11.0014,16,1,11,0,0,0,0,0,0,16,0,-3.8049999999999997,8.6592,0,0
4,0,1,1,18.04,21.97,54,11.0014,17,1,11,0,0,0,1,0,0,17,0,-3.9299999999999997,9.7416,0,0
4,0,1,1,17.22,21.21,58,7.0015,18,1,11,0,0,0,1,0,0,18,0,-3.990000000000002,9.9876,0,0
4,0,1,1,17.22,21.21,58,6.0032,19,1,11,0,0,0,1,0,0,19,0,-3.990000000000002,9.9876,0,0
4,0,1,1,16.4,20.455,71,0.0,20,1,11,0,0,0,0,0,0,20,0,-4.055,11.643999999999998,0,0
4,0,1,1,14.76,18.94,81,0.0,21,1,11,0,0,0,0,0,0,21,0,-4.1800000000000015,11.955599999999999,0,0
4,0,1,1,14.76,18.94,81,0.0,22,1,11,0,0,0,0,0,0,22,0,-4.1800000000000015,11.955599999999999,0,0
4,0,1,1,13.94,18.18,87,0.0,23,1,11,0,0,0,0,0,0,23,0,-4.24,12.1278,0,0
4,0,1,1,13.12,17.425,87,0.0,0,2,11,0,0,0,0,0,1,0,0,-4.3050000000000015,11.414399999999999,0,0
4,0,1,1,12.3,16.665,87,0.0,1,2,11,0,0,0,0,0,1,1,0,-4.364999999999998,10.701,0,0
4,0,1,1,12.3,16.665,87,0.0,2,2,11,0,0,0,0,0,1,2,0,-4.364999999999998,10.701,0,0
4,0,1,1,12.3,16.665,75,0.0,3,2,11,0,0,0,0,0,1,3,0,-4.364999999999998,9.225,0,0
4,0,1,1,12.3,16.665,87,0.0,4,2,11,0,0,0,0,0,1,4,0,-4.364999999999998,10.701,0,0
4,0,1,1,12.3,16.665,81,0.0,5,2,11,0,0,0,0,0,1,5,0,-4.364999999999998,9.963000000000001,0,0
4,0,1,1,12.3,16.665,81,0.0,6,2,11,0,0,0,0,0,0,6,0,-4.364999999999998,9.963000000000001,0,0
4,0,1,1,12.3,16.665,81,0.0,7,2,11,0,0,1,0,0,0,7,0,-4.364999999999998,9.963000000000001,0,0
4,0,1,1,13.12,17.425,87,0.0,8,2,11,0,0,1,0,0,0,8,0,-4.3050000000000015,11.414399999999999,0,0
4,0,1,1,13.94,18.18,87,0.0,9,2,11,0,0,1,0,0,0,9,0,-4.24,12.1278,0,0
4,0,1,1,16.4,20.455,71,6.0032,10,2,11,0,0,0,0,0,0,10,0,-4.055,11.643999999999998,0,0
4,0,1,1,17.22,21.21,71,8.9981,11,2,11,0,0,0,0,0,0,11,0,-3.990000000000002,12.226199999999999,0,0
4,0,1,1,18.86,22.725,55,11.0014,12,2,11,0,0,0,0,0,0,12,0,-3.865000000000002,10.373,0,0
4,0,1,1,19.68,23.485,48,11.0014,13,2,11,0,0,0,0,0,0,13,0,-3.8049999999999997,9.4464,0,0
4,0,1,1,20.5,24.24,45,11.0014,14,2,11,0,0,0,0,0,0,14,0,-3.7399999999999984,9.225,0,0
4,0,1,1,19.68,23.485,51,11.0014,15,2,11,0,0,0,0,0,0,15,0,-3.8049999999999997,10.0368,0,0
4,0,1,1,19.68,23.485,51,7.0015,16,2,11,0,0,0,0,0,0,16,0,-3.8049999999999997,10.0368,0,0
4,0,1,1,18.04,21.97,62,12.998,17,2,11,0,0,0,1,0,0,17,0,-3.9299999999999997,11.184800000000001,0,0
4,0,1,1,17.22,21.21,71,11.0014,18,2,11,0,0,0,1,0,0,18,0,-3.990000000000002,12.226199999999999,0,0
4,0,1,1,16.4,20.455,76,8.9981,19,2,11,0,0,0,1,0,0,19,0,-4.055,12.463999999999999,0,0
4,0,1,1,16.4,20.455,66,8.9981,20,2,11,0,0,0,0,0,0,20,0,-4.055,10.823999999999998,0,0
4,0,1,1,15.58,19.695,71,8.9981,21,2,11,0,0,0,0,0,0,21,0,-4.115,11.0618,0,0
4,0,1,1,14.76,17.425,71,8.9981,22,2,11,0,0,0,0,0,0,22,0,-2.665000000000001,10.4796,0,0
4,0,1,1,14.76,18.18,76,6.0032,23,2,11,0,0,0,0,0,0,23,0,-3.42,11.2176,0,0
4,0,1,1,14.76,18.18,76,6.0032,0,3,11,0,0,0,0,0,1,0,0,-3.42,11.2176,0,0
4,0,1,1,13.94,16.665,81,8.9981,1,3,11,0,0,0,0,0,1,1,0,-2.7249999999999996,11.2914,0,0
4,0,1,1,13.94,16.665,76,8.9981,2,3,11,0,0,0,0,0,1,2,0,-2.7249999999999996,10.5944,0,0
4,0,1,1,13.94,16.665,81,8.9981,3,3,11,0,0,0,0,0,1,3,0,-2.7249999999999996,11.2914,0,0
4,0,1,1,13.12,16.665,81,6.0032,4,3,11,0,0,0,0,0,1,4,0,-3.545,10.6272,0,0
4,0,1,1,13.12,16.665,81,8.9981,5,3,11,0,0,0,0,0,1,5,0,-3.545,10.6272,0,0
4,0,1,1,13.94,16.665,76,12.998,6,3,11,0,0,0,0,0,0,6,0,-2.7249999999999996,10.5944,0,0
4,0,1,2,13.12,16.665,81,6.0032,7,3,11,0,0,1,0,0,0,7,0,-3.545,10.6272,0,0
4,0,1,2,13.94,17.425,81,6.0032,8,3,11,0,0,1,0,0,0,8,0,-3.485000000000001,11.2914,0,0
4,0,1,2,14.76,17.425,81,12.998,9,3,11,0,0,1,0,0,0,9,0,-2.665000000000001,11.955599999999999,0,0
4,0,1,2,16.4,20.455,76,12.998,10,3,11,0,0,0,0,0,0,10,0,-4.055,12.463999999999999,0,0
4,0,1,1,18.04,21.97,67,12.998,11,3,11,0,0,0,0,0,0,11,0,-3.9299999999999997,12.086799999999998,0,0
4,0,1,1,20.5,24.24,51,12.998,12,3,11,0,0,0,0,0,0,12,0,-3.7399999999999984,10.455,0,0
4,0,1,2,21.32,25.0,48,16.9979,13,3,11,0,0,0,0,0,0,13,0,-3.6799999999999997,10.233600000000001,0,0
4,0,1,1,21.32,25.0,52,11.0014,14,3,11,0,0,0,0,0,0,14,0,-3.6799999999999997,11.086400000000001,0,0
4,0,1,1,21.32,25.0,52,11.0014,15,3,11,0,0,0,0,0,0,15,0,-3.6799999999999997,11.086400000000001,0,0
4,0,1,1,21.32,25.0,48,12.998,16,3,11,0,0,0,0,0,0,16,0,-3.6799999999999997,10.233600000000001,0,0
4,0,1,1,19.68,23.485,55,6.0032,17,3,11,0,0,0,1,0,0,17,0,-3.8049999999999997,10.824000000000002,0,0
4,0,1,1,18.86,22.725,63,8.9981,18,3,11,0,0,0,1,0,0,18,0,-3.865000000000002,11.8818,0,0
4,0,1,1,18.04,21.97,67,6.0032,19,3,11,0,0,0,1,0,0,19,0,-3.9299999999999997,12.086799999999998,0,0
4,0,1,1,17.22,21.21,71,7.0015,20,3,11,0,0,0,0,0,0,20,0,-3.990000000000002,12.226199999999999,0,0
4,0,1,1,16.4,20.455,76,8.9981,21,3,11,0,0,0,0,0,0,21,0,-4.055,12.463999999999999,0,0
4,0,1,1,16.4,20.455,82,0.0,22,3,11,0,0,0,0,0,0,22,0,-4.055,13.448,0,0
4,0,1,1,16.4,20.455,82,6.0032,23,3,11,0,0,0,0,0,0,23,0,-4.055,13.448,0,0
4,0,1,2,16.4,20.455,82,0.0,0,4,11,0,0,0,0,0,1,0,0,-4.055,13.448,0,0
4,0,1,2,16.4,20.455,82,0.0,1,4,11,0,0,0,0,0,1,1,0,-4.055,13.448,0,0
4,0,1,2,16.4,20.455,76,0.0,2,4,11,0,0,0,0,0,1,2,0,-4.055,12.463999999999999,0,0
4,0,1,2,15.58,19.695,87,11.0014,3,4,11,0,0,0,0,0,1,3,0,-4.115,13.5546,0,0
4,0,1,2,15.58,19.695,87,6.0032,4,4,11,0,0,0,0,0,1,4,0,-4.115,13.5546,0,0
4,0,1,2,15.58,19.695,87,0.0,5,4,11,0,0,0,0,0,1,5,0,-4.115,13.5546,0,0
4,0,1,2,15.58,19.695,87,6.0032,6,4,11,0,0,0,0,0,0,6,0,-4.115,13.5546,0,0
4,0,1,2,16.4,20.455,86,15.0013,7,4,11,0,0,1,0,0,0,7,0,-4.055,14.104,0,0
4,0,1,2,16.4,20.455,87,23.9994,8,4,11,0,0,1,0,0,0,8,0,-4.055,14.267999999999999,0,0
4,0,1,2,17.22,21.21,71,31.0009,9,4,11,0,0,1,0,0,0,9,0,-3.990000000000002,12.226199999999999,0,0
4,0,1,2,17.22,21.21,71,22.0028,10,4,11,0,0,0,0,0,0,10,0,-3.990000000000002,12.226199999999999,0,0
4,0,1,2,18.04,21.97,67,30.0026,11,4,11,0,0,0,0,0,0,11,0,-3.9299999999999997,12.086799999999998,0,0
4,0,1,2,19.68,23.485,55,32.9975,12,4,11,0,0,0,0,0,0,12,0,-3.8049999999999997,10.824000000000002,0,0
4,0,1,1,18.04,21.97,51,27.9993,13,4,11,0,0,0,0,0,0,13,0,-3.9299999999999997,9.2004,0,0
4,0,1,1,18.04,21.97,47,19.9995,14,4,11,0,0,0,0,0,0,14,0,-3.9299999999999997,8.4788,0,0
4,0,1,1,18.86,22.725,44,26.0027,15,4,11,0,0,0,0,0,0,15,0,-3.865000000000002,8.298399999999999,0,0
4,0,1,1,18.86,22.725,36,26.0027,16,4,11,0,0,0,0,0,0,16,0,-3.865000000000002,6.7896,0,0
4,0,1,1,17.22,21.21,38,23.9994,17,4,11,0,0,0,1,0,0,17,0,-3.990000000000002,6.543599999999999,0,0
4,0,1,1,17.22,21.21,32,31.0009,18,4,11,0,0,0,1,0,0,18,0,-3.990000000000002,5.5104,0,0
4,0,1,1,16.4,20.455,37,23.9994,19,4,11,0,0,0,1,0,0,19,0,-4.055,6.068,0,0
4,0,1,1,14.76,16.665,43,19.0012,20,4,11,0,0,0,0,0,0,20,0,-1.9049999999999994,6.346799999999999,0,0
4,0,1,1,13.94,15.91,46,16.9979,21,4,11,0,0,0,0,0,0,21,0,-1.9700000000000006,6.4124,0,0
4,0,1,1,13.94,15.15,46,22.0028,22,4,11,0,0,0,0,0,0,22,0,-1.2100000000000009,6.4124,0,0
4,0,1,1,13.12,15.15,49,22.0028,23,4,11,0,0,0,0,0,0,23,0,-2.030000000000001,6.4288,0,0
4,0,0,1,13.12,14.395,45,23.9994,0,5,11,0,1,0,0,0,1,0,0,-1.2750000000000004,5.904,0,0
4,0,0,1,13.12,15.15,45,19.9995,1,5,11,0,1,0,0,0,1,0,1,-2.030000000000001,5.904,0,0
4,0,0,1,12.3,13.635,52,22.0028,2,5,11,0,1,0,0,0,1,0,2,-1.334999999999999,6.396,0,0
4,0,0,1,12.3,13.635,52,19.9995,3,5,11,0,1,0,0,0,1,0,3,-1.334999999999999,6.396,0,0
4,0,0,1,11.48,12.88,56,22.0028,4,5,11,0,1,0,0,0,1,0,4,-1.4000000000000004,6.4288,0,0
4,0,0,1,10.66,11.365,60,22.0028,5,5,11,0,1,0,0,0,1,0,5,-0.7050000000000001,6.396,0,0
4,0,0,1,10.66,12.12,60,16.9979,6,5,11,0,1,0,0,0,0,0,6,-1.459999999999999,6.396,0,0
4,0,0,1,10.66,12.12,60,19.0012,7,5,11,0,1,0,0,0,0,0,7,-1.459999999999999,6.396,0,0
4,0,0,1,11.48,12.88,56,22.0028,8,5,11,0,1,0,0,0,0,0,8,-1.4000000000000004,6.4288,0,0
4,0,0,1,12.3,13.635,56,19.9995,9,5,11,0,1,0,0,0,0,0,9,-1.334999999999999,6.888000000000001,0,0
4,0,0,1,13.12,15.15,53,16.9979,10,5,11,0,1,0,0,0,0,0,10,-2.030000000000001,6.9536,0,0
4,0,0,1,14.76,18.18,46,7.0015,11,5,11,0,1,0,0,1,0,0,11,-3.42,6.7896,0,0
4,0,0,1,14.76,17.425,46,11.0014,12,5,11,0,1,0,0,1,0,0,12,-2.665000000000001,6.7896,0,0
4,0,0,1,16.4,20.455,37,7.0015,13,5,11,0,1,0,0,1,0,0,13,-4.055,6.068,0,0
4,0,0,1,17.22,21.21,35,8.9981,14,5,11,0,1,0,0,1,0,0,14,-3.990000000000002,6.026999999999999,0,0
4,0,0,1,16.4,20.455,37,12.998,15,5,11,0,1,0,0,1,0,0,15,-4.055,6.068,0,0
4,0,0,1,16.4,20.455,40,15.0013,16,5,11,0,1,0,0,1,0,0,16,-4.055,6.56,0,0
4,0,0,1,15.58,19.695,40,11.0014,17,5,11,0,1,0,0,0,0,0,17,-4.115,6.232,0,0
4,0,0,1,14.76,18.18,50,6.0032,18,5,11,0,1,0,0,0,0,0,18,-3.42,7.38,0,0
4,0,0,1,13.94,18.18,53,0.0,19,5,11,0,1,0,0,0,0,0,19,-4.24,7.388199999999999,0,0
4,0,0,1,13.12,17.425,66,0.0,20,5,11,0,1,0,0,0,0,0,20,-4.3050000000000015,8.6592,0,0
4,0,0,1,13.12,17.425,66,0.0,21,5,11,0,1,0,0,0,0,0,21,-4.3050000000000015,8.6592,0,0
4,0,0,1,12.3,16.665,65,0.0,22,5,11,0,1,0,0,0,0,0,22,-4.364999999999998,7.995,0,0
4,0,0,1,11.48,15.91,70,0.0,23,5,11,0,1,0,0,0,0,0,23,-4.43,8.036,0,0
4,0,0,1,11.48,15.91,75,0.0,0,6,11,0,1,0,0,0,1,0,0,-4.43,8.61,0,0
4,0,0,1,10.66,15.15,81,0.0,1,6,11,0,1,0,0,0,1,0,1,-4.49,8.6346,0,0
4,0,0,1,10.66,15.15,81,0.0,2,6,11,0,1,0,0,0,1,0,2,-4.49,8.6346,0,0
4,0,0,1,9.84,14.395,87,0.0,3,6,11,0,1,0,0,0,1,0,3,-4.555,8.5608,0,0
4,0,0,1,9.84,14.395,87,0.0,4,6,11,0,1,0,0,0,1,0,4,-4.555,8.5608,0,0
4,0,0,1,9.84,12.12,87,8.9981,5,6,11,0,1,0,0,0,1,0,5,-2.2799999999999994,8.5608,0,0
4,0,0,1,10.66,14.395,81,6.0032,6,6,11,0,1,0,0,0,0,0,6,-3.7349999999999994,8.6346,0,0
4,0,0,1,10.66,13.635,87,7.0015,7,6,11,0,1,0,0,0,0,0,7,-2.9749999999999996,9.2742,0,0
4,0,0,2,11.48,15.15,87,6.0032,8,6,11,0,1,0,0,0,0,0,8,-3.67,9.9876,0,0
4,0,0,2,12.3,15.91,75,6.0032,9,6,11,0,1,0,0,0,0,0,9,-3.6099999999999994,9.225,0,0
4,0,0,1,14.76,18.18,66,6.0032,10,6,11,0,1,0,0,0,0,0,10,-3.42,9.7416,0,0
4,0,0,1,17.22,21.21,58,6.0032,11,6,11,0,1,0,0,1,0,0,11,-3.990000000000002,9.9876,0,0
4,0,0,1,18.04,21.97,54,0.0,12,6,11,0,1,0,0,1,0,0,12,-3.9299999999999997,9.7416,0,0
4,0,0,1,18.86,22.725,51,11.0014,13,6,11,0,1,0,0,1,0,0,13,-3.865000000000002,9.6186,0,0
4,0,0,1,18.86,22.725,55,12.998,14,6,11,0,1,0,0,1,0,0,14,-3.865000000000002,10.373,0,0
4,0,0,1,19.68,23.485,51,12.998,15,6,11,0,1,0,0,1,0,0,15,-3.8049999999999997,10.0368,0,0
4,0,0,1,18.86,22.725,55,15.0013,16,6,11,0,1,0,0,1,0,0,16,-3.865000000000002,10.373,0,0
4,0,0,1,18.04,21.97,62,11.0014,17,6,11,0,1,0,0,0,0,0,17,-3.9299999999999997,11.184800000000001,0,0
4,0,0,1,17.22,21.21,71,7.0015,18,6,11,0,1,0,0,0,0,0,18,-3.990000000000002,12.226199999999999,0,0
4,0,0,1,15.58,19.695,76,12.998,19,6,11,0,1,0,0,0,0,0,19,-4.115,11.8408,0,0
4,0,0,1,14.76,18.18,81,7.0015,20,6,11,0,1,0,0,0,0,0,20,-3.42,11.955599999999999,0,0
4,0,0,1,14.76,18.18,81,6.0032,21,6,11,0,1,0,0,0,0,0,21,-3.42,11.955599999999999,0,0
4,0,0,1,14.76,18.94,87,0.0,22,6,11,0,1,0,0,0,0,0,22,-4.1800000000000015,12.841199999999999,0,0
4,0,0,1,13.94,17.425,87,6.0032,23,6,11,0,1,0,0,0,0,0,23,-3.485000000000001,12.1278,0,0
4,0,1,1,13.94,18.18,87,0.0,0,0,11,0,0,0,0,0,1,0,0,-4.24,12.1278,0,0
4,0,1,1,13.94,18.18,87,0.0,1,0,11,0,0,0,0,0,1,1,0,-4.24,12.1278,0,0
4,0,1,1,13.12,17.425,93,0.0,2,0,11,0,0,0,0,0,1,2,0,-4.3050000000000015,12.2016,0,0
4,0,1,1,13.12,17.425,93,0.0,3,0,11,0,0,0,0,0,1,3,0,-4.3050000000000015,12.2016,0,0
4,0,1,1,13.12,17.425,93,0.0,4,0,11,0,0,0,0,0,1,4,0,-4.3050000000000015,12.2016,0,0
4,0,1,1,12.3,16.665,93,0.0,5,0,11,0,0,0,0,0,1,5,0,-4.364999999999998,11.439,0,0
4,0,1,2,11.48,15.91,93,0.0,6,0,11,0,0,0,0,0,0,6,0,-4.43,10.676400000000001,0,0
4,0,1,2,11.48,15.91,93,0.0,7,0,11,0,0,1,0,0,0,7,0,-4.43,10.676400000000001,0,0
4,0,1,2,12.3,15.91,100,6.0032,8,0,11,0,0,1,0,0,0,8,0,-3.6099999999999994,12.3,0,0
4,0,1,2,13.94,16.665,100,8.9981,9,0,11,0,0,1,0,0,0,9,0,-2.7249999999999996,13.94,0,0
4,0,1,1,14.76,17.425,93,8.9981,10,0,11,0,0,0,0,0,0,10,0,-2.665000000000001,13.7268,0,0
4,0,1,1,17.22,21.21,77,7.0015,11,0,11,0,0,0,0,0,0,11,0,-3.990000000000002,13.259399999999998,0,0
4,0,1,1,18.86,22.725,67,0.0,12,0,11,0,0,0,0,0,0,12,0,-3.865000000000002,12.636199999999999,0,0
4,0,1,1,22.14,25.76,49,6.0032,13,0,11,0,0,0,0,0,0,13,0,-3.620000000000001,10.848600000000001,0,0
4,0,1,1,22.96,26.515,37,11.0014,14,0,11,0,0,0,0,0,0,14,0,-3.5549999999999997,8.4952,0,0
4,0,1,1,22.96,26.515,37,7.0015,15,0,11,0,0,0,0,0,0,15,0,-3.5549999999999997,8.4952,0,0
4,0,1,1,21.32,25.0,45,0.0,16,0,11,0,0,0,0,0,0,16,0,-3.6799999999999997,9.594,0,0
4,0,1,1,20.5,24.24,45,11.0014,17,0,11,0,0,0,1,0,0,17,0,-3.7399999999999984,9.225,0,0
4,0,1,1,18.86,22.725,59,7.0015,18,0,11,0,0,0,1,0,0,18,0,-3.865000000000002,11.1274,0,0
4,0,1,1,18.86,22.725,59,0.0,19,0,11,0,0,0,1,0,0,19,0,-3.865000000000002,11.1274,0,0
4,0,1,1,16.4,20.455,71,0.0,20,0,11,0,0,0,0,0,0,20,0,-4.055,11.643999999999998,0,0
4,0,1,1,15.58,19.695,82,7.0015,21,0,11,0,0,0,0,0,0,21,0,-4.115,12.775599999999999,0,0
4,0,1,1,14.76,18.18,81,6.0032,22,0,11,0,0,0,0,0,0,22,0,-3.42,11.955599999999999,0,0
4,0,1,1,14.76,18.18,87,6.0032,23,0,11,0,0,0,0,0,0,23,0,-3.42,12.841199999999999,0,0
4,0,1,1,13.94,17.425,87,6.0032,0,1,11,0,0,0,0,0,1,0,0,-3.485000000000001,12.1278,0,0
4,0,1,1,13.12,16.665,93,7.0015,1,1,11,0,0,0,0,0,1,1,0,-3.545,12.2016,0,0
4,0,1,1,13.12,17.425,87,0.0,2,1,11,0,0,0,0,0,1,2,0,-4.3050000000000015,11.414399999999999,0,0
4,0,1,1,13.12,17.425,87,0.0,3,1,11,0,0,0,0,0,1,3,0,-4.3050000000000015,11.414399999999999,0,0
4,0,1,1,12.3,16.665,87,0.0,4,1,11,0,0,0,0,0,1,4,0,-4.364999999999998,10.701,0,0
4,0,1,1,12.3,15.91,87,6.0032,5,1,11,0,0,0,0,0,1,5,0,-3.6099999999999994,10.701,0,0
4,0,1,1,12.3,16.665,87,0.0,6,1,11,0,0,0,0,0,0,6,0,-4.364999999999998,10.701,0,0
4,0,1,1,12.3,15.91,87,7.0015,7,1,11,0,0,1,0,0,0,7,0,-3.6099999999999994,10.701,0,0
4,0,1,1,13.12,16.665,93,7.0015,8,1,11,0,0,1,0,0,0,8,0,-3.545,12.2016,0,0
4,0,1,1,14.76,18.94,87,0.0,9,1,11,0,0,1,0,0,0,9,0,-4.1800000000000015,12.841199999999999,0,0
4,0,1,1,17.22,21.21,71,6.0032,10,1,11,0,0,0,0,0,0,10,0,-3.990000000000002,12.226199999999999,0,0
4,0,1,1,18.86,22.725,63,8.9981,11,1,11,0,0,0,0,0,0,11,0,-3.865000000000002,11.8818,0,0
4,0,1,1,21.32,25.0,52,8.9981,12,1,11,0,0,0,0,0,0,12,0,-3.6799999999999997,11.086400000000001,0,0
4,0,1,1,22.14,25.76,49,11.0014,13,1,11,0,0,0,0,0,0,13,0,-3.620000000000001,10.848600000000001,0,0
4,0,1,1,22.96,26.515,46,7.0015,14,1,11,0,0,0,0,0,0,14,0,-3.5549999999999997,10.5616,0,0
4,0,1,1,23.78,27.275,46,7.0015,15,1,11,0,0,0,0,0,0,15,0,-3.4949999999999974,10.9388,0,0
4,0,1,1,22.96,26.515,46,8.9981,16,1,11,0,0,0,0,0,0,16,0,-3.5549999999999997,10.5616,0,0
4,0,1,1,21.32,25.0,43,11.0014,17,1,11,0,0,0,1,0,0,17,0,-3.6799999999999997,9.1676,0,0
4,0,1,1,19.68,23.485,55,8.9981,18,1,11,0,0,0,1,0,0,18,0,-3.8049999999999997,10.824000000000002,0,0
4,0,1,1,18.86,22.725,59,0.0,19,1,11,0,0,0,1,0,0,19,0,-3.865000000000002,11.1274,0,0
4,0,1,1,16.4,20.455,76,0.0,20,1,11,0,0,0,0,0,0,20,0,-4.055,12.463999999999999,0,0
4,0,1,1,16.4,20.455,76,0.0,21,1,11,0,0,0,0,0,0,21,0,-4.055,12.463999999999999,0,0
4,0,1,1,14.76,18.94,87,0.0,22,1,11,0,0,0,0,0,0,22,0,-4.1800000000000015,12.841199999999999,0,0
4,0,1,1,14.76,18.94,81,0.0,23,1,11,0,0,0,0,0,0,23,0,-4.1800000000000015,11.955599999999999,0,0
4,0,1,1,14.76,18.94,87,0.0,0,2,11,0,0,0,0,0,1,0,0,-4.1800000000000015,12.841199999999999,0,0
4,0,1,1,13.94,18.18,87,0.0,1,2,11,0,0,0,0,0,1,1,0,-4.24,12.1278,0,0
4,0,1,1,13.12,17.425,93,0.0,2,2,11,0,0,0,0,0,1,2,0,-4.3050000000000015,12.2016,0,0
4,0,1,1,13.12,17.425,93,0.0,3,2,11,0,0,0,0,0,1,3,0,-4.3050000000000015,12.2016,0,0
4,0,1,1,13.12,17.425,87,0.0,4,2,11,0,0,0,0,0,1,4,0,-4.3050000000000015,11.414399999999999,0,0
4,0,1,1,12.3,16.665,87,0.0,5,2,11,0,0,0,0,0,1,5,0,-4.364999999999998,10.701,0,0
4,0,1,1,12.3,16.665,87,0.0,6,2,11,0,0,0,0,0,0,6,0,-4.364999999999998,10.701,0,0
4,0,1,1,12.3,16.665,87,0.0,7,2,11,0,0,1,0,0,0,7,0,-4.364999999999998,10.701,0,0
4,0,1,1,13.12,17.425,93,0.0,8,2,11,0,0,1,0,0,0,8,0,-4.3050000000000015,12.2016,0,0
4,0,1,1,13.94,18.18,93,0.0,9,2,11,0,0,1,0,0,0,9,0,-4.24,12.964199999999998,0,0
4,0,1,1,16.4,20.455,76,7.0015,10,2,11,0,0,0,0,0,0,10,0,-4.055,12.463999999999999,0,0
4,0,1,1,18.86,22.725,67,11.0014,11,2,11,0,0,0,0,0,0,11,0,-3.865000000000002,12.636199999999999,0,0
4,0,1,1,20.5,24.24,51,11.0014,12,2,11,0,0,0,0,0,0,12,0,-3.7399999999999984,10.455,0,0
4,0,1,1,20.5,24.24,51,11.0014,13,2,11,0,0,0,0,0,0,13,0,-3.7399999999999984,10.455,0,0
4,0,1,1,21.32,25.0,48,11.0014,14,2,11,0,0,0,0,0,0,14,0,-3.6799999999999997,10.233600000000001,0,0
4,0,1,1,21.32,25.0,45,15.0013,15,2,11,0,0,0,0,0,0,15,0,-3.6799999999999997,9.594,0,0
4,0,1,1,21.32,25.0,48,12.998,16,2,11,0,0,0,0,0,0,16,0,-3.6799999999999997,10.233600000000001,0,0
4,0,1,1,18.86,22.725,63,7.0015,17,2,11,0,0,0,1,0,0,17,0,-3.865000000000002,11.8818,0,0
4,0,1,1,18.04,21.97,67,7.0015,18,2,11,0,0,0,1,0,0,18,0,-3.9299999999999997,12.086799999999998,0,0
4,0,1,1,18.04,21.97,72,7.0015,19,2,11,0,0,0,1,0,0,19,0,-3.9299999999999997,12.9888,0,0
4,0,1,1,18.04,21.97,77,0.0,20,2,11,0,0,0,0,0,0,20,0,-3.9299999999999997,13.890799999999999,0,0
4,0,1,1,16.4,20.455,87,0.0,21,2,11,0,0,0,0,0,0,21,0,-4.055,14.267999999999999,0,0
4,0,1,1,16.4,20.455,87,0.0,22,2,11,0,0,0,0,0,0,22,0,-4.055,14.267999999999999,0,0
4,0,1,1,15.58,19.695,87,0.0,23,2,11,0,0,0,0,0,0,23,0,-4.115,13.5546,0,0
4,0,1,1,16.4,20.455,87,0.0,0,3,11,0,0,0,0,0,1,0,0,-4.055,14.267999999999999,0,0
4,0,1,2,16.4,20.455,87,0.0,1,3,11,0,0,0,0,0,1,1,0,-4.055,14.267999999999999,0,0
4,0,1,2,15.58,19.695,94,0.0,2,3,11,0,0,0,0,0,1,2,0,-4.115,14.645199999999999,0,0
4,0,1,1,15.58,19.695,94,6.0032,3,3,11,0,0,0,0,0,1,3,0,-4.115,14.645199999999999,0,0
4,0,1,1,15.58,19.695,94,6.0032,4,3,11,0,0,0,0,0,1,4,0,-4.115,14.645199999999999,0,0
4,0,1,2,14.76,17.425,100,8.9981,5,3,11,0,0,0,0,0,1,5,0,-2.665000000000001,14.76,0,0
4,0,1,2,14.76,17.425,100,8.9981,6,3,11,0,0,0,0,0,0,6,0,-2.665000000000001,14.76,0,0
4,0,1,2,15.58,19.695,94,11.0014,7,3,11,0,0,1,0,0,0,7,0,-4.115,14.645199999999999,0,0
4,0,1,2,16.4,20.455,94,6.0032,8,3,11,0,0,1,0,0,0,8,0,-4.055,15.415999999999999,0,0
4,0,1,2,17.22,21.21,94,7.0015,9,3,11,0,0,1,0,0,0,9,0,-3.990000000000002,16.186799999999998,0,0
4,0,1,2,18.04,21.97,88,15.0013,10,3,11,0,0,0,0,0,0,10,0,-3.9299999999999997,15.8752,0,0
4,0,1,2,18.86,22.725,67,26.0027,11,3,11,0,0,0,0,0,0,11,0,-3.865000000000002,12.636199999999999,0,0
4,0,1,2,17.22,21.21,67,23.9994,12,3,11,0,0,0,0,0,0,12,0,-3.990000000000002,11.5374,0,0
4,0,1,3,14.76,16.665,81,23.9994,13,3,11,0,0,0,0,0,0,13,0,-1.9049999999999994,11.955599999999999,0,1
4,0,1,3,14.76,16.665,87,19.0012,14,3,11,0,0,0,0,0,0,14,0,-1.9049999999999994,12.841199999999999,0,1
4,0,1,3,14.76,16.665,81,19.9995,15,3,11,0,0,0,0,0,0,15,0,-1.9049999999999994,11.955599999999999,0,1
4,0,1,3,14.76,17.425,81,15.0013,16,3,11,0,0,0,0,0,0,16,0,-2.665000000000001,11.955599999999999,0,1
4,0,1,3,14.76,17.425,81,15.0013,17,3,11,0,0,0,1,0,0,17,0,-2.665000000000001,11.955599999999999,0,1
4,0,1,2,14.76,17.425,81,11.0014,18,3,11,0,0,0,1,0,0,18,0,-2.665000000000001,11.955599999999999,0,0
4,0,1,2,14.76,17.425,71,15.0013,19,3,11,0,0,0,1,0,0,19,0,-2.665000000000001,10.4796,0,0
4,0,1,2,14.76,16.665,62,19.0012,20,3,11,0,0,0,0,0,0,20,0,-1.9049999999999994,9.1512,0,0
4,0,1,1,14.76,16.665,57,16.9979,21,3,11,0,0,0,0,0,0,21,0,-1.9049999999999994,8.4132,0,0
4,0,1,1,14.76,16.665,53,19.0012,22,3,11,0,0,0,0,0,0,22,0,-1.9049999999999994,7.8228,0,0
4,0,1,2,13.94,16.665,57,11.0014,23,3,11,0,0,0,0,0,0,23,0,-2.7249999999999996,7.945799999999999,0,0
4,1,0,1,13.94,15.91,53,16.9979,0,4,11,0,0,0,0,0,1,0,0,-1.9700000000000006,7.388199999999999,0,0
4,1,0,1,13.12,15.15,57,22.0028,1,4,11,0,0,0,0,0,1,0,0,-2.030000000000001,7.478399999999999,0,0
4,1,0,1,13.12,14.395,57,19.0012,2,4,11,0,0,0,0,0,1,0,0,-1.2750000000000004,7.478399999999999,0,0
4,1,0,1,12.3,14.395,61,12.998,3,4,11,0,0,0,0,0,1,0,0,-2.094999999999999,7.503000000000001,0,0
4,1,0,1,12.3,14.395,61,12.998,4,4,11,0,0,0,0,0,1,0,0,-2.094999999999999,7.503000000000001,0,0
4,1,0,1,12.3,14.395,49,16.9979,5,4,11,0,0,0,0,0,1,0,0,-2.094999999999999,6.027,0,0
4,1,0,1,11.48,12.88,45,22.0028,6,4,11,0,0,0,0,0,0,0,0,-1.4000000000000004,5.166,0,0
4,1,0,1,11.48,13.635,45,16.9979,7,4,11,0,0,0,0,0,0,0,0,-2.1549999999999994,5.166,0,0
4,1,0,1,12.3,13.635,42,23.9994,8,4,11,0,0,0,0,0,0,0,0,-1.334999999999999,5.166,0,0
4,1,0,1,13.12,14.395,45,30.0026,9,4,11,0,0,0,0,0,0,0,0,-1.2750000000000004,5.904,0,0
4,1,0,1,13.12,13.635,42,36.9974,10,4,11,0,0,0,0,0,0,0,0,-0.5150000000000006,5.5104,0,0
4,1,0,1,13.94,14.395,42,32.9975,11,4,11,0,0,0,0,0,0,0,0,-0.45500000000000007,5.8548,0,0
4,1,0,1,13.94,14.395,42,31.0009,12,4,11,0,0,0,0,0,0,0,0,-0.45500000000000007,5.8548,0,0
4,1,0,1,15.58,19.695,37,36.9974,13,4,11,0,0,0,0,0,0,0,0,-4.115,5.764600000000001,0,0
4,1,0,1,15.58,19.695,37,31.0009,14,4,11,0,0,0,0,0,0,0,0,-4.115,5.764600000000001,0,0
4,1,0,1,14.76,16.665,37,27.9993,15,4,11,0,0,0,0,0,0,0,0,-1.9049999999999994,5.4612,0,0
4,1,0,1,14.76,16.665,34,22.0028,16,4,11,0,0,0,0,0,0,0,0,-1.9049999999999994,5.0184,0,0
4,1,0,1,13.94,15.15,39,22.0028,17,4,11,0,0,0,0,0,0,0,0,-1.2100000000000009,5.436599999999999,0,0
4,1,0,1,13.94,15.91,39,16.9979,18,4,11,0,0,0,0,0,0,0,0,-1.9700000000000006,5.436599999999999,0,0
4,1,0,1,13.12,15.91,39,11.0014,19,4,11,0,0,0,0,0,0,0,0,-2.790000000000001,5.1168,0,0
4,1,0,1,13.12,15.91,39,12.998,20,4,11,0,0,0,0,0,0,0,0,-2.790000000000001,5.1168,0,0
4,1,0,1,12.3,15.15,45,11.0014,21,4,11,0,0,0,0,0,0,0,0,-2.8499999999999996,5.535,0,0
4,1,0,1,13.12,15.91,39,12.998,22,4,11,0,0,0,0,0,0,0,0,-2.790000000000001,5.1168,0,0
4,1,0,1,12.3,15.91,45,6.0032,23,4,11,0,0,0,0,0,0,0,0,-3.6099999999999994,5.535,0,0
4,0,0,1,9.84,12.12,60,8.9981,0,5,11,0,1,0,0,0,1,0,0,-2.2799999999999994,5.904,0,0
4,0,0,1,9.84,12.12,60,8.9981,1,5,11,0,1,0,0,0,1,0,1,-2.2799999999999994,5.904,0,0
4,0,0,1,9.84,12.88,65,6.0032,2,5,11,0,1,0,0,0,1,0,2,-3.040000000000001,6.396,0,0
4,0,0,1,9.84,12.12,70,8.9981,3,5,11,0,1,0,0,0,1,0,3,-2.2799999999999994,6.888,0,0
4,0,0,1,8.2,10.605,80,8.9981,4,5,11,0,1,0,0,0,1,0,4,-2.405000000000001,6.56,0,0
4,0,0,1,9.02,12.88,75,6.0032,5,5,11,0,1,0,0,0,1,0,5,-3.860000000000001,6.765,0,0
4,0,0,1,9.02,11.365,75,11.0014,6,5,11,0,1,0,0,0,0,0,6,-2.3450000000000006,6.765,0,0
4,0,0,1,9.02,11.365,75,12.998,7,5,11,0,1,0,0,0,0,0,7,-2.3450000000000006,6.765,0,0
4,0,0,1,10.66,12.88,70,12.998,8,5,11,0,1,0,0,0,0,0,8,-2.2200000000000006,7.462000000000001,0,0
4,0,0,1,12.3,15.15,61,11.0014,9,5,11,0,1,0,0,0,0,0,9,-2.8499999999999996,7.503000000000001,0,0
4,0,0,1,13.94,15.91,61,19.0012,10,5,11,0,1,0,0,0,0,0,10,-1.9700000000000006,8.5034,0,0
4,0,0,1,15.58,19.695,54,19.0012,11,5,11,0,1,0,0,1,0,0,11,-4.115,8.4132,0,0
4,0,0,1,18.04,21.97,44,19.0012,12,5,11,0,1,0,0,1,0,0,12,-3.9299999999999997,7.9376,0,0
4,0,0,1,19.68,23.485,36,19.0012,13,5,11,0,1,0,0,1,0,0,13,-3.8049999999999997,7.0848,0,0
4,0,0,1,20.5,24.24,36,19.9995,14,5,11,0,1,0,0,1,0,0,14,-3.7399999999999984,7.38,0,0
4,0,0,1,21.32,25.0,29,19.0012,15,5,11,0,1,0,0,1,0,0,15,-3.6799999999999997,6.182799999999999,0,0
4,0,0,1,21.32,25.0,32,16.9979,16,5,11,0,1,0,0,1,0,0,16,-3.6799999999999997,6.8224,0,0
4,0,0,1,20.5,24.24,34,16.9979,17,5,11,0,1,0,0,0,0,0,17,-3.7399999999999984,6.97,0,0
4,0,0,1,17.22,21.21,58,12.998,18,5,11,0,1,0,0,0,0,0,18,-3.990000000000002,9.9876,0,0
4,0,0,1,17.22,21.21,50,16.9979,19,5,11,0,1,0,0,0,0,0,19,-3.990000000000002,8.61,0,0
4,0,0,1,17.22,21.21,50,19.0012,20,5,11,0,1,0,0,0,0,0,20,-3.990000000000002,8.61,0,0
4,0,0,1,17.22,21.21,47,19.0012,21,5,11,0,1,0,0,0,0,0,21,-3.990000000000002,8.093399999999999,0,0
4,0,0,1,17.22,21.21,47,16.9979,22,5,11,0,1,0,0,0,0,0,22,-3.990000000000002,8.093399999999999,0,0
4,0,0,1,16.4,20.455,58,11.0014,23,5,11,0,1,0,0,0,0,0,23,-4.055,9.511999999999999,0,0
4,0,0,2,16.4,20.455,58,12.998,0,6,11,0,1,0,0,0,1,0,0,-4.055,9.511999999999999,0,0
4,0,0,2,14.76,17.425,66,12.998,1,6,11,0,1,0,0,0,1,0,1,-2.665000000000001,9.7416,0,0
4,0,0,1,14.76,18.18,57,7.0015,2,6,11,0,1,0,0,0,1,0,2,-3.42,8.4132,0,0
4,0,0,2,14.76,17.425,62,8.9981,3,6,11,0,1,0,0,0,1,0,3,-2.665000000000001,9.1512,0,0
4,0,0,2,14.76,17.425,62,8.9981,4,6,11,0,1,0,0,0,1,0,4,-2.665000000000001,9.1512,0,0
4,0,0,1,13.94,16.665,61,11.0014,5,6,11,0,1,0,0,0,1,0,5,-2.7249999999999996,8.5034,0,0
4,0,0,1,13.94,16.665,66,8.9981,6,6,11,0,1,0,0,0,0,0,6,-2.7249999999999996,9.2004,0,0
4,0,0,1,13.94,15.91,66,15.0013,7,6,11,0,1,0,0,0,0,0,7,-1.9700000000000006,9.2004,0,0
4,0,0,1,13.94,17.425,66,6.0032,8,6,11,0,1,0,0,0,0,0,8,-3.485000000000001,9.2004,0,0
4,0,0,1,16.4,20.455,54,19.0012,9,6,11,0,1,0,0,0,0,0,9,-4.055,8.856,0,0
4,0,0,1,18.04,21.97,44,22.0028,10,6,11,0,1,0,0,0,0,0,10,-3.9299999999999997,7.9376,0,0
4,0,0,1,18.86,22.725,40,27.9993,11,6,11,0,1,0,0,1,0,0,11,-3.865000000000002,7.544,0,0
4,0,0,2,21.32,25.0,29,27.9993,12,6,11,0,1,0,0,1,0,0,12,-3.6799999999999997,6.182799999999999,0,0
4,0,0,2,21.32,25.0,29,27.9993,13,6,11,0,1,0,0,1,0,0,13,-3.6799999999999997,6.182799999999999,0,0
4,0,0,2,22.14,25.76,28,32.9975,14,6,11,0,1,0,0,1,0,0,14,-3.620000000000001,6.199200000000001,0,0
4,0,0,2,20.5,24.24,42,22.0028,15,6,11,0,1,0,0,1,0,0,15,-3.7399999999999984,8.61,0,0
4,0,0,2,22.14,25.76,28,26.0027,16,6,11,0,1,0,0,1,0,0,16,-3.620000000000001,6.199200000000001,0,0
4,0,0,1,21.32,25.0,27,22.0028,17,6,11,0,1,0,0,0,0,0,17,-3.6799999999999997,5.7564,0,0
4,0,0,1,21.32,25.0,27,22.0028,18,6,11,0,1,0,0,0,0,0,18,-3.6799999999999997,5.7564,0,0
4,0,0,1,20.5,24.24,29,23.9994,19,6,11,0,1,0,0,0,0,0,19,-3.7399999999999984,5.945,0,0
4,0,0,1,20.5,24.24,31,23.9994,20,6,11,0,1,0,0,0,0,0,20,-3.7399999999999984,6.355,0,0
4,0,0,1,19.68,23.485,36,16.9979,21,6,11,0,1,0,0,0,0,0,21,-3.8049999999999997,7.0848,0,0
4,0,0,1,19.68,23.485,41,26.0027,22,6,11,0,1,0,0,0,0,0,22,-3.8049999999999997,8.0688,0,0
4,0,0,1,18.86,22.725,51,19.9995,23,6,11,0,1,0,0,0,0,0,23,-3.865000000000002,9.6186,0,0
4,0,1,1,18.86,22.725,59,19.0012,0,0,11,0,0,0,0,0,1,0,0,-3.865000000000002,11.1274,0,0
4,0,1,1,18.86,22.725,63,19.9995,1,0,11,0,0,0,0,0,1,1,0,-3.865000000000002,11.8818,0,0
4,0,1,1,18.86,22.725,63,23.9994,2,0,11,0,0,0,0,0,1,2,0,-3.865000000000002,11.8818,0,0
4,0,1,1,18.04,21.97,67,19.0012,3,0,11,0,0,0,0,0,1,3,0,-3.9299999999999997,12.086799999999998,0,0
4,0,1,1,18.04,21.97,67,15.0013,4,0,11,0,0,0,0,0,1,4,0,-3.9299999999999997,12.086799999999998,0,0
4,0,1,2,18.04,21.97,67,16.9979,5,0,11,0,0,0,0,0,1,5,0,-3.9299999999999997,12.086799999999998,0,0
4,0,1,2,18.04,21.97,72,15.0013,6,0,11,0,0,0,0,0,0,6,0,-3.9299999999999997,12.9888,0,0
4,0,1,1,18.04,21.97,72,16.9979,7,0,11,0,0,1,0,0,0,7,0,-3.9299999999999997,12.9888,0,0
4,0,1,2,18.86,22.725,67,12.998,8,0,11,0,0,1,0,0,0,8,0,-3.865000000000002,12.636199999999999,0,0
4,0,1,2,19.68,23.485,67,22.0028,9,0,11,0,0,1,0,0,0,9,0,-3.8049999999999997,13.185599999999999,0,0
4,0,1,2,20.5,24.24,63,19.0012,10,0,11,0,0,0,0,0,0,10,0,-3.7399999999999984,12.915,0,0
4,0,1,2,22.14,25.76,60,19.0012,11,0,11,0,0,0,0,0,0,11,0,-3.620000000000001,13.284,0,0
4,0,1,1,22.96,26.515,56,19.9995,12,0,11,0,0,0,0,0,0,12,0,-3.5549999999999997,12.8576,0,0
4,0,1,1,24.6,31.06,49,26.0027,13,0,11,0,0,0,0,0,0,13,0,-6.459999999999997,12.054,0,0
4,0,1,1,25.42,31.06,46,30.0026,14,0,11,0,0,0,0,0,0,14,0,-5.639999999999997,11.693200000000001,0,0
4,0,1,1,26.24,31.06,44,22.0028,15,0,11,0,0,0,0,0,0,15,0,-4.82,11.5456,0,0
4,0,1,1,25.42,31.06,46,27.9993,16,0,11,0,0,0,0,0,0,16,0,-5.639999999999997,11.693200000000001,0,0
4,0,1,1,25.42,31.06,46,16.9979,17,0,11,0,0,0,1,0,0,17,0,-5.639999999999997,11.693200000000001,0,0
4,0,1,1,22.96,26.515,56,19.0012,18,0,11,0,0,0,1,0,0,18,0,-3.5549999999999997,12.8576,0,0
4,0,1,1,24.6,31.06,53,19.9995,19,0,11,0,0,0,1,0,0,19,0,-6.459999999999997,13.038000000000002,0,0
4,0,1,1,24.6,31.06,53,23.9994,20,0,11,0,0,0,0,0,0,20,0,-6.459999999999997,13.038000000000002,0,0
4,0,1,1,24.6,31.06,53,23.9994,21,0,11,0,0,0,0,0,0,21,0,-6.459999999999997,13.038000000000002,0,0
4,0,1,1,23.78,27.275,56,23.9994,22,0,11,0,0,0,0,0,0,22,0,-3.4949999999999974,13.3168,0,0
4,0,1,1,22.96,26.515,64,19.9995,23,0,11,0,0,0,0,0,0,23,0,-3.5549999999999997,14.6944,0,0
4,0,1,1,22.96,26.515,64,23.9994,0,1,11,0,0,0,0,0,1,0,0,-3.5549999999999997,14.6944,0,0
4,0,1,1,22.96,26.515,60,19.9995,1,1,11,0,0,0,0,0,1,1,0,-3.5549999999999997,13.776000000000002,0,0
4,0,1,1,22.96,26.515,64,16.9979,2,1,11,0,0,0,0,0,1,2,0,-3.5549999999999997,14.6944,0,0
4,0,1,2,22.14,25.76,68,22.0028,3,1,11,0,0,0,0,0,1,3,0,-3.620000000000001,15.0552,0,0
4,0,1,1,22.96,26.515,64,19.9995,4,1,11,0,0,0,0,0,1,4,0,-3.5549999999999997,14.6944,0,0
4,0,1,1,22.14,25.76,68,19.0012,5,1,11,0,0,0,0,0,1,5,0,-3.620000000000001,15.0552,0,0
4,0,1,2,22.96,26.515,64,6.0032,6,1,11,0,0,0,0,0,0,6,0,-3.5549999999999997,14.6944,0,0
4,0,1,2,22.14,25.76,68,11.0014,7,1,11,0,0,1,0,0,0,7,0,-3.620000000000001,15.0552,0,0
4,0,1,2,22.14,25.76,68,7.0015,8,1,11,0,0,1,0,0,0,8,0,-3.620000000000001,15.0552,0,0
4,0,1,2,22.96,26.515,64,6.0032,9,1,11,0,0,1,0,0,0,9,0,-3.5549999999999997,14.6944,0,0
4,0,1,2,22.96,26.515,64,19.0012,10,1,11,0,0,0,0,0,0,10,0,-3.5549999999999997,14.6944,0,0
4,0,1,2,22.96,26.515,64,12.998,11,1,11,0,0,0,0,0,0,11,0,-3.5549999999999997,14.6944,0,0
4,0,1,2,22.14,25.76,68,0.0,12,1,11,0,0,0,0,0,0,12,0,-3.620000000000001,15.0552,0,0
4,0,1,3,22.14,25.76,60,15.0013,13,1,11,0,0,0,0,0,0,13,0,-3.620000000000001,13.284,0,1
4,0,1,2,22.14,25.76,60,19.0012,14,1,11,0,0,0,0,0,0,14,0,-3.620000000000001,13.284,0,0
4,0,1,2,22.14,25.76,60,8.9981,15,1,11,0,0,0,0,0,0,15,0,-3.620000000000001,13.284,0,0
4,0,1,2,21.32,25.0,68,8.9981,16,1,11,0,0,0,0,0,0,16,0,-3.6799999999999997,14.4976,0,0
4,0,1,2,20.5,24.24,72,12.998,17,1,11,0,0,0,1,0,0,17,0,-3.7399999999999984,14.76,0,0
4,0,1,2,20.5,24.24,72,19.0012,18,1,11,0,0,0,1,0,0,18,0,-3.7399999999999984,14.76,0,0
4,0,1,2,20.5,24.24,72,23.9994,19,1,11,0,0,0,1,0,0,19,0,-3.7399999999999984,14.76,0,0
4,0,1,2,19.68,23.485,82,8.9981,20,1,11,0,0,0,0,0,0,20,0,-3.8049999999999997,16.1376,0,0
4,0,1,2,20.5,24.24,77,6.0032,21,1,11,0,0,0,0,0,0,21,0,-3.7399999999999984,15.785,0,0
4,0,1,2,18.86,22.725,88,7.0015,22,1,11,0,0,0,0,0,0,22,0,-3.865000000000002,16.596799999999998,0,0
4,0,1,2,18.86,22.725,94,7.0015,23,1,11,0,0,0,0,0,0,23,0,-3.865000000000002,17.7284,0,0
4,0,1,2,18.86,22.725,94,0.0,0,2,11,0,0,0,0,0,1,0,0,-3.865000000000002,17.7284,0,0
4,0,1,3,18.86,22.725,94,6.0032,1,2,11,0,0,0,0,0,1,1,0,-3.865000000000002,17.7284,0,1
4,0,1,2,18.86,22.725,94,7.0015,2,2,11,0,0,0,0,0,1,2,0,-3.865000000000002,17.7284,0,0
4,0,1,2,18.86,22.725,94,7.0015,3,2,11,0,0,0,0,0,1,3,0,-3.865000000000002,17.7284,0,0
4,0,1,2,18.04,21.97,100,15.0013,4,2,11,0,0,0,0,0,1,4,0,-3.9299999999999997,18.04,0,0
4,0,1,3,18.86,22.725,94,7.0015,5,2,11,0,0,0,0,0,1,5,0,-3.865000000000002,17.7284,0,1
4,0,1,2,18.86,22.725,94,6.0032,6,2,11,0,0,0,0,0,0,6,0,-3.865000000000002,17.7284,0,0
4,0,1,3,18.86,22.725,94,0.0,7,2,11,0,0,1,0,0,0,7,0,-3.865000000000002,17.7284,0,1
4,0,1,3,18.86,22.725,94,0.0,8,2,11,0,0,1,0,0,0,8,0,-3.865000000000002,17.7284,0,1
4,0,1,3,18.86,22.725,94,0.0,9,2,11,0,0,1,0,0,0,9,0,-3.865000000000002,17.7284,0,1
4,0,1,3,18.86,22.725,94,0.0,10,2,11,0,0,0,0,0,0,10,0,-3.865000000000002,17.7284,0,1
4,0,1,3,18.86,22.725,94,6.0032,11,2,11,0,0,0,0,0,0,11,0,-3.865000000000002,17.7284,0,1
4,0,1,3,18.86,22.725,100,0.0,12,2,11,0,0,0,0,0,0,12,0,-3.865000000000002,18.86,0,1
4,0,1,3,18.86,22.725,94,8.9981,13,2,11,0,0,0,0,0,0,13,0,-3.865000000000002,17.7284,0,1
4,0,1,2,18.86,22.725,100,8.9981,14,2,11,0,0,0,0,0,0,14,0,-3.865000000000002,18.86,0,0
4,0,1,3,19.68,23.485,94,7.0015,15,2,11,0,0,0,0,0,0,15,0,-3.8049999999999997,18.499200000000002,0,1
4,0,1,3,19.68,23.485,94,7.0015,16,2,11,0,0,0,0,0,0,16,0,-3.8049999999999997,18.499200000000002,0,1
4,0,1,2,19.68,23.485,88,12.998,17,2,11,0,0,0,1,0,0,17,0,-3.8049999999999997,17.3184,0,0
4,0,1,3,18.86,22.725,88,26.0027,18,2,11,0,0,0,1,0,0,18,0,-3.865000000000002,16.596799999999998,0,1
4,0,1,3,18.86,22.725,88,26.0027,19,2,11,0,0,0,1,0,0,19,0,-3.865000000000002,16.596799999999998,0,1
4,0,1,3,18.04,21.97,88,26.0027,20,2,11,0,0,0,0,0,0,20,0,-3.9299999999999997,15.8752,0,1
4,0,1,3,18.04,21.97,88,19.0012,21,2,11,0,0,0,0,0,0,21,0,-3.9299999999999997,15.8752,0,1
4,0,1,3,17.22,21.21,88,15.0013,22,2,11,0,0,0,0,0,0,22,0,-3.990000000000002,15.153599999999999,0,1
4,0,1,3,17.22,21.21,88,8.9981,23,2,11,0,0,0,0,0,0,23,0,-3.990000000000002,15.153599999999999,0,1
4,0,1,2,17.22,21.21,88,16.9979,0,3,11,0,0,0,0,0,1,0,0,-3.990000000000002,15.153599999999999,0,0
4,0,1,2,17.22,21.21,82,11.0014,1,3,11,0,0,0,0,0,1,1,0,-3.990000000000002,14.1204,0,0
4,0,1,2,17.22,21.21,82,15.0013,2,3,11,0,0,0,0,0,1,2,0,-3.990000000000002,14.1204,0,0
4,0,1,2,17.22,21.21,77,22.0028,3,3,11,0,0,0,0,0,1,3,0,-3.990000000000002,13.259399999999998,0,0
4,0,1,2,16.4,20.455,62,27.9993,4,3,11,0,0,0,0,0,1,4,0,-4.055,10.168,0,0
4,0,1,3,13.94,15.15,71,22.0028,5,3,11,0,0,0,0,0,1,5,0,-1.2100000000000009,9.8974,0,1
4,0,1,3,14.76,17.425,57,15.0013,6,3,11,0,0,0,0,0,0,6,0,-2.665000000000001,8.4132,0,1
4,0,1,3,13.94,15.91,61,19.0012,7,3,11,0,0,1,0,0,0,7,0,-1.9700000000000006,8.5034,0,1
4,0,1,3,13.94,15.15,61,19.9995,8,3,11,0,0,1,0,0,0,8,0,-1.2100000000000009,8.5034,0,1
4,0,1,2,13.94,15.15,61,22.0028,9,3,11,0,0,1,0,0,0,9,0,-1.2100000000000009,8.5034,0,0
4,0,1,2,13.94,15.15,61,22.0028,10,3,11,0,0,0,0,0,0,10,0,-1.2100000000000009,8.5034,0,0
4,0,1,3,13.12,15.15,66,22.0028,11,3,11,0,0,0,0,0,0,11,0,-2.030000000000001,8.6592,0,1
4,0,1,2,13.94,15.15,53,19.9995,12,3,11,0,0,0,0,0,0,12,0,-1.2100000000000009,7.388199999999999,0,0
4,0,1,2,13.94,15.15,49,30.0026,13,3,11,0,0,0,0,0,0,13,0,-1.2100000000000009,6.8306,0,0
4,0,1,2,13.94,15.15,49,26.0027,14,3,11,0,0,0,0,0,0,14,0,-1.2100000000000009,6.8306,0,0
4,0,1,2,13.94,15.15,49,30.0026,15,3,11,0,0,0,0,0,0,15,0,-1.2100000000000009,6.8306,0,0
4,0,1,1,13.12,14.395,39,27.9993,16,3,11,0,0,0,0,0,0,16,0,-1.2750000000000004,5.1168,0,0
4,0,1,1,13.12,14.395,42,26.0027,17,3,11,0,0,0,1,0,0,17,0,-1.2750000000000004,5.5104,0,0
4,0,1,1,13.12,15.91,39,12.998,18,3,11,0,0,0,1,0,0,18,0,-2.790000000000001,5.1168,0,0
4,0,1,1,12.3,14.395,45,15.0013,19,3,11,0,0,0,1,0,0,19,0,-2.094999999999999,5.535,0,0
4,0,1,1,12.3,14.395,42,19.0012,20,3,11,0,0,0,0,0,0,20,0,-2.094999999999999,5.166,0,0
4,0,1,1,12.3,14.395,42,16.9979,21,3,11,0,0,0,0,0,0,21,0,-2.094999999999999,5.166,0,0
4,0,1,1,10.66,12.12,52,16.9979,22,3,11,0,0,0,0,0,0,22,0,-1.459999999999999,5.543200000000001,0,0
4,0,1,1,10.66,12.88,52,15.0013,23,3,11,0,0,0,0,0,0,23,0,-2.2200000000000006,5.543200000000001,0,0
4,0,1,1,10.66,12.88,48,11.0014,0,4,11,0,0,0,0,0,1,0,0,-2.2200000000000006,5.1168000000000005,0,0
4,0,1,1,10.66,11.365,44,22.0028,1,4,11,0,0,0,0,0,1,1,0,-0.7050000000000001,4.6904,0,0
4,0,1,1,9.84,11.365,44,15.0013,2,4,11,0,0,0,0,0,1,2,0,-1.5250000000000004,4.3296,0,0
4,0,1,1,9.84,10.605,41,19.0012,3,4,11,0,0,0,0,0,1,3,0,-0.7650000000000006,4.0344,0,0
4,0,1,1,9.02,11.365,44,11.0014,4,4,11,0,0,0,0,0,1,4,0,-2.3450000000000006,3.9688,0,0
4,0,1,1,9.02,11.365,44,8.9981,5,4,11,0,0,0,0,0,1,5,0,-2.3450000000000006,3.9688,0,0
4,0,1,1,9.02,12.88,44,6.0032,6,4,11,0,0,0,0,0,0,6,0,-3.860000000000001,3.9688,0,0
4,0,1,1,9.02,11.365,44,11.0014,7,4,11,0,0,1,0,0,0,7,0,-2.3450000000000006,3.9688,0,0
4,0,1,1,9.02,11.365,44,12.998,8,4,11,0,0,1,0,0,0,8,0,-2.3450000000000006,3.9688,0,0
4,0,1,1,10.66,12.88,41,12.998,9,4,11,0,0,1,0,0,0,9,0,-2.2200000000000006,4.3706,0,0
4,0,1,1,10.66,12.12,41,19.0012,10,4,11,0,0,0,0,0,0,10,0,-1.459999999999999,4.3706,0,0
4,0,1,1,12.3,15.15,36,8.9981,11,4,11,0,0,0,0,0,0,11,0,-2.8499999999999996,4.428,0,0
4,0,1,1,13.12,16.665,33,0.0,12,4,11,0,0,0,0,0,0,12,0,-3.545,4.3296,0,0
4,0,1,1,13.94,15.91,31,15.0013,13,4,11,0,0,0,0,0,0,13,0,-1.9700000000000006,4.3214,0,0
4,0,1,1,13.94,16.665,31,8.9981,14,4,11,0,0,0,0,0,0,14,0,-2.7249999999999996,4.3214,0,0
4,0,1,1,13.94,16.665,29,8.9981,15,4,11,0,0,0,0,0,0,15,0,-2.7249999999999996,4.0426,0,0
4,0,1,1,13.94,16.665,29,8.9981,16,4,11,0,0,0,0,0,0,16,0,-2.7249999999999996,4.0426,0,0
4,0,1,1,13.12,16.665,31,8.9981,17,4,11,0,0,0,1,0,0,17,0,-3.545,4.0672,0,0
4,0,1,1,12.3,15.15,36,11.0014,18,4,11,0,0,0,1,0,0,18,0,-2.8499999999999996,4.428,0,0
4,0,1,1,11.48,13.635,41,11.0014,19,4,11,0,0,0,1,0,0,19,0,-2.1549999999999994,4.7068,0,0
4,0,1,1,11.48,13.635,48,12.998,20,4,11,0,0,0,0,0,0,20,0,-2.1549999999999994,5.5104,0,0
4,0,1,1,11.48,13.635,48,11.0014,21,4,11,0,0,0,0,0,0,21,0,-2.1549999999999994,5.5104,0,0
4,0,1,1,10.66,13.635,52,7.0015,22,4,11,0,0,0,0,0,0,22,0,-2.9749999999999996,5.543200000000001,0,0
4,0,1,1,10.66,13.635,60,8.9981,23,4,11,0,0,0,0,0,0,23,0,-2.9749999999999996,6.396,0,0
4,0,0,1,10.66,12.88,56,12.998,0,5,11,0,1,0,0,0,1,0,0,-2.2200000000000006,5.969600000000001,0,0
4,0,0,1,10.66,11.365,52,19.9995,1,5,11,0,1,0,0,0,1,0,1,-0.7050000000000001,5.543200000000001,0,0
4,0,0,1,9.84,12.12,56,11.0014,2,5,11,0,1,0,0,0,1,0,2,-2.2799999999999994,5.5104,0,0
4,0,0,1,10.66,12.12,48,16.9979,3,5,11,0,1,0,0,0,1,0,3,-1.459999999999999,5.1168000000000005,0,0
4,0,0,1,10.66,11.365,48,22.0028,4,5,11,0,1,0,0,0,1,0,4,-0.7050000000000001,5.1168000000000005,0,0
4,0,0,1,9.84,11.365,56,16.9979,5,5,11,0,1,0,0,0,1,0,5,-1.5250000000000004,5.5104,0,0
4,0,0,1,9.84,10.605,60,22.0028,6,5,11,0,1,0,0,0,0,0,6,-0.7650000000000006,5.904,0,0
4,0,0,1,9.84,11.365,60,16.9979,7,5,11,0,1,0,0,0,0,0,7,-1.5250000000000004,5.904,0,0
4,0,0,1,10.66,12.12,56,16.9979,8,5,11,0,1,0,0,0,0,0,8,-1.459999999999999,5.969600000000001,0,0
4,0,0,1,11.48,12.88,52,19.9995,9,5,11,0,1,0,0,0,0,0,9,-1.4000000000000004,5.969600000000001,0,0
4,0,0,1,13.12,15.15,45,16.9979,10,5,11,0,1,0,0,0,0,0,10,-2.030000000000001,5.904,0,0
4,0,0,1,14.76,18.94,40,0.0,11,5,11,0,1,0,0,1,0,0,11,-4.1800000000000015,5.904,0,0
4,0,0,1,16.4,20.455,35,19.0012,12,5,11,0,1,0,0,1,0,0,12,-4.055,5.74,0,0
4,0,0,1,17.22,21.21,30,19.0012,13,5,11,0,1,0,0,1,0,0,13,-3.990000000000002,5.1659999999999995,0,0
4,0,0,1,17.22,21.21,32,19.9995,14,5,11,0,1,0,0,1,0,0,14,-3.990000000000002,5.5104,0,0
4,0,0,1,17.22,21.21,41,12.998,15,5,11,0,1,0,0,1,0,0,15,-3.990000000000002,7.0602,0,0
4,0,0,1,17.22,21.21,38,19.9995,16,5,11,0,1,0,0,1,0,0,16,-3.990000000000002,6.543599999999999,0,0
4,0,0,1,16.4,20.455,40,12.998,17,5,11,0,1,0,0,0,0,0,17,-4.055,6.56,0,0
4,0,0,1,15.58,19.695,46,8.9981,18,5,11,0,1,0,0,0,0,0,18,-4.115,7.166799999999999,0,0
4,0,0,2,13.94,16.665,71,8.9981,19,5,11,0,1,0,0,0,0,0,19,-2.7249999999999996,9.8974,0,0
4,0,0,2,14.76,18.18,57,7.0015,20,5,11,0,1,0,0,0,0,0,20,-3.42,8.4132,0,0
4,0,0,2,14.76,17.425,62,12.998,21,5,11,0,1,0,0,0,0,0,21,-2.665000000000001,9.1512,0,0
4,0,0,2,15.58,19.695,62,11.0014,22,5,11,0,1,0,0,0,0,0,22,-4.115,9.659600000000001,0,0
4,0,0,1,15.58,19.695,62,15.0013,23,5,11,0,1,0,0,0,0,0,23,-4.115,9.659600000000001,0,0
4,0,1,1,11.48,12.88,52,22.0028,0,3,12,0,0,0,0,0,1,0,0,-1.4000000000000004,5.969600000000001,0,0
4,0,1,1,10.66,12.12,60,19.0012,1,3,12,0,0,0,0,0,1,1,0,-1.459999999999999,6.396,0,0
4,0,1,1,10.66,11.365,56,19.9995,2,3,12,0,0,0,0,0,1,2,0,-0.7050000000000001,5.969600000000001,0,0
4,0,1,1,10.66,12.12,56,16.9979,3,3,12,0,0,0,0,0,1,3,0,-1.459999999999999,5.969600000000001,0,0
4,0,1,1,10.66,12.12,56,19.0012,4,3,12,0,0,0,0,0,1,4,0,-1.459999999999999,5.969600000000001,0,0
4,0,1,1,10.66,12.12,56,16.9979,5,3,12,0,0,0,0,0,1,5,0,-1.459999999999999,5.969600000000001,0,0
4,0,1,1,9.84,10.605,65,19.0012,6,3,12,0,0,0,0,0,0,6,0,-0.7650000000000006,6.396,0,0
4,0,1,1,9.84,10.605,65,23.9994,7,3,12,0,0,1,0,0,0,7,0,-0.7650000000000006,6.396,0,0
4,0,1,1,10.66,11.365,60,22.0028,8,3,12,0,0,1,0,0,0,8,0,-0.7050000000000001,6.396,0,0
4,0,1,1,12.3,13.635,52,22.0028,9,3,12,0,0,1,0,0,0,9,0,-1.334999999999999,6.396,0,0
4,0,1,1,13.12,15.15,53,19.9995,10,3,12,0,0,0,0,0,0,10,0,-2.030000000000001,6.9536,0,0
4,0,1,1,13.94,15.91,49,16.9979,11,3,12,0,0,0,0,0,0,11,0,-1.9700000000000006,6.8306,0,0
4,0,1,1,14.76,17.425,46,15.0013,12,3,12,0,0,0,0,0,0,12,0,-2.665000000000001,6.7896,0,0
4,0,1,1,16.4,20.455,40,15.0013,13,3,12,0,0,0,0,0,0,13,0,-4.055,6.56,0,0
4,0,1,1,16.4,20.455,40,15.0013,14,3,12,0,0,0,0,0,0,14,0,-4.055,6.56,0,0
4,0,1,1,16.4,20.455,40,15.0013,15,3,12,0,0,0,0,0,0,15,0,-4.055,6.56,0,0
4,0,1,1,16.4,20.455,40,12.998,16,3,12,0,0,0,0,0,0,16,0,-4.055,6.56,0,0
4,0,1,1,14.76,17.425,46,8.9981,17,3,12,0,0,0,1,0,0,17,0,-2.665000000000001,6.7896,0,0
4,0,1,1,14.76,18.18,43,7.0015,18,3,12,0,0,0,1,0,0,18,0,-3.42,6.346799999999999,0,0
4,0,1,1,13.94,17.425,46,7.0015,19,3,12,0,0,0,1,0,0,19,0,-3.485000000000001,6.4124,0,0
4,0,1,1,13.94,17.425,46,7.0015,20,3,12,0,0,0,0,0,0,20,0,-3.485000000000001,6.4124,0,0
4,0,1,1,12.3,15.91,61,7.0015,21,3,12,0,0,0,0,0,0,21,0,-3.6099999999999994,7.503000000000001,0,0
4,0,1,1,12.3,16.665,61,0.0,22,3,12,0,0,0,0,0,0,22,0,-4.364999999999998,7.503000000000001,0,0
4,0,1,1,10.66,14.395,70,6.0032,23,3,12,0,0,0,0,0,0,23,0,-3.7349999999999994,7.462000000000001,0,0
4,0,1,1,10.66,14.395,70,6.0032,0,4,12,0,0,0,0,0,1,0,0,-3.7349999999999994,7.462000000000001,0,0
4,0,1,1,9.84,14.395,75,0.0,1,4,12,0,0,0,0,0,1,1,0,-4.555,7.38,0,0
4,0,1,1,9.84,14.395,75,0.0,2,4,12,0,0,0,0,0,1,2,0,-4.555,7.38,0,0
4,0,1,1,9.02,13.635,80,0.0,3,4,12,0,0,0,0,0,1,3,0,-4.615,7.215999999999999,0,0
4,0,1,1,9.02,13.635,80,0.0,4,4,12,0,0,0,0,0,1,4,0,-4.615,7.215999999999999,0,0
4,0,1,1,9.02,12.88,80,6.0032,5,4,12,0,0,0,0,0,1,5,0,-3.860000000000001,7.215999999999999,0,0
4,0,1,1,9.02,13.635,80,0.0,6,4,12,0,0,0,0,0,0,6,0,-4.615,7.215999999999999,0,0
4,0,1,1,9.02,12.88,87,6.0032,7,4,12,0,0,1,0,0,0,7,0,-3.860000000000001,7.8474,0,0
4,0,1,1,9.84,14.395,87,0.0,8,4,12,0,0,1,0,0,0,8,0,-4.555,8.5608,0,0
4,0,1,1,11.48,15.91,81,0.0,9,4,12,0,0,1,0,0,0,9,0,-4.43,9.2988,0,0
4,0,1,1,12.3,14.395,75,15.0013,10,4,12,0,0,0,0,0,0,10,0,-2.094999999999999,9.225,0,0
4,0,1,1,13.94,16.665,66,11.0014,11,4,12,0,0,0,0,0,0,11,0,-2.7249999999999996,9.2004,0,0
4,0,1,1,14.76,17.425,57,8.9981,12,4,12,0,0,0,0,0,0,12,0,-2.665000000000001,8.4132,0,0
4,0,1,1,16.4,20.455,47,8.9981,13,4,12,0,0,0,0,0,0,13,0,-4.055,7.707999999999999,0,0
4,0,1,1,17.22,21.21,44,7.0015,14,4,12,0,0,0,0,0,0,14,0,-3.990000000000002,7.5767999999999995,0,0
4,0,1,1,17.22,21.21,41,6.0032,15,4,12,0,0,0,0,0,0,15,0,-3.990000000000002,7.0602,0,0
4,0,1,1,17.22,21.21,41,6.0032,16,4,12,0,0,0,0,0,0,16,0,-3.990000000000002,7.0602,0,0
4,0,1,1,17.22,21.21,38,0.0,17,4,12,0,0,0,1,0,0,17,0,-3.990000000000002,6.543599999999999,0,0
4,0,1,1,16.4,20.455,50,0.0,18,4,12,0,0,0,1,0,0,18,0,-4.055,8.2,0,0
4,0,1,1,13.94,15.91,53,16.9979,19,4,12,0,0,0,1,0,0,19,0,-1.9700000000000006,7.388199999999999,0,0
4,0,1,1,15.58,19.695,40,19.0012,20,4,12,0,0,0,0,0,0,20,0,-4.115,6.232,0,0
4,0,1,1,13.94,16.665,49,12.998,21,4,12,0,0,0,0,0,0,21,0,-2.7249999999999996,6.8306,0,0
4,0,1,1,13.12,15.91,53,12.998,22,4,12,0,0,0,0,0,0,22,0,-2.790000000000001,6.9536,0,0
4,0,1,1,13.12,15.15,53,19.0012,23,4,12,0,0,0,0,0,0,23,0,-2.030000000000001,6.9536,0,0
4,0,0,1,12.3,14.395,56,16.9979,0,5,12,0,1,0,0,0,1,0,0,-2.094999999999999,6.888000000000001,0,0
4,0,0,1,10.66,12.88,65,12.998,1,5,12,0,1,0,0,0,1,0,1,-2.2200000000000006,6.928999999999999,0,0
4,0,0,1,10.66,12.88,65,11.0014,2,5,12,0,1,0,0,0,1,0,2,-2.2200000000000006,6.928999999999999,0,0
4,0,0,1,9.84,12.12,70,8.9981,3,5,12,0,1,0,0,0,1,0,3,-2.2799999999999994,6.888,0,0
4,0,0,1,9.02,11.365,75,8.9981,4,5,12,0,1,0,0,0,1,0,4,-2.3450000000000006,6.765,0,0
4,0,0,1,9.84,12.88,70,6.0032,5,5,12,0,1,0,0,0,1,0,5,-3.040000000000001,6.888,0,0
4,0,0,1,9.84,12.88,65,7.0015,6,5,12,0,1,0,0,0,0,0,6,-3.040000000000001,6.396,0,0
4,0,0,1,9.02,12.88,75,6.0032,7,5,12,0,1,0,0,0,0,0,7,-3.860000000000001,6.765,0,0
4,0,0,1,9.84,12.88,75,6.0032,8,5,12,0,1,0,0,0,0,0,8,-3.040000000000001,7.38,0,0
4,0,0,1,10.66,13.635,70,7.0015,9,5,12,0,1,0,0,0,0,0,9,-2.9749999999999996,7.462000000000001,0,0
4,0,0,1,13.12,16.665,61,8.9981,10,5,12,0,1,0,0,0,0,0,10,-3.545,8.0032,0,0
4,0,0,1,13.12,16.665,57,6.0032,11,5,12,0,1,0,0,1,0,0,11,-3.545,7.478399999999999,0,0
4,0,0,1,14.76,18.94,50,0.0,12,5,12,0,1,0,0,1,0,0,12,-4.1800000000000015,7.38,0,0
4,0,0,1,14.76,18.18,50,6.0032,13,5,12,0,1,0,0,1,0,0,13,-3.42,7.38,0,0
4,0,0,1,14.76,18.94,46,0.0,14,5,12,0,1,0,0,1,0,0,14,-4.1800000000000015,6.7896,0,0
4,0,0,1,15.58,19.695,46,0.0,15,5,12,0,1,0,0,1,0,0,15,-4.115,7.166799999999999,0,0
4,0,0,1,15.58,19.695,46,0.0,16,5,12,0,1,0,0,1,0,0,16,-4.115,7.166799999999999,0,0
4,0,0,1,14.76,18.94,62,0.0,17,5,12,0,1,0,0,0,0,0,17,-4.1800000000000015,9.1512,0,0
4,0,0,1,13.94,16.665,53,8.9981,18,5,12,0,1,0,0,0,0,0,18,-2.7249999999999996,7.388199999999999,0,0
4,0,0,1,12.3,15.91,61,6.0032,19,5,12,0,1,0,0,0,0,0,19,-3.6099999999999994,7.503000000000001,0,0
4,0,0,1,12.3,15.91,61,6.0032,20,5,12,0,1,0,0,0,0,0,20,-3.6099999999999994,7.503000000000001,0,0
4,0,0,2,12.3,15.91,61,6.0032,21,5,12,0,1,0,0,0,0,0,21,-3.6099999999999994,7.503000000000001,0,0
4,0,0,2,13.12,16.665,61,6.0032,22,5,12,0,1,0,0,0,0,0,22,-3.545,8.0032,0,0
4,0,0,1,12.3,15.15,70,8.9981,23,5,12,0,1,0,0,0,0,0,23,-2.8499999999999996,8.61,0,0
4,0,0,1,12.3,15.91,70,7.0015,0,6,12,0,1,0,0,0,1,0,0,-3.6099999999999994,8.61,0,0
4,0,0,1,12.3,15.91,75,6.0032,1,6,12,0,1,0,0,0,1,0,1,-3.6099999999999994,9.225,0,0
4,0,0,1,10.66,15.15,81,0.0,2,6,12,0,1,0,0,0,1,0,2,-4.49,8.6346,0,0
4,0,0,1,11.48,15.91,75,0.0,3,6,12,0,1,0,0,0,1,0,3,-4.43,8.61,0,0
4,0,0,1,10.66,15.15,87,0.0,4,6,12,0,1,0,0,0,1,0,4,-4.49,9.2742,0,0
4,0,0,1,10.66,15.15,81,0.0,5,6,12,0,1,0,0,0,1,0,5,-4.49,8.6346,0,0
4,0,0,1,9.84,14.395,93,0.0,6,6,12,0,1,0,0,0,0,0,6,-4.555,9.1512,0,0
4,0,0,1,10.66,15.15,87,0.0,7,6,12,0,1,0,0,0,0,0,7,-4.49,9.2742,0,0
4,0,0,1,10.66,15.15,87,0.0,8,6,12,0,1,0,0,0,0,0,8,-4.49,9.2742,0,0
4,0,0,1,12.3,16.665,81,0.0,9,6,12,0,1,0,0,0,0,0,9,-4.364999999999998,9.963000000000001,0,0
4,0,0,1,13.12,16.665,81,8.9981,10,6,12,0,1,0,0,0,0,0,10,-3.545,10.6272,0,0
4,0,0,1,13.94,16.665,81,11.0014,11,6,12,0,1,0,0,1,0,0,11,-2.7249999999999996,11.2914,0,0
4,0,0,1,14.76,17.425,81,11.0014,12,6,12,0,1,0,0,1,0,0,12,-2.665000000000001,11.955599999999999,0,0
4,0,0,1,16.4,20.455,66,15.0013,13,6,12,0,1,0,0,1,0,0,13,-4.055,10.823999999999998,0,0
4,0,0,1,17.22,21.21,62,8.9981,14,6,12,0,1,0,0,1,0,0,14,-3.990000000000002,10.6764,0,0
4,0,0,1,17.22,21.21,62,12.998,15,6,12,0,1,0,0,1,0,0,15,-3.990000000000002,10.6764,0,0
4,0,0,1,17.22,21.21,58,15.0013,16,6,12,0,1,0,0,1,0,0,16,-3.990000000000002,9.9876,0,0
4,0,0,1,15.58,19.695,76,8.9981,17,6,12,0,1,0,0,0,0,0,17,-4.115,11.8408,0,0
4,0,0,1,15.58,19.695,71,0.0,18,6,12,0,1,0,0,0,0,0,18,-4.115,11.0618,0,0
4,0,0,1,15.58,19.695,76,0.0,19,6,12,0,1,0,0,0,0,0,19,-4.115,11.8408,0,0
4,0,0,1,14.76,17.425,76,8.9981,20,6,12,0,1,0,0,0,0,0,20,-2.665000000000001,11.2176,0,0
4,0,0,1,14.76,18.18,81,7.0015,21,6,12,0,1,0,0,0,0,0,21,-3.42,11.955599999999999,0,0
4,0,0,1,13.94,17.425,87,7.0015,22,6,12,0,1,0,0,0,0,0,22,-3.485000000000001,12.1278,0,0
4,0,0,1,13.94,17.425,87,7.0015,23,6,12,0,1,0,0,0,0,0,23,-3.485000000000001,12.1278,0,0
4,0,1,1,13.12,16.665,87,6.0032,0,0,12,0,0,0,0,0,1,0,0,-3.545,11.414399999999999,0,0
4,0,1,1,13.12,17.425,87,0.0,1,0,12,0,0,0,0,0,1,1,0,-4.3050000000000015,11.414399999999999,0,0
4,0,1,1,13.12,17.425,87,0.0,2,0,12,0,0,0,0,0,1,2,0,-4.3050000000000015,11.414399999999999,0,0
4,0,1,1,13.12,17.425,87,0.0,3,0,12,0,0,0,0,0,1,3,0,-4.3050000000000015,11.414399999999999,0,0
4,0,1,1,12.3,15.91,87,7.0015,4,0,12,0,0,0,0,0,1,4,0,-3.6099999999999994,10.701,0,0
4,0,1,1,12.3,15.91,87,7.0015,5,0,12,0,0,0,0,0,1,5,0,-3.6099999999999994,10.701,0,0
4,0,1,1,12.3,15.91,93,6.0032,6,0,12,0,0,0,0,0,0,6,0,-3.6099999999999994,11.439,0,0
4,0,1,1,13.12,17.425,90,0.0,7,0,12,0,0,1,0,0,0,7,0,-4.3050000000000015,11.808,0,0
4,0,1,1,13.12,17.425,93,0.0,8,0,12,0,0,1,0,0,0,8,0,-4.3050000000000015,12.2016,0,0
4,0,1,2,14.76,18.18,87,6.0032,9,0,12,0,0,1,0,0,0,9,0,-3.42,12.841199999999999,0,0
4,0,1,2,14.76,18.18,87,6.0032,10,0,12,0,0,0,0,0,0,10,0,-3.42,12.841199999999999,0,0
4,0,1,2,14.76,18.18,87,6.0032,11,0,12,0,0,0,0,0,0,11,0,-3.42,12.841199999999999,0,0
4,0,1,2,16.4,20.455,76,7.0015,12,0,12,0,0,0,0,0,0,12,0,-4.055,12.463999999999999,0,0
4,0,1,2,17.22,21.21,71,6.0032,13,0,12,0,0,0,0,0,0,13,0,-3.990000000000002,12.226199999999999,0,0
4,0,1,2,18.86,22.725,67,0.0,14,0,12,0,0,0,0,0,0,14,0,-3.865000000000002,12.636199999999999,0,0
4,0,1,2,18.86,22.725,72,6.0032,15,0,12,0,0,0,0,0,0,15,0,-3.865000000000002,13.5792,0,0
4,0,1,1,20.5,24.24,63,6.0032,16,0,12,0,0,0,0,0,0,16,0,-3.7399999999999984,12.915,0,0
4,0,1,1,17.22,21.21,77,0.0,17,0,12,0,0,0,1,0,0,17,0,-3.990000000000002,13.259399999999998,0,0
4,0,1,1,18.04,21.97,77,0.0,18,0,12,0,0,0,1,0,0,18,0,-3.9299999999999997,13.890799999999999,0,0
4,0,1,2,18.86,22.725,77,0.0,19,0,12,0,0,0,1,0,0,19,0,-3.865000000000002,14.5222,0,0
4,0,1,2,18.86,22.725,82,7.0015,20,0,12,0,0,0,0,0,0,20,0,-3.865000000000002,15.4652,0,0
4,0,1,2,18.04,21.97,88,6.0032,21,0,12,0,0,0,0,0,0,21,0,-3.9299999999999997,15.8752,0,0
4,0,1,2,18.04,21.97,88,8.9981,22,0,12,0,0,0,0,0,0,22,0,-3.9299999999999997,15.8752,0,0
4,0,1,2,18.86,22.725,88,8.9981,23,0,12,0,0,0,0,0,0,23,0,-3.865000000000002,16.596799999999998,0,0
4,0,1,2,20.5,24.24,77,19.9995,0,1,12,0,0,0,0,0,1,0,0,-3.7399999999999984,15.785,0,0
4,0,1,2,18.86,22.725,88,19.9995,1,1,12,0,0,0,0,0,1,1,0,-3.865000000000002,16.596799999999998,0,0
4,0,1,2,18.86,22.725,87,12.998,2,1,12,0,0,0,0,0,1,2,0,-3.865000000000002,16.4082,0,0
4,0,1,2,18.86,22.725,87,12.998,3,1,12,0,0,0,0,0,1,3,0,-3.865000000000002,16.4082,0,0
4,0,1,3,18.86,22.725,88,15.0013,4,1,12,0,0,0,0,0,1,4,0,-3.865000000000002,16.596799999999998,0,1
4,0,1,3,18.86,22.725,88,15.0013,5,1,12,0,0,0,0,0,1,5,0,-3.865000000000002,16.596799999999998,0,1
4,0,1,2,18.04,21.97,94,19.0012,6,1,12,0,0,0,0,0,0,6,0,-3.9299999999999997,16.9576,0,0
4,0,1,2,18.86,22.725,94,12.998,7,1,12,0,0,1,0,0,0,7,0,-3.865000000000002,17.7284,0,0
4,0,1,2,18.86,22.725,94,12.998,8,1,12,0,0,1,0,0,0,8,0,-3.865000000000002,17.7284,0,0
4,0,1,2,18.86,22.725,94,15.0013,9,1,12,0,0,1,0,0,0,9,0,-3.865000000000002,17.7284,0,0
4,0,1,3,18.86,22.725,94,19.0012,10,1,12,0,0,0,0,0,0,10,0,-3.865000000000002,17.7284,0,1
4,0,1,3,18.86,22.725,94,16.9979,11,1,12,0,0,0,0,0,0,11,0,-3.865000000000002,17.7284,0,1
4,0,1,3,18.86,22.725,100,15.0013,12,1,12,0,0,0,0,0,0,12,0,-3.865000000000002,18.86,0,1
4,0,1,3,18.86,22.725,100,12.998,13,1,12,0,0,0,0,0,0,13,0,-3.865000000000002,18.86,0,1
4,0,1,3,19.68,23.485,100,15.0013,14,1,12,0,0,0,0,0,0,14,0,-3.8049999999999997,19.68,0,1
4,0,1,3,20.5,24.24,100,12.998,15,1,12,0,0,0,0,0,0,15,0,-3.7399999999999984,20.5,0,1
4,0,1,3,18.86,22.725,100,16.9979,16,1,12,0,0,0,0,0,0,16,0,-3.865000000000002,18.86,0,1
4,0,1,2,18.86,22.725,100,15.0013,17,1,12,0,0,0,1,0,0,17,0,-3.865000000000002,18.86,0,0
4,0,1,2,18.86,22.725,100,19.0012,18,1,12,0,0,0,1,0,0,18,0,-3.865000000000002,18.86,0,0
4,0,1,3,18.86,22.725,100,19.9995,19,1,12,0,0,0,1,0,0,19,0,-3.865000000000002,18.86,0,1
4,0,1,3,18.86,22.725,100,19.9995,20,1,12,0,0,0,0,0,0,20,0,-3.865000000000002,18.86,0,1
4,0,1,2,18.04,21.97,100,12.998,21,1,12,0,0,0,0,0,0,21,0,-3.9299999999999997,18.04,0,0
4,0,1,3,18.86,22.725,100,11.0014,22,1,12,0,0,0,0,0,0,22,0,-3.865000000000002,18.86,0,1
4,0,1,3,18.86,22.725,100,11.0014,23,1,12,0,0,0,0,0,0,23,0,-3.865000000000002,18.86,0,1
4,0,1,1,18.04,21.97,100,12.998,0,2,12,0,0,0,0,0,1,0,0,-3.9299999999999997,18.04,0,0
4,0,1,2,18.86,22.725,100,16.9979,1,2,12,0,0,0,0,0,1,1,0,-3.865000000000002,18.86,0,0
4,0,1,3,18.86,22.725,100,15.0013,2,2,12,0,0,0,0,0,1,2,0,-3.865000000000002,18.86,0,1
4,0,1,3,18.86,22.725,100,15.0013,3,2,12,0,0,0,0,0,1,3,0,-3.865000000000002,18.86,0,1
4,0,1,3,18.86,22.725,100,11.0014,4,2,12,0,0,0,0,0,1,4,0,-3.865000000000002,18.86,0,1
4,0,1,3,18.86,22.725,100,11.0014,5,2,12,0,0,0,0,0,1,5,0,-3.865000000000002,18.86,0,1
4,0,1,3,19.68,23.485,100,27.9993,6,2,12,0,0,0,0,0,0,6,0,-3.8049999999999997,19.68,0,1
4,0,1,3,18.04,21.97,100,7.0015,7,2,12,0,0,1,0,0,0,7,0,-3.9299999999999997,18.04,0,1
4,0,1,3,18.04,21.97,100,0.0,8,2,12,0,0,1,0,0,0,8,0,-3.9299999999999997,18.04,0,1
4,0,1,3,18.04,21.97,100,16.9979,9,2,12,0,0,1,0,0,0,9,0,-3.9299999999999997,18.04,0,1
4,0,1,3,18.04,21.97,100,6.0032,10,2,12,0,0,0,0,0,0,10,0,-3.9299999999999997,18.04,0,1
4,0,1,3,18.04,21.97,100,6.0032,11,2,12,0,0,0,0,0,0,11,0,-3.9299999999999997,18.04,0,1
4,0,1,3,18.04,21.97,100,8.9981,12,2,12,0,0,0,0,0,0,12,0,-3.9299999999999997,18.04,0,1
4,0,1,3,18.04,21.97,100,12.998,13,2,12,0,0,0,0,0,0,13,0,-3.9299999999999997,18.04,0,1
4,0,1,3,18.04,21.97,100,12.998,14,2,12,0,0,0,0,0,0,14,0,-3.9299999999999997,18.04,0,1
4,0,1,3,17.22,21.21,94,15.0013,15,2,12,0,0,0,0,0,0,15,0,-3.990000000000002,16.186799999999998,0,1
4,0,1,3,17.22,21.21,94,12.998,16,2,12,0,0,0,0,0,0,16,0,-3.990000000000002,16.186799999999998,0,1
4,0,1,3,16.4,20.455,100,22.0028,17,2,12,0,0,0,1,0,0,17,0,-4.055,16.4,0,1
4,0,1,3,16.4,20.455,94,19.9995,18,2,12,0,0,0,1,0,0,18,0,-4.055,15.415999999999999,0,1
4,0,1,3,13.94,14.395,87,43.0006,19,2,12,0,0,0,1,0,0,19,0,-0.45500000000000007,12.1278,0,1
4,0,1,3,13.94,14.395,87,43.0006,20,2,12,0,0,0,0,0,0,20,0,-0.45500000000000007,12.1278,0,1
4,0,1,3,12.3,12.88,87,35.0008,21,2,12,0,0,0,0,0,0,21,0,-0.5800000000000001,10.701,0,1
4,0,1,3,9.84,9.85,93,30.0026,22,2,12,0,0,0,0,0,0,22,0,-0.009999999999999787,9.1512,0,1
4,0,1,1,9.84,10.605,93,26.0027,23,2,12,0,0,0,0,0,0,23,0,-0.7650000000000006,9.1512,0,0
4,0,1,2,10.66,11.365,87,19.9995,0,3,12,0,0,0,0,0,1,0,0,-0.7050000000000001,9.2742,0,0
4,0,1,1,10.66,11.365,81,23.9994,1,3,12,0,0,0,0,0,1,1,0,-0.7050000000000001,8.6346,0,0
4,0,1,1,11.48,13.635,65,15.0013,2,3,12,0,0,0,0,0,1,2,0,-2.1549999999999994,7.462000000000001,0,0
4,0,1,1,10.66,11.365,60,19.9995,3,3,12,0,0,0,0,0,1,3,0,-0.7050000000000001,6.396,0,0
4,0,1,2,9.84,9.85,60,31.0009,4,3,12,0,0,0,0,0,1,4,0,-0.009999999999999787,5.904,0,0
4,0,1,1,9.02,10.605,64,15.0013,5,3,12,0,0,0,0,0,1,5,0,-1.5850000000000009,5.7728,0,0
4,0,1,1,9.02,10.605,55,19.0012,6,3,12,0,0,0,0,0,0,6,0,-1.5850000000000009,4.960999999999999,0,0
4,0,1,1,9.02,10.605,60,15.0013,7,3,12,0,0,1,0,0,0,7,0,-1.5850000000000009,5.411999999999999,0,0
4,0,1,1,9.02,10.605,55,19.0012,8,3,12,0,0,1,0,0,0,8,0,-1.5850000000000009,4.960999999999999,0,0
4,0,1,1,9.84,10.605,52,26.0027,9,3,12,0,0,1,0,0,0,9,0,-0.7650000000000006,5.1168000000000005,0,0
4,0,1,1,10.66,11.365,52,22.0028,10,3,12,0,0,0,0,0,0,10,0,-0.7050000000000001,5.543200000000001,0,0
4,0,1,1,11.48,13.635,52,16.9979,11,3,12,0,0,0,0,0,0,11,0,-2.1549999999999994,5.969600000000001,0,0
4,0,1,1,11.48,12.88,52,22.0028,12,3,12,0,0,0,0,0,0,12,0,-1.4000000000000004,5.969600000000001,0,0
4,0,1,1,12.3,13.635,49,23.9994,13,3,12,0,0,0,0,0,0,13,0,-1.334999999999999,6.027,0,0
4,0,1,1,13.12,15.15,45,16.9979,14,3,12,0,0,0,0,0,0,14,0,-2.030000000000001,5.904,0,0
4,0,1,1,13.12,16.665,45,8.9981,15,3,12,0,0,0,0,0,0,15,0,-3.545,5.904,0,0
4,0,1,1,13.12,15.91,45,12.998,16,3,12,0,0,0,0,0,0,16,0,-2.790000000000001,5.904,0,0
4,0,1,1,12.3,15.91,49,7.0015,17,3,12,0,0,0,1,0,0,17,0,-3.6099999999999994,6.027,0,0
4,0,1,1,11.48,13.635,52,15.0013,18,3,12,0,0,0,1,0,0,18,0,-2.1549999999999994,5.969600000000001,0,0
4,0,1,1,10.66,13.635,56,7.0015,19,3,12,0,0,0,1,0,0,19,0,-2.9749999999999996,5.969600000000001,0,0
4,0,1,1,10.66,13.635,60,7.0015,20,3,12,0,0,0,0,0,0,20,0,-2.9749999999999996,6.396,0,0
4,0,1,1,11.48,15.15,61,6.0032,21,3,12,0,0,0,0,0,0,21,0,-3.67,7.0028,0,0
4,0,1,1,10.66,13.635,65,8.9981,22,3,12,0,0,0,0,0,0,22,0,-2.9749999999999996,6.928999999999999,0,0
4,0,1,1,9.84,12.88,70,7.0015,23,3,12,0,0,0,0,0,0,23,0,-3.040000000000001,6.888,0,0
4,0,1,1,9.84,14.395,65,0.0,0,4,12,0,0,0,0,0,1,0,0,-4.555,6.396,0,0
4,0,1,1,9.84,14.395,65,0.0,1,4,12,0,0,0,0,0,1,1,0,-4.555,6.396,0,0
4,0,1,1,9.84,14.395,70,0.0,2,4,12,0,0,0,0,0,1,2,0,-4.555,6.888,0,0
4,0,1,1,9.02,13.635,80,0.0,3,4,12,0,0,0,0,0,1,3,0,-4.615,7.215999999999999,0,0
4,0,1,1,9.02,13.635,80,0.0,4,4,12,0,0,0,0,0,1,4,0,-4.615,7.215999999999999,0,0
4,0,1,1,9.02,13.635,80,0.0,5,4,12,0,0,0,0,0,1,5,0,-4.615,7.215999999999999,0,0
4,0,1,1,9.02,12.88,80,6.0032,6,4,12,0,0,0,0,0,0,6,0,-3.860000000000001,7.215999999999999,0,0
4,0,1,1,9.02,12.88,75,6.0032,7,4,12,0,0,1,0,0,0,7,0,-3.860000000000001,6.765,0,0
4,0,1,1,9.84,14.395,81,0.0,8,4,12,0,0,1,0,0,0,8,0,-4.555,7.9704,0,0
4,0,1,1,10.66,14.395,81,6.0032,9,4,12,0,0,1,0,0,0,9,0,-3.7349999999999994,8.6346,0,0
4,0,1,2,12.3,15.15,70,11.0014,10,4,12,0,0,0,0,0,0,10,0,-2.8499999999999996,8.61,0,0
4,0,1,1,13.12,15.15,70,16.9979,11,4,12,0,0,0,0,0,0,11,0,-2.030000000000001,9.184,0,0
4,0,1,1,14.76,16.665,57,19.9995,12,4,12,0,0,0,0,0,0,12,0,-1.9049999999999994,8.4132,0,0
4,0,1,1,15.58,19.695,50,12.998,13,4,12,0,0,0,0,0,0,13,0,-4.115,7.79,0,0
4,0,1,1,15.58,19.695,46,19.0012,14,4,12,0,0,0,0,0,0,14,0,-4.115,7.166799999999999,0,0
4,0,1,1,15.58,19.695,46,19.0012,15,4,12,0,0,0,0,0,0,15,0,-4.115,7.166799999999999,0,0
4,0,1,1,14.76,17.425,62,8.9981,16,4,12,0,0,0,0,0,0,16,0,-2.665000000000001,9.1512,0,0
4,0,1,1,13.94,17.425,66,7.0015,17,4,12,0,0,0,1,0,0,17,0,-3.485000000000001,9.2004,0,0
4,0,1,1,13.94,18.18,61,0.0,18,4,12,0,0,0,1,0,0,18,0,-4.24,8.5034,0,0
4,0,1,1,13.94,18.18,61,0.0,19,4,12,0,0,0,1,0,0,19,0,-4.24,8.5034,0,0
4,0,1,1,12.3,16.665,81,0.0,20,4,12,0,0,0,0,0,0,20,0,-4.364999999999998,9.963000000000001,0,0
4,0,1,1,12.3,16.665,75,0.0,21,4,12,0,0,0,0,0,0,21,0,-4.364999999999998,9.225,0,0
4,0,1,1,11.48,15.91,87,0.0,22,4,12,0,0,0,0,0,0,22,0,-4.43,9.9876,0,0
4,0,1,1,11.48,15.91,81,0.0,23,4,12,0,0,0,0,0,0,23,0,-4.43,9.2988,0,0
4,0,0,2,10.66,13.635,81,7.0015,0,5,12,0,1,0,0,0,1,0,0,-2.9749999999999996,8.6346,0,0
4,0,0,2,10.66,12.88,70,11.0014,1,5,12,0,1,0,0,0,1,0,1,-2.2200000000000006,7.462000000000001,0,0
4,0,0,2,11.48,15.15,61,6.0032,2,5,12,0,1,0,0,0,1,0,2,-3.67,7.0028,0,0
4,0,0,2,11.48,15.15,61,6.0032,3,5,12,0,1,0,0,0,1,0,3,-3.67,7.0028,0,0
4,0,0,2,10.66,13.635,65,7.0015,4,5,12,0,1,0,0,0,1,0,4,-2.9749999999999996,6.928999999999999,0,0
4,0,0,1,10.66,12.88,60,11.0014,5,5,12,0,1,0,0,0,1,0,5,-2.2200000000000006,6.396,0,0
4,0,0,1,9.84,12.88,65,7.0015,6,5,12,0,1,0,0,0,0,0,6,-3.040000000000001,6.396,0,0
4,0,0,1,9.84,11.365,65,12.998,7,5,12,0,1,0,0,0,0,0,7,-1.5250000000000004,6.396,0,0
4,0,0,1,10.66,13.635,65,8.9981,8,5,12,0,1,0,0,0,0,0,8,-2.9749999999999996,6.928999999999999,0,0
4,0,0,1,11.48,12.88,61,19.0012,9,5,12,0,1,0,0,0,0,0,9,-1.4000000000000004,7.0028,0,0
4,0,0,1,13.12,15.15,57,16.9979,10,5,12,0,1,0,0,0,0,0,10,-2.030000000000001,7.478399999999999,0,0
4,0,0,1,13.12,14.395,53,27.9993,11,5,12,0,1,0,0,1,0,0,11,-1.2750000000000004,6.9536,0,0
4,0,0,1,13.12,14.395,45,27.9993,12,5,12,0,1,0,0,1,0,0,12,-1.2750000000000004,5.904,0,0
4,0,0,1,13.94,15.15,34,27.9993,13,5,12,0,1,0,0,1,0,0,13,-1.2100000000000009,4.739599999999999,0,0
4,0,0,1,13.94,15.15,31,22.0028,14,5,12,0,1,0,0,1,0,0,14,-1.2100000000000009,4.3214,0,0
4,0,0,1,13.94,15.15,34,23.9994,15,5,12,0,1,0,0,1,0,0,15,-1.2100000000000009,4.739599999999999,0,0
4,0,0,1,13.12,14.395,31,26.0027,16,5,12,0,1,0,0,1,0,0,16,-1.2750000000000004,4.0672,0,0
4,0,0,1,11.48,12.88,36,22.0028,17,5,12,0,1,0,0,0,0,0,17,-1.4000000000000004,4.1328000000000005,0,0
4,0,0,1,10.66,12.88,38,15.0013,18,5,12,0,1,0,0,0,0,0,18,-2.2200000000000006,4.0508,0,0
4,0,0,1,10.66,12.12,38,19.0012,19,5,12,0,1,0,0,0,0,0,19,-1.459999999999999,4.0508,0,0
4,0,0,1,9.84,11.365,35,15.0013,20,5,12,0,1,0,0,0,0,0,20,-1.5250000000000004,3.444,0,0
4,0,0,1,9.02,10.605,44,15.0013,21,5,12,0,1,0,0,0,0,0,21,-1.5850000000000009,3.9688,0,0
4,0,0,1,9.02,11.365,41,8.9981,22,5,12,0,1,0,0,0,0,0,22,-2.3450000000000006,3.6982,0,0
4,0,0,1,8.2,10.605,47,11.0014,23,5,12,0,1,0,0,0,0,0,23,-2.405000000000001,3.8539999999999996,0,0
4,0,0,1,8.2,9.85,51,15.0013,0,6,12,0,1,0,0,0,1,0,0,-1.6500000000000004,4.1819999999999995,0,0
4,0,0,1,6.56,7.575,59,15.0013,1,6,12,0,1,0,0,0,1,0,1,-1.0150000000000006,3.8703999999999996,0,0
4,0,0,1,7.38,8.335,55,16.9979,2,6,12,0,1,0,0,0,1,0,2,-0.955000000000001,4.059,0,0
4,0,0,1,6.56,9.09,59,8.9981,3,6,12,0,1,0,0,0,1,0,3,-2.5300000000000002,3.8703999999999996,0,0
4,0,0,1,6.56,8.335,59,11.0014,4,6,12,0,1,0,0,0,1,0,4,-1.7750000000000012,3.8703999999999996,0,0
4,0,0,1,7.38,10.605,59,7.0015,5,6,12,0,1,0,0,0,1,0,5,-3.2250000000000005,4.3542000000000005,0,0
4,0,0,1,6.56,11.365,59,0.0,6,6,12,0,1,0,0,0,0,0,6,-4.805000000000001,3.8703999999999996,0,0
4,0,0,1,7.38,12.12,55,0.0,7,6,12,0,1,0,0,0,0,0,7,-4.739999999999999,4.059,0,0
4,0,0,1,6.56,11.365,69,0.0,8,6,12,0,1,0,0,0,0,0,8,-4.805000000000001,4.5264,0,0
4,0,0,1,8.2,12.88,59,0.0,9,6,12,0,1,0,0,0,0,0,9,-4.6800000000000015,4.837999999999999,0,0
4,0,0,1,9.84,14.395,44,0.0,10,6,12,0,1,0,0,0,0,0,10,-4.555,4.3296,0,0
4,0,0,1,10.66,15.15,35,0.0,11,6,12,0,1,0,0,1,0,0,11,-4.49,3.7310000000000003,0,0
4,0,0,1,10.66,15.15,35,0.0,12,6,12,0,1,0,0,1,0,0,12,-4.49,3.7310000000000003,0,0
4,0,0,1,12.3,16.665,31,0.0,13,6,12,0,1,0,0,1,0,0,13,-4.364999999999998,3.813,0,0
4,0,0,1,12.3,16.665,28,0.0,14,6,12,0,1,0,0,1,0,0,14,-4.364999999999998,3.4440000000000004,0,0
4,0,0,1,12.3,16.665,26,0.0,15,6,12,0,1,0,0,1,0,0,15,-4.364999999999998,3.198,0,0
4,0,0,1,12.3,16.665,26,0.0,16,6,12,0,1,0,0,1,0,0,16,-4.364999999999998,3.198,0,0
4,0,0,1,11.48,15.91,30,0.0,17,6,12,0,1,0,0,0,0,0,17,-4.43,3.4440000000000004,0,0
4,0,0,1,9.84,11.365,48,12.998,18,6,12,0,1,0,0,0,0,0,18,-1.5250000000000004,4.7232,0,0
4,0,0,1,9.02,11.365,55,12.998,19,6,12,0,1,0,0,0,0,0,19,-2.3450000000000006,4.960999999999999,0,0
4,0,0,1,9.02,12.12,55,7.0015,20,6,12,0,1,0,0,0,0,0,20,-3.0999999999999996,4.960999999999999,0,0
4,0,0,1,9.02,13.635,55,0.0,21,6,12,0,1,0,0,0,0,0,21,-4.615,4.960999999999999,0,0
4,0,0,1,9.02,13.635,55,0.0,22,6,12,0,1,0,0,0,0,0,22,-4.615,4.960999999999999,0,0
4,0,0,1,8.2,12.88,69,0.0,23,6,12,0,1,0,0,0,0,0,23,-4.6800000000000015,5.6579999999999995,0,0
4,0,1,1,8.2,11.365,69,6.0032,0,0,12,0,0,0,0,0,1,0,0,-3.165000000000001,5.6579999999999995,0,0
4,0,1,1,8.2,12.88,69,0.0,1,0,12,0,0,0,0,0,1,1,0,-4.6800000000000015,5.6579999999999995,0,0
4,0,1,1,8.2,12.88,69,0.0,2,0,12,0,0,0,0,0,1,2,0,-4.6800000000000015,5.6579999999999995,0,0
4,0,1,1,7.38,12.12,74,0.0,3,0,12,0,0,0,0,0,1,3,0,-4.739999999999999,5.4612,0,0
4,0,1,1,7.38,12.12,74,0.0,4,0,12,0,0,0,0,0,1,4,0,-4.739999999999999,5.4612,0,0
4,0,1,1,6.56,11.365,80,0.0,5,0,12,0,0,0,0,0,1,5,0,-4.805000000000001,5.247999999999999,0,0
4,0,1,1,6.56,9.09,80,7.0015,6,0,12,0,0,0,0,0,0,6,0,-2.5300000000000002,5.247999999999999,0,0
4,0,1,1,5.74,7.575,86,8.9981,7,0,12,0,0,1,0,0,0,7,0,-1.835,4.936400000000001,0,0
4,0,1,2,6.56,9.09,80,7.0015,8,0,12,0,0,1,0,0,0,8,0,-2.5300000000000002,5.247999999999999,0,0
4,0,1,2,7.38,10.605,74,6.0032,9,0,12,0,0,1,0,0,0,9,0,-3.2250000000000005,5.4612,0,0
4,0,1,2,9.02,12.12,69,7.0015,10,0,12,0,0,0,0,0,0,10,0,-3.0999999999999996,6.2238,0,0
4,0,1,2,10.66,14.395,60,6.0032,11,0,12,0,0,0,0,0,0,11,0,-3.7349999999999994,6.396,0,0
4,0,1,1,11.48,14.395,52,7.0015,12,0,12,0,0,0,0,0,0,12,0,-2.914999999999999,5.969600000000001,0,0
4,0,1,2,12.3,15.91,52,7.0015,13,0,12,0,0,0,0,0,0,13,0,-3.6099999999999994,6.396,0,0
4,0,1,2,13.12,16.665,53,8.9981,14,0,12,0,0,0,0,0,0,14,0,-3.545,6.9536,0,0
4,0,1,2,13.12,16.665,57,7.0015,15,0,12,0,0,0,0,0,0,15,0,-3.545,7.478399999999999,0,0
4,0,1,2,13.12,16.665,57,6.0032,16,0,12,0,0,0,0,0,0,16,0,-3.545,7.478399999999999,0,0
4,0,1,2,12.3,16.665,56,0.0,17,0,12,0,0,0,1,0,0,17,0,-4.364999999999998,6.888000000000001,0,0
4,0,1,1,12.3,15.91,56,6.0032,18,0,12,0,0,0,1,0,0,18,0,-3.6099999999999994,6.888000000000001,0,0
4,0,1,1,11.48,15.15,61,6.0032,19,0,12,0,0,0,1,0,0,19,0,-3.67,7.0028,0,0
4,0,1,1,12.3,15.91,56,6.0032,20,0,12,0,0,0,0,0,0,20,0,-3.6099999999999994,6.888000000000001,0,0
4,0,1,1,10.66,15.15,81,0.0,21,0,12,0,0,0,0,0,0,21,0,-4.49,8.6346,0,0
4,0,1,1,10.66,15.15,70,0.0,22,0,12,0,0,0,0,0,0,22,0,-4.49,7.462000000000001,0,0
4,0,1,1,9.84,14.395,75,0.0,23,0,12,0,0,0,0,0,0,23,0,-4.555,7.38,0,0
4,0,1,1,9.02,13.635,80,0.0,0,1,12,0,0,0,0,0,1,0,0,-4.615,7.215999999999999,0,0
4,0,1,1,8.2,12.88,80,0.0,1,1,12,0,0,0,0,0,1,1,0,-4.6800000000000015,6.56,0,0
4,0,1,1,8.2,12.88,80,0.0,2,1,12,0,0,0,0,0,1,2,0,-4.6800000000000015,6.56,0,0
4,0,1,1,7.38,12.12,80,0.0,3,1,12,0,0,0,0,0,1,3,0,-4.739999999999999,5.904,0,0
4,0,1,1,8.2,12.88,80,0.0,4,1,12,0,0,0,0,0,1,4,0,-4.6800000000000015,6.56,0,0
4,0,1,1,7.38,12.12,86,0.0,5,1,12,0,0,0,0,0,1,5,0,-4.739999999999999,6.346799999999999,0,0
4,0,1,1,8.2,12.88,80,0.0,6,1,12,0,0,0,0,0,0,6,0,-4.6800000000000015,6.56,0,0
4,0,1,1,6.56,8.335,80,11.0014,7,1,12,0,0,1,0,0,0,7,0,-1.7750000000000012,5.247999999999999,0,0
4,0,1,1,8.2,11.365,69,7.0015,8,1,12,0,0,1,0,0,0,8,0,-3.165000000000001,5.6579999999999995,0,0
4,0,1,1,10.66,12.88,60,11.0014,9,1,12,0,0,1,0,0,0,9,0,-2.2200000000000006,6.396,0,0
4,0,1,1,12.3,15.15,52,11.0014,10,1,12,0,0,0,0,0,0,10,0,-2.8499999999999996,6.396,0,0
4,0,1,1,13.94,15.91,46,16.9979,11,1,12,0,0,0,0,0,0,11,0,-1.9700000000000006,6.4124,0,0
4,0,1,1,14.76,16.665,43,23.9994,12,1,12,0,0,0,0,0,0,12,0,-1.9049999999999994,6.346799999999999,0,0
4,0,1,1,16.4,20.455,37,22.0028,13,1,12,0,0,0,0,0,0,13,0,-4.055,6.068,0,0
4,0,1,1,16.4,20.455,37,16.9979,14,1,12,0,0,0,0,0,0,14,0,-4.055,6.068,0,0
4,0,1,1,16.4,20.455,35,16.9979,15,1,12,0,0,0,0,0,0,15,0,-4.055,5.74,0,0
4,0,1,1,15.58,19.695,37,16.9979,16,1,12,0,0,0,0,0,0,16,0,-4.115,5.764600000000001,0,0
4,0,1,1,14.76,17.425,40,12.998,17,1,12,0,0,0,1,0,0,17,0,-2.665000000000001,5.904,0,0
4,0,1,1,13.94,15.91,42,15.0013,18,1,12,0,0,0,1,0,0,18,0,-1.9700000000000006,5.8548,0,0
4,0,1,1,13.12,15.91,49,11.0014,19,1,12,0,0,0,1,0,0,19,0,-2.790000000000001,6.4288,0,0
4,0,1,1,13.12,15.91,49,11.0014,20,1,12,0,0,0,0,0,0,20,0,-2.790000000000001,6.4288,0,0
4,0,1,1,12.3,15.15,52,11.0014,21,1,12,0,0,0,0,0,0,21,0,-2.8499999999999996,6.396,0,0
4,0,1,1,12.3,15.15,52,11.0014,22,1,12,0,0,0,0,0,0,22,0,-2.8499999999999996,6.396,0,0
4,0,1,1,10.66,15.15,70,0.0,23,1,12,0,0,0,0,0,0,23,0,-4.49,7.462000000000001,0,0
4,0,1,1,10.66,15.15,75,0.0,0,2,12,0,0,0,0,0,1,0,0,-4.49,7.995,0,0
4,0,1,1,10.66,15.15,75,0.0,1,2,12,0,0,0,0,0,1,1,0,-4.49,7.995,0,0
4,0,1,1,10.66,15.15,75,0.0,2,2,12,0,0,0,0,0,1,2,0,-4.49,7.995,0,0
4,0,1,1,11.48,15.91,65,0.0,3,2,12,0,0,0,0,0,1,3,0,-4.43,7.462000000000001,0,0
4,0,1,1,10.66,15.15,75,0.0,4,2,12,0,0,0,0,0,1,4,0,-4.49,7.995,0,0
4,0,1,2,10.66,15.15,81,0.0,5,2,12,0,0,0,0,0,1,5,0,-4.49,8.6346,0,0
4,0,1,2,10.66,15.15,87,0.0,6,2,12,0,0,0,0,0,0,6,0,-4.49,9.2742,0,0
4,0,1,1,11.48,15.91,75,0.0,7,2,12,0,0,1,0,0,0,7,0,-4.43,8.61,0,0
4,0,1,2,10.66,15.15,87,0.0,8,2,12,0,0,1,0,0,0,8,0,-4.49,9.2742,0,0
4,0,1,2,12.3,16.665,61,0.0,9,2,12,0,0,1,0,0,0,9,0,-4.364999999999998,7.503000000000001,0,0
4,0,1,2,13.12,17.425,57,0.0,10,2,12,0,0,0,0,0,0,10,0,-4.3050000000000015,7.478399999999999,0,0
4,0,1,2,13.94,18.18,55,0.0,11,2,12,0,0,0,0,0,0,11,0,-4.24,7.666999999999999,0,0
4,0,1,2,14.76,18.18,57,6.0032,12,2,12,0,0,0,0,0,0,12,0,-3.42,8.4132,0,0
4,0,1,2,14.76,18.18,57,7.0015,13,2,12,0,0,0,0,0,0,13,0,-3.42,8.4132,0,0
4,0,1,2,15.58,19.695,54,6.0032,14,2,12,0,0,0,0,0,0,14,0,-4.115,8.4132,0,0
4,0,1,2,15.58,19.695,54,7.0015,15,2,12,0,0,0,0,0,0,15,0,-4.115,8.4132,0,0
4,0,1,2,15.58,19.695,54,7.0015,16,2,12,0,0,0,0,0,0,16,0,-4.115,8.4132,0,0
4,0,1,2,14.76,18.18,57,7.0015,17,2,12,0,0,0,1,0,0,17,0,-3.42,8.4132,0,0
4,0,1,2,14.76,17.425,62,11.0014,18,2,12,0,0,0,1,0,0,18,0,-2.665000000000001,9.1512,0,0
4,0,1,2,14.76,18.18,62,7.0015,19,2,12,0,0,0,1,0,0,19,0,-3.42,9.1512,0,0
4,0,1,2,13.94,17.425,66,7.0015,20,2,12,0,0,0,0,0,0,20,0,-3.485000000000001,9.2004,0,0
4,0,1,2,13.94,16.665,66,11.0014,21,2,12,0,0,0,0,0,0,21,0,-2.7249999999999996,9.2004,0,0
4,0,1,1,13.94,16.665,66,11.0014,22,2,12,0,0,0,0,0,0,22,0,-2.7249999999999996,9.2004,0,0
4,0,1,1,13.12,15.91,70,11.0014,23,2,12,0,0,0,0,0,0,23,0,-2.790000000000001,9.184,0,0
4,0,1,1,13.12,15.91,70,11.0014,0,3,12,0,0,0,0,0,1,0,0,-2.790000000000001,9.184,0,0
4,0,1,2,13.12,15.91,70,11.0014,1,3,12,0,0,0,0,0,1,1,0,-2.790000000000001,9.184,0,0
4,0,1,2,13.12,16.665,70,8.9981,2,3,12,0,0,0,0,0,1,2,0,-3.545,9.184,0,0
4,0,1,2,13.12,16.665,70,8.9981,3,3,12,0,0,0,0,0,1,3,0,-3.545,9.184,0,0
4,0,1,2,13.12,15.15,70,15.0013,4,3,12,0,0,0,0,0,1,4,0,-2.030000000000001,9.184,0,0
4,0,1,2,13.12,15.15,70,19.0012,5,3,12,0,0,0,0,0,1,5,0,-2.030000000000001,9.184,0,0
4,0,1,1,13.12,15.91,66,12.998,6,3,12,0,0,0,0,0,0,6,0,-2.790000000000001,8.6592,0,0
4,0,1,1,13.12,15.91,70,12.998,7,3,12,0,0,1,0,0,0,7,0,-2.790000000000001,9.184,0,0
4,0,1,2,13.94,15.91,66,15.0013,8,3,12,0,0,1,0,0,0,8,0,-1.9700000000000006,9.2004,0,0
4,0,1,2,14.76,16.665,62,19.0012,9,3,12,0,0,1,0,0,0,9,0,-1.9049999999999994,9.1512,0,0
4,0,1,2,16.4,20.455,58,19.9995,10,3,12,0,0,0,0,0,0,10,0,-4.055,9.511999999999999,0,0
4,0,1,2,16.4,20.455,62,27.9993,11,3,12,0,0,0,0,0,0,11,0,-4.055,10.168,0,0
4,0,1,2,18.86,22.725,59,32.9975,12,3,12,0,0,0,0,0,0,12,0,-3.865000000000002,11.1274,0,0
4,0,1,2,20.5,24.24,55,23.9994,13,3,12,0,0,0,0,0,0,13,0,-3.7399999999999984,11.275,0,0
4,0,1,2,21.32,25.0,52,22.0028,14,3,12,0,0,0,0,0,0,14,0,-3.6799999999999997,11.086400000000001,0,0
4,0,1,3,21.32,25.0,55,15.0013,15,3,12,0,0,0,0,0,0,15,0,-3.6799999999999997,11.725999999999999,0,1
4,0,1,3,18.86,22.725,72,11.0014,16,3,12,0,0,0,0,0,0,16,0,-3.865000000000002,13.5792,0,1
4,0,1,2,21.32,25.0,59,19.0012,17,3,12,0,0,0,1,0,0,17,0,-3.6799999999999997,12.578800000000001,0,0
4,0,1,2,21.32,25.0,59,19.9995,18,3,12,0,0,0,1,0,0,18,0,-3.6799999999999997,12.578800000000001,0,0
4,0,1,2,21.32,25.0,59,19.0012,19,3,12,0,0,0,1,0,0,19,0,-3.6799999999999997,12.578800000000001,0,0
4,0,1,1,21.32,25.0,59,22.0028,20,3,12,0,0,0,0,0,0,20,0,-3.6799999999999997,12.578800000000001,0,0
4,0,1,1,20.5,24.24,63,19.9995,21,3,12,0,0,0,0,0,0,21,0,-3.7399999999999984,12.915,0,0
4,0,1,1,21.32,25.0,63,22.0028,22,3,12,0,0,0,0,0,0,22,0,-3.6799999999999997,13.431600000000001,0,0
4,0,1,1,21.32,25.0,63,22.0028,23,3,12,0,0,0,0,0,0,23,0,-3.6799999999999997,13.431600000000001,0,0
4,0,1,1,20.5,24.24,72,22.0028,0,4,12,0,0,0,0,0,1,0,0,-3.7399999999999984,14.76,0,0
4,0,1,1,20.5,24.24,72,15.0013,1,4,12,0,0,0,0,0,1,1,0,-3.7399999999999984,14.76,0,0
4,0,1,1,19.68,23.485,77,7.0015,2,4,12,0,0,0,0,0,1,2,0,-3.8049999999999997,15.153599999999999,0,0
4,0,1,1,18.86,22.725,82,8.9981,3,4,12,0,0,0,0,0,1,3,0,-3.865000000000002,15.4652,0,0
4,0,1,2,20.5,24.24,59,12.998,4,4,12,0,0,0,0,0,1,4,0,-3.7399999999999984,12.095,0,0
4,0,1,1,19.68,23.485,44,26.0027,5,4,12,0,0,0,0,0,1,5,0,-3.8049999999999997,8.6592,0,0
4,0,1,2,18.04,21.97,33,19.9995,6,4,12,0,0,0,0,0,0,6,0,-3.9299999999999997,5.953199999999999,0,0
4,0,1,2,15.58,19.695,46,19.9995,7,4,12,0,0,1,0,0,0,7,0,-4.115,7.166799999999999,0,0
4,0,1,1,14.76,16.665,46,27.9993,8,4,12,0,0,1,0,0,0,8,0,-1.9049999999999994,6.7896,0,0
4,0,1,1,14.76,16.665,46,26.0027,9,4,12,0,0,1,0,0,0,9,0,-1.9049999999999994,6.7896,0,0
4,0,1,1,13.94,15.15,46,19.9995,10,4,12,0,0,0,0,0,0,10,0,-1.2100000000000009,6.4124,0,0
4,0,1,2,13.94,15.15,42,19.9995,11,4,12,0,0,0,0,0,0,11,0,-1.2100000000000009,5.8548,0,0
4,0,1,2,13.94,15.15,42,23.9994,12,4,12,0,0,0,0,0,0,12,0,-1.2100000000000009,5.8548,0,0
4,0,1,2,13.94,15.15,39,23.9994,13,4,12,0,0,0,0,0,0,13,0,-1.2100000000000009,5.436599999999999,0,0
4,0,1,2,13.94,15.91,42,15.0013,14,4,12,0,0,0,0,0,0,14,0,-1.9700000000000006,5.8548,0,0
4,0,1,2,13.12,15.15,45,19.9995,15,4,12,0,0,0,0,0,0,15,0,-2.030000000000001,5.904,0,0
4,0,1,2,13.12,15.15,45,15.0013,16,4,12,0,0,0,0,0,0,16,0,-2.030000000000001,5.904,0,0
4,0,1,2,13.12,15.15,45,19.0012,17,4,12,0,0,0,1,0,0,17,0,-2.030000000000001,5.904,0,0
4,0,1,2,13.12,15.15,45,16.9979,18,4,12,0,0,0,1,0,0,18,0,-2.030000000000001,5.904,0,0
4,0,1,2,13.12,15.15,45,15.0013,19,4,12,0,0,0,1,0,0,19,0,-2.030000000000001,5.904,0,0
4,0,1,2,13.12,15.91,45,12.998,20,4,12,0,0,0,0,0,0,20,0,-2.790000000000001,5.904,0,0
4,0,1,2,13.12,15.91,45,11.0014,21,4,12,0,0,0,0,0,0,21,0,-2.790000000000001,5.904,0,0
4,0,1,2,12.3,15.15,49,11.0014,22,4,12,0,0,0,0,0,0,22,0,-2.8499999999999996,6.027,0,0
4,0,1,2,12.3,15.15,49,8.9981,23,4,12,0,0,0,0,0,0,23,0,-2.8499999999999996,6.027,0,0
4,0,0,1,12.3,14.395,49,19.0012,0,5,12,0,1,0,0,0,1,0,0,-2.094999999999999,6.027,0,0
4,0,0,2,12.3,14.395,52,16.9979,1,5,12,0,1,0,0,0,1,0,1,-2.094999999999999,6.396,0,0
4,0,0,2,11.48,13.635,56,15.0013,2,5,12,0,1,0,0,0,1,0,2,-2.1549999999999994,6.4288,0,0
4,0,0,1,10.66,12.88,60,12.998,3,5,12,0,1,0,0,0,1,0,3,-2.2200000000000006,6.396,0,0
4,0,0,1,9.84,12.12,65,11.0014,4,5,12,0,1,0,0,0,1,0,4,-2.2799999999999994,6.396,0,0
4,0,0,2,10.66,12.88,60,12.998,5,5,12,0,1,0,0,0,1,0,5,-2.2200000000000006,6.396,0,0
4,0,0,2,10.66,12.12,56,19.0012,6,5,12,0,1,0,0,0,0,0,6,-1.459999999999999,5.969600000000001,0,0
4,0,0,2,10.66,12.88,56,15.0013,7,5,12,0,1,0,0,0,0,0,7,-2.2200000000000006,5.969600000000001,0,0
4,0,0,2,10.66,12.88,56,15.0013,8,5,12,0,1,0,0,0,0,0,8,-2.2200000000000006,5.969600000000001,0,0
4,0,0,2,10.66,12.12,56,16.9979,9,5,12,0,1,0,0,0,0,0,9,-1.459999999999999,5.969600000000001,0,0
4,0,0,2,10.66,12.12,52,19.0012,10,5,12,0,1,0,0,0,0,0,10,-1.459999999999999,5.543200000000001,0,0
4,0,0,2,11.48,12.88,45,22.0028,11,5,12,0,1,0,0,1,0,0,11,-1.4000000000000004,5.166,0,0
4,0,0,2,11.48,12.88,45,19.0012,12,5,12,0,1,0,0,1,0,0,12,-1.4000000000000004,5.166,0,0
4,0,0,2,11.48,13.635,48,16.9979,13,5,12,0,1,0,0,1,0,0,13,-2.1549999999999994,5.5104,0,0
4,0,0,1,11.48,12.88,45,23.9994,14,5,12,0,1,0,0,1,0,0,14,-1.4000000000000004,5.166,0,0
4,0,0,1,11.48,12.88,45,19.0012,15,5,12,0,1,0,0,1,0,0,15,-1.4000000000000004,5.166,0,0
4,0,0,1,11.48,13.635,45,15.0013,16,5,12,0,1,0,0,1,0,0,16,-2.1549999999999994,5.166,0,0
4,0,0,1,10.66,12.88,48,15.0013,17,5,12,0,1,0,0,0,0,0,17,-2.2200000000000006,5.1168000000000005,0,0
4,0,0,1,10.66,11.365,48,26.0027,18,5,12,0,1,0,0,0,0,0,18,-0.7050000000000001,5.1168000000000005,0,0
4,0,0,3,9.84,10.605,65,22.0028,19,5,12,0,1,0,0,0,0,0,19,-0.7650000000000006,6.396,0,1
4,0,0,1,9.02,10.605,69,16.9979,20,5,12,0,1,0,0,0,0,0,20,-1.5850000000000009,6.2238,0,0
4,0,0,1,8.2,10.605,75,11.0014,21,5,12,0,1,0,0,0,0,0,21,-2.405000000000001,6.15,0,0
4,0,0,1,8.2,10.605,75,11.0014,22,5,12,0,1,0,0,0,0,0,22,-2.405000000000001,6.15,0,0
4,0,0,1,8.2,11.365,75,0.0,23,5,12,0,1,0,0,0,0,0,23,-3.165000000000001,6.15,0,0
4,0,0,1,8.2,10.605,75,8.9981,0,6,12,0,1,0,0,0,1,0,0,-2.405000000000001,6.15,0,0
4,0,0,1,8.2,11.365,69,7.0015,1,6,12,0,1,0,0,0,1,0,1,-3.165000000000001,5.6579999999999995,0,0
4,0,0,1,9.02,12.12,55,7.0015,2,6,12,0,1,0,0,0,1,0,2,-3.0999999999999996,4.960999999999999,0,0
4,0,0,1,9.02,10.605,55,15.0013,3,6,12,0,1,0,0,0,1,0,3,-1.5850000000000009,4.960999999999999,0,0
4,0,0,1,9.02,10.605,55,15.0013,4,6,12,0,1,0,0,0,1,0,4,-1.5850000000000009,4.960999999999999,0,0
4,0,0,1,8.2,11.365,59,7.0015,5,6,12,0,1,0,0,0,1,0,5,-3.165000000000001,4.837999999999999,0,0
4,0,0,1,8.2,10.605,59,8.9981,6,6,12,0,1,0,0,0,0,0,6,-2.405000000000001,4.837999999999999,0,0
4,0,0,1,8.2,10.605,59,11.0014,7,6,12,0,1,0,0,0,0,0,7,-2.405000000000001,4.837999999999999,0,0
4,0,0,1,8.2,12.88,69,0.0,8,6,12,0,1,0,0,0,0,0,8,-4.6800000000000015,5.6579999999999995,0,0
4,0,0,1,9.02,11.365,64,11.0014,9,6,12,0,1,0,0,0,0,0,9,-2.3450000000000006,5.7728,0,0
4,0,0,1,9.84,11.365,60,16.9979,10,6,12,0,1,0,0,0,0,0,10,-1.5250000000000004,5.904,0,0
4,0,0,2,9.84,11.365,60,15.0013,11,6,12,0,1,0,0,1,0,0,11,-1.5250000000000004,5.904,0,0
4,0,0,1,10.66,12.88,60,15.0013,12,6,12,0,1,0,0,1,0,0,12,-2.2200000000000006,6.396,0,0
4,0,0,1,12.3,13.635,49,19.9995,13,6,12,0,1,0,0,1,0,0,13,-1.334999999999999,6.027,0,0
4,0,0,1,12.3,14.395,49,19.0012,14,6,12,0,1,0,0,1,0,0,14,-2.094999999999999,6.027,0,0
4,0,0,1,13.12,15.15,45,19.0012,15,6,12,0,1,0,0,1,0,0,15,-2.030000000000001,5.904,0,0
4,0,0,1,11.48,13.635,48,16.9979,16,6,12,0,1,0,0,1,0,0,16,-2.1549999999999994,5.5104,0,0
4,0,0,1,11.48,13.635,46,11.0014,17,6,12,0,1,0,0,0,0,0,17,-2.1549999999999994,5.2808,0,0
4,0,0,1,11.48,13.635,45,12.998,18,6,12,0,1,0,0,0,0,0,18,-2.1549999999999994,5.166,0,0
4,0,0,1,10.66,13.635,52,8.9981,19,6,12,0,1,0,0,0,0,0,19,-2.9749999999999996,5.543200000000001,0,0
4,0,0,1,9.84,12.88,60,7.0015,20,6,12,0,1,0,0,0,0,0,20,-3.040000000000001,5.904,0,0
4,0,0,1,9.02,13.635,64,0.0,21,6,12,0,1,0,0,0,0,0,21,-4.615,5.7728,0,0
4,0,0,1,9.02,11.365,75,12.998,22,6,12,0,1,0,0,0,0,0,22,-2.3450000000000006,6.765,0,0
4,0,0,1,8.2,11.365,75,7.0015,23,6,12,0,1,0,0,0,0,0,23,-3.165000000000001,6.15,0,0
4,0,1,1,8.2,11.365,75,6.0032,0,0,12,0,0,0,0,0,1,0,0,-3.165000000000001,6.15,0,0
4,0,1,1,7.38,10.605,80,6.0032,1,0,12,0,0,0,0,0,1,1,0,-3.2250000000000005,5.904,0,0
4,0,1,1,7.38,10.605,80,6.0032,2,0,12,0,0,0,0,0,1,2,0,-3.2250000000000005,5.904,0,0
4,0,1,1,6.56,9.85,86,6.0032,3,0,12,0,0,0,0,0,1,3,0,-3.29,5.6415999999999995,0,0
4,0,1,1,6.56,9.09,86,8.9981,4,0,12,0,0,0,0,0,1,4,0,-2.5300000000000002,5.6415999999999995,0,0
4,0,1,1,5.74,8.335,93,7.0015,5,0,12,0,0,0,0,0,1,5,0,-2.5950000000000006,5.3382000000000005,0,0
4,0,1,1,6.56,9.09,86,7.0015,6,0,12,0,0,0,0,0,0,6,0,-2.5300000000000002,5.6415999999999995,0,0
4,0,1,1,7.38,10.605,74,7.0015,7,0,12,0,0,1,0,0,0,7,0,-3.2250000000000005,5.4612,0,0
4,0,1,1,8.2,9.85,75,12.998,8,0,12,0,0,1,0,0,0,8,0,-1.6500000000000004,6.15,0,0
4,0,1,1,9.02,10.605,69,15.0013,9,0,12,0,0,1,0,0,0,9,0,-1.5850000000000009,6.2238,0,0
4,0,1,1,9.84,11.365,67,12.998,10,0,12,0,0,0,0,0,0,10,0,-1.5250000000000004,6.5927999999999995,0,0
4,0,1,1,10.66,12.12,65,16.9979,11,0,12,0,0,0,0,0,0,11,0,-1.459999999999999,6.928999999999999,0,0
4,0,1,1,12.3,13.635,61,22.0028,12,0,12,0,0,0,0,0,0,12,0,-1.334999999999999,7.503000000000001,0,0
4,0,1,1,13.94,15.15,49,22.0028,13,0,12,0,0,0,0,0,0,13,0,-1.2100000000000009,6.8306,0,0
4,0,1,1,14.76,17.425,46,15.0013,14,0,12,0,0,0,0,0,0,14,0,-2.665000000000001,6.7896,0,0
4,0,1,1,15.58,19.695,46,11.0014,15,0,12,0,0,0,0,0,0,15,0,-4.115,7.166799999999999,0,0
4,0,1,1,16.4,20.455,40,16.9979,16,0,12,0,0,0,0,0,0,16,0,-4.055,6.56,0,0
4,0,1,1,15.58,19.695,46,12.998,17,0,12,0,0,0,1,0,0,17,0,-4.115,7.166799999999999,0,0
4,0,1,1,14.76,17.425,50,12.998,18,0,12,0,0,0,1,0,0,18,0,-2.665000000000001,7.38,0,0
4,0,1,2,14.76,17.425,53,11.0014,19,0,12,0,0,0,1,0,0,19,0,-2.665000000000001,7.8228,0,0
4,0,1,1,16.4,20.455,40,11.0014,20,0,12,0,0,0,0,0,0,20,0,-4.055,6.56,0,0
4,0,1,2,14.76,17.425,53,8.9981,21,0,12,0,0,0,0,0,0,21,0,-2.665000000000001,7.8228,0,0
4,0,1,2,14.76,17.425,57,11.0014,22,0,12,0,0,0,0,0,0,22,0,-2.665000000000001,8.4132,0,0
4,0,1,1,14.76,17.425,53,11.0014,23,0,12,0,0,0,0,0,0,23,0,-2.665000000000001,7.8228,0,0
1,0,0,1,14.76,18.94,66,0.0,0,6,1,1,1,0,0,0,1,0,0,-4.1800000000000015,9.7416,0,0
1,0,0,1,14.76,17.425,66,8.9981,1,6,1,1,1,0,0,0,1,0,1,-2.665000000000001,9.7416,0,0
1,0,0,1,13.12,17.425,76,0.0,2,6,1,1,1,0,0,0,1,0,2,-4.3050000000000015,9.9712,0,0
1,0,0,1,12.3,16.665,81,0.0,3,6,1,1,1,0,0,0,1,0,3,-4.364999999999998,9.963000000000001,0,0
1,0,0,1,11.48,15.15,81,6.0032,4,6,1,1,1,0,0,0,1,0,4,-3.67,9.2988,0,0
1,0,0,1,11.48,14.395,81,7.0015,5,6,1,1,1,0,0,0,1,0,5,-2.914999999999999,9.2988,0,0
1,0,0,1,10.66,13.635,93,8.9981,6,6,1,1,1,0,0,0,0,0,6,-2.9749999999999996,9.9138,0,0
1,0,0,1,10.66,12.88,93,11.0014,7,6,1,1,1,0,0,0,0,0,7,-2.2200000000000006,9.9138,0,0
1,0,0,1,10.66,13.635,87,7.0015,8,6,1,1,1,0,0,0,0,0,8,-2.9749999999999996,9.2742,0,0
1,0,0,1,10.66,13.635,93,7.0015,9,6,1,1,1,0,0,0,0,0,9,-2.9749999999999996,9.9138,0,0
1,0,0,1,12.3,15.91,81,7.0015,10,6,1,1,1,0,0,0,0,0,10,-3.6099999999999994,9.963000000000001,0,0
1,0,0,1,13.94,16.665,76,8.9981,11,6,1,1,1,0,0,1,0,0,11,-2.7249999999999996,10.5944,0,0
1,0,0,1,16.4,20.455,62,19.0012,12,6,1,1,1,0,0,1,0,0,12,-4.055,10.168,0,0
1,0,0,1,17.22,21.21,58,19.0012,13,6,1,1,1,0,0,1,0,0,13,-3.990000000000002,9.9876,0,0
1,0,0,1,18.04,21.97,54,19.9995,14,6,1,1,1,0,0,1,0,0,14,-3.9299999999999997,9.7416,0,0
1,0,0,1,18.86,22.725,51,19.9995,15,6,1,1,1,0,0,1,0,0,15,-3.865000000000002,9.6186,0,0
1,0,0,2,18.04,21.97,54,19.9995,16,6,1,1,1,0,0,1,0,0,16,-3.9299999999999997,9.7416,0,0
1,0,0,2,19.68,23.485,48,11.0014,17,6,1,1,1,0,0,0,0,0,17,-3.8049999999999997,9.4464,0,0
1,0,0,3,18.86,22.725,59,16.9979,18,6,1,1,1,0,0,0,0,0,18,-3.865000000000002,11.1274,0,1
1,0,0,3,17.22,21.21,67,26.0027,19,6,1,1,1,0,0,0,0,0,19,-3.990000000000002,11.5374,0,1
1,0,0,2,18.04,21.97,62,19.9995,20,6,1,1,1,0,0,0,0,0,20,-3.9299999999999997,11.184800000000001,0,0
1,0,0,2,18.04,21.97,67,16.9979,21,6,1,1,1,0,0,0,0,0,21,-3.9299999999999997,12.086799999999998,0,0
1,0,0,1,18.86,22.725,55,27.9993,22,6,1,1,1,0,0,0,0,0,22,-3.865000000000002,10.373,0,0
1,0,0,1,18.04,21.97,51,19.9995,23,6,1,1,1,0,0,0,0,0,23,-3.9299999999999997,9.2004,0,0
1,1,0,1,16.4,20.455,40,31.0009,0,0,1,1,0,0,0,0,1,0,0,-4.055,6.56,0,0
1,1,0,1,14.76,16.665,43,27.9993,1,0,1,1,0,0,0,0,1,0,0,-1.9049999999999994,6.346799999999999,0,0
1,1,0,1,14.76,15.91,34,30.0026,2,0,1,1,0,0,0,0,1,0,0,-1.1500000000000004,5.0184,0,0
1,1,0,1,11.48,12.88,45,22.0028,4,0,1,1,0,0,0,0,1,0,0,-1.4000000000000004,5.166,0,0
1,1,0,1,11.48,12.88,45,22.0028,5,0,1,1,0,0,0,0,1,0,0,-1.4000000000000004,5.166,0,0
1,1,0,1,10.66,11.365,41,26.0027,6,0,1,1,0,0,0,0,0,0,0,-0.7050000000000001,4.3706,0,0
1,1,0,1,9.84,10.605,32,26.0027,7,0,1,1,0,0,0,0,0,0,0,-0.7650000000000006,3.1488,0,0
1,1,0,1,9.84,11.365,35,16.9979,8,0,1,1,0,0,0,0,0,0,0,-1.5250000000000004,3.444,0,0
1,1,0,1,9.84,12.88,35,0.0,9,0,1,1,0,0,0,0,0,0,0,-3.040000000000001,3.444,0,0
1,1,0,1,10.66,12.12,35,19.0012,10,0,1,1,0,0,0,0,0,0,0,-1.459999999999999,3.7310000000000003,0,0
1,1,0,1,10.66,10.605,35,32.9975,11,0,1,1,0,0,0,0,0,0,0,0.054999999999999716,3.7310000000000003,0,0
1,1,0,1,11.48,13.635,36,16.9979,12,0,1,1,0,0,0,0,0,0,0,-2.1549999999999994,4.1328000000000005,0,0
1,1,0,1,12.3,13.635,36,19.9995,13,0,1,1,0,0,0,0,0,0,0,-1.334999999999999,4.428,0,0
1,1,0,1,12.3,13.635,36,27.9993,14,0,1,1,0,0,0,0,0,0,0,-1.334999999999999,4.428,0,0
1,1,0,1,11.48,12.12,38,30.0026,15,0,1,1,0,0,0,0,0,0,0,-0.6399999999999988,4.3624,0,0
1,1,0,1,10.66,11.365,35,27.9993,16,0,1,1,0,0,0,0,0,0,0,-0.7050000000000001,3.7310000000000003,0,0
1,1,0,1,10.66,11.365,35,26.0027,17,0,1,1,0,0,0,0,0,0,0,-0.7050000000000001,3.7310000000000003,0,0
1,1,0,1,10.66,12.12,33,16.9979,18,0,1,1,0,0,0,0,0,0,0,-1.459999999999999,3.5178000000000003,0,0
1,1,0,1,9.84,11.365,38,15.0013,19,0,1,1,0,0,0,0,0,0,0,-1.5250000000000004,3.7392000000000003,0,0
1,1,0,1,9.84,11.365,41,15.0013,20,0,1,1,0,0,0,0,0,0,0,-1.5250000000000004,4.0344,0,0
1,1,0,2,9.84,10.605,41,22.0028,21,0,1,1,0,0,0,0,0,0,0,-0.7650000000000006,4.0344,0,0
1,1,0,2,9.02,10.605,44,19.0012,22,0,1,1,0,0,0,0,0,0,0,-1.5850000000000009,3.9688,0,0
1,1,0,1,9.02,10.605,44,16.9979,23,0,1,1,0,0,0,0,0,0,0,-1.5850000000000009,3.9688,0,0
1,0,1,1,8.2,9.85,51,16.9979,0,1,1,1,0,0,0,0,1,0,0,-1.6500000000000004,4.1819999999999995,0,0
1,0,1,1,7.38,9.09,55,15.0013,1,1,1,1,0,0,0,0,1,1,0,-1.71,4.059,0,0
1,0,1,1,7.38,8.335,51,16.9979,2,1,1,1,0,0,0,0,1,2,0,-0.955000000000001,3.7638,0,0
1,0,1,1,6.56,6.82,55,19.0012,3,1,1,1,0,0,0,0,1,3,0,-0.2600000000000007,3.6079999999999997,0,0
1,0,1,1,6.56,7.575,55,16.9979,4,1,1,1,0,0,0,0,1,4,0,-1.0150000000000006,3.6079999999999997,0,0
1,0,1,1,5.74,6.82,54,12.998,5,1,1,1,0,0,0,0,1,5,0,-1.08,3.0996000000000006,0,0
1,0,1,1,5.74,6.06,59,19.0012,6,1,1,1,0,0,0,0,0,6,0,-0.3199999999999994,3.3866,0,0
1,0,1,1,5.74,6.06,59,16.9979,7,1,1,1,0,1,0,0,0,7,0,-0.3199999999999994,3.3866,0,0
1,0,1,1,6.56,6.82,55,19.0012,8,1,1,1,0,1,0,0,0,8,0,-0.2600000000000007,3.6079999999999997,0,0
1,0,1,1,6.56,6.82,50,19.0012,9,1,1,1,0,1,0,0,0,9,0,-0.2600000000000007,3.28,0,0
1,0,1,1,6.56,6.06,47,31.0009,10,1,1,1,0,0,0,0,0,10,0,0.5,3.0831999999999997,0,0
1,0,1,1,7.38,6.82,37,35.0008,11,1,1,1,0,0,0,0,0,11,0,0.5599999999999996,2.7306,0,0
1,0,1,1,7.38,6.82,37,35.0008,12,1,1,1,0,0,0,0,0,12,0,0.5599999999999996,2.7306,0,0
1,0,1,1,7.38,6.06,34,43.9989,13,1,1,1,0,0,0,0,0,13,0,1.3200000000000003,2.5092,0,0
1,0,1,1,6.56,6.06,43,35.0008,14,1,1,1,0,0,0,0,0,14,0,0.5,2.8207999999999998,0,0
1,0,1,1,6.56,6.06,37,27.9993,15,1,1,1,0,0,0,0,0,15,0,0.5,2.4272,0,0
1,0,1,1,5.74,4.545,39,39.0007,16,1,1,1,0,0,0,0,0,16,0,1.1950000000000003,2.2386,0,0
1,0,1,1,5.74,5.305,26,31.0009,17,1,1,1,0,0,1,0,0,17,0,0.4350000000000005,1.4924000000000002,0,0
1,0,1,1,5.74,4.545,26,35.0008,18,1,1,1,0,0,1,0,0,18,0,1.1950000000000003,1.4924000000000002,0,0
1,0,1,1,4.92,4.545,28,27.9993,19,1,1,1,0,0,1,0,0,19,0,0.375,1.3776,0,0
1,0,1,1,4.92,6.06,33,16.9979,20,1,1,1,0,0,0,0,0,20,0,-1.1399999999999997,1.6236,0,0
1,0,1,1,4.1,5.305,36,15.0013,21,1,1,1,0,0,0,0,0,21,0,-1.205,1.476,0,0
1,0,1,1,4.1,5.305,46,16.9979,22,1,1,1,0,0,0,0,0,22,0,-1.205,1.886,0,0
1,0,1,1,4.1,3.79,46,26.0027,23,1,1,1,0,0,0,0,0,23,0,0.3099999999999996,1.886,0,0
1,0,1,1,3.28,3.03,42,22.0028,0,2,1,1,0,0,0,0,1,0,0,0.25,1.3776,0,0
1,0,1,1,1.64,1.515,38,19.9995,1,2,1,1,0,0,0,0,1,1,0,0.125,0.6232,0,0
1,0,1,1,0.82,0.76,34,19.0012,2,2,1,1,0,0,0,0,1,2,0,0.05999999999999994,0.2788,0,0
1,0,1,1,0.82,0.76,34,19.0012,3,2,1,1,0,0,0,0,1,3,0,0.05999999999999994,0.2788,0,0
1,0,1,1,0.82,2.275,41,12.998,4,2,1,1,0,0,0,0,1,4,0,-1.455,0.3362,0,0
1,0,1,1,0.82,2.275,41,12.998,5,2,1,1,0,0,0,0,1,5,0,-1.455,0.3362,0,0
1,0,1,1,0.82,2.275,41,11.0014,6,2,1,1,0,0,0,0,0,6,0,-1.455,0.3362,0,0
1,0,1,1,0.82,2.275,44,12.998,7,2,1,1,0,1,0,0,0,7,0,-1.455,0.3608,0,0
1,0,1,1,0.82,3.03,44,8.9981,8,2,1,1,0,1,0,0,0,8,0,-2.21,0.3608,0,0
1,0,1,1,1.64,3.03,45,8.9981,9,2,1,1,0,1,0,0,0,9,0,-1.39,0.738,0,0
1,0,1,1,2.46,5.305,45,0.0,10,2,1,1,0,0,0,0,0,10,0,-2.8449999999999998,1.107,0,0
1,0,1,2,3.28,6.06,42,6.0032,11,2,1,1,0,0,0,0,0,11,0,-2.78,1.3776,0,0
1,0,1,2,4.1,5.305,46,12.998,12,2,1,1,0,0,0,0,0,12,0,-1.205,1.886,0,0
1,0,1,2,5.74,6.06,43,16.9979,13,2,1,1,0,0,0,0,0,13,0,-0.3199999999999994,2.4682000000000004,0,0
1,0,1,2,5.74,6.06,46,16.9979,14,2,1,1,0,0,0,0,0,14,0,-0.3199999999999994,2.6404,0,0
1,0,1,2,7.38,7.575,37,22.0028,15,2,1,1,0,0,0,0,0,15,0,-0.19500000000000028,2.7306,0,0
1,0,1,2,7.38,8.335,40,19.0012,16,2,1,1,0,0,0,0,0,16,0,-0.955000000000001,2.952,0,0
1,0,1,2,8.2,9.85,40,12.998,17,2,1,1,0,0,1,0,0,17,0,-1.6500000000000004,3.28,0,0
1,0,1,2,8.2,10.605,37,8.9981,18,2,1,1,0,0,1,0,0,18,0,-2.405000000000001,3.034,0,0
1,0,1,2,8.2,11.365,40,7.0015,19,2,1,1,0,0,1,0,0,19,0,-3.165000000000001,3.28,0,0
1,0,1,2,8.2,9.85,40,12.998,20,2,1,1,0,0,0,0,0,20,0,-1.6500000000000004,3.28,0,0
1,0,1,2,8.2,12.88,44,0.0,21,2,1,1,0,0,0,0,0,21,0,-4.6800000000000015,3.6079999999999997,0,0
1,0,1,2,8.2,11.365,47,6.0032,22,2,1,1,0,0,0,0,0,22,0,-3.165000000000001,3.8539999999999996,0,0
1,0,1,2,8.2,11.365,44,7.0015,23,2,1,1,0,0,0,0,0,23,0,-3.165000000000001,3.6079999999999997,0,0
1,0,1,2,9.02,11.365,47,12.998,0,3,1,1,0,0,0,0,1,0,0,-2.3450000000000006,4.2394,0,0
1,0,1,1,8.2,11.365,51,6.0032,1,3,1,1,0,0,0,0,1,1,0,-3.165000000000001,4.1819999999999995,0,0
1,0,1,1,8.2,11.365,51,6.0032,2,3,1,1,0,0,0,0,1,2,0,-3.165000000000001,4.1819999999999995,0,0
1,0,1,1,8.2,12.88,61,0.0,3,3,1,1,0,0,0,0,1,3,0,-4.6800000000000015,5.001999999999999,0,0
1,0,1,2,8.2,11.365,59,6.0032,4,3,1,1,0,0,0,0,1,4,0,-3.165000000000001,4.837999999999999,0,0
1,0,1,2,8.2,11.365,59,6.0032,5,3,1,1,0,0,0,0,1,5,0,-3.165000000000001,4.837999999999999,0,0
1,0,1,2,8.2,10.605,75,8.9981,6,3,1,1,0,0,0,0,0,6,0,-2.405000000000001,6.15,0,0
1,0,1,2,8.2,11.365,69,6.0032,7,3,1,1,0,1,0,0,0,7,0,-3.165000000000001,5.6579999999999995,0,0
1,0,1,2,8.2,12.88,75,0.0,8,3,1,1,0,1,0,0,0,8,0,-4.6800000000000015,6.15,0,0
1,0,1,2,9.02,13.635,69,0.0,9,3,1,1,0,1,0,0,0,9,0,-4.615,6.2238,0,0
1,0,1,2,9.84,12.88,52,6.0032,10,3,1,1,0,0,0,0,0,10,0,-3.040000000000001,5.1168000000000005,0,0
1,0,1,1,12.3,16.665,49,0.0,11,3,1,1,0,0,0,0,0,11,0,-4.364999999999998,6.027,0,0
1,0,1,1,12.3,14.395,49,16.9979,12,3,1,1,0,0,0,0,0,12,0,-2.094999999999999,6.027,0,0
1,0,1,1,13.94,15.15,42,19.9995,13,3,1,1,0,0,0,0,0,13,0,-1.2100000000000009,5.8548,0,0
1,0,1,1,13.94,15.91,39,19.0012,14,3,1,1,0,0,0,0,0,14,0,-1.9700000000000006,5.436599999999999,0,0
1,0,1,1,14.76,16.665,34,19.0012,15,3,1,1,0,0,0,0,0,15,0,-1.9049999999999994,5.0184,0,0
1,0,1,1,14.76,16.665,34,19.0012,16,3,1,1,0,0,0,0,0,16,0,-1.9049999999999994,5.0184,0,0
1,0,1,2,14.76,17.425,34,12.998,17,3,1,1,0,0,1,0,0,17,0,-2.665000000000001,5.0184,0,0
1,0,1,1,13.94,16.665,36,11.0014,18,3,1,1,0,0,1,0,0,18,0,-2.7249999999999996,5.0184,0,0
1,0,1,1,13.94,17.425,34,6.0032,19,3,1,1,0,0,1,0,0,19,0,-3.485000000000001,4.739599999999999,0,0
1,0,1,1,12.3,16.665,49,0.0,20,3,1,1,0,0,0,0,0,20,0,-4.364999999999998,6.027,0,0
1,0,1,1,10.66,13.635,60,8.9981,21,3,1,1,0,0,0,0,0,21,0,-2.9749999999999996,6.396,0,0
1,0,1,1,10.66,12.88,60,11.0014,22,3,1,1,0,0,0,0,0,22,0,-2.2200000000000006,6.396,0,0
1,0,1,1,9.84,12.88,70,7.0015,23,3,1,1,0,0,0,0,0,23,0,-3.040000000000001,6.888,0,0
1,0,1,1,9.02,12.88,75,6.0032,0,4,1,1,0,0,0,0,1,0,0,-3.860000000000001,6.765,0,0
1,0,1,1,9.02,13.635,75,0.0,1,4,1,1,0,0,0,0,1,1,0,-4.615,6.765,0,0
1,0,1,1,9.02,11.365,69,11.0014,2,4,1,1,0,0,0,0,1,2,0,-2.3450000000000006,6.2238,0,0
1,0,1,1,9.02,12.12,69,7.0015,3,4,1,1,0,0,0,0,1,3,0,-3.0999999999999996,6.2238,0,0
1,0,1,1,9.02,11.365,69,8.9981,4,4,1,1,0,0,0,0,1,4,0,-2.3450000000000006,6.2238,0,0
1,0,1,2,8.2,10.605,80,8.9981,5,4,1,1,0,0,0,0,1,5,0,-2.405000000000001,6.56,0,0
1,0,1,2,9.02,12.12,73,7.0015,6,4,1,1,0,0,0,0,0,6,0,-3.0999999999999996,6.584599999999999,0,0
1,0,1,2,9.84,14.395,65,0.0,7,4,1,1,0,1,0,0,0,7,0,-4.555,6.396,0,0
1,0,1,1,9.84,12.12,70,8.9981,8,4,1,1,0,1,0,0,0,8,0,-2.2799999999999994,6.888,0,0
1,0,1,1,9.84,12.12,70,11.0014,9,4,1,1,0,1,0,0,0,9,0,-2.2799999999999994,6.888,0,0
1,0,1,1,10.66,12.88,65,12.998,10,4,1,1,0,0,0,0,0,10,0,-2.2200000000000006,6.928999999999999,0,0
1,0,1,1,12.3,15.15,56,11.0014,11,4,1,1,0,0,0,0,0,11,0,-2.8499999999999996,6.888000000000001,0,0
1,0,1,1,14.76,16.665,50,16.9979,12,4,1,1,0,0,0,0,0,12,0,-1.9049999999999994,7.38,0,0
1,0,1,1,16.4,20.455,43,19.0012,13,4,1,1,0,0,0,0,0,13,0,-4.055,7.052,0,0
1,0,1,1,18.86,22.725,36,12.998,14,4,1,1,0,0,0,0,0,14,0,-3.865000000000002,6.7896,0,0
1,0,1,1,21.32,25.0,27,16.9979,15,4,1,1,0,0,0,0,0,15,0,-3.6799999999999997,5.7564,0,0
1,0,1,1,21.32,25.0,27,19.0012,16,4,1,1,0,0,0,0,0,16,0,-3.6799999999999997,5.7564,0,0
1,0,1,1,18.86,22.725,36,15.0013,17,4,1,1,0,0,1,0,0,17,0,-3.865000000000002,6.7896,0,0
1,0,1,1,20.5,24.24,29,16.9979,18,4,1,1,0,0,1,0,0,18,0,-3.7399999999999984,5.945,0,0
1,0,1,1,18.86,22.725,33,19.0012,19,4,1,1,0,0,1,0,0,19,0,-3.865000000000002,6.2238,0,0
1,0,1,1,17.22,21.21,41,12.998,20,4,1,1,0,0,0,0,0,20,0,-3.990000000000002,7.0602,0,0
1,0,1,1,16.4,20.455,43,15.0013,21,4,1,1,0,0,0,0,0,21,0,-4.055,7.052,0,0
1,0,1,1,14.76,17.425,50,12.998,22,4,1,1,0,0,0,0,0,22,0,-2.665000000000001,7.38,0,0
1,0,1,1,14.76,18.94,50,0.0,23,4,1,1,0,0,0,0,0,23,0,-4.1800000000000015,7.38,0,0
1,0,0,1,14.76,17.425,50,11.0014,0,5,1,1,1,0,0,0,1,0,0,-2.665000000000001,7.38,0,0
1,0,0,1,15.58,19.695,46,11.0014,1,5,1,1,1,0,0,0,1,0,1,-4.115,7.166799999999999,0,0
1,0,0,1,14.76,18.18,50,7.0015,2,5,1,1,1,0,0,0,1,0,2,-3.42,7.38,0,0
1,0,0,1,13.12,16.665,57,7.0015,3,5,1,1,1,0,0,0,1,0,3,-3.545,7.478399999999999,0,0
1,0,0,1,13.12,16.665,57,6.0032,4,5,1,1,1,0,0,0,1,0,4,-3.545,7.478399999999999,0,0
1,0,0,1,10.66,13.635,75,7.0015,5,5,1,1,1,0,0,0,1,0,5,-2.9749999999999996,7.995,0,0
1,0,0,1,10.66,13.635,75,7.0015,6,5,1,1,1,0,0,0,0,0,6,-2.9749999999999996,7.995,0,0
1,0,0,1,9.02,11.365,87,12.998,7,5,1,1,1,0,0,0,0,0,7,-2.3450000000000006,7.8474,0,0
1,0,0,1,9.84,12.88,75,7.0015,8,5,1,1,1,0,0,0,0,0,8,-3.040000000000001,7.38,0,0
1,0,0,1,9.02,11.365,80,8.9981,9,5,1,1,1,0,0,0,0,0,9,-2.3450000000000006,7.215999999999999,0,0
1,0,0,1,11.48,15.15,75,6.0032,10,5,1,1,1,0,0,0,0,0,10,-3.67,8.61,0,0
1,0,0,1,13.94,15.91,57,15.0013,11,5,1,1,1,0,0,1,0,0,11,-1.9700000000000006,7.945799999999999,0,0
1,0,0,1,16.4,20.455,43,15.0013,12,5,1,1,1,0,0,1,0,0,12,-4.055,7.052,0,0
1,0,0,1,18.04,21.97,44,12.998,13,5,1,1,1,0,0,1,0,0,13,-3.9299999999999997,7.9376,0,0
1,0,0,1,20.5,24.24,42,19.0012,14,5,1,1,1,0,0,1,0,0,14,-3.7399999999999984,8.61,0,0
1,0,0,1,23.78,27.275,37,19.9995,15,5,1,1,1,0,0,1,0,0,15,-3.4949999999999974,8.7986,0,0
1,0,0,2,22.96,26.515,37,19.0012,16,5,1,1,1,0,0,1,0,0,16,-3.5549999999999997,8.4952,0,0
1,0,0,2,22.14,25.76,43,8.9981,17,5,1,1,1,0,0,0,0,0,17,-3.620000000000001,9.520199999999999,0,0
1,0,0,1,22.14,25.76,45,8.9981,18,5,1,1,1,0,0,0,0,0,18,-3.620000000000001,9.963000000000001,0,0
1,0,0,1,21.32,25.0,42,7.0015,19,5,1,1,1,0,0,0,0,0,19,-3.6799999999999997,8.9544,0,0
1,0,0,1,20.5,24.24,39,16.9979,20,5,1,1,1,0,0,0,0,0,20,-3.7399999999999984,7.995,0,0
1,0,0,1,18.04,21.97,44,15.0013,21,5,1,1,1,0,0,0,0,0,21,-3.9299999999999997,7.9376,0,0
1,0,0,1,18.04,21.97,38,16.9979,22,5,1,1,1,0,0,0,0,0,22,-3.9299999999999997,6.8552,0,0
1,0,0,1,17.22,21.21,38,15.0013,23,5,1,1,1,0,0,0,0,0,23,-3.990000000000002,6.543599999999999,0,0
1,0,0,1,15.58,19.695,40,19.0012,0,6,1,1,1,0,0,0,1,0,0,-4.115,6.232,0,0
1,0,0,1,13.94,16.665,42,12.998,1,6,1,1,1,0,0,0,1,0,1,-2.7249999999999996,5.8548,0,0
1,0,0,1,14.76,16.665,37,19.0012,2,6,1,1,1,0,0,0,1,0,2,-1.9049999999999994,5.4612,0,0
1,0,0,1,13.94,16.665,42,8.9981,3,6,1,1,1,0,0,0,1,0,3,-2.7249999999999996,5.8548,0,0
1,0,0,1,13.12,15.15,49,16.9979,4,6,1,1,1,0,0,0,1,0,4,-2.030000000000001,6.4288,0,0
1,0,0,2,13.12,16.665,49,7.0015,5,6,1,1,1,0,0,0,1,0,5,-3.545,6.4288,0,0
1,0,0,2,12.3,16.665,52,0.0,6,6,1,1,1,0,0,0,0,0,6,-4.364999999999998,6.396,0,0
1,0,0,2,12.3,16.665,52,0.0,7,6,1,1,1,0,0,0,0,0,7,-4.364999999999998,6.396,0,0
1,0,0,1,12.3,15.15,52,8.9981,8,6,1,1,1,0,0,0,0,0,8,-2.8499999999999996,6.396,0,0
1,0,0,1,13.12,16.665,53,8.9981,9,6,1,1,1,0,0,0,0,0,9,-3.545,6.9536,0,0
1,0,0,1,13.94,16.665,49,11.0014,10,6,1,1,1,0,0,0,0,0,10,-2.7249999999999996,6.8306,0,0
1,0,0,1,14.76,17.425,46,15.0013,11,6,1,1,1,0,0,1,0,0,11,-2.665000000000001,6.7896,0,0
1,0,0,1,15.58,19.695,43,15.0013,12,6,1,1,1,0,0,1,0,0,12,-4.115,6.699400000000001,0,0
1,0,0,1,16.4,20.455,37,19.9995,13,6,1,1,1,0,0,1,0,0,13,-4.055,6.068,0,0
1,0,0,1,16.4,20.455,40,12.998,14,6,1,1,1,0,0,1,0,0,14,-4.055,6.56,0,0
1,0,0,1,16.4,20.455,37,19.0012,15,6,1,1,1,0,0,1,0,0,15,-4.055,6.068,0,0
1,0,0,1,16.4,20.455,37,19.9995,16,6,1,1,1,0,0,1,0,0,16,-4.055,6.068,0,0
1,0,0,1,15.58,19.695,40,15.0013,17,6,1,1,1,0,0,0,0,0,17,-4.115,6.232,0,0
1,0,0,1,13.94,15.91,46,15.0013,18,6,1,1,1,0,0,0,0,0,18,-1.9700000000000006,6.4124,0,0
1,0,0,1,13.12,15.91,49,12.998,19,6,1,1,1,0,0,0,0,0,19,-2.790000000000001,6.4288,0,0
1,0,0,1,12.3,15.15,52,11.0014,20,6,1,1,1,0,0,0,0,0,20,-2.8499999999999996,6.396,0,0
1,0,0,1,11.48,13.635,56,15.0013,21,6,1,1,1,0,0,0,0,0,21,-2.1549999999999994,6.4288,0,0
1,0,0,1,10.66,13.635,60,7.0015,22,6,1,1,1,0,0,0,0,0,22,-2.9749999999999996,6.396,0,0
1,0,0,1,10.66,12.12,56,16.9979,23,6,1,1,1,0,0,0,0,0,23,-1.459999999999999,5.969600000000001,0,0
1,0,1,1,9.84,11.365,60,15.0013,0,0,1,1,0,0,0,0,1,0,0,-1.5250000000000004,5.904,0,0
1,0,1,1,9.84,12.12,60,8.9981,1,0,1,1,0,0,0,0,1,1,0,-2.2799999999999994,5.904,0,0
1,0,1,1,9.84,12.12,56,8.9981,2,0,1,1,0,0,0,0,1,2,0,-2.2799999999999994,5.5104,0,0
1,0,1,1,9.84,12.12,52,11.0014,3,0,1,1,0,0,0,0,1,3,0,-2.2799999999999994,5.1168000000000005,0,0
1,0,1,1,9.02,12.12,64,7.0015,4,0,1,1,0,0,0,0,1,4,0,-3.0999999999999996,5.7728,0,0
1,0,1,2,8.2,11.365,64,6.0032,5,0,1,1,0,0,0,0,1,5,0,-3.165000000000001,5.247999999999999,0,0
1,0,1,2,9.02,11.365,60,8.9981,6,0,1,1,0,0,0,0,0,6,0,-2.3450000000000006,5.411999999999999,0,0
1,0,1,2,9.02,12.12,60,7.0015,7,0,1,1,0,1,0,0,0,7,0,-3.0999999999999996,5.411999999999999,0,0
1,0,1,2,9.02,12.88,55,6.0032,8,0,1,1,0,1,0,0,0,8,0,-3.860000000000001,4.960999999999999,0,0
1,0,1,2,9.02,13.635,64,0.0,9,0,1,1,0,1,0,0,0,9,0,-4.615,5.7728,0,0
1,0,1,1,9.84,14.395,60,0.0,10,0,1,1,0,0,0,0,0,10,0,-4.555,5.904,0,0
1,0,1,2,10.66,14.395,56,6.0032,11,0,1,1,0,0,0,0,0,11,0,-3.7349999999999994,5.969600000000001,0,0
1,0,1,2,10.66,13.635,56,7.0015,12,0,1,1,0,0,0,0,0,12,0,-2.9749999999999996,5.969600000000001,0,0
1,0,1,2,10.66,13.635,56,7.0015,13,0,1,1,0,0,0,0,0,13,0,-2.9749999999999996,5.969600000000001,0,0
1,0,1,3,9.02,11.365,75,11.0014,14,0,1,1,0,0,0,0,0,14,0,-2.3450000000000006,6.765,0,1
1,0,1,3,9.02,11.365,75,11.0014,15,0,1,1,0,0,0,0,0,15,0,-2.3450000000000006,6.765,0,1
1,0,1,3,9.02,12.88,87,6.0032,16,0,1,1,0,0,0,0,0,16,0,-3.860000000000001,7.8474,0,1
1,0,1,3,9.02,13.635,87,0.0,17,0,1,1,0,0,1,0,0,17,0,-4.615,7.8474,0,1
1,0,1,3,8.2,11.365,86,6.0032,18,0,1,1,0,0,1,0,0,18,0,-3.165000000000001,7.052,0,1
1,0,1,3,8.2,11.365,93,6.0032,19,0,1,1,0,0,1,0,0,19,0,-3.165000000000001,7.6259999999999994,0,1
1,0,1,2,8.2,11.365,86,6.0032,20,0,1,1,0,0,0,0,0,20,0,-3.165000000000001,7.052,0,0
1,0,1,2,8.2,12.88,93,0.0,21,0,1,1,0,0,0,0,0,21,0,-4.6800000000000015,7.6259999999999994,0,0
1,0,1,2,8.2,11.365,92,7.0015,22,0,1,1,0,0,0,0,0,22,0,-3.165000000000001,7.544,0,0
1,0,1,2,9.02,12.12,87,7.0015,23,0,1,1,0,0,0,0,0,23,0,-3.0999999999999996,7.8474,0,0
1,0,1,2,9.02,12.12,87,7.0015,0,1,1,1,0,0,0,0,1,0,0,-3.0999999999999996,7.8474,0,0
1,0,1,2,9.02,12.12,93,7.0015,1,1,1,1,0,0,0,0,1,1,0,-3.0999999999999996,8.3886,0,0
1,0,1,2,9.02,11.365,87,11.0014,2,1,1,1,0,0,0,0,1,2,0,-2.3450000000000006,7.8474,0,0
1,0,1,2,8.2,10.605,86,11.0014,4,1,1,1,0,0,0,0,1,4,0,-2.405000000000001,7.052,0,0
1,0,1,1,16.4,20.455,47,15.0013,5,1,1,1,0,0,0,0,1,5,0,-4.055,7.707999999999999,0,0
1,0,1,2,7.38,9.09,93,12.998,6,1,1,1,0,0,0,0,0,6,0,-1.71,6.8634,0,0
1,0,1,2,7.38,9.85,93,11.0014,7,1,1,1,0,1,0,0,0,7,0,-2.4699999999999998,6.8634,0,0
1,0,1,2,7.38,9.85,93,11.0014,8,1,1,1,0,1,0,0,0,8,0,-2.4699999999999998,6.8634,0,0
1,0,1,2,7.38,9.85,93,11.0014,9,1,1,1,0,1,0,0,0,9,0,-2.4699999999999998,6.8634,0,0
1,0,1,2,7.38,9.85,93,11.0014,10,1,1,1,0,0,0,0,0,10,0,-2.4699999999999998,6.8634,0,0
1,0,1,1,17.22,21.21,38,19.9995,11,1,1,1,0,0,0,0,0,11,0,-3.990000000000002,6.543599999999999,0,0
1,0,1,1,17.22,21.21,38,19.9995,12,1,1,1,0,0,0,0,0,12,0,-3.990000000000002,6.543599999999999,0,0
1,0,1,1,17.22,21.21,38,19.9995,13,1,1,1,0,0,0,0,0,13,0,-3.990000000000002,6.543599999999999,0,0
1,0,1,1,17.22,21.21,38,19.9995,14,1,1,1,0,0,0,0,0,14,0,-3.990000000000002,6.543599999999999,0,0
1,0,1,1,17.22,21.21,38,19.9995,15,1,1,1,0,0,0,0,0,15,0,-3.990000000000002,6.543599999999999,0,0
1,0,1,1,17.22,21.21,38,23.9994,16,1,1,1,0,0,0,0,0,16,0,-3.990000000000002,6.543599999999999,0,0
1,0,1,1,17.22,21.21,38,16.9979,17,1,1,1,0,0,1,0,0,17,0,-3.990000000000002,6.543599999999999,0,0
1,0,1,1,16.4,20.455,40,7.0015,18,1,1,1,0,0,1,0,0,18,0,-4.055,6.56,0,0
1,0,1,1,15.58,19.695,46,7.0015,19,1,1,1,0,0,1,0,0,19,0,-4.115,7.166799999999999,0,0
1,0,1,1,13.94,17.425,53,7.0015,20,1,1,1,0,0,0,0,0,20,0,-3.485000000000001,7.388199999999999,0,0
1,0,1,1,13.12,16.665,66,6.0032,21,1,1,1,0,0,0,0,0,21,0,-3.545,8.6592,0,0
1,0,1,1,12.3,15.15,70,6.0032,22,1,1,1,0,0,0,0,0,22,0,-2.8499999999999996,8.61,0,0
1,0,1,1,10.66,13.635,81,7.0015,23,1,1,1,0,0,0,0,0,23,0,-2.9749999999999996,8.6346,0,0
1,0,1,1,10.66,15.15,81,0.0,0,2,1,1,0,0,0,0,1,0,0,-4.49,8.6346,0,0
1,0,1,1,9.84,12.88,87,6.0032,1,2,1,1,0,0,0,0,1,1,0,-3.040000000000001,8.5608,0,0
1,0,1,1,8.2,10.605,85,11.0014,2,2,1,1,0,0,0,0,1,2,0,-2.405000000000001,6.969999999999999,0,0
1,0,1,1,9.02,13.635,80,0.0,3,2,1,1,0,0,0,0,1,3,0,-4.615,7.215999999999999,0,0
1,0,1,1,8.2,10.605,80,8.9981,4,2,1,1,0,0,0,0,1,4,0,-2.405000000000001,6.56,0,0
1,0,1,1,8.2,10.605,80,8.9981,5,2,1,1,0,0,0,0,1,5,0,-2.405000000000001,6.56,0,0
1,0,1,1,8.2,10.605,86,8.9981,6,2,1,1,0,0,0,0,0,6,0,-2.405000000000001,7.052,0,0
1,0,1,1,8.2,10.605,80,8.9981,7,2,1,1,0,1,0,0,0,7,0,-2.405000000000001,6.56,0,0
1,0,1,1,8.2,11.365,82,7.0015,8,2,1,1,0,1,0,0,0,8,0,-3.165000000000001,6.724,0,0
1,0,1,2,8.2,10.605,86,8.9981,9,2,1,1,0,1,0,0,0,9,0,-2.405000000000001,7.052,0,0
1,0,1,2,9.84,12.12,87,8.9981,10,2,1,1,0,0,0,0,0,10,0,-2.2799999999999994,8.5608,0,0
1,0,1,2,10.66,14.395,87,6.0032,11,2,1,1,0,0,0,0,0,11,0,-3.7349999999999994,9.2742,0,0
1,0,1,3,12.3,16.665,81,0.0,12,2,1,1,0,0,0,0,0,12,0,-4.364999999999998,9.963000000000001,0,1
1,0,1,3,13.12,17.425,76,0.0,13,2,1,1,0,0,0,0,0,13,0,-4.3050000000000015,9.9712,0,1
1,0,1,3,13.12,16.665,81,7.0015,14,2,1,1,0,0,0,0,0,14,0,-3.545,10.6272,0,1
1,0,1,2,13.94,17.425,87,6.0032,15,2,1,1,0,0,0,0,0,15,0,-3.485000000000001,12.1278,0,0
1,0,1,2,13.94,15.91,87,16.9979,16,2,1,1,0,0,0,0,0,16,0,-1.9700000000000006,12.1278,0,0
1,0,1,3,13.94,15.91,87,15.0013,17,2,1,1,0,0,1,0,0,17,0,-1.9700000000000006,12.1278,0,1
1,0,1,3,13.94,16.665,87,12.998,18,2,1,1,0,0,1,0,0,18,0,-2.7249999999999996,12.1278,0,1
1,0,1,3,13.12,15.15,93,15.0013,19,2,1,1,0,0,1,0,0,19,0,-2.030000000000001,12.2016,0,1
1,0,1,3,13.12,15.91,93,11.0014,20,2,1,1,0,0,0,0,0,20,0,-2.790000000000001,12.2016,0,1
1,0,1,3,13.94,15.91,87,15.0013,21,2,1,1,0,0,0,0,0,21,0,-1.9700000000000006,12.1278,0,1
1,0,1,3,13.94,16.665,87,12.998,22,2,1,1,0,0,0,0,0,22,0,-2.7249999999999996,12.1278,0,1
1,0,1,3,13.94,15.91,87,15.0013,23,2,1,1,0,0,0,0,0,23,0,-1.9700000000000006,12.1278,0,1
1,0,1,3,13.94,16.665,93,12.998,0,3,1,1,0,0,0,0,1,0,0,-2.7249999999999996,12.964199999999998,0,1
1,0,1,3,14.76,17.425,93,12.998,1,3,1,1,0,0,0,0,1,1,0,-2.665000000000001,13.7268,0,1
1,0,1,3,14.76,17.425,93,16.9979,2,3,1,1,0,0,0,0,1,2,0,-2.665000000000001,13.7268,0,1
1,0,1,3,14.76,17.425,93,16.9979,3,3,1,1,0,0,0,0,1,3,0,-2.665000000000001,13.7268,0,1
1,0,1,3,14.76,17.425,93,12.998,4,3,1,1,0,0,0,0,1,4,0,-2.665000000000001,13.7268,0,1
1,0,1,3,13.94,17.425,93,6.0032,5,3,1,1,0,0,0,0,1,5,0,-3.485000000000001,12.964199999999998,0,1
1,0,1,3,14.76,17.425,93,8.9981,6,3,1,1,0,0,0,0,0,6,0,-2.665000000000001,13.7268,0,1
1,0,1,2,13.94,15.91,87,19.0012,7,3,1,1,0,1,0,0,0,7,0,-1.9700000000000006,12.1278,0,0
1,0,1,1,13.12,15.91,81,12.998,8,3,1,1,0,1,0,0,0,8,0,-2.790000000000001,10.6272,0,0
1,0,1,1,13.12,16.665,81,7.0015,9,3,1,1,0,1,0,0,0,9,0,-3.545,10.6272,0,0
1,0,1,1,13.94,17.425,81,7.0015,10,3,1,1,0,0,0,0,0,10,0,-3.485000000000001,11.2914,0,0
1,0,1,2,13.94,17.425,81,7.0015,11,3,1,1,0,0,0,0,0,11,0,-3.485000000000001,11.2914,0,0
1,0,1,2,13.94,17.425,81,7.0015,12,3,1,1,0,0,0,0,0,12,0,-3.485000000000001,11.2914,0,0
1,0,1,1,17.22,21.21,77,11.0014,13,3,1,1,0,0,0,0,0,13,0,-3.990000000000002,13.259399999999998,0,0
1,0,1,1,17.22,21.21,77,11.0014,14,3,1,1,0,0,0,0,0,14,0,-3.990000000000002,13.259399999999998,0,0
1,0,1,1,18.04,21.97,72,8.9981,15,3,1,1,0,0,0,0,0,15,0,-3.9299999999999997,12.9888,0,0
1,0,1,1,18.86,22.725,67,12.998,16,3,1,1,0,0,0,0,0,16,0,-3.865000000000002,12.636199999999999,0,0
1,0,1,1,18.86,22.725,63,11.0014,17,3,1,1,0,0,1,0,0,17,0,-3.865000000000002,11.8818,0,0
1,0,1,1,18.04,21.97,67,12.998,18,3,1,1,0,0,1,0,0,18,0,-3.9299999999999997,12.086799999999998,0,0
1,0,1,2,17.22,21.21,71,11.0014,19,3,1,1,0,0,1,0,0,19,0,-3.990000000000002,12.226199999999999,0,0
1,0,1,2,17.22,21.21,71,12.998,20,3,1,1,0,0,0,0,0,20,0,-3.990000000000002,12.226199999999999,0,0
1,0,1,1,18.04,21.97,67,8.9981,21,3,1,1,0,0,0,0,0,21,0,-3.9299999999999997,12.086799999999998,0,0
1,0,1,1,15.58,19.695,76,19.9995,22,3,1,1,0,0,0,0,0,22,0,-4.115,11.8408,0,0
1,0,1,1,16.4,20.455,76,22.0028,23,3,1,1,0,0,0,0,0,23,0,-4.055,12.463999999999999,0,0
1,0,1,2,16.4,20.455,71,19.0012,0,4,1,1,0,0,0,0,1,0,0,-4.055,11.643999999999998,0,0
1,0,1,2,15.58,19.695,76,19.9995,1,4,1,1,0,0,0,0,1,1,0,-4.115,11.8408,0,0
1,0,1,1,16.4,20.455,76,23.9994,2,4,1,1,0,0,0,0,1,2,0,-4.055,12.463999999999999,0,0
1,0,1,1,14.76,16.665,87,16.9979,3,4,1,1,0,0,0,0,1,3,0,-1.9049999999999994,12.841199999999999,0,0
1,0,1,3,13.12,14.395,70,32.9975,4,4,1,1,0,0,0,0,1,4,0,-1.2750000000000004,9.184,0,1
1,0,1,2,12.3,12.12,70,36.9974,5,4,1,1,0,0,0,0,1,5,0,0.1800000000000015,8.61,0,0
1,0,1,2,10.66,12.88,75,15.0013,6,4,1,1,0,0,0,0,0,6,0,-2.2200000000000006,7.995,0,0
1,0,1,1,10.66,12.88,60,15.0013,7,4,1,1,0,1,0,0,0,7,0,-2.2200000000000006,6.396,0,0
1,0,1,1,9.84,10.605,52,23.9994,8,4,1,1,0,1,0,0,0,8,0,-0.7650000000000006,5.1168000000000005,0,0
1,0,1,1,9.02,9.85,47,26.0027,9,4,1,1,0,1,0,0,0,9,0,-0.8300000000000001,4.2394,0,0
1,0,1,1,9.84,9.85,44,30.0026,10,4,1,1,0,0,0,0,0,10,0,-0.009999999999999787,4.3296,0,0
1,0,1,1,9.84,9.09,38,40.9973,11,4,1,1,0,0,0,0,0,11,0,0.75,3.7392000000000003,0,0
1,0,1,1,9.84,9.85,38,32.9975,12,4,1,1,0,0,0,0,0,12,0,-0.009999999999999787,3.7392000000000003,0,0
1,0,1,1,10.66,10.605,33,35.0008,13,4,1,1,0,0,0,0,0,13,0,0.054999999999999716,3.5178000000000003,0,0
1,0,1,1,10.66,10.605,33,36.9974,14,4,1,1,0,0,0,0,0,14,0,0.054999999999999716,3.5178000000000003,0,0
1,0,1,1,10.66,10.605,33,39.0007,15,4,1,1,0,0,0,0,0,15,0,0.054999999999999716,3.5178000000000003,0,0
1,0,1,1,11.48,12.12,30,31.0009,16,4,1,1,0,0,0,0,0,16,0,-0.6399999999999988,3.4440000000000004,0,0
1,0,1,1,11.48,12.12,33,27.9993,17,4,1,1,0,0,1,0,0,17,0,-0.6399999999999988,3.7884,0,0
1,0,1,1,10.66,11.365,38,19.9995,18,4,1,1,0,0,1,0,0,18,0,-0.7050000000000001,4.0508,0,0
1,0,1,1,10.66,12.12,38,19.0012,19,4,1,1,0,0,1,0,0,19,0,-1.459999999999999,4.0508,0,0
1,0,1,1,9.84,12.12,41,11.0014,20,4,1,1,0,0,0,0,0,20,0,-2.2799999999999994,4.0344,0,0
1,0,1,1,9.84,10.605,41,19.0012,21,4,1,1,0,0,0,0,0,21,0,-0.7650000000000006,4.0344,0,0
1,0,1,1,8.2,9.09,47,22.0028,22,4,1,1,0,0,0,0,0,22,0,-0.8900000000000006,3.8539999999999996,0,0
1,0,1,1,7.38,9.09,47,12.998,23,4,1,1,0,0,0,0,0,23,0,-1.71,3.4686000000000003,0,0
1,0,0,1,6.56,9.09,47,7.0015,0,5,1,1,1,0,0,0,1,0,0,-2.5300000000000002,3.0831999999999997,0,0
1,0,0,1,6.56,7.575,47,12.998,1,5,1,1,1,0,0,0,1,0,1,-1.0150000000000006,3.0831999999999997,0,0
1,0,0,1,6.56,8.335,47,11.0014,2,5,1,1,1,0,0,0,1,0,2,-1.7750000000000012,3.0831999999999997,0,0
1,0,0,1,5.74,8.335,54,7.0015,3,5,1,1,1,0,0,0,1,0,3,-2.5950000000000006,3.0996000000000006,0,0
1,0,0,1,5.74,7.575,50,8.9981,4,5,1,1,1,0,0,0,1,0,4,-1.835,2.87,0,0
1,0,0,1,5.74,7.575,50,8.9981,5,5,1,1,1,0,0,0,1,0,5,-1.835,2.87,0,0
1,0,0,1,5.74,7.575,50,0.0,6,5,1,1,1,0,0,0,0,0,6,-1.835,2.87,0,0
1,0,0,1,5.74,7.575,50,8.9981,7,5,1,1,1,0,0,0,0,0,7,-1.835,2.87,0,0
1,0,0,1,4.92,7.575,54,7.0015,8,5,1,1,1,0,0,0,0,0,8,-2.6550000000000002,2.6568,0,0
1,0,0,1,5.74,8.335,50,7.0015,9,5,1,1,1,0,0,0,0,0,9,-2.5950000000000006,2.87,0,0
1,0,0,1,6.56,11.365,47,0.0,10,5,1,1,1,0,0,0,0,0,10,-4.805000000000001,3.0831999999999997,0,0
1,0,0,1,8.2,9.85,40,12.998,11,5,1,1,1,0,0,1,0,0,11,-1.6500000000000004,3.28,0,0
1,0,0,1,9.02,10.605,41,16.9979,12,5,1,1,1,0,0,1,0,0,12,-1.5850000000000009,3.6982,0,0
1,0,0,1,9.02,10.605,44,19.0012,13,5,1,1,1,0,0,1,0,0,13,-1.5850000000000009,3.9688,0,0
1,0,0,1,9.84,10.605,41,19.9995,14,5,1,1,1,0,0,1,0,0,14,-0.7650000000000006,4.0344,0,0
1,0,0,1,9.84,10.605,38,19.9995,15,5,1,1,1,0,0,1,0,0,15,-0.7650000000000006,3.7392000000000003,0,0
1,0,0,1,9.84,11.365,38,15.0013,16,5,1,1,1,0,0,1,0,0,16,-1.5250000000000004,3.7392000000000003,0,0
1,0,0,1,9.84,11.365,41,16.9979,17,5,1,1,1,0,0,0,0,0,17,-1.5250000000000004,4.0344,0,0
1,0,0,1,9.02,11.365,41,12.998,18,5,1,1,1,0,0,0,0,0,18,-2.3450000000000006,3.6982,0,0
1,0,0,1,8.2,9.85,47,15.0013,19,5,1,1,1,0,0,0,0,0,19,-1.6500000000000004,3.8539999999999996,0,0
1,0,0,1,8.2,9.85,44,16.9979,20,5,1,1,1,0,0,0,0,0,20,-1.6500000000000004,3.6079999999999997,0,0
1,0,0,1,7.38,8.335,43,16.9979,21,5,1,1,1,0,0,0,0,0,21,-0.955000000000001,3.1733999999999996,0,0
1,0,0,1,6.56,6.82,47,23.9994,22,5,1,1,1,0,0,0,0,0,22,-0.2600000000000007,3.0831999999999997,0,0
1,0,0,1,6.56,7.575,47,15.0013,23,5,1,1,1,0,0,0,0,0,23,-1.0150000000000006,3.0831999999999997,0,0
1,0,0,1,6.56,6.82,47,22.0028,0,6,1,1,1,0,0,0,1,0,0,-0.2600000000000007,3.0831999999999997,0,0
1,0,0,2,6.56,6.82,47,19.9995,1,6,1,1,1,0,0,0,1,0,1,-0.2600000000000007,3.0831999999999997,0,0
1,0,0,2,6.56,6.82,47,19.0012,2,6,1,1,1,0,0,0,1,0,2,-0.2600000000000007,3.0831999999999997,0,0
1,0,0,2,6.56,6.82,48,26.0027,3,6,1,1,1,0,0,0,1,0,3,-0.2600000000000007,3.1488,0,0
1,0,0,2,6.56,6.82,47,26.0027,4,6,1,1,1,0,0,0,1,0,4,-0.2600000000000007,3.0831999999999997,0,0
1,0,0,2,6.56,6.82,47,22.0028,5,6,1,1,1,0,0,0,1,0,5,-0.2600000000000007,3.0831999999999997,0,0
1,0,0,2,5.74,6.06,50,19.0012,6,6,1,1,1,0,0,0,0,0,6,-0.3199999999999994,2.87,0,0
1,0,0,1,4.92,6.06,54,19.0012,7,6,1,1,1,0,0,0,0,0,7,-1.1399999999999997,2.6568,0,0
1,0,0,1,4.92,6.06,54,15.0013,8,6,1,1,1,0,0,0,0,0,8,-1.1399999999999997,2.6568,0,0
1,0,0,1,4.92,6.82,54,12.998,9,6,1,1,1,0,0,0,0,0,9,-1.9000000000000004,2.6568,0,0
1,0,0,1,5.74,6.06,54,19.0012,10,6,1,1,1,0,0,0,0,0,10,-0.3199999999999994,3.0996000000000006,0,0
1,0,0,1,6.56,7.575,47,15.0013,11,6,1,1,1,0,0,1,0,0,11,-1.0150000000000006,3.0831999999999997,0,0
1,0,0,1,7.38,8.335,40,19.9995,12,6,1,1,1,0,0,1,0,0,12,-0.955000000000001,2.952,0,0
1,0,0,1,8.2,9.09,34,19.0012,13,6,1,1,1,0,0,1,0,0,13,-0.8900000000000006,2.7879999999999994,0,0
1,0,0,1,8.2,9.09,32,23.9994,14,6,1,1,1,0,0,1,0,0,14,-0.8900000000000006,2.6239999999999997,0,0
1,0,0,1,9.02,11.365,27,12.998,15,6,1,1,1,0,0,1,0,0,15,-2.3450000000000006,2.4354,0,0
1,0,0,1,9.02,10.605,29,19.9995,16,6,1,1,1,0,0,1,0,0,16,-1.5850000000000009,2.6157999999999997,0,0
1,0,0,1,9.02,10.605,25,16.9979,17,6,1,1,1,0,0,0,0,0,17,-1.5850000000000009,2.255,0,0
1,0,0,1,7.38,9.09,29,15.0013,18,6,1,1,1,0,0,0,0,0,18,-1.71,2.1402,0,0
1,0,0,1,6.56,8.335,37,11.0014,19,6,1,1,1,0,0,0,0,0,19,-1.7750000000000012,2.4272,0,0
1,0,0,1,6.56,9.09,37,7.0015,20,6,1,1,1,0,0,0,0,0,20,-2.5300000000000002,2.4272,0,0
1,0,0,1,6.56,8.335,40,11.0014,21,6,1,1,1,0,0,0,0,0,21,-1.7750000000000012,2.6239999999999997,0,0
1,0,0,1,7.38,10.605,37,6.0032,22,6,1,1,1,0,0,0,0,0,22,-3.2250000000000005,2.7306,0,0
1,0,0,1,6.56,9.85,43,6.0032,23,6,1,1,1,0,0,0,0,0,23,-3.29,2.8207999999999998,0,0
1,1,0,1,5.74,7.575,46,8.9981,0,0,1,1,0,0,0,0,1,0,0,-1.835,2.6404,0,0
1,1,0,1,5.74,8.335,43,7.0015,1,0,1,1,0,0,0,0,1,0,0,-2.5950000000000006,2.4682000000000004,0,0
1,1,0,1,5.74,10.605,46,0.0,2,0,1,1,0,0,0,0,1,0,0,-4.865,2.6404,0,0
1,1,0,1,4.92,9.85,50,0.0,3,0,1,1,0,0,0,0,1,0,0,-4.93,2.46,0,0
1,1,0,1,4.92,7.575,58,7.0015,4,0,1,1,0,0,0,0,1,0,0,-2.6550000000000002,2.8536,0,0
1,1,0,1,4.92,8.335,54,6.0032,5,0,1,1,0,0,0,0,1,0,0,-3.415000000000001,2.6568,0,0
1,1,0,1,4.1,6.82,54,6.0032,6,0,1,1,0,0,0,0,0,0,0,-2.7200000000000006,2.214,0,0
1,1,0,1,4.1,6.82,54,7.0015,7,0,1,1,0,0,0,0,0,0,0,-2.7200000000000006,2.214,0,0
1,1,0,1,4.1,6.06,58,11.0014,8,0,1,1,0,0,0,0,0,0,0,-1.96,2.3779999999999997,0,0
1,1,0,1,4.1,6.06,58,11.0014,9,0,1,1,0,0,0,0,0,0,0,-1.96,2.3779999999999997,0,0
1,1,0,2,5.74,6.82,59,12.998,10,0,1,1,0,0,0,0,0,0,0,-1.08,3.3866,0,0
1,1,0,1,6.56,7.575,59,16.9979,11,0,1,1,0,0,0,0,0,0,0,-1.0150000000000006,3.8703999999999996,0,0
1,1,0,1,8.2,9.09,55,22.0028,12,0,1,1,0,0,0,0,0,0,0,-0.8900000000000006,4.51,0,0
1,1,0,2,9.84,9.85,41,27.9993,13,0,1,1,0,0,0,0,0,0,0,-0.009999999999999787,4.0344,0,0
1,1,0,1,9.84,10.605,44,26.0027,14,0,1,1,0,0,0,0,0,0,0,-0.7650000000000006,4.3296,0,0
1,1,0,1,10.66,10.605,44,30.0026,15,0,1,1,0,0,0,0,0,0,0,0.054999999999999716,4.6904,0,0
1,1,0,1,10.66,11.365,44,23.9994,16,0,1,1,0,0,0,0,0,0,0,-0.7050000000000001,4.6904,0,0
1,1,0,1,10.66,11.365,48,22.0028,17,0,1,1,0,0,0,0,0,0,0,-0.7050000000000001,5.1168000000000005,0,0
1,1,0,1,10.66,11.365,52,22.0028,18,0,1,1,0,0,0,0,0,0,0,-0.7050000000000001,5.543200000000001,0,0
1,1,0,1,10.66,12.12,56,19.0012,19,0,1,1,0,0,0,0,0,0,0,-1.459999999999999,5.969600000000001,0,0
1,1,0,1,10.66,12.12,60,19.0012,20,0,1,1,0,0,0,0,0,0,0,-1.459999999999999,6.396,0,0
1,1,0,1,11.48,12.88,52,22.0028,21,0,1,1,0,0,0,0,0,0,0,-1.4000000000000004,5.969600000000001,0,0
1,1,0,2,12.3,13.635,49,23.9994,22,0,1,1,0,0,0,0,0,0,0,-1.334999999999999,6.027,0,0
1,1,0,3,10.66,11.365,70,19.9995,23,0,1,1,0,0,0,0,0,0,0,-0.7050000000000001,7.462000000000001,0,1
1,0,1,2,10.66,11.365,70,22.0028,0,1,1,1,0,0,0,0,1,0,0,-0.7050000000000001,7.462000000000001,0,0
1,0,1,2,11.48,12.88,65,23.9994,1,1,1,1,0,0,0,0,1,1,0,-1.4000000000000004,7.462000000000001,0,0
1,0,1,3,11.48,13.635,75,16.9979,2,1,1,1,0,0,0,0,1,2,0,-2.1549999999999994,8.61,0,1
1,0,1,3,13.12,15.15,66,22.0028,4,1,1,1,0,0,0,0,1,4,0,-2.030000000000001,8.6592,0,1
1,0,1,3,13.12,15.15,66,22.0028,5,1,1,1,0,0,0,0,1,5,0,-2.030000000000001,8.6592,0,1
1,0,1,3,12.3,14.395,75,16.9979,6,1,1,1,0,0,0,0,0,6,0,-2.094999999999999,9.225,0,1
1,0,1,3,12.3,14.395,81,15.0013,7,1,1,1,0,1,0,0,0,7,0,-2.094999999999999,9.963000000000001,0,1
1,0,1,3,12.3,14.395,81,19.0012,8,1,1,1,0,1,0,0,0,8,0,-2.094999999999999,9.963000000000001,0,1
1,0,1,3,13.12,15.15,81,16.9979,9,1,1,1,0,1,0,0,0,9,0,-2.030000000000001,10.6272,0,1
1,0,1,3,12.3,14.395,87,16.9979,10,1,1,1,0,0,0,0,0,10,0,-2.094999999999999,10.701,0,1
1,0,1,2,13.94,17.425,87,7.0015,11,1,1,1,0,0,0,0,0,11,0,-3.485000000000001,12.1278,0,0
1,0,1,2,13.12,15.15,87,19.0012,12,1,1,1,0,0,0,0,0,12,0,-2.030000000000001,11.414399999999999,0,0
1,0,1,2,15.58,19.695,76,22.0028,13,1,1,1,0,0,0,0,0,13,0,-4.115,11.8408,0,0
1,0,1,1,18.04,21.97,62,32.9975,14,1,1,1,0,0,0,0,0,14,0,-3.9299999999999997,11.184800000000001,0,0
1,0,1,1,18.04,21.97,62,32.9975,15,1,1,1,0,0,0,0,0,15,0,-3.9299999999999997,11.184800000000001,0,0
1,0,1,1,18.86,22.725,63,36.9974,16,1,1,1,0,0,0,0,0,16,0,-3.865000000000002,11.8818,0,0
1,0,1,1,18.86,22.725,63,30.0026,17,1,1,1,0,0,1,0,0,17,0,-3.865000000000002,11.8818,0,0
1,0,1,1,18.86,22.725,63,30.0026,18,1,1,1,0,0,1,0,0,18,0,-3.865000000000002,11.8818,0,0
1,0,1,1,18.86,22.725,63,27.9993,19,1,1,1,0,0,1,0,0,19,0,-3.865000000000002,11.8818,0,0
1,0,1,1,18.86,22.725,63,23.9994,20,1,1,1,0,0,0,0,0,20,0,-3.865000000000002,11.8818,0,0
1,0,1,1,18.86,22.725,67,31.0009,21,1,1,1,0,0,0,0,0,21,0,-3.865000000000002,12.636199999999999,0,0
1,0,1,1,18.86,22.725,72,26.0027,22,1,1,1,0,0,0,0,0,22,0,-3.865000000000002,13.5792,0,0
1,0,1,1,18.86,22.725,72,26.0027,23,1,1,1,0,0,0,0,0,23,0,-3.865000000000002,13.5792,0,0
1,0,1,2,18.86,22.725,77,22.0028,0,2,1,1,0,0,0,0,1,0,0,-3.865000000000002,14.5222,0,0
1,0,1,2,18.86,22.725,77,22.0028,1,2,1,1,0,0,0,0,1,1,0,-3.865000000000002,14.5222,0,0
1,0,1,2,18.04,21.97,51,32.9975,2,2,1,1,0,0,0,0,1,2,0,-3.9299999999999997,9.2004,0,0
1,0,1,2,18.04,21.97,51,32.9975,3,2,1,1,0,0,0,0,1,3,0,-3.9299999999999997,9.2004,0,0
1,0,1,1,13.94,14.395,46,35.0008,4,2,1,1,0,0,0,0,1,4,0,-0.45500000000000007,6.4124,0,0
1,0,1,1,13.94,14.395,46,35.0008,5,2,1,1,0,0,0,0,1,5,0,-0.45500000000000007,6.4124,0,0
1,0,1,1,13.94,14.395,36,35.0008,6,2,1,1,0,0,0,0,0,6,0,-0.45500000000000007,5.0184,0,0
1,0,1,1,13.12,14.395,42,23.9994,7,2,1,1,0,1,0,0,0,7,0,-1.2750000000000004,5.5104,0,0
1,0,1,1,12.3,13.635,52,27.9993,8,2,1,1,0,1,0,0,0,8,0,-1.334999999999999,6.396,0,0
1,0,1,1,11.48,12.88,52,22.0028,9,2,1,1,0,1,0,0,0,9,0,-1.4000000000000004,5.969600000000001,0,0
1,0,1,1,12.3,13.635,42,31.0009,10,2,1,1,0,0,0,0,0,10,0,-1.334999999999999,5.166,0,0
1,0,1,1,12.3,13.635,42,26.0027,11,2,1,1,0,0,0,0,0,11,0,-1.334999999999999,5.166,0,0
1,0,1,1,12.3,12.88,39,32.9975,12,2,1,1,0,0,0,0,0,12,0,-0.5800000000000001,4.797000000000001,0,0
1,0,1,1,12.3,13.635,42,31.0009,13,2,1,1,0,0,0,0,0,13,0,-1.334999999999999,5.166,0,0
1,0,1,1,12.3,13.635,33,26.0027,14,2,1,1,0,0,0,0,0,14,0,-1.334999999999999,4.059,0,0
1,0,1,1,12.3,12.88,33,35.0008,15,2,1,1,0,0,0,0,0,15,0,-0.5800000000000001,4.059,0,0
1,0,1,1,11.48,11.365,30,35.0008,16,2,1,1,0,0,0,0,0,16,0,0.11500000000000021,3.4440000000000004,0,0
1,0,1,1,10.66,10.605,33,30.0026,17,2,1,1,0,0,1,0,0,17,0,0.054999999999999716,3.5178000000000003,0,0
1,0,1,1,9.84,10.605,32,23.9994,18,2,1,1,0,0,1,0,0,18,0,-0.7650000000000006,3.1488,0,0
1,0,1,1,9.02,9.85,37,26.0027,19,2,1,1,0,0,1,0,0,19,0,-0.8300000000000001,3.3374,0,0
1,0,1,1,9.02,10.605,37,16.9979,20,2,1,1,0,0,0,0,0,20,0,-1.5850000000000009,3.3374,0,0
1,0,1,1,8.2,8.335,40,27.9993,21,2,1,1,0,0,0,0,0,21,0,-0.13500000000000156,3.28,0,0
1,0,1,1,7.38,8.335,47,16.9979,22,2,1,1,0,0,0,0,0,22,0,-0.955000000000001,3.4686000000000003,0,0
1,0,1,1,6.56,6.82,47,19.9995,23,2,1,1,0,0,0,0,0,23,0,-0.2600000000000007,3.0831999999999997,0,0
1,0,1,1,5.74,6.82,50,12.998,0,3,1,1,0,0,0,0,1,0,0,-1.08,2.87,0,0
1,0,1,1,5.74,7.575,50,11.0014,1,3,1,1,0,0,0,0,1,1,0,-1.835,2.87,0,0
1,0,1,1,5.74,7.575,50,8.9981,2,3,1,1,0,0,0,0,1,2,0,-1.835,2.87,0,0
1,0,1,1,4.92,7.575,54,7.0015,3,3,1,1,0,0,0,0,1,3,0,-2.6550000000000002,2.6568,0,0
1,0,1,1,4.92,7.575,54,7.0015,4,3,1,1,0,0,0,0,1,4,0,-2.6550000000000002,2.6568,0,0
1,0,1,1,4.92,6.06,55,16.9979,5,3,1,1,0,0,0,0,1,5,0,-1.1399999999999997,2.7060000000000004,0,0
1,0,1,1,4.92,6.82,54,11.0014,6,3,1,1,0,0,0,0,0,6,0,-1.9000000000000004,2.6568,0,0
1,0,1,1,4.92,8.335,54,6.0032,7,3,1,1,0,1,0,0,0,7,0,-3.415000000000001,2.6568,0,0
1,0,1,1,4.92,7.575,54,7.0015,8,3,1,1,0,1,0,0,0,8,0,-2.6550000000000002,2.6568,0,0
1,0,1,1,4.92,9.85,54,0.0,9,3,1,1,0,1,0,0,0,9,0,-4.93,2.6568,0,0
1,0,1,1,5.74,10.605,59,0.0,10,3,1,1,0,0,0,0,0,10,0,-4.865,3.3866,0,0
1,0,1,1,6.56,8.335,55,11.0014,11,3,1,1,0,0,0,0,0,11,0,-1.7750000000000012,3.6079999999999997,0,0
1,0,1,1,8.2,9.85,51,12.998,12,3,1,1,0,0,0,0,0,12,0,-1.6500000000000004,4.1819999999999995,0,0
1,0,1,1,9.02,10.605,47,19.0012,13,3,1,1,0,0,0,0,0,13,0,-1.5850000000000009,4.2394,0,0
1,0,1,1,9.84,11.365,44,12.998,14,3,1,1,0,0,0,0,0,14,0,-1.5250000000000004,4.3296,0,0
1,0,1,1,10.66,11.365,44,19.9995,15,3,1,1,0,0,0,0,0,15,0,-0.7050000000000001,4.6904,0,0
1,0,1,1,10.66,11.365,41,22.0028,16,3,1,1,0,0,0,0,0,16,0,-0.7050000000000001,4.3706,0,0
1,0,1,2,10.66,11.365,44,22.0028,17,3,1,1,0,0,1,0,0,17,0,-0.7050000000000001,4.6904,0,0
1,0,1,2,10.66,11.365,44,22.0028,18,3,1,1,0,0,1,0,0,18,0,-0.7050000000000001,4.6904,0,0
1,0,1,2,10.66,11.365,48,19.9995,19,3,1,1,0,0,1,0,0,19,0,-0.7050000000000001,5.1168000000000005,0,0
1,0,1,1,10.66,10.605,52,30.0026,20,3,1,1,0,0,0,0,0,20,0,0.054999999999999716,5.543200000000001,0,0
1,0,1,1,10.66,11.365,44,23.9994,21,3,1,1,0,0,0,0,0,21,0,-0.7050000000000001,4.6904,0,0
1,0,1,2,10.66,11.365,44,27.9993,22,3,1,1,0,0,0,0,0,22,0,-0.7050000000000001,4.6904,0,0
1,0,1,1,10.66,11.365,48,22.0028,23,3,1,1,0,0,0,0,0,23,0,-0.7050000000000001,5.1168000000000005,0,0
1,0,1,1,18.04,21.97,38,19.0012,0,2,2,1,0,0,0,0,1,0,0,-3.9299999999999997,6.8552,0,0
1,0,1,1,18.04,21.97,41,19.0012,1,2,2,1,0,0,0,0,1,1,0,-3.9299999999999997,7.3964,0,0
1,0,1,1,18.04,21.97,44,19.0012,2,2,2,1,0,0,0,0,1,2,0,-3.9299999999999997,7.9376,0,0
1,0,1,1,18.04,21.97,44,12.998,3,2,2,1,0,0,0,0,1,3,0,-3.9299999999999997,7.9376,0,0
1,0,1,1,16.4,20.455,50,11.0014,4,2,2,1,0,0,0,0,1,4,0,-4.055,8.2,0,0
1,0,1,1,16.4,20.455,50,11.0014,5,2,2,1,0,0,0,0,1,5,0,-4.055,8.2,0,0
1,0,1,3,16.4,20.455,54,11.0014,6,2,2,1,0,0,0,0,0,6,0,-4.055,8.856,0,1
1,0,1,3,15.58,19.695,62,6.0032,7,2,2,1,0,1,0,0,0,7,0,-4.115,9.659600000000001,0,1
1,0,1,3,14.76,18.18,73,7.0015,8,2,2,1,0,1,0,0,0,8,0,-3.42,10.7748,0,1
1,0,1,2,14.76,17.425,71,12.998,9,2,2,1,0,1,0,0,0,9,0,-2.665000000000001,10.4796,0,0
1,0,1,1,16.4,20.455,62,8.9981,10,2,2,1,0,0,0,0,0,10,0,-4.055,10.168,0,0
1,0,1,1,16.4,20.455,58,11.0014,11,2,2,1,0,0,0,0,0,11,0,-4.055,9.511999999999999,0,0
1,0,1,1,18.04,21.97,54,7.0015,12,2,2,1,0,0,0,0,0,12,0,-3.9299999999999997,9.7416,0,0
1,0,1,1,18.86,22.725,47,15.0013,13,2,2,1,0,0,0,0,0,13,0,-3.865000000000002,8.8642,0,0
1,0,1,1,25.42,31.06,33,15.0013,14,2,2,1,0,0,0,0,0,14,0,-5.639999999999997,8.3886,0,0
1,0,1,1,24.6,31.06,35,19.0012,15,2,2,1,0,0,0,0,0,15,0,-6.459999999999997,8.61,0,0
1,0,1,1,24.6,31.06,40,15.0013,16,2,2,1,0,0,0,0,0,16,0,-6.459999999999997,9.84,0,0
1,0,1,1,23.78,27.275,43,12.998,17,2,2,1,0,0,1,0,0,17,0,-3.4949999999999974,10.2254,0,0
1,0,1,1,22.96,26.515,46,11.0014,18,2,2,1,0,0,1,0,0,18,0,-3.5549999999999997,10.5616,0,0
1,0,1,1,22.14,25.76,52,19.0012,19,2,2,1,0,0,1,0,0,19,0,-3.620000000000001,11.5128,0,0
1,0,1,1,21.32,25.0,52,11.0014,20,2,2,1,0,0,0,0,0,20,0,-3.6799999999999997,11.086400000000001,0,0
1,0,1,1,21.32,25.0,52,11.0014,21,2,2,1,0,0,0,0,0,21,0,-3.6799999999999997,11.086400000000001,0,0
1,0,1,1,20.5,24.24,55,12.998,22,2,2,1,0,0,0,0,0,22,0,-3.7399999999999984,11.275,0,0
1,0,1,1,18.86,22.725,63,6.0032,23,2,2,1,0,0,0,0,0,23,0,-3.865000000000002,11.8818,0,0
1,0,1,1,18.86,22.725,59,8.9981,0,3,2,1,0,0,0,0,1,0,0,-3.865000000000002,11.1274,0,0
1,0,1,2,18.86,22.725,55,0.0,1,3,2,1,0,0,0,0,1,1,0,-3.865000000000002,10.373,0,0
1,0,1,2,17.22,21.21,67,8.9981,2,3,2,1,0,0,0,0,1,2,0,-3.990000000000002,11.5374,0,0
1,0,1,2,17.22,21.21,67,8.9981,3,3,2,1,0,0,0,0,1,3,0,-3.990000000000002,11.5374,0,0
1,0,1,3,16.4,20.455,82,6.0032,4,3,2,1,0,0,0,0,1,4,0,-4.055,13.448,0,1
1,0,1,3,16.4,20.455,82,0.0,5,3,2,1,0,0,0,0,1,5,0,-4.055,13.448,0,1
1,0,1,3,14.76,18.94,90,0.0,6,3,2,1,0,0,0,0,0,6,0,-4.1800000000000015,13.284,0,1
1,0,1,3,14.76,18.94,93,0.0,7,3,2,1,0,1,0,0,0,7,0,-4.1800000000000015,13.7268,0,1
1,0,1,3,16.4,20.455,87,0.0,8,3,2,1,0,1,0,0,0,8,0,-4.055,14.267999999999999,0,1
1,0,1,3,15.58,19.695,87,0.0,9,3,2,1,0,1,0,0,0,9,0,-4.115,13.5546,0,1
1,0,1,3,17.22,21.21,77,7.0015,10,3,2,1,0,0,0,0,0,10,0,-3.990000000000002,13.259399999999998,0,1
1,0,1,3,16.4,20.455,82,16.9979,11,3,2,1,0,0,0,0,0,11,0,-4.055,13.448,0,1
1,0,1,1,17.22,21.21,82,0.0,12,3,2,1,0,0,0,0,0,12,0,-3.990000000000002,14.1204,0,0
1,0,1,2,17.22,21.21,77,0.0,13,3,2,1,0,0,0,0,0,13,0,-3.990000000000002,13.259399999999998,0,0
1,0,1,1,16.4,20.455,76,7.0015,14,3,2,1,0,0,0,0,0,14,0,-4.055,12.463999999999999,0,0
1,0,1,1,18.86,22.725,67,11.0014,15,3,2,1,0,0,0,0,0,15,0,-3.865000000000002,12.636199999999999,0,0
1,0,1,1,18.86,22.725,55,19.0012,16,3,2,1,0,0,0,0,0,16,0,-3.865000000000002,10.373,0,0
1,0,1,1,17.22,21.21,54,32.9975,17,3,2,1,0,0,1,0,0,17,0,-3.990000000000002,9.298799999999998,0,0
1,0,1,1,16.4,20.455,43,31.0009,18,3,2,1,0,0,1,0,0,18,0,-4.055,7.052,0,0
1,0,1,1,15.58,19.695,43,35.0008,19,3,2,1,0,0,1,0,0,19,0,-4.115,6.699400000000001,0,0
1,0,1,1,14.76,15.91,46,35.0008,20,3,2,1,0,0,0,0,0,20,0,-1.1500000000000004,6.7896,0,0
1,0,1,1,13.94,15.15,46,27.9993,21,3,2,1,0,0,0,0,0,21,0,-1.2100000000000009,6.4124,0,0
1,0,1,1,13.12,14.395,49,27.9993,22,3,2,1,0,0,0,0,0,22,0,-1.2750000000000004,6.4288,0,0
1,0,1,1,13.12,15.15,49,16.9979,23,3,2,1,0,0,0,0,0,23,0,-2.030000000000001,6.4288,0,0
1,0,1,1,13.12,14.395,53,26.0027,0,4,2,1,0,0,0,0,1,0,0,-1.2750000000000004,6.9536,0,0
1,0,1,1,12.3,13.635,56,22.0028,1,4,2,1,0,0,0,0,1,1,0,-1.334999999999999,6.888000000000001,0,0
1,0,1,1,12.3,14.395,52,15.0013,2,4,2,1,0,0,0,0,1,2,0,-2.094999999999999,6.396,0,0
1,0,1,1,11.48,12.88,56,19.9995,3,4,2,1,0,0,0,0,1,3,0,-1.4000000000000004,6.4288,0,0
1,0,1,1,10.66,12.88,60,15.0013,4,4,2,1,0,0,0,0,1,4,0,-2.2200000000000006,6.396,0,0
1,0,1,1,10.66,12.88,60,15.0013,5,4,2,1,0,0,0,0,1,5,0,-2.2200000000000006,6.396,0,0
1,0,1,1,9.84,12.12,65,11.0014,6,4,2,1,0,0,0,0,0,6,0,-2.2799999999999994,6.396,0,0
1,0,1,1,9.84,11.365,65,15.0013,7,4,2,1,0,1,0,0,0,7,0,-1.5250000000000004,6.396,0,0
1,0,1,1,9.84,11.365,65,15.0013,8,4,2,1,0,1,0,0,0,8,0,-1.5250000000000004,6.396,0,0
1,0,1,1,9.84,11.365,65,12.998,9,4,2,1,0,1,0,0,0,9,0,-1.5250000000000004,6.396,0,0
1,0,1,1,11.48,12.88,56,19.0012,10,4,2,1,0,0,0,0,0,10,0,-1.4000000000000004,6.4288,0,0
1,0,1,1,13.12,15.15,53,19.9995,11,4,2,1,0,0,0,0,0,11,0,-2.030000000000001,6.9536,0,0
1,0,1,1,13.94,16.665,46,8.9981,12,4,2,1,0,0,0,0,0,12,0,-2.7249999999999996,6.4124,0,0
1,0,1,1,14.76,18.18,46,0.0,13,4,2,1,0,0,0,0,0,13,0,-3.42,6.7896,0,0
1,0,1,1,14.76,17.425,46,15.0013,14,4,2,1,0,0,0,0,0,14,0,-2.665000000000001,6.7896,0,0
1,0,1,1,15.58,19.695,40,0.0,15,4,2,1,0,0,0,0,0,15,0,-4.115,6.232,0,0
1,0,1,1,16.4,20.455,37,7.0015,16,4,2,1,0,0,0,0,0,16,0,-4.055,6.068,0,0
1,0,1,1,16.4,20.455,37,6.0032,17,4,2,1,0,0,1,0,0,17,0,-4.055,6.068,0,0
1,0,1,1,15.58,19.695,40,8.9981,18,4,2,1,0,0,1,0,0,18,0,-4.115,6.232,0,0
1,0,1,1,13.94,17.425,49,7.0015,19,4,2,1,0,0,1,0,0,19,0,-3.485000000000001,6.8306,0,0
1,0,1,1,13.94,17.425,49,7.0015,20,4,2,1,0,0,0,0,0,20,0,-3.485000000000001,6.8306,0,0
1,0,1,1,13.94,17.425,49,7.0015,21,4,2,1,0,0,0,0,0,21,0,-3.485000000000001,6.8306,0,0
1,0,1,1,13.94,17.425,49,7.0015,22,4,2,1,0,0,0,0,0,22,0,-3.485000000000001,6.8306,0,0
1,0,1,1,10.66,13.635,70,7.0015,23,4,2,1,0,0,0,0,0,23,0,-2.9749999999999996,7.462000000000001,0,0
1,0,0,1,10.66,13.635,70,7.0015,0,5,2,1,1,0,0,0,1,0,0,-2.9749999999999996,7.462000000000001,0,0
1,0,0,1,10.66,13.635,70,7.0015,1,5,2,1,1,0,0,0,1,0,1,-2.9749999999999996,7.462000000000001,0,0
1,0,0,1,9.84,12.88,70,6.0032,2,5,2,1,1,0,0,0,1,0,2,-3.040000000000001,6.888,0,0
1,0,0,1,9.84,14.395,75,0.0,3,5,2,1,1,0,0,0,1,0,3,-4.555,7.38,0,0
1,0,0,1,9.84,12.88,81,6.0032,4,5,2,1,1,0,0,0,1,0,4,-3.040000000000001,7.9704,0,0
1,0,0,1,9.84,12.88,81,6.0032,5,5,2,1,1,0,0,0,1,0,5,-3.040000000000001,7.9704,0,0
1,0,0,1,9.02,11.365,87,8.9981,6,5,2,1,1,0,0,0,0,0,6,-2.3450000000000006,7.8474,0,0
1,0,0,2,9.84,12.12,87,8.9981,7,5,2,1,1,0,0,0,0,0,7,-2.2799999999999994,8.5608,0,0
1,0,0,1,9.84,14.395,87,0.0,8,5,2,1,1,0,0,0,0,0,8,-4.555,8.5608,0,0
1,0,0,1,9.84,12.12,81,8.9981,9,5,2,1,1,0,0,0,0,0,9,-2.2799999999999994,7.9704,0,0
1,0,0,1,9.84,12.88,87,7.0015,10,5,2,1,1,0,0,0,0,0,10,-3.040000000000001,8.5608,0,0
1,0,0,1,12.3,16.665,70,0.0,11,5,2,1,1,0,0,1,0,0,11,-4.364999999999998,8.61,0,0
1,0,0,2,12.3,15.91,70,6.0032,12,5,2,1,1,0,0,1,0,0,12,-3.6099999999999994,8.61,0,0
1,0,0,2,12.3,14.395,70,12.998,13,5,2,1,1,0,0,1,0,0,13,-2.094999999999999,8.61,0,0
1,0,0,2,13.12,15.15,66,15.0013,14,5,2,1,1,0,0,1,0,0,14,-2.030000000000001,8.6592,0,0
1,0,0,2,13.12,15.15,66,15.0013,15,5,2,1,1,0,0,1,0,0,15,-2.030000000000001,8.6592,0,0
1,0,0,2,13.94,16.665,61,11.0014,16,5,2,1,1,0,0,1,0,0,16,-2.7249999999999996,8.5034,0,0
1,0,0,3,12.3,14.395,70,12.998,17,5,2,1,1,0,0,0,0,0,17,-2.094999999999999,8.61,0,1
1,0,0,3,11.48,13.635,75,11.0014,18,5,2,1,1,0,0,0,0,0,18,-2.1549999999999994,8.61,0,1
1,0,0,3,10.66,13.635,87,8.9981,19,5,2,1,1,0,0,0,0,0,19,-2.9749999999999996,9.2742,0,1
1,0,0,3,9.84,11.365,93,12.998,20,5,2,1,1,0,0,0,0,0,20,-1.5250000000000004,9.1512,0,1
1,0,0,3,9.84,12.12,93,8.9981,21,5,2,1,1,0,0,0,0,0,21,-2.2799999999999994,9.1512,0,1
1,0,0,2,9.84,12.88,87,6.0032,22,5,2,1,1,0,0,0,0,0,22,-3.040000000000001,8.5608,0,0
1,0,0,2,9.84,12.12,87,8.9981,23,5,2,1,1,0,0,0,0,0,23,-2.2799999999999994,8.5608,0,0
1,0,0,2,9.84,12.12,87,8.9981,0,6,2,1,1,0,0,0,1,0,0,-2.2799999999999994,8.5608,0,0
1,0,0,2,9.84,12.88,93,7.0015,1,6,2,1,1,0,0,0,1,0,1,-3.040000000000001,9.1512,0,0
1,0,0,2,9.84,12.88,93,7.0015,2,6,2,1,1,0,0,0,1,0,2,-3.040000000000001,9.1512,0,0
1,0,0,3,9.84,12.88,87,6.0032,3,6,2,1,1,0,0,0,1,0,3,-3.040000000000001,8.5608,0,1
1,0,0,2,9.84,12.12,87,8.9981,4,6,2,1,1,0,0,0,1,0,4,-2.2799999999999994,8.5608,0,0
1,0,0,3,10.66,12.88,81,12.998,5,6,2,1,1,0,0,0,1,0,5,-2.2200000000000006,8.6346,0,1
1,0,0,2,10.66,12.12,70,16.9979,6,6,2,1,1,0,0,0,0,0,6,-1.459999999999999,7.462000000000001,0,0
1,0,0,2,9.84,12.12,75,11.0014,7,6,2,1,1,0,0,0,0,0,7,-2.2799999999999994,7.38,0,0
1,0,0,2,9.84,12.12,75,11.0014,8,6,2,1,1,0,0,0,0,0,8,-2.2799999999999994,7.38,0,0
1,0,0,2,9.84,11.365,70,15.0013,9,6,2,1,1,0,0,0,0,0,9,-1.5250000000000004,6.888,0,0
1,0,0,2,10.66,12.12,65,19.0012,10,6,2,1,1,0,0,0,0,0,10,-1.459999999999999,6.928999999999999,0,0
1,0,0,2,10.66,12.88,70,12.998,11,6,2,1,1,0,0,1,0,0,11,-2.2200000000000006,7.462000000000001,0,0
1,0,0,2,10.66,12.88,65,12.998,12,6,2,1,1,0,0,1,0,0,12,-2.2200000000000006,6.928999999999999,0,0
1,0,0,2,11.48,13.635,61,11.0014,13,6,2,1,1,0,0,1,0,0,13,-2.1549999999999994,7.0028,0,0
1,0,0,1,12.3,15.15,61,11.0014,14,6,2,1,1,0,0,1,0,0,14,-2.8499999999999996,7.503000000000001,0,0
1,0,0,2,12.3,14.395,56,16.9979,15,6,2,1,1,0,0,1,0,0,15,-2.094999999999999,6.888000000000001,0,0
1,0,0,1,12.3,14.395,56,15.0013,16,6,2,1,1,0,0,1,0,0,16,-2.094999999999999,6.888000000000001,0,0
1,0,0,1,13.12,15.91,53,11.0014,17,6,2,1,1,0,0,0,0,0,17,-2.790000000000001,6.9536,0,0
1,0,0,1,12.3,14.395,52,16.9979,18,6,2,1,1,0,0,0,0,0,18,-2.094999999999999,6.396,0,0
1,0,0,1,12.3,14.395,52,15.0013,19,6,2,1,1,0,0,0,0,0,19,-2.094999999999999,6.396,0,0
1,0,0,1,11.48,13.635,56,12.998,20,6,2,1,1,0,0,0,0,0,20,-2.1549999999999994,6.4288,0,0
1,0,0,1,11.48,14.395,56,7.0015,21,6,2,1,1,0,0,0,0,0,21,-2.914999999999999,6.4288,0,0
1,0,0,1,10.66,13.635,60,7.0015,22,6,2,1,1,0,0,0,0,0,22,-2.9749999999999996,6.396,0,0
1,0,0,1,9.84,12.12,70,8.9981,23,6,2,1,1,0,0,0,0,0,23,-2.2799999999999994,6.888,0,0
1,0,1,1,9.84,12.12,65,8.9981,0,0,2,1,0,0,0,0,1,0,0,-2.2799999999999994,6.396,0,0
1,0,1,1,9.02,12.88,75,6.0032,1,0,2,1,0,0,0,0,1,1,0,-3.860000000000001,6.765,0,0
1,0,1,1,9.02,13.635,75,0.0,2,0,2,1,0,0,0,0,1,2,0,-4.615,6.765,0,0
1,0,1,1,7.38,10.605,80,7.0015,4,0,2,1,0,0,0,0,1,4,0,-3.2250000000000005,5.904,0,0
1,0,1,1,7.38,10.605,80,7.0015,5,0,2,1,0,0,0,0,1,5,0,-3.2250000000000005,5.904,0,0
1,0,1,1,6.56,9.09,86,7.0015,6,0,2,1,0,0,0,0,0,6,0,-2.5300000000000002,5.6415999999999995,0,0
1,0,1,1,6.56,9.09,86,7.0015,7,0,2,1,0,1,0,0,0,7,0,-2.5300000000000002,5.6415999999999995,0,0
1,0,1,1,6.56,9.09,86,8.9981,8,0,2,1,0,1,0,0,0,8,0,-2.5300000000000002,5.6415999999999995,0,0
1,0,1,1,7.38,10.605,80,7.0015,9,0,2,1,0,1,0,0,0,9,0,-3.2250000000000005,5.904,0,0
1,0,1,1,9.02,12.12,75,7.0015,10,0,2,1,0,0,0,0,0,10,0,-3.0999999999999996,6.765,0,0
1,0,1,1,10.66,13.635,70,8.9981,11,0,2,1,0,0,0,0,0,11,0,-2.9749999999999996,7.462000000000001,0,0
1,0,1,1,13.12,15.91,61,11.0014,12,0,2,1,0,0,0,0,0,12,0,-2.790000000000001,8.0032,0,0
1,0,1,1,15.58,19.695,40,15.0013,13,0,2,1,0,0,0,0,0,13,0,-4.115,6.232,0,0
1,0,1,1,16.4,20.455,35,11.0014,14,0,2,1,0,0,0,0,0,14,0,-4.055,5.74,0,0
1,0,1,1,17.22,21.21,32,19.0012,15,0,2,1,0,0,0,0,0,15,0,-3.990000000000002,5.5104,0,0
1,0,1,1,16.4,20.455,43,16.9979,16,0,2,1,0,0,0,0,0,16,0,-4.055,7.052,0,0
1,0,1,1,16.4,20.455,43,16.9979,17,0,2,1,0,0,1,0,0,17,0,-4.055,7.052,0,0
1,0,1,1,15.58,19.695,43,15.0013,18,0,2,1,0,0,1,0,0,18,0,-4.115,6.699400000000001,0,0
1,0,1,1,14.76,16.665,43,16.9979,19,0,2,1,0,0,1,0,0,19,0,-1.9049999999999994,6.346799999999999,0,0
1,0,1,1,13.94,16.665,46,11.0014,20,0,2,1,0,0,0,0,0,20,0,-2.7249999999999996,6.4124,0,0
1,0,1,1,13.12,15.91,57,11.0014,21,0,2,1,0,0,0,0,0,21,0,-2.790000000000001,7.478399999999999,0,0
1,0,1,1,12.3,15.15,65,8.9981,22,0,2,1,0,0,0,0,0,22,0,-2.8499999999999996,7.995,0,0
1,0,1,1,12.3,15.15,65,8.9981,23,0,2,1,0,0,0,0,0,23,0,-2.8499999999999996,7.995,0,0
1,0,1,1,12.3,14.395,70,12.998,0,1,2,1,0,0,0,0,1,0,0,-2.094999999999999,8.61,0,0
1,0,1,1,11.48,14.395,61,8.9981,1,1,2,1,0,0,0,0,1,1,0,-2.914999999999999,7.0028,0,0
1,0,1,1,12.3,16.665,61,0.0,2,1,2,1,0,0,0,0,1,2,0,-4.364999999999998,7.503000000000001,0,0
1,0,1,2,12.3,16.665,70,0.0,3,1,2,1,0,0,0,0,1,3,0,-4.364999999999998,8.61,0,0
1,0,1,2,12.3,16.665,70,0.0,4,1,2,1,0,0,0,0,1,4,0,-4.364999999999998,8.61,0,0
1,0,1,1,13.12,16.665,49,6.0032,5,1,2,1,0,0,0,0,1,5,0,-3.545,6.4288,0,0
1,0,1,1,13.12,15.15,45,19.9995,6,1,2,1,0,0,0,0,0,6,0,-2.030000000000001,5.904,0,0
1,0,1,1,13.12,17.425,45,0.0,7,1,2,1,0,1,0,0,0,7,0,-4.3050000000000015,5.904,0,0
1,0,1,1,12.3,15.91,49,0.0,8,1,2,1,0,1,0,0,0,8,0,-3.6099999999999994,6.027,0,0
1,0,1,1,13.12,16.665,49,0.0,9,1,2,1,0,1,0,0,0,9,0,-3.545,6.4288,0,0
1,0,1,1,13.94,16.665,46,11.0014,10,1,2,1,0,0,0,0,0,10,0,-2.7249999999999996,6.4124,0,0
1,0,1,1,14.76,17.425,46,12.998,11,1,2,1,0,0,0,0,0,11,0,-2.665000000000001,6.7896,0,0
1,0,1,1,16.4,20.455,40,22.0028,12,1,2,1,0,0,0,0,0,12,0,-4.055,6.56,0,0
1,0,1,1,18.04,21.97,38,16.9979,13,1,2,1,0,0,0,0,0,13,0,-3.9299999999999997,6.8552,0,0
1,0,1,1,18.04,21.97,38,16.9979,14,1,2,1,0,0,0,0,0,14,0,-3.9299999999999997,6.8552,0,0
1,0,1,1,18.04,21.97,38,12.998,15,1,2,1,0,0,0,0,0,15,0,-3.9299999999999997,6.8552,0,0
1,0,1,1,18.04,21.97,35,16.9979,16,1,2,1,0,0,0,0,0,16,0,-3.9299999999999997,6.314,0,0
1,0,1,1,18.04,21.97,35,12.998,17,1,2,1,0,0,1,0,0,17,0,-3.9299999999999997,6.314,0,0
1,0,1,1,17.22,21.21,38,12.998,18,1,2,1,0,0,1,0,0,18,0,-3.990000000000002,6.543599999999999,0,0
1,0,1,1,15.58,19.695,43,15.0013,19,1,2,1,0,0,1,0,0,19,0,-4.115,6.699400000000001,0,0
1,0,1,1,14.76,17.425,50,8.9981,20,1,2,1,0,0,0,0,0,20,0,-2.665000000000001,7.38,0,0
1,0,1,1,13.94,17.425,61,7.0015,21,1,2,1,0,0,0,0,0,21,0,-3.485000000000001,8.5034,0,0
1,0,1,1,13.12,15.91,57,12.998,22,1,2,1,0,0,0,0,0,22,0,-2.790000000000001,7.478399999999999,0,0
1,0,1,1,13.12,16.665,57,8.9981,23,1,2,1,0,0,0,0,0,23,0,-3.545,7.478399999999999,0,0
1,0,1,1,12.3,14.395,56,15.0013,0,2,2,1,0,0,0,0,1,0,0,-2.094999999999999,6.888000000000001,0,0
1,0,1,1,11.48,13.635,61,11.0014,1,2,2,1,0,0,0,0,1,1,0,-2.1549999999999994,7.0028,0,0
1,0,1,1,10.66,15.15,65,0.0,2,2,2,1,0,0,0,0,1,2,0,-4.49,6.928999999999999,0,0
1,0,1,1,10.66,15.15,65,0.0,3,2,2,1,0,0,0,0,1,3,0,-4.49,6.928999999999999,0,0
1,0,1,1,9.84,12.88,70,6.0032,4,2,2,1,0,0,0,0,1,4,0,-3.040000000000001,6.888,0,0
1,0,1,1,9.84,12.88,70,6.0032,5,2,2,1,0,0,0,0,1,5,0,-3.040000000000001,6.888,0,0
1,0,1,2,9.84,14.395,70,0.0,6,2,2,1,0,0,0,0,0,6,0,-4.555,6.888,0,0
1,0,1,2,9.84,12.88,70,7.0015,7,2,2,1,0,1,0,0,0,7,0,-3.040000000000001,6.888,0,0
1,0,1,2,9.84,11.365,70,15.0013,8,2,2,1,0,1,0,0,0,8,0,-1.5250000000000004,6.888,0,0
1,0,1,2,9.84,12.88,70,11.0014,9,2,2,1,0,1,0,0,0,9,0,-3.040000000000001,6.888,0,0
1,0,1,2,10.66,12.88,70,15.0013,10,2,2,1,0,0,0,0,0,10,0,-2.2200000000000006,7.462000000000001,0,0
1,0,1,2,10.66,12.88,65,15.0013,11,2,2,1,0,0,0,0,0,11,0,-2.2200000000000006,6.928999999999999,0,0
1,0,1,2,11.48,12.88,65,19.0012,12,2,2,1,0,0,0,0,0,12,0,-1.4000000000000004,7.462000000000001,0,0
1,0,1,2,11.48,14.395,61,7.0015,13,2,2,1,0,0,0,0,0,13,0,-2.914999999999999,7.0028,0,0
1,0,1,2,12.3,15.15,56,11.0014,14,2,2,1,0,0,0,0,0,14,0,-2.8499999999999996,6.888000000000001,0,0
1,0,1,3,12.3,15.91,61,7.0015,15,2,2,1,0,0,0,0,0,15,0,-3.6099999999999994,7.503000000000001,0,1
1,0,1,3,10.66,13.635,81,7.0015,16,2,2,1,0,0,0,0,0,16,0,-2.9749999999999996,8.6346,0,1
1,0,1,3,9.84,12.88,87,7.0015,17,2,2,1,0,0,1,0,0,17,0,-3.040000000000001,8.5608,0,1
1,0,1,3,9.84,12.88,87,7.0015,18,2,2,1,0,0,1,0,0,18,0,-3.040000000000001,8.5608,0,1
1,0,1,3,9.84,12.88,87,7.0015,19,2,2,1,0,0,1,0,0,19,0,-3.040000000000001,8.5608,0,1
1,0,1,3,9.84,12.12,87,8.9981,20,2,2,1,0,0,0,0,0,20,0,-2.2799999999999994,8.5608,0,1
1,0,1,3,9.84,11.365,87,12.998,21,2,2,1,0,0,0,0,0,21,0,-1.5250000000000004,8.5608,0,1
1,0,1,2,9.84,12.12,87,8.9981,22,2,2,1,0,0,0,0,0,22,0,-2.2799999999999994,8.5608,0,0
1,0,1,2,9.84,12.12,87,11.0014,23,2,2,1,0,0,0,0,0,23,0,-2.2799999999999994,8.5608,0,0
1,0,1,2,9.84,12.12,87,11.0014,0,3,2,1,0,0,0,0,1,0,0,-2.2799999999999994,8.5608,0,0
1,0,1,2,9.84,12.12,87,8.9981,1,3,2,1,0,0,0,0,1,1,0,-2.2799999999999994,8.5608,0,0
1,0,1,1,9.02,11.365,80,8.9981,2,3,2,1,0,0,0,0,1,2,0,-2.3450000000000006,7.215999999999999,0,0
1,0,1,1,9.02,10.605,80,19.0012,3,3,2,1,0,0,0,0,1,3,0,-1.5850000000000009,7.215999999999999,0,0
1,0,1,2,9.02,9.85,75,30.0026,4,3,2,1,0,0,0,0,1,4,0,-0.8300000000000001,6.765,0,0
1,0,1,1,8.2,9.09,75,19.0012,5,3,2,1,0,0,0,0,1,5,0,-0.8900000000000006,6.15,0,0
1,0,1,1,8.2,9.09,75,19.0012,6,3,2,1,0,0,0,0,0,6,0,-0.8900000000000006,6.15,0,0
1,0,1,1,8.2,9.85,69,16.9979,7,3,2,1,0,1,0,0,0,7,0,-1.6500000000000004,5.6579999999999995,0,0
1,0,1,1,8.2,9.85,64,16.9979,8,3,2,1,0,1,0,0,0,8,0,-1.6500000000000004,5.247999999999999,0,0
1,0,1,1,8.2,9.85,59,15.0013,9,3,2,1,0,1,0,0,0,9,0,-1.6500000000000004,4.837999999999999,0,0
1,0,1,1,9.02,10.605,51,15.0013,10,3,2,1,0,0,0,0,0,10,0,-1.5850000000000009,4.6002,0,0
1,0,1,1,9.84,11.365,52,15.0013,11,3,2,1,0,0,0,0,0,11,0,-1.5250000000000004,5.1168000000000005,0,0
1,0,1,1,10.66,11.365,48,22.0028,12,3,2,1,0,0,0,0,0,12,0,-0.7050000000000001,5.1168000000000005,0,0
1,0,1,1,12.3,13.635,42,22.0028,13,3,2,1,0,0,0,0,0,13,0,-1.334999999999999,5.166,0,0
1,0,1,1,13.12,15.15,39,19.9995,14,3,2,1,0,0,0,0,0,14,0,-2.030000000000001,5.1168,0,0
1,0,1,1,13.12,15.15,36,19.9995,15,3,2,1,0,0,0,0,0,15,0,-2.030000000000001,4.7232,0,0
1,0,1,1,13.94,16.665,36,0.0,16,3,2,1,0,0,0,0,0,16,0,-2.7249999999999996,5.0184,0,0
1,0,1,1,13.94,16.665,34,8.9981,17,3,2,1,0,0,1,0,0,17,0,-2.7249999999999996,4.739599999999999,0,0
1,0,1,1,13.94,16.665,31,11.0014,18,3,2,1,0,0,1,0,0,18,0,-2.7249999999999996,4.3214,0,0
1,0,1,1,13.12,16.665,33,7.0015,19,3,2,1,0,0,1,0,0,19,0,-3.545,4.3296,0,0
1,0,1,1,13.12,17.425,36,0.0,20,3,2,1,0,0,0,0,0,20,0,-4.3050000000000015,4.7232,0,0
1,0,1,1,12.3,15.91,52,6.0032,21,3,2,1,0,0,0,0,0,21,0,-3.6099999999999994,6.396,0,0
1,0,1,2,12.3,16.665,56,0.0,22,3,2,1,0,0,0,0,0,22,0,-4.364999999999998,6.888000000000001,0,0
1,0,1,2,12.3,16.665,52,0.0,23,3,2,1,0,0,0,0,0,23,0,-4.364999999999998,6.396,0,0
1,0,1,2,11.48,15.15,65,6.0032,0,4,2,1,0,0,0,0,1,0,0,-3.67,7.462000000000001,0,0
1,0,1,2,11.48,15.15,61,6.0032,1,4,2,1,0,0,0,0,1,1,0,-3.67,7.0028,0,0
1,0,1,1,10.66,14.395,52,6.0032,2,4,2,1,0,0,0,0,1,2,0,-3.7349999999999994,5.543200000000001,0,0
1,0,1,1,10.66,14.395,56,6.0032,3,4,2,1,0,0,0,0,1,3,0,-3.7349999999999994,5.969600000000001,0,0
1,0,1,1,10.66,14.395,56,6.0032,4,4,2,1,0,0,0,0,1,4,0,-3.7349999999999994,5.969600000000001,0,0
1,0,1,1,9.84,11.365,52,15.0013,5,4,2,1,0,0,0,0,1,5,0,-1.5250000000000004,5.1168000000000005,0,0
1,0,1,1,8.2,9.85,59,12.998,6,4,2,1,0,0,0,0,0,6,0,-1.6500000000000004,4.837999999999999,0,0
1,0,1,1,8.2,10.605,59,11.0014,7,4,2,1,0,1,0,0,0,7,0,-2.405000000000001,4.837999999999999,0,0
1,0,1,1,8.2,10.605,59,11.0014,8,4,2,1,0,1,0,0,0,8,0,-2.405000000000001,4.837999999999999,0,0
1,0,1,1,9.02,11.365,55,11.0014,9,4,2,1,0,1,0,0,0,9,0,-2.3450000000000006,4.960999999999999,0,0
1,0,1,2,10.66,13.635,48,8.9981,10,4,2,1,0,0,0,0,0,10,0,-2.9749999999999996,5.1168000000000005,0,0
1,0,1,2,11.48,14.395,45,7.0015,11,4,2,1,0,0,0,0,0,11,0,-2.914999999999999,5.166,0,0
1,0,1,2,12.3,15.15,42,8.9981,12,4,2,1,0,0,0,0,0,12,0,-2.8499999999999996,5.166,0,0
1,0,1,2,12.3,15.91,42,6.0032,13,4,2,1,0,0,0,0,0,13,0,-3.6099999999999994,5.166,0,0
1,0,1,2,13.12,16.665,39,6.0032,14,4,2,1,0,0,0,0,0,14,0,-3.545,5.1168,0,0
1,0,1,2,13.12,16.665,45,8.9981,15,4,2,1,0,0,0,0,0,15,0,-3.545,5.904,0,0
1,0,1,2,13.94,15.91,42,16.9979,16,4,2,1,0,0,0,0,0,16,0,-1.9700000000000006,5.8548,0,0
1,0,1,2,13.94,16.665,42,12.998,17,4,2,1,0,0,1,0,0,17,0,-2.7249999999999996,5.8548,0,0
1,0,1,3,12.3,15.15,61,8.9981,18,4,2,1,0,0,1,0,0,18,0,-2.8499999999999996,7.503000000000001,0,1
1,0,1,2,13.12,17.425,57,0.0,19,4,2,1,0,0,1,0,0,19,0,-4.3050000000000015,7.478399999999999,0,0
1,0,1,2,13.12,17.425,57,0.0,20,4,2,1,0,0,0,0,0,20,0,-4.3050000000000015,7.478399999999999,0,0
1,0,1,2,13.12,16.665,66,6.0032,21,4,2,1,0,0,0,0,0,21,0,-3.545,8.6592,0,0
1,0,1,2,13.12,17.425,66,0.0,22,4,2,1,0,0,0,0,0,22,0,-4.3050000000000015,8.6592,0,0
1,0,1,2,12.3,15.91,70,6.0032,23,4,2,1,0,0,0,0,0,23,0,-3.6099999999999994,8.61,0,0
1,0,0,2,12.3,15.15,70,8.9981,0,5,2,1,1,0,0,0,1,0,0,-2.8499999999999996,8.61,0,0
1,0,0,3,11.48,14.395,81,8.9981,1,5,2,1,1,0,0,0,1,0,1,-2.914999999999999,9.2988,0,1
1,0,0,3,10.66,12.88,81,12.998,2,5,2,1,1,0,0,0,1,0,2,-2.2200000000000006,8.6346,0,1
1,0,0,3,9.84,11.365,87,15.0013,3,5,2,1,1,0,0,0,1,0,3,-1.5250000000000004,8.5608,0,1
1,0,0,3,9.84,11.365,87,15.0013,4,5,2,1,1,0,0,0,1,0,4,-1.5250000000000004,8.5608,0,1
1,0,0,3,9.02,11.365,93,11.0014,5,5,2,1,1,0,0,0,1,0,5,-2.3450000000000006,8.3886,0,1
1,0,0,3,9.02,11.365,93,8.9981,6,5,2,1,1,0,0,0,0,0,6,-2.3450000000000006,8.3886,0,1
1,0,0,3,9.02,11.365,93,8.9981,7,5,2,1,1,0,0,0,0,0,7,-2.3450000000000006,8.3886,0,1
1,0,0,3,9.02,11.365,93,8.9981,8,5,2,1,1,0,0,0,0,0,8,-2.3450000000000006,8.3886,0,1
1,0,0,3,9.02,12.12,93,7.0015,9,5,2,1,1,0,0,0,0,0,9,-3.0999999999999996,8.3886,0,1
1,0,0,3,9.02,12.12,93,7.0015,10,5,2,1,1,0,0,0,0,0,10,-3.0999999999999996,8.3886,0,1
1,0,0,2,9.84,12.88,81,7.0015,11,5,2,1,1,0,0,1,0,0,11,-3.040000000000001,7.9704,0,0
1,0,0,2,10.66,12.88,81,11.0014,12,5,2,1,1,0,0,1,0,0,12,-2.2200000000000006,8.6346,0,0
1,0,0,2,10.66,12.12,81,19.0012,13,5,2,1,1,0,0,1,0,0,13,-1.459999999999999,8.6346,0,0
1,0,0,2,10.66,12.12,81,16.9979,14,5,2,1,1,0,0,1,0,0,14,-1.459999999999999,8.6346,0,0
1,0,0,2,12.3,13.635,61,19.9995,15,5,2,1,1,0,0,1,0,0,15,-1.334999999999999,7.503000000000001,0,0
1,0,0,3,9.02,9.85,75,27.9993,16,5,2,1,1,0,0,1,0,0,16,-0.8300000000000001,6.765,0,1
1,0,0,3,9.02,9.09,69,31.0009,17,5,2,1,1,0,0,0,0,0,17,-0.07000000000000028,6.2238,0,1
1,0,0,2,9.02,9.09,47,43.9989,18,5,2,1,1,0,0,0,0,0,18,-0.07000000000000028,4.2394,0,0
1,0,0,2,8.2,7.575,40,36.9974,19,5,2,1,1,0,0,0,0,0,19,0.6249999999999991,3.28,0,0
1,0,0,2,6.56,6.06,43,36.9974,20,5,2,1,1,0,0,0,0,0,20,0.5,2.8207999999999998,0,0
1,0,0,1,5.74,3.79,43,43.0006,21,5,2,1,1,0,0,0,0,0,21,1.9500000000000002,2.4682000000000004,0,0
1,0,0,2,5.74,5.305,39,26.0027,22,5,2,1,1,0,0,0,0,0,22,0.4350000000000005,2.2386,0,0
1,0,0,3,4.92,3.79,50,32.9975,23,5,2,1,1,0,0,0,0,0,23,1.13,2.46,0,1
1,0,0,3,4.1,3.79,68,26.0027,0,6,2,1,1,0,0,0,1,0,0,0.3099999999999996,2.7879999999999994,0,1
1,0,0,3,3.28,2.275,79,31.0009,1,6,2,1,1,0,0,0,1,0,1,1.005,2.5912,0,1
1,0,0,2,4.1,3.03,58,39.0007,2,6,2,1,1,0,0,0,1,0,2,1.0699999999999998,2.3779999999999997,0,0
1,0,0,2,4.1,2.275,46,46.0022,3,6,2,1,1,0,0,0,1,0,3,1.8249999999999997,1.886,0,0
1,0,0,2,4.1,2.275,46,47.9988,4,6,2,1,1,0,0,0,1,0,4,1.8249999999999997,1.886,0,0
1,0,0,1,4.1,3.79,49,26.0027,5,6,2,1,1,0,0,0,1,0,5,0.3099999999999996,2.009,0,0
1,0,0,1,4.1,3.79,49,26.0027,6,6,2,1,1,0,0,0,0,0,6,0.3099999999999996,2.009,0,0
1,0,0,1,3.28,4.545,53,12.998,7,6,2,1,1,0,0,0,0,0,7,-1.2650000000000001,1.7384,0,0
1,0,0,1,3.28,3.79,53,16.9979,8,6,2,1,1,0,0,0,0,0,8,-0.5100000000000002,1.7384,0,0
1,0,0,1,4.1,4.545,49,19.9995,9,6,2,1,1,0,0,0,0,0,9,-0.4450000000000003,2.009,0,0
1,0,0,1,4.92,5.305,42,23.9994,10,6,2,1,1,0,0,0,0,0,10,-0.3849999999999998,2.0664,0,0
1,0,0,1,4.92,5.305,42,19.9995,11,6,2,1,1,0,0,1,0,0,11,-0.3849999999999998,2.0664,0,0
1,0,0,1,5.74,3.79,39,43.0006,12,6,2,1,1,0,0,1,0,0,12,1.9500000000000002,2.2386,0,0
1,0,0,1,6.56,6.06,40,30.0026,13,6,2,1,1,0,0,1,0,0,13,0.5,2.6239999999999997,0,0
1,0,0,1,6.56,6.06,40,35.0008,14,6,2,1,1,0,0,1,0,0,14,0.5,2.6239999999999997,0,0
1,0,0,1,6.56,6.06,40,36.9974,15,6,2,1,1,0,0,1,0,0,15,0.5,2.6239999999999997,0,0
1,0,0,1,8.2,8.335,34,31.0009,16,6,2,1,1,0,0,1,0,0,16,-0.13500000000000156,2.7879999999999994,0,0
1,0,0,1,7.38,7.575,37,27.9993,17,6,2,1,1,0,0,0,0,0,17,-0.19500000000000028,2.7306,0,0
1,0,0,1,6.56,6.06,40,31.0009,18,6,2,1,1,0,0,0,0,0,18,0.5,2.6239999999999997,0,0
1,0,0,1,6.56,6.82,40,19.0012,19,6,2,1,1,0,0,0,0,0,19,-0.2600000000000007,2.6239999999999997,0,0
1,0,0,1,5.74,6.06,42,22.0028,20,6,2,1,1,0,0,0,0,0,20,-0.3199999999999994,2.4108,0,0
1,0,0,1,5.74,6.06,43,19.9995,21,6,2,1,1,0,0,0,0,0,21,-0.3199999999999994,2.4682000000000004,0,0
1,0,0,1,5.74,7.575,43,11.0014,22,6,2,1,1,0,0,0,0,0,22,-1.835,2.4682000000000004,0,0
1,0,0,1,5.74,6.82,43,15.0013,23,6,2,1,1,0,0,0,0,0,23,-1.08,2.4682000000000004,0,0
1,0,1,1,5.74,6.82,46,15.0013,0,0,2,1,0,0,0,0,1,0,0,-1.08,2.6404,0,0
1,0,1,1,4.92,6.06,50,15.0013,1,0,2,1,0,0,0,0,1,1,0,-1.1399999999999997,2.46,0,0
1,0,1,1,5.74,6.82,46,12.998,2,0,2,1,0,0,0,0,1,2,0,-1.08,2.6404,0,0
1,0,1,1,4.92,7.575,54,7.0015,3,0,2,1,0,0,0,0,1,3,0,-2.6550000000000002,2.6568,0,0
1,0,1,1,4.92,8.335,54,6.0032,4,0,2,1,0,0,0,0,1,4,0,-3.415000000000001,2.6568,0,0
1,0,1,1,4.1,6.06,58,8.9981,5,0,2,1,0,0,0,0,1,5,0,-1.96,2.3779999999999997,0,0
1,0,1,1,4.1,5.305,54,15.0013,6,0,2,1,0,0,0,0,0,6,0,-1.205,2.214,0,0
1,0,1,1,4.1,5.305,54,12.998,7,0,2,1,0,1,0,0,0,7,0,-1.205,2.214,0,0
1,0,1,1,4.1,6.06,54,8.9981,8,0,2,1,0,1,0,0,0,8,0,-1.96,2.214,0,0
1,0,1,1,4.92,6.82,50,12.998,9,0,2,1,0,1,0,0,0,9,0,-1.9000000000000004,2.46,0,0
1,0,1,1,5.74,7.575,50,8.9981,10,0,2,1,0,0,0,0,0,10,0,-1.835,2.87,0,0
1,0,1,1,9.02,11.365,37,12.998,11,0,2,1,0,0,0,0,0,11,0,-2.3450000000000006,3.3374,0,0
1,0,1,1,11.48,12.88,28,22.0028,12,0,2,1,0,0,0,0,0,12,0,-1.4000000000000004,3.2144,0,0
1,0,1,1,13.12,15.15,22,15.0013,13,0,2,1,0,0,0,0,0,13,0,-2.030000000000001,2.8864,0,0
1,0,1,1,13.94,17.425,23,7.0015,14,0,2,1,0,0,0,0,0,14,0,-3.485000000000001,3.2062,0,0
1,0,1,1,14.76,17.425,27,8.9981,15,0,2,1,0,0,0,0,0,15,0,-2.665000000000001,3.9852,0,0
1,0,1,1,14.76,17.425,23,12.998,16,0,2,1,0,0,0,0,0,16,0,-2.665000000000001,3.3948,0,0
1,0,1,1,14.76,17.425,23,12.998,17,0,2,1,0,0,1,0,0,17,0,-2.665000000000001,3.3948,0,0
1,0,1,1,13.94,15.91,25,16.9979,18,0,2,1,0,0,1,0,0,18,0,-1.9700000000000006,3.485,0,0
1,0,1,1,13.94,16.665,25,8.9981,19,0,2,1,0,0,1,0,0,19,0,-2.7249999999999996,3.485,0,0
1,0,1,1,12.3,15.15,42,11.0014,20,0,2,1,0,0,0,0,0,20,0,-2.8499999999999996,5.166,0,0
1,0,1,1,11.48,14.395,45,8.9981,21,0,2,1,0,0,0,0,0,21,0,-2.914999999999999,5.166,0,0
1,0,1,1,10.66,13.635,56,7.0015,22,0,2,1,0,0,0,0,0,22,0,-2.9749999999999996,5.969600000000001,0,0
1,0,1,1,11.48,15.91,41,0.0,23,0,2,1,0,0,0,0,0,23,0,-4.43,4.7068,0,0
1,0,1,2,10.66,15.15,60,0.0,0,1,2,1,0,0,0,0,1,0,0,-4.49,6.396,0,0
1,0,1,2,10.66,15.15,56,0.0,1,1,2,1,0,0,0,0,1,1,0,-4.49,5.969600000000001,0,0
1,0,1,2,11.48,15.91,41,0.0,2,1,2,1,0,0,0,0,1,2,0,-4.43,4.7068,0,0
1,0,1,2,10.66,15.15,52,0.0,3,1,2,1,0,0,0,0,1,3,0,-4.49,5.543200000000001,0,0
1,0,1,2,10.66,13.635,65,7.0015,4,1,2,1,0,0,0,0,1,4,0,-2.9749999999999996,6.928999999999999,0,0
1,0,1,2,10.66,13.635,65,7.0015,5,1,2,1,0,0,0,0,1,5,0,-2.9749999999999996,6.928999999999999,0,0
1,0,1,2,10.66,15.15,56,0.0,6,1,2,1,0,0,0,0,0,6,0,-4.49,5.969600000000001,0,0
1,0,1,2,9.84,12.88,60,6.0032,7,1,2,1,0,1,0,0,0,7,0,-3.040000000000001,5.904,0,0
1,0,1,2,9.84,14.395,70,0.0,8,1,2,1,0,1,0,0,0,8,0,-4.555,6.888,0,0
1,0,1,2,10.66,14.395,56,6.0032,9,1,2,1,0,1,0,0,0,9,0,-3.7349999999999994,5.969600000000001,0,0
1,0,1,2,10.66,13.635,60,8.9981,10,1,2,1,0,0,0,0,0,10,0,-2.9749999999999996,6.396,0,0
1,0,1,2,12.3,15.15,45,11.0014,11,1,2,1,0,0,0,0,0,11,0,-2.8499999999999996,5.535,0,0
1,0,1,2,12.3,14.395,52,15.0013,12,1,2,1,0,0,0,0,0,12,0,-2.094999999999999,6.396,0,0
1,0,1,2,14.76,16.665,40,16.9979,13,1,2,1,0,0,0,0,0,13,0,-1.9049999999999994,5.904,0,0
1,0,1,1,16.4,20.455,40,15.0013,14,1,2,1,0,0,0,0,0,14,0,-4.055,6.56,0,0
1,0,1,2,17.22,21.21,38,30.0026,15,1,2,1,0,0,0,0,0,15,0,-3.990000000000002,6.543599999999999,0,0
1,0,1,1,17.22,21.21,35,19.9995,16,1,2,1,0,0,0,0,0,16,0,-3.990000000000002,6.026999999999999,0,0
1,0,1,1,17.22,21.21,38,23.9994,17,1,2,1,0,0,1,0,0,17,0,-3.990000000000002,6.543599999999999,0,0
1,0,1,2,15.58,19.695,46,19.9995,18,1,2,1,0,0,1,0,0,18,0,-4.115,7.166799999999999,0,0
1,0,1,2,14.76,17.425,50,11.0014,19,1,2,1,0,0,1,0,0,19,0,-2.665000000000001,7.38,0,0
1,0,1,2,15.58,19.695,46,8.9981,20,1,2,1,0,0,0,0,0,20,0,-4.115,7.166799999999999,0,0
1,0,1,2,14.76,18.18,50,7.0015,21,1,2,1,0,0,0,0,0,21,0,-3.42,7.38,0,0
1,0,1,2,14.76,18.18,50,7.0015,22,1,2,1,0,0,0,0,0,22,0,-3.42,7.38,0,0
1,0,1,2,14.76,18.18,50,6.0032,23,1,2,1,0,0,0,0,0,23,0,-3.42,7.38,0,0
1,0,1,1,13.12,17.425,57,0.0,0,2,2,1,0,0,0,0,1,0,0,-4.3050000000000015,7.478399999999999,0,0
1,0,1,1,13.94,18.18,53,0.0,1,2,2,1,0,0,0,0,1,1,0,-4.24,7.388199999999999,0,0
1,0,1,1,12.3,16.665,61,0.0,2,2,2,1,0,0,0,0,1,2,0,-4.364999999999998,7.503000000000001,0,0
1,0,1,1,11.48,15.91,75,0.0,3,2,2,1,0,0,0,0,1,3,0,-4.43,8.61,0,0
1,0,1,1,11.48,14.395,70,7.0015,4,2,2,1,0,0,0,0,1,4,0,-2.914999999999999,8.036,0,0
1,0,1,1,11.48,14.395,70,7.0015,5,2,2,1,0,0,0,0,1,5,0,-2.914999999999999,8.036,0,0
1,0,1,1,12.3,15.15,61,8.9981,6,2,2,1,0,0,0,0,0,6,0,-2.8499999999999996,7.503000000000001,0,0
1,0,1,2,12.3,14.395,65,12.998,7,2,2,1,0,1,0,0,0,7,0,-2.094999999999999,7.995,0,0
1,0,1,1,13.12,14.395,61,23.9994,8,2,2,1,0,1,0,0,0,8,0,-1.2750000000000004,8.0032,0,0
1,0,1,1,13.12,15.15,61,22.0028,9,2,2,1,0,1,0,0,0,9,0,-2.030000000000001,8.0032,0,0
1,0,1,1,13.94,15.15,57,19.9995,10,2,2,1,0,0,0,0,0,10,0,-1.2100000000000009,7.945799999999999,0,0
1,0,1,1,14.76,16.665,53,19.0012,11,2,2,1,0,0,0,0,0,11,0,-1.9049999999999994,7.8228,0,0
1,0,1,1,15.58,19.695,46,26.0027,12,2,2,1,0,0,0,0,0,12,0,-4.115,7.166799999999999,0,0
1,0,1,1,16.4,20.455,43,19.0012,13,2,2,1,0,0,0,0,0,13,0,-4.055,7.052,0,0
1,0,1,1,17.22,21.21,41,23.9994,14,2,2,1,0,0,0,0,0,14,0,-3.990000000000002,7.0602,0,0
1,0,1,1,17.22,21.21,41,15.0013,15,2,2,1,0,0,0,0,0,15,0,-3.990000000000002,7.0602,0,0
1,0,1,1,17.22,21.21,38,12.998,16,2,2,1,0,0,0,0,0,16,0,-3.990000000000002,6.543599999999999,0,0
1,0,1,1,17.22,21.21,38,12.998,17,2,2,1,0,0,1,0,0,17,0,-3.990000000000002,6.543599999999999,0,0
1,0,1,1,16.4,20.455,40,15.0013,18,2,2,1,0,0,1,0,0,18,0,-4.055,6.56,0,0
1,0,1,1,15.58,19.695,43,11.0014,19,2,2,1,0,0,1,0,0,19,0,-4.115,6.699400000000001,0,0
1,0,1,1,14.76,17.425,46,11.0014,20,2,2,1,0,0,0,0,0,20,0,-2.665000000000001,6.7896,0,0
1,0,1,1,13.94,16.665,53,11.0014,21,2,2,1,0,0,0,0,0,21,0,-2.7249999999999996,7.388199999999999,0,0
1,0,1,1,13.94,17.425,49,7.0015,22,2,2,1,0,0,0,0,0,22,0,-3.485000000000001,6.8306,0,0
1,0,1,1,13.94,17.425,53,6.0032,23,2,2,1,0,0,0,0,0,23,0,-3.485000000000001,7.388199999999999,0,0
1,0,1,2,12.3,15.15,70,8.9981,0,3,2,1,0,0,0,0,1,0,0,-2.8499999999999996,8.61,0,0
1,0,1,2,12.3,16.665,70,0.0,1,3,2,1,0,0,0,0,1,1,0,-4.364999999999998,8.61,0,0
1,0,1,2,12.3,15.91,70,6.0032,2,3,2,1,0,0,0,0,1,2,0,-3.6099999999999994,8.61,0,0
1,0,1,2,12.3,16.665,61,0.0,3,3,2,1,0,0,0,0,1,3,0,-4.364999999999998,7.503000000000001,0,0
1,0,1,3,12.3,15.91,70,6.0032,4,3,2,1,0,0,0,0,1,4,0,-3.6099999999999994,8.61,0,1
1,0,1,2,12.3,16.665,70,0.0,5,3,2,1,0,0,0,0,1,5,0,-4.364999999999998,8.61,0,0
1,0,1,2,12.3,15.91,70,6.0032,6,3,2,1,0,0,0,0,0,6,0,-3.6099999999999994,8.61,0,0
1,0,1,2,12.3,15.15,70,8.9981,7,3,2,1,0,1,0,0,0,7,0,-2.8499999999999996,8.61,0,0
1,0,1,2,12.3,15.91,70,6.0032,8,3,2,1,0,1,0,0,0,8,0,-3.6099999999999994,8.61,0,0
1,0,1,2,12.3,15.15,70,11.0014,9,3,2,1,0,1,0,0,0,9,0,-2.8499999999999996,8.61,0,0
1,0,1,3,13.12,16.665,70,8.9981,10,3,2,1,0,0,0,0,0,10,0,-3.545,9.184,0,1
1,0,1,3,13.12,16.665,70,7.0015,11,3,2,1,0,0,0,0,0,11,0,-3.545,9.184,0,1
1,0,1,3,13.12,16.665,76,6.0032,12,3,2,1,0,0,0,0,0,12,0,-3.545,9.9712,0,1
1,0,1,3,13.94,15.91,71,16.9979,13,3,2,1,0,0,0,0,0,13,0,-1.9700000000000006,9.8974,0,1
1,0,1,3,13.12,15.91,81,12.998,14,3,2,1,0,0,0,0,0,14,0,-2.790000000000001,10.6272,0,1
1,0,1,3,13.94,18.18,76,0.0,15,3,2,1,0,0,0,0,0,15,0,-4.24,10.5944,0,1
1,0,1,3,13.94,18.18,81,0.0,16,3,2,1,0,0,0,0,0,16,0,-4.24,11.2914,0,1
1,0,1,3,13.94,18.18,87,0.0,17,3,2,1,0,0,1,0,0,17,0,-4.24,12.1278,0,1
1,0,1,3,13.94,16.665,87,8.9981,18,3,2,1,0,0,1,0,0,18,0,-2.7249999999999996,12.1278,0,1
1,0,1,2,13.12,15.91,87,11.0014,19,3,2,1,0,0,1,0,0,19,0,-2.790000000000001,11.414399999999999,0,0
1,0,1,2,13.12,16.665,87,8.9981,20,3,2,1,0,0,0,0,0,20,0,-3.545,11.414399999999999,0,0
1,0,1,2,13.94,17.425,81,7.0015,21,3,2,1,0,0,0,0,0,21,0,-3.485000000000001,11.2914,0,0
1,0,1,2,13.12,17.425,81,0.0,22,3,2,1,0,0,0,0,0,22,0,-4.3050000000000015,10.6272,0,0
1,0,1,1,13.12,16.665,81,6.0032,23,3,2,1,0,0,0,0,0,23,0,-3.545,10.6272,0,0
1,0,1,2,12.3,16.665,87,0.0,0,4,2,1,0,0,0,0,1,0,0,-4.364999999999998,10.701,0,0
1,0,1,2,12.3,16.665,93,0.0,1,4,2,1,0,0,0,0,1,1,0,-4.364999999999998,11.439,0,0
1,0,1,2,12.3,15.91,93,7.0015,2,4,2,1,0,0,0,0,1,2,0,-3.6099999999999994,11.439,0,0
1,0,1,2,11.48,14.395,93,7.0015,3,4,2,1,0,0,0,0,1,3,0,-2.914999999999999,10.676400000000001,0,0
1,0,1,2,11.48,13.635,93,12.998,4,4,2,1,0,0,0,0,1,4,0,-2.1549999999999994,10.676400000000001,0,0
1,0,1,2,11.48,13.635,93,11.0014,5,4,2,1,0,0,0,0,1,5,0,-2.1549999999999994,10.676400000000001,0,0
1,0,1,2,11.48,14.395,96,8.9981,6,4,2,1,0,0,0,0,0,6,0,-2.914999999999999,11.0208,0,0
1,0,1,2,11.48,14.395,93,7.0015,7,4,2,1,0,1,0,0,0,7,0,-2.914999999999999,10.676400000000001,0,0
1,0,1,2,10.66,15.15,100,0.0,8,4,2,1,0,1,0,0,0,8,0,-4.49,10.66,0,0
1,0,1,2,10.66,15.15,100,0.0,9,4,2,1,0,1,0,0,0,9,0,-4.49,10.66,0,0
1,0,1,1,13.94,15.91,71,19.0012,10,4,2,1,0,0,0,0,0,10,0,-1.9700000000000006,9.8974,0,0
1,0,1,1,14.76,16.665,62,27.9993,11,4,2,1,0,0,0,0,0,11,0,-1.9049999999999994,9.1512,0,0
1,0,1,1,15.58,19.695,46,26.0027,12,4,2,1,0,0,0,0,0,12,0,-4.115,7.166799999999999,0,0
1,0,1,1,16.4,20.455,43,23.9994,13,4,2,1,0,0,0,0,0,13,0,-4.055,7.052,0,0
1,0,1,1,16.4,20.455,37,23.9994,14,4,2,1,0,0,0,0,0,14,0,-4.055,6.068,0,0
1,0,1,1,17.22,21.21,35,27.9993,15,4,2,1,0,0,0,0,0,15,0,-3.990000000000002,6.026999999999999,0,0
1,0,1,1,17.22,21.21,32,19.9995,16,4,2,1,0,0,0,0,0,16,0,-3.990000000000002,5.5104,0,0
1,0,1,1,17.22,21.21,32,22.0028,17,4,2,1,0,0,1,0,0,17,0,-3.990000000000002,5.5104,0,0
1,0,1,1,16.4,20.455,35,16.9979,18,4,2,1,0,0,1,0,0,18,0,-4.055,5.74,0,0
1,0,1,1,15.58,19.695,37,15.0013,19,4,2,1,0,0,1,0,0,19,0,-4.115,5.764600000000001,0,0
1,0,1,1,16.4,20.455,35,12.998,20,4,2,1,0,0,0,0,0,20,0,-4.055,5.74,0,0
1,0,1,1,15.58,19.695,37,12.998,21,4,2,1,0,0,0,0,0,21,0,-4.115,5.764600000000001,0,0
1,0,1,1,14.76,17.425,40,15.0013,22,4,2,1,0,0,0,0,0,22,0,-2.665000000000001,5.904,0,0
1,0,1,1,14.76,17.425,40,12.998,23,4,2,1,0,0,0,0,0,23,0,-2.665000000000001,5.904,0,0
1,0,0,1,13.94,16.665,42,11.0014,0,5,2,1,1,0,0,0,1,0,0,-2.7249999999999996,5.8548,0,0
1,0,0,1,13.12,15.91,49,11.0014,1,5,2,1,1,0,0,0,1,0,1,-2.790000000000001,6.4288,0,0
1,0,0,1,12.3,14.395,61,16.9979,2,5,2,1,1,0,0,0,1,0,2,-2.094999999999999,7.503000000000001,0,0
1,0,0,1,11.48,14.395,65,7.0015,3,5,2,1,1,0,0,0,1,0,3,-2.914999999999999,7.462000000000001,0,0
1,0,0,1,10.66,15.15,70,0.0,4,5,2,1,1,0,0,0,1,0,4,-4.49,7.462000000000001,0,0
1,0,0,1,9.84,12.88,70,6.0032,5,5,2,1,1,0,0,0,1,0,5,-3.040000000000001,6.888,0,0
1,0,0,1,9.84,14.395,70,0.0,6,5,2,1,1,0,0,0,0,0,6,-4.555,6.888,0,0
1,0,0,1,9.84,14.395,70,0.0,7,5,2,1,1,0,0,0,0,0,7,-4.555,6.888,0,0
1,0,0,1,9.02,13.635,87,0.0,8,5,2,1,1,0,0,0,0,0,8,-4.615,7.8474,0,0
1,0,0,1,9.02,12.12,80,7.0015,9,5,2,1,1,0,0,0,0,0,9,-3.0999999999999996,7.215999999999999,0,0
1,0,0,1,10.66,13.635,81,7.0015,10,5,2,1,1,0,0,0,0,0,10,-2.9749999999999996,8.6346,0,0
1,0,0,1,13.12,16.665,57,8.9981,11,5,2,1,1,0,0,1,0,0,11,-3.545,7.478399999999999,0,0
1,0,0,1,14.76,17.425,43,12.998,12,5,2,1,1,0,0,1,0,0,12,-2.665000000000001,6.346799999999999,0,0
1,0,0,1,16.4,20.455,43,19.0012,13,5,2,1,1,0,0,1,0,0,13,-4.055,7.052,0,0
1,0,0,1,18.04,21.97,35,23.9994,14,5,2,1,1,0,0,1,0,0,14,-3.9299999999999997,6.314,0,0
1,0,0,1,17.22,21.21,41,16.9979,15,5,2,1,1,0,0,1,0,0,15,-3.990000000000002,7.0602,0,0
1,0,0,1,18.04,21.97,44,22.0028,16,5,2,1,1,0,0,1,0,0,16,-3.9299999999999997,7.9376,0,0
1,0,0,1,19.68,23.485,36,19.0012,17,5,2,1,1,0,0,0,0,0,17,-3.8049999999999997,7.0848,0,0
1,0,0,1,18.86,22.725,38,19.9995,18,5,2,1,1,0,0,0,0,0,18,-3.865000000000002,7.166799999999999,0,0
1,0,0,1,18.04,21.97,44,11.0014,19,5,2,1,1,0,0,0,0,0,19,-3.9299999999999997,7.9376,0,0
1,0,0,1,18.04,21.97,44,11.0014,20,5,2,1,1,0,0,0,0,0,20,-3.9299999999999997,7.9376,0,0
1,0,0,1,18.04,21.97,33,19.9995,21,5,2,1,1,0,0,0,0,0,21,-3.9299999999999997,5.953199999999999,0,0
1,0,0,1,16.4,20.455,40,30.0026,22,5,2,1,1,0,0,0,0,0,22,-4.055,6.56,0,0
1,0,0,2,14.76,16.665,40,26.0027,23,5,2,1,1,0,0,0,0,0,23,-1.9049999999999994,5.904,0,0
1,0,0,2,13.94,15.15,39,23.9994,0,6,2,1,1,0,0,0,1,0,0,-1.2100000000000009,5.436599999999999,0,0
1,0,0,2,13.12,15.15,39,16.9979,1,6,2,1,1,0,0,0,1,0,1,-2.030000000000001,5.1168,0,0
1,0,0,2,12.3,14.395,36,19.0012,2,6,2,1,1,0,0,0,1,0,2,-2.094999999999999,4.428,0,0
1,0,0,2,12.3,14.395,36,15.0013,3,6,2,1,1,0,0,0,1,0,3,-2.094999999999999,4.428,0,0
1,0,0,2,11.48,12.88,41,26.0027,4,6,2,1,1,0,0,0,1,0,4,-1.4000000000000004,4.7068,0,0
1,0,0,2,10.66,11.365,48,19.9995,5,6,2,1,1,0,0,0,1,0,5,-0.7050000000000001,5.1168000000000005,0,0
1,0,0,1,9.84,10.605,52,22.0028,6,6,2,1,1,0,0,0,0,0,6,-0.7650000000000006,5.1168000000000005,0,0
1,0,0,2,9.84,10.605,52,19.0012,7,6,2,1,1,0,0,0,0,0,7,-0.7650000000000006,5.1168000000000005,0,0
1,0,0,2,9.84,11.365,56,12.998,8,6,2,1,1,0,0,0,0,0,8,-1.5250000000000004,5.5104,0,0
1,0,0,2,9.84,11.365,56,16.9979,9,6,2,1,1,0,0,0,0,0,9,-1.5250000000000004,5.5104,0,0
1,0,0,2,10.66,12.12,52,16.9979,10,6,2,1,1,0,0,0,0,0,10,-1.459999999999999,5.543200000000001,0,0
1,0,0,2,10.66,11.365,56,22.0028,11,6,2,1,1,0,0,1,0,0,11,-0.7050000000000001,5.969600000000001,0,0
1,0,0,2,11.48,13.635,52,16.9979,12,6,2,1,1,0,0,1,0,0,12,-2.1549999999999994,5.969600000000001,0,0
1,0,0,1,12.3,15.15,49,11.0014,13,6,2,1,1,0,0,1,0,0,13,-2.8499999999999996,6.027,0,0
1,0,0,2,13.12,15.91,45,12.998,14,6,2,1,1,0,0,1,0,0,14,-2.790000000000001,5.904,0,0
1,0,0,2,12.3,14.395,49,12.998,15,6,2,1,1,0,0,1,0,0,15,-2.094999999999999,6.027,0,0
1,0,0,2,13.12,15.15,45,19.0012,16,6,2,1,1,0,0,1,0,0,16,-2.030000000000001,5.904,0,0
1,0,0,2,12.3,14.395,49,16.9979,17,6,2,1,1,0,0,0,0,0,17,-2.094999999999999,6.027,0,0
1,0,0,2,12.3,13.635,49,22.0028,18,6,2,1,1,0,0,0,0,0,18,-1.334999999999999,6.027,0,0
1,0,0,2,12.3,14.395,52,16.9979,19,6,2,1,1,0,0,0,0,0,19,-2.094999999999999,6.396,0,0
1,0,0,2,12.3,14.395,52,19.0012,20,6,2,1,1,0,0,0,0,0,20,-2.094999999999999,6.396,0,0
1,0,0,3,10.66,12.88,65,11.0014,21,6,2,1,1,0,0,0,0,0,21,-2.2200000000000006,6.928999999999999,0,1
1,0,0,3,9.84,12.88,75,6.0032,22,6,2,1,1,0,0,0,0,0,22,-3.040000000000001,7.38,0,1
1,0,0,2,9.02,11.365,93,11.0014,23,6,2,1,1,0,0,0,0,0,23,-2.3450000000000006,8.3886,0,0
1,0,1,2,17.22,21.21,94,0.0,0,3,3,1,0,0,0,0,1,0,0,-3.990000000000002,16.186799999999998,0,0
1,0,1,3,18.86,22.725,94,7.0015,1,3,3,1,0,0,0,0,1,1,0,-3.865000000000002,17.7284,0,1
1,0,1,2,18.86,22.725,94,19.0012,2,3,3,1,0,0,0,0,1,2,0,-3.865000000000002,17.7284,0,0
1,0,1,1,18.86,22.725,94,15.0013,3,3,3,1,0,0,0,0,1,3,0,-3.865000000000002,17.7284,0,0
1,0,1,1,19.68,23.485,88,12.998,4,3,3,1,0,0,0,0,1,4,0,-3.8049999999999997,17.3184,0,0
1,0,1,1,19.68,23.485,88,11.0014,5,3,3,1,0,0,0,0,1,5,0,-3.8049999999999997,17.3184,0,0
1,0,1,2,17.22,21.21,94,0.0,6,3,3,1,0,0,0,0,0,6,0,-3.990000000000002,16.186799999999998,0,0
1,0,1,2,18.04,21.97,94,8.9981,7,3,3,1,0,1,0,0,0,7,0,-3.9299999999999997,16.9576,0,0
1,0,1,1,17.22,21.21,94,8.9981,8,3,3,1,0,1,0,0,0,8,0,-3.990000000000002,16.186799999999998,0,0
1,0,1,1,18.86,22.725,77,16.9979,9,3,3,1,0,1,0,0,0,9,0,-3.865000000000002,14.5222,0,0
1,0,1,1,21.32,25.0,55,11.0014,10,3,3,1,0,0,0,0,0,10,0,-3.6799999999999997,11.725999999999999,0,0
1,0,1,1,22.96,26.515,43,12.998,11,3,3,1,0,0,0,0,0,11,0,-3.5549999999999997,9.872800000000002,0,0
1,0,1,1,22.96,26.515,37,15.0013,12,3,3,1,0,0,0,0,0,12,0,-3.5549999999999997,8.4952,0,0
1,0,1,1,23.78,27.275,32,16.9979,13,3,3,1,0,0,0,0,0,13,0,-3.4949999999999974,7.6096,0,0
1,0,1,1,23.78,27.275,35,15.0013,14,3,3,1,0,0,0,0,0,14,0,-3.4949999999999974,8.323,0,0
1,0,1,1,24.6,31.06,31,16.9979,15,3,3,1,0,0,0,0,0,15,0,-6.459999999999997,7.626,0,0
1,0,1,1,23.78,27.275,32,19.9995,16,3,3,1,0,0,0,0,0,16,0,-3.4949999999999974,7.6096,0,0
1,0,1,1,22.96,26.515,35,19.9995,17,3,3,1,0,0,1,0,0,17,0,-3.5549999999999997,8.036,0,0
1,0,1,1,22.14,25.76,34,23.9994,18,3,3,1,0,0,1,0,0,18,0,-3.620000000000001,7.5276,0,0
1,0,1,1,19.68,23.485,41,22.0028,19,3,3,1,0,0,1,0,0,19,0,-3.8049999999999997,8.0688,0,0
1,0,1,1,18.04,21.97,44,27.9993,20,3,3,1,0,0,0,0,0,20,0,-3.9299999999999997,7.9376,0,0
1,0,1,1,17.22,21.21,47,31.0009,21,3,3,1,0,0,0,0,0,21,0,-3.990000000000002,8.093399999999999,0,0
1,0,1,1,15.58,19.695,50,16.9979,22,3,3,1,0,0,0,0,0,22,0,-4.115,7.79,0,0
1,0,1,1,14.76,17.425,50,15.0013,23,3,3,1,0,0,0,0,0,23,0,-2.665000000000001,7.38,0,0
1,0,1,1,13.94,16.665,53,11.0014,0,4,3,1,0,0,0,0,1,0,0,-2.7249999999999996,7.388199999999999,0,0
1,0,1,1,13.94,15.91,49,15.0013,1,4,3,1,0,0,0,0,1,1,0,-1.9700000000000006,6.8306,0,0
1,0,1,1,13.94,15.91,53,19.0012,2,4,3,1,0,0,0,0,1,2,0,-1.9700000000000006,7.388199999999999,0,0
1,0,1,1,13.12,15.91,57,12.998,3,4,3,1,0,0,0,0,1,3,0,-2.790000000000001,7.478399999999999,0,0
1,0,1,1,13.12,17.425,61,0.0,4,4,3,1,0,0,0,0,1,4,0,-4.3050000000000015,8.0032,0,0
1,0,1,1,12.3,16.665,70,0.0,5,4,3,1,0,0,0,0,1,5,0,-4.364999999999998,8.61,0,0
1,0,1,1,12.3,16.665,70,0.0,6,4,3,1,0,0,0,0,0,6,0,-4.364999999999998,8.61,0,0
1,0,1,1,12.3,16.665,70,0.0,7,4,3,1,0,1,0,0,0,7,0,-4.364999999999998,8.61,0,0
1,0,1,1,11.48,15.15,75,6.0032,8,4,3,1,0,1,0,0,0,8,0,-3.67,8.61,0,0
1,0,1,1,12.3,16.665,81,0.0,9,4,3,1,0,1,0,0,0,9,0,-4.364999999999998,9.963000000000001,0,0
1,0,1,1,14.76,17.425,50,11.0014,10,4,3,1,0,0,0,0,0,10,0,-2.665000000000001,7.38,0,0
1,0,1,1,15.58,19.695,46,12.998,11,4,3,1,0,0,0,0,0,11,0,-4.115,7.166799999999999,0,0
1,0,1,1,16.4,20.455,43,11.0014,12,4,3,1,0,0,0,0,0,12,0,-4.055,7.052,0,0
1,0,1,1,17.22,21.21,44,15.0013,13,4,3,1,0,0,0,0,0,13,0,-3.990000000000002,7.5767999999999995,0,0
1,0,1,2,18.04,21.97,44,19.0012,14,4,3,1,0,0,0,0,0,14,0,-3.9299999999999997,7.9376,0,0
1,0,1,2,17.22,21.21,50,19.9995,15,4,3,1,0,0,0,0,0,15,0,-3.990000000000002,8.61,0,0
1,0,1,3,16.4,20.455,58,19.9995,16,4,3,1,0,0,0,0,0,16,0,-4.055,9.511999999999999,0,1
1,0,1,3,14.76,17.425,81,15.0013,17,4,3,1,0,0,1,0,0,17,0,-2.665000000000001,11.955599999999999,0,1
1,0,1,3,14.76,17.425,87,12.998,18,4,3,1,0,0,1,0,0,18,0,-2.665000000000001,12.841199999999999,0,1
1,0,1,3,14.76,17.425,87,12.998,19,4,3,1,0,0,1,0,0,19,0,-2.665000000000001,12.841199999999999,0,1
1,0,1,2,14.76,17.425,87,12.998,20,4,3,1,0,0,0,0,0,20,0,-2.665000000000001,12.841199999999999,0,0
1,0,1,3,14.76,18.18,87,6.0032,21,4,3,1,0,0,0,0,0,21,0,-3.42,12.841199999999999,0,1
1,0,1,2,14.76,18.94,87,0.0,22,4,3,1,0,0,0,0,0,22,0,-4.1800000000000015,12.841199999999999,0,0
1,0,1,2,14.76,18.94,87,0.0,23,4,3,1,0,0,0,0,0,23,0,-4.1800000000000015,12.841199999999999,0,0
1,0,0,3,14.76,18.18,93,6.0032,0,5,3,1,1,0,0,0,1,0,0,-3.42,13.7268,0,1
1,0,0,3,14.76,18.94,93,0.0,1,5,3,1,1,0,0,0,1,0,1,-4.1800000000000015,13.7268,0,1
1,0,0,3,14.76,18.18,93,6.0032,2,5,3,1,1,0,0,0,1,0,2,-3.42,13.7268,0,1
1,0,0,2,14.76,17.425,93,11.0014,3,5,3,1,1,0,0,0,1,0,3,-2.665000000000001,13.7268,0,0
1,0,0,2,14.76,17.425,93,12.998,4,5,3,1,1,0,0,0,1,0,4,-2.665000000000001,13.7268,0,0
1,0,0,2,14.76,18.18,93,6.0032,5,5,3,1,1,0,0,0,1,0,5,-3.42,13.7268,0,0
1,0,0,2,14.76,18.18,93,6.0032,6,5,3,1,1,0,0,0,0,0,6,-3.42,13.7268,0,0
1,0,0,2,14.76,17.425,93,8.9981,7,5,3,1,1,0,0,0,0,0,7,-2.665000000000001,13.7268,0,0
1,0,0,3,14.76,18.94,93,0.0,8,5,3,1,1,0,0,0,0,0,8,-4.1800000000000015,13.7268,0,1
1,0,0,3,15.58,19.695,87,6.0032,9,5,3,1,1,0,0,0,0,0,9,-4.115,13.5546,0,1
1,0,0,2,16.4,20.455,87,0.0,10,5,3,1,1,0,0,0,0,0,10,-4.055,14.267999999999999,0,0
1,0,0,2,16.4,20.455,87,6.0032,11,5,3,1,1,0,0,1,0,0,11,-4.055,14.267999999999999,0,0
1,0,0,2,17.22,21.21,67,16.9979,12,5,3,1,1,0,0,1,0,0,12,-3.990000000000002,11.5374,0,0
1,0,0,1,18.04,21.97,51,19.0012,13,5,3,1,1,0,0,1,0,0,13,-3.9299999999999997,9.2004,0,0
1,0,0,2,18.86,22.725,44,23.9994,14,5,3,1,1,0,0,1,0,0,14,-3.865000000000002,8.298399999999999,0,0
1,0,0,1,19.68,23.485,29,19.9995,15,5,3,1,1,0,0,1,0,0,15,-3.8049999999999997,5.7072,0,0
1,0,0,1,20.5,24.24,27,19.9995,16,5,3,1,1,0,0,1,0,0,16,-3.7399999999999984,5.535,0,0
1,0,0,1,20.5,24.24,23,22.0028,17,5,3,1,1,0,0,0,0,0,17,-3.7399999999999984,4.715,0,0
1,0,0,1,20.5,24.24,25,16.9979,18,5,3,1,1,0,0,0,0,0,18,-3.7399999999999984,5.125,0,0
1,0,0,1,18.86,22.725,33,11.0014,19,5,3,1,1,0,0,0,0,0,19,-3.865000000000002,6.2238,0,0
1,0,0,1,18.04,21.97,30,8.9981,20,5,3,1,1,0,0,0,0,0,20,-3.9299999999999997,5.411999999999999,0,0
1,0,0,1,18.86,22.725,19,22.0028,21,5,3,1,1,0,0,0,0,0,21,-3.865000000000002,3.5833999999999997,0,0
1,0,0,1,18.04,21.97,21,8.9981,22,5,3,1,1,0,0,0,0,0,22,-3.9299999999999997,3.7883999999999998,0,0
1,0,0,1,17.22,21.21,24,0.0,23,5,3,1,1,0,0,0,0,0,23,-3.990000000000002,4.1328,0,0
1,0,0,2,16.4,20.455,30,23.9994,0,6,3,1,1,0,0,0,1,0,0,-4.055,4.919999999999999,0,0
1,0,0,2,15.58,19.695,34,12.998,1,6,3,1,1,0,0,0,1,0,1,-4.115,5.2972,0,0
1,0,0,2,14.76,17.425,40,11.0014,2,6,3,1,1,0,0,0,1,0,2,-2.665000000000001,5.904,0,0
1,0,0,2,14.76,17.425,43,8.9981,3,6,3,1,1,0,0,0,1,0,3,-2.665000000000001,6.346799999999999,0,0
1,0,0,2,13.94,16.665,46,12.998,4,6,3,1,1,0,0,0,1,0,4,-2.7249999999999996,6.4124,0,0
1,0,0,2,13.94,15.91,46,15.0013,5,6,3,1,1,0,0,0,1,0,5,-1.9700000000000006,6.4124,0,0
1,0,0,2,12.3,13.635,52,19.9995,6,6,3,1,1,0,0,0,0,0,6,-1.334999999999999,6.396,0,0
1,0,0,2,12.3,13.635,52,19.9995,7,6,3,1,1,0,0,0,0,0,7,-1.334999999999999,6.396,0,0
1,0,0,1,12.3,13.635,52,22.0028,8,6,3,1,1,0,0,0,0,0,8,-1.334999999999999,6.396,0,0
1,0,0,1,12.3,13.635,49,30.0026,9,6,3,1,1,0,0,0,0,0,9,-1.334999999999999,6.027,0,0
1,0,0,1,12.3,13.635,49,22.0028,10,6,3,1,1,0,0,0,0,0,10,-1.334999999999999,6.027,0,0
1,0,0,1,13.12,14.395,45,26.0027,11,6,3,1,1,0,0,1,0,0,11,-1.2750000000000004,5.904,0,0
1,0,0,1,13.94,15.15,42,23.9994,12,6,3,1,1,0,0,1,0,0,12,-1.2100000000000009,5.8548,0,0
1,0,0,1,14.76,16.665,37,23.9994,13,6,3,1,1,0,0,1,0,0,13,-1.9049999999999994,5.4612,0,0
1,0,0,1,14.76,16.665,34,23.9994,14,6,3,1,1,0,0,1,0,0,14,-1.9049999999999994,5.0184,0,0
1,0,0,1,14.76,15.91,32,35.0008,15,6,3,1,1,0,0,1,0,0,15,-1.1500000000000004,4.7232,0,0
1,0,0,1,14.76,15.91,29,32.9975,16,6,3,1,1,0,0,1,0,0,16,-1.1500000000000004,4.2804,0,0
1,0,0,1,13.94,14.395,31,36.9974,17,6,3,1,1,0,0,0,0,0,17,-0.45500000000000007,4.3214,0,0
1,0,0,1,13.12,13.635,33,40.9973,18,6,3,1,1,0,0,0,0,0,18,-0.5150000000000006,4.3296,0,0
1,0,0,1,12.3,12.88,36,32.9975,19,6,3,1,1,0,0,0,0,0,19,-0.5800000000000001,4.428,0,0
1,0,0,1,11.48,13.635,38,16.9979,20,6,3,1,1,0,0,0,0,0,20,-2.1549999999999994,4.3624,0,0
1,0,0,1,11.48,13.635,36,15.0013,21,6,3,1,1,0,0,0,0,0,21,-2.1549999999999994,4.1328000000000005,0,0
1,0,0,1,10.66,12.12,41,16.9979,22,6,3,1,1,0,0,0,0,0,22,-1.459999999999999,4.3706,0,0
1,0,0,1,10.66,12.88,41,12.998,23,6,3,1,1,0,0,0,0,0,23,-2.2200000000000006,4.3706,0,0
1,0,1,1,9.84,11.365,44,12.998,0,0,3,1,0,0,0,0,1,0,0,-1.5250000000000004,4.3296,0,0
1,0,1,1,9.84,12.12,48,8.9981,1,0,3,1,0,0,0,0,1,1,0,-2.2799999999999994,4.7232,0,0
1,0,1,1,9.84,12.12,48,8.9981,2,0,3,1,0,0,0,0,1,2,0,-2.2799999999999994,4.7232,0,0
1,0,1,1,9.02,11.365,51,11.0014,3,0,3,1,0,0,0,0,1,3,0,-2.3450000000000006,4.6002,0,0
1,0,1,1,8.2,11.365,55,6.0032,4,0,3,1,0,0,0,0,1,4,0,-3.165000000000001,4.51,0,0
1,0,1,1,8.2,11.365,55,6.0032,5,0,3,1,0,0,0,0,1,5,0,-3.165000000000001,4.51,0,0
1,0,1,1,7.38,9.85,59,8.9981,6,0,3,1,0,0,0,0,0,6,0,-2.4699999999999998,4.3542000000000005,0,0
1,0,1,1,7.38,9.85,59,8.9981,7,0,3,1,0,1,0,0,0,7,0,-2.4699999999999998,4.3542000000000005,0,0
1,0,1,1,8.2,11.365,59,7.0015,8,0,3,1,0,1,0,0,0,8,0,-3.165000000000001,4.837999999999999,0,0
1,0,1,2,9.02,12.88,60,6.0032,9,0,3,1,0,1,0,0,0,9,0,-3.860000000000001,5.411999999999999,0,0
1,0,1,2,9.84,12.88,60,0.0,10,0,3,1,0,0,0,0,0,10,0,-3.040000000000001,5.904,0,0
1,0,1,2,10.66,13.635,56,8.9981,11,0,3,1,0,0,0,0,0,11,0,-2.9749999999999996,5.969600000000001,0,0
1,0,1,2,10.66,15.15,52,0.0,12,0,3,1,0,0,0,0,0,12,0,-4.49,5.543200000000001,0,0
1,0,1,2,10.66,12.88,55,19.9995,13,0,3,1,0,0,0,0,0,13,0,-2.2200000000000006,5.8629999999999995,0,0
1,0,1,2,11.48,12.88,57,23.9994,14,0,3,1,0,0,0,0,0,14,0,-1.4000000000000004,6.5436000000000005,0,0
1,0,1,2,12.3,14.395,53,12.998,15,0,3,1,0,0,0,0,0,15,0,-2.094999999999999,6.519000000000001,0,0
1,0,1,1,12.3,13.635,45,19.9995,16,0,3,1,0,0,0,0,0,16,0,-1.334999999999999,5.535,0,0
1,0,1,3,12.3,13.635,45,19.9995,17,0,3,1,0,0,1,0,0,17,0,-1.334999999999999,5.535,0,1
1,0,1,3,11.48,11.365,55,43.9989,18,0,3,1,0,0,1,0,0,18,0,0.11500000000000021,6.314,0,1
1,0,1,1,10.66,12.88,53,15.0013,19,0,3,1,0,0,1,0,0,19,0,-2.2200000000000006,5.6498,0,0
1,0,1,1,10.66,11.365,37,31.0009,20,0,3,1,0,0,0,0,0,20,0,-0.7050000000000001,3.9442000000000004,0,0
1,0,1,1,10.66,11.365,37,26.0027,21,0,3,1,0,0,0,0,0,21,0,-0.7050000000000001,3.9442000000000004,0,0
1,0,1,1,9.84,10.605,35,22.0028,22,0,3,1,0,0,0,0,0,22,0,-0.7650000000000006,3.444,0,0
1,0,1,1,9.02,9.09,37,39.0007,23,0,3,1,0,0,0,0,0,23,0,-0.07000000000000028,3.3374,0,0
1,0,1,1,9.02,10.605,37,19.9995,0,1,3,1,0,0,0,0,1,0,0,-1.5850000000000009,3.3374,0,0
1,0,1,1,8.2,9.85,44,16.9979,1,1,3,1,0,0,0,0,1,1,0,-1.6500000000000004,3.6079999999999997,0,0
1,0,1,1,8.2,9.85,44,15.0013,2,1,3,1,0,0,0,0,1,2,0,-1.6500000000000004,3.6079999999999997,0,0
1,0,1,1,7.38,8.335,51,19.0012,3,1,3,1,0,0,0,0,1,3,0,-0.955000000000001,3.7638,0,0
1,0,1,1,7.38,8.335,51,19.9995,4,1,3,1,0,0,0,0,1,4,0,-0.955000000000001,3.7638,0,0
1,0,1,1,7.38,9.09,51,15.0013,5,1,3,1,0,0,0,0,1,5,0,-1.71,3.7638,0,0
1,0,1,1,7.38,10.605,51,7.0015,6,1,3,1,0,0,0,0,0,6,0,-3.2250000000000005,3.7638,0,0
1,0,1,1,6.56,9.09,55,8.9981,7,1,3,1,0,1,0,0,0,7,0,-2.5300000000000002,3.6079999999999997,0,0
1,0,1,1,6.56,9.09,59,7.0015,8,1,3,1,0,1,0,0,0,8,0,-2.5300000000000002,3.8703999999999996,0,0
1,0,1,1,9.02,13.635,47,0.0,9,1,3,1,0,1,0,0,0,9,0,-4.615,4.2394,0,0
1,0,1,1,9.84,12.88,44,0.0,10,1,3,1,0,0,0,0,0,10,0,-3.040000000000001,4.3296,0,0
1,0,1,1,10.66,12.88,41,11.0014,11,1,3,1,0,0,0,0,0,11,0,-2.2200000000000006,4.3706,0,0
1,0,1,1,10.66,13.635,41,7.0015,12,1,3,1,0,0,0,0,0,12,0,-2.9749999999999996,4.3706,0,0
1,0,1,1,12.3,15.15,39,8.9981,13,1,3,1,0,0,0,0,0,13,0,-2.8499999999999996,4.797000000000001,0,0
1,0,1,1,13.12,15.15,36,15.0013,14,1,3,1,0,0,0,0,0,14,0,-2.030000000000001,4.7232,0,0
1,0,1,1,13.94,15.15,36,19.9995,15,1,3,1,0,0,0,0,0,15,0,-1.2100000000000009,5.0184,0,0
1,0,1,1,14.76,16.665,32,19.0012,16,1,3,1,0,0,0,0,0,16,0,-1.9049999999999994,4.7232,0,0
1,0,1,1,14.76,16.665,34,19.0012,17,1,3,1,0,0,1,0,0,17,0,-1.9049999999999994,5.0184,0,0
1,0,1,1,13.94,15.15,42,22.0028,18,1,3,1,0,0,1,0,0,18,0,-1.2100000000000009,5.8548,0,0
1,0,1,1,13.94,15.15,46,19.9995,19,1,3,1,0,0,1,0,0,19,0,-1.2100000000000009,6.4124,0,0
1,0,1,1,13.12,15.91,49,12.998,20,1,3,1,0,0,0,0,0,20,0,-2.790000000000001,6.4288,0,0
1,0,1,1,13.12,15.91,49,12.998,21,1,3,1,0,0,0,0,0,21,0,-2.790000000000001,6.4288,0,0
1,0,1,1,11.48,13.635,56,11.0014,22,1,3,1,0,0,0,0,0,22,0,-2.1549999999999994,6.4288,0,0
1,0,1,1,11.48,13.635,61,15.0013,23,1,3,1,0,0,0,0,0,23,0,-2.1549999999999994,7.0028,0,0
1,0,1,1,11.48,12.88,65,19.0012,0,2,3,1,0,0,0,0,1,0,0,-1.4000000000000004,7.462000000000001,0,0
1,0,1,1,12.3,13.635,61,19.9995,1,2,3,1,0,0,0,0,1,1,0,-1.334999999999999,7.503000000000001,0,0
1,0,1,1,12.3,14.395,56,19.0012,2,2,3,1,0,0,0,0,1,2,0,-2.094999999999999,6.888000000000001,0,0
1,0,1,1,12.3,13.635,56,23.9994,3,2,3,1,0,0,0,0,1,3,0,-1.334999999999999,6.888000000000001,0,0
1,0,1,1,11.48,12.88,61,22.0028,4,2,3,1,0,0,0,0,1,4,0,-1.4000000000000004,7.0028,0,0
1,0,1,1,11.48,12.88,56,19.9995,5,2,3,1,0,0,0,0,1,5,0,-1.4000000000000004,6.4288,0,0
1,0,1,1,11.48,12.88,61,26.0027,6,2,3,1,0,0,0,0,0,6,0,-1.4000000000000004,7.0028,0,0
1,0,1,1,10.66,11.365,65,26.0027,7,2,3,1,0,1,0,0,0,7,0,-0.7050000000000001,6.928999999999999,0,0
1,0,1,1,11.48,12.88,61,19.9995,8,2,3,1,0,1,0,0,0,8,0,-1.4000000000000004,7.0028,0,0
1,0,1,1,12.3,13.635,61,22.0028,9,2,3,1,0,1,0,0,0,9,0,-1.334999999999999,7.503000000000001,0,0
1,0,1,1,14.76,16.665,50,19.9995,10,2,3,1,0,0,0,0,0,10,0,-1.9049999999999994,7.38,0,0
1,0,1,1,17.22,21.21,38,19.9995,11,2,3,1,0,0,0,0,0,11,0,-3.990000000000002,6.543599999999999,0,0
1,0,1,1,18.04,21.97,38,26.0027,12,2,3,1,0,0,0,0,0,12,0,-3.9299999999999997,6.8552,0,0
1,0,1,1,20.5,24.24,34,27.9993,13,2,3,1,0,0,0,0,0,13,0,-3.7399999999999984,6.97,0,0
1,0,1,1,21.32,25.0,36,22.0028,14,2,3,1,0,0,0,0,0,14,0,-3.6799999999999997,7.6752,0,0
1,0,1,1,22.14,25.76,37,30.0026,15,2,3,1,0,0,0,0,0,15,0,-3.620000000000001,8.1918,0,0
1,0,1,1,22.96,26.515,37,27.9993,16,2,3,1,0,0,0,0,0,16,0,-3.5549999999999997,8.4952,0,0
1,0,1,1,22.96,26.515,43,32.9975,17,2,3,1,0,0,1,0,0,17,0,-3.5549999999999997,9.872800000000002,0,0
1,0,1,1,22.96,26.515,40,31.0009,18,2,3,1,0,0,1,0,0,18,0,-3.5549999999999997,9.184000000000001,0,0
1,0,1,1,22.14,25.76,42,23.9994,19,2,3,1,0,0,1,0,0,19,0,-3.620000000000001,9.2988,0,0
1,0,1,1,20.5,24.24,51,16.9979,20,2,3,1,0,0,0,0,0,20,0,-3.7399999999999984,10.455,0,0
1,0,1,1,18.04,21.97,62,16.9979,21,2,3,1,0,0,0,0,0,21,0,-3.9299999999999997,11.184800000000001,0,0
1,0,1,1,18.86,22.725,59,19.9995,22,2,3,1,0,0,0,0,0,22,0,-3.865000000000002,11.1274,0,0
1,0,1,1,18.04,21.97,62,22.0028,23,2,3,1,0,0,0,0,0,23,0,-3.9299999999999997,11.184800000000001,0,0
1,0,1,1,18.04,21.97,62,22.0028,0,3,3,1,0,0,0,0,1,0,0,-3.9299999999999997,11.184800000000001,0,0
1,0,1,1,18.86,22.725,63,22.0028,1,3,3,1,0,0,0,0,1,1,0,-3.865000000000002,11.8818,0,0
1,0,1,1,18.86,22.725,63,26.0027,2,3,3,1,0,0,0,0,1,2,0,-3.865000000000002,11.8818,0,0
1,0,1,1,18.86,22.725,63,26.0027,3,3,3,1,0,0,0,0,1,3,0,-3.865000000000002,11.8818,0,0
1,0,1,1,18.04,21.97,72,19.0012,4,3,3,1,0,0,0,0,1,4,0,-3.9299999999999997,12.9888,0,0
1,0,1,1,17.22,21.21,77,15.0013,5,3,3,1,0,0,0,0,1,5,0,-3.990000000000002,13.259399999999998,0,0
1,0,1,1,17.22,21.21,77,16.9979,6,3,3,1,0,0,0,0,0,6,0,-3.990000000000002,13.259399999999998,0,0
1,0,1,1,17.22,21.21,77,23.9994,7,3,3,1,0,1,0,0,0,7,0,-3.990000000000002,13.259399999999998,0,0
1,0,1,1,18.04,21.97,77,26.0027,8,3,3,1,0,1,0,0,0,8,0,-3.9299999999999997,13.890799999999999,0,0
1,0,1,1,18.86,22.725,72,31.0009,9,3,3,1,0,1,0,0,0,9,0,-3.865000000000002,13.5792,0,0
1,0,1,1,20.5,24.24,68,31.0009,10,3,3,1,0,0,0,0,0,10,0,-3.7399999999999984,13.94,0,0
1,0,1,2,22.14,25.76,60,31.0009,11,3,3,1,0,0,0,0,0,11,0,-3.620000000000001,13.284,0,0
1,0,1,2,22.96,26.515,60,30.0026,12,3,3,1,0,0,0,0,0,12,0,-3.5549999999999997,13.776000000000002,0,0
1,0,1,2,24.6,31.06,49,43.0006,13,3,3,1,0,0,0,0,0,13,0,-6.459999999999997,12.054,0,0
1,0,1,2,25.42,31.06,43,43.0006,14,3,3,1,0,0,0,0,0,14,0,-5.639999999999997,10.930600000000002,0,0
1,0,1,1,26.24,31.06,38,46.0022,15,3,3,1,0,0,0,0,0,15,0,-4.82,9.9712,0,0
1,0,1,2,25.42,31.06,41,43.0006,16,3,3,1,0,0,0,0,0,16,0,-5.639999999999997,10.4222,0,0
1,0,1,1,25.42,31.06,38,43.9989,17,3,3,1,0,0,1,0,0,17,0,-5.639999999999997,9.659600000000001,0,0
1,0,1,2,25.42,31.06,38,36.9974,18,3,3,1,0,0,1,0,0,18,0,-5.639999999999997,9.659600000000001,0,0
1,0,1,2,24.6,31.06,40,30.0026,19,3,3,1,0,0,1,0,0,19,0,-6.459999999999997,9.84,0,0
1,0,1,2,24.6,31.06,43,26.0027,20,3,3,1,0,0,0,0,0,20,0,-6.459999999999997,10.578,0,0
1,0,1,1,24.6,31.06,43,26.0027,21,3,3,1,0,0,0,0,0,21,0,-6.459999999999997,10.578,0,0
1,0,1,1,22.96,26.515,49,22.0028,22,3,3,1,0,0,0,0,0,22,0,-3.5549999999999997,11.250399999999999,0,0
1,0,1,2,22.96,26.515,49,30.0026,23,3,3,1,0,0,0,0,0,23,0,-3.5549999999999997,11.250399999999999,0,0
1,0,1,2,23.78,27.275,49,31.0009,0,4,3,1,0,0,0,0,1,0,0,-3.4949999999999974,11.6522,0,0
1,0,1,3,22.96,26.515,52,32.9975,1,4,3,1,0,0,0,0,1,1,0,-3.5549999999999997,11.939200000000001,0,1
1,0,1,3,19.68,23.485,77,27.9993,2,4,3,1,0,0,0,0,1,2,0,-3.8049999999999997,15.153599999999999,0,1
1,0,1,1,18.86,22.725,77,35.0008,3,4,3,1,0,0,0,0,1,3,0,-3.865000000000002,14.5222,0,0
1,0,1,3,16.4,20.455,66,19.0012,4,4,3,1,0,0,0,0,1,4,0,-4.055,10.823999999999998,0,1
1,0,1,3,16.4,20.455,66,19.0012,5,4,3,1,0,0,0,0,1,5,0,-4.055,10.823999999999998,0,1
1,0,1,2,16.4,20.455,50,23.9994,6,4,3,1,0,0,0,0,0,6,0,-4.055,8.2,0,0
1,0,1,2,15.58,19.695,40,19.9995,7,4,3,1,0,1,0,0,0,7,0,-4.115,6.232,0,0
1,0,1,2,13.94,14.395,42,35.0008,8,4,3,1,0,1,0,0,0,8,0,-0.45500000000000007,5.8548,0,0
1,0,1,2,13.94,14.395,42,35.0008,9,4,3,1,0,1,0,0,0,9,0,-0.45500000000000007,5.8548,0,0
1,0,1,2,13.94,14.395,36,32.9975,10,4,3,1,0,0,0,0,0,10,0,-0.45500000000000007,5.0184,0,0
1,0,1,2,14.76,16.665,34,23.9994,11,4,3,1,0,0,0,0,0,11,0,-1.9049999999999994,5.0184,0,0
1,0,1,1,14.76,16.665,34,27.9993,12,4,3,1,0,0,0,0,0,12,0,-1.9049999999999994,5.0184,0,0
1,0,1,2,15.58,19.695,29,26.0027,13,4,3,1,0,0,0,0,0,13,0,-4.115,4.5182,0,0
1,0,1,1,17.22,21.21,28,31.0009,14,4,3,1,0,0,0,0,0,14,0,-3.990000000000002,4.8216,0,0
1,0,1,1,18.86,22.725,24,16.9979,15,4,3,1,0,0,0,0,0,15,0,-3.865000000000002,4.5264,0,0
1,0,1,1,19.68,23.485,23,27.9993,16,4,3,1,0,0,0,0,0,16,0,-3.8049999999999997,4.5264,0,0
1,0,1,1,18.86,22.725,24,26.0027,17,4,3,1,0,0,1,0,0,17,0,-3.865000000000002,4.5264,0,0
1,0,1,1,18.04,21.97,26,35.0008,18,4,3,1,0,0,1,0,0,18,0,-3.9299999999999997,4.6903999999999995,0,0
1,0,1,1,17.22,21.21,28,40.9973,19,4,3,1,0,0,1,0,0,19,0,-3.990000000000002,4.8216,0,0
1,0,1,1,15.58,19.695,32,23.9994,20,4,3,1,0,0,0,0,0,20,0,-4.115,4.9856,0,0
1,0,1,1,14.76,16.665,34,22.0028,21,4,3,1,0,0,0,0,0,21,0,-1.9049999999999994,5.0184,0,0
1,0,1,1,13.94,14.395,31,32.9975,22,4,3,1,0,0,0,0,0,22,0,-0.45500000000000007,4.3214,0,0
1,0,1,1,13.12,15.15,33,19.9995,23,4,3,1,0,0,0,0,0,23,0,-2.030000000000001,4.3296,0,0
1,0,0,1,12.3,13.635,36,23.9994,0,5,3,1,1,0,0,0,1,0,0,-1.334999999999999,4.428,0,0
1,0,0,1,12.3,14.395,36,16.9979,1,5,3,1,1,0,0,0,1,0,1,-2.094999999999999,4.428,0,0
1,0,0,1,10.66,12.12,41,16.9979,2,5,3,1,1,0,0,0,1,0,2,-1.459999999999999,4.3706,0,0
1,0,0,1,10.66,11.365,41,19.9995,3,5,3,1,1,0,0,0,1,0,3,-0.7050000000000001,4.3706,0,0
1,0,0,1,9.84,10.605,41,23.9994,4,5,3,1,1,0,0,0,1,0,4,-0.7650000000000006,4.0344,0,0
1,0,0,1,9.02,10.605,42,19.0012,5,5,3,1,1,0,0,0,1,0,5,-1.5850000000000009,3.7883999999999998,0,0
1,0,0,1,9.02,10.605,44,19.0012,6,5,3,1,1,0,0,0,0,0,6,-1.5850000000000009,3.9688,0,0
1,0,0,1,9.02,10.605,44,16.9979,7,5,3,1,1,0,0,0,0,0,7,-1.5850000000000009,3.9688,0,0
1,0,0,1,9.02,10.605,44,19.9995,8,5,3,1,1,0,0,0,0,0,8,-1.5850000000000009,3.9688,0,0
1,0,0,1,9.84,10.605,41,22.0028,9,5,3,1,1,0,0,0,0,0,9,-0.7650000000000006,4.0344,0,0
1,0,0,1,10.66,11.365,35,27.9993,10,5,3,1,1,0,0,0,0,0,10,-0.7050000000000001,3.7310000000000003,0,0
1,0,0,1,12.3,13.635,33,22.0028,11,5,3,1,1,0,0,1,0,0,11,-1.334999999999999,4.059,0,0
1,0,0,1,12.3,13.635,33,22.0028,12,5,3,1,1,0,0,1,0,0,12,-1.334999999999999,4.059,0,0
1,0,0,1,13.12,15.15,29,19.0012,13,5,3,1,1,0,0,1,0,0,13,-2.030000000000001,3.8047999999999997,0,0
1,0,0,1,13.94,15.91,27,19.0012,14,5,3,1,1,0,0,1,0,0,14,-1.9700000000000006,3.7638,0,0
1,0,0,1,13.94,18.18,25,0.0,15,5,3,1,1,0,0,1,0,0,15,-4.24,3.485,0,0
1,0,0,1,14.76,18.18,23,0.0,16,5,3,1,1,0,0,1,0,0,16,-3.42,3.3948,0,0
1,0,0,1,14.76,18.94,23,0.0,17,5,3,1,1,0,0,0,0,0,17,-4.1800000000000015,3.3948,0,0
1,0,0,1,14.76,18.18,21,6.0032,18,5,3,1,1,0,0,0,0,0,18,-3.42,3.0995999999999997,0,0
1,0,0,1,13.94,18.18,25,0.0,19,5,3,1,1,0,0,0,0,0,19,-4.24,3.485,0,0
1,0,0,1,13.12,16.665,33,8.9981,20,5,3,1,1,0,0,0,0,0,20,-3.545,4.3296,0,0
1,0,0,1,12.3,14.395,39,15.0013,21,5,3,1,1,0,0,0,0,0,21,-2.094999999999999,4.797000000000001,0,0
1,0,0,1,10.66,12.88,44,11.0014,22,5,3,1,1,0,0,0,0,0,22,-2.2200000000000006,4.6904,0,0
1,0,0,1,10.66,12.88,41,12.998,23,5,3,1,1,0,0,0,0,0,23,-2.2200000000000006,4.3706,0,0
1,0,0,1,10.66,14.395,44,6.0032,0,6,3,1,1,0,0,0,1,0,0,-3.7349999999999994,4.6904,0,0
1,0,0,1,9.84,12.12,52,11.0014,1,6,3,1,1,0,0,0,1,0,1,-2.2799999999999994,5.1168000000000005,0,0
1,0,0,1,9.84,12.12,60,8.9981,3,6,3,1,1,0,0,0,1,0,3,-2.2799999999999994,5.904,0,0
1,0,0,1,9.84,12.12,60,8.9981,4,6,3,1,1,0,0,0,1,0,4,-2.2799999999999994,5.904,0,0
1,0,0,1,9.84,12.12,60,11.0014,5,6,3,1,1,0,0,0,1,0,5,-2.2799999999999994,5.904,0,0
1,0,0,1,9.84,12.12,70,11.0014,6,6,3,1,1,0,0,0,0,0,6,-2.2799999999999994,6.888,0,0
1,0,0,1,9.02,11.365,69,8.9981,7,6,3,1,1,0,0,0,0,0,7,-2.3450000000000006,6.2238,0,0
1,0,0,1,9.02,11.365,69,8.9981,8,6,3,1,1,0,0,0,0,0,8,-2.3450000000000006,6.2238,0,0
1,0,0,1,10.66,12.88,60,15.0013,9,6,3,1,1,0,0,0,0,0,9,-2.2200000000000006,6.396,0,0
1,0,0,1,13.12,15.15,49,19.0012,10,6,3,1,1,0,0,0,0,0,10,-2.030000000000001,6.4288,0,0
1,0,0,1,14.76,16.665,43,19.0012,11,6,3,1,1,0,0,1,0,0,11,-1.9049999999999994,6.346799999999999,0,0
1,0,0,1,16.4,20.455,37,19.9995,12,6,3,1,1,0,0,1,0,0,12,-4.055,6.068,0,0
1,0,0,1,17.22,21.21,41,19.9995,13,6,3,1,1,0,0,1,0,0,13,-3.990000000000002,7.0602,0,0
1,0,0,1,18.86,22.725,31,19.0012,14,6,3,1,1,0,0,1,0,0,14,-3.865000000000002,5.8466,0,0
1,0,0,1,20.5,24.24,29,19.9995,15,6,3,1,1,0,0,1,0,0,15,-3.7399999999999984,5.945,0,0
1,0,0,1,20.5,24.24,31,23.9994,16,6,3,1,1,0,0,1,0,0,16,-3.7399999999999984,6.355,0,0
1,0,0,1,21.32,25.0,27,19.9995,17,6,3,1,1,0,0,0,0,0,17,-3.6799999999999997,5.7564,0,0
1,0,0,1,21.32,25.0,29,19.0012,18,6,3,1,1,0,0,0,0,0,18,-3.6799999999999997,6.182799999999999,0,0
1,0,0,1,20.5,24.24,31,19.0012,19,6,3,1,1,0,0,0,0,0,19,-3.7399999999999984,6.355,0,0
1,0,0,1,18.04,21.97,47,15.0013,20,6,3,1,1,0,0,0,0,0,20,-3.9299999999999997,8.4788,0,0
1,0,0,1,17.22,21.21,54,15.0013,21,6,3,1,1,0,0,0,0,0,21,-3.990000000000002,9.298799999999998,0,0
1,0,0,1,16.4,20.455,54,12.998,22,6,3,1,1,0,0,0,0,0,22,-4.055,8.856,0,0
1,0,0,1,16.4,20.455,50,11.0014,23,6,3,1,1,0,0,0,0,0,23,-4.055,8.2,0,0
1,0,1,1,15.58,19.695,54,12.998,0,0,3,1,0,0,0,0,1,0,0,-4.115,8.4132,0,0
1,0,1,1,15.58,19.695,50,8.9981,1,0,3,1,0,0,0,0,1,1,0,-4.115,7.79,0,0
1,0,1,1,15.58,19.695,54,7.0015,2,0,3,1,0,0,0,0,1,2,0,-4.115,8.4132,0,0
1,0,1,1,14.76,17.425,50,8.9981,3,0,3,1,0,0,0,0,1,3,0,-2.665000000000001,7.38,0,0
1,0,1,1,13.94,16.665,61,12.998,4,0,3,1,0,0,0,0,1,4,0,-2.7249999999999996,8.5034,0,0
1,0,1,1,13.94,16.665,61,12.998,5,0,3,1,0,0,0,0,1,5,0,-2.7249999999999996,8.5034,0,0
1,0,1,1,13.94,17.425,57,7.0015,6,0,3,1,0,0,0,0,0,6,0,-3.485000000000001,7.945799999999999,0,0
1,0,1,1,13.94,17.425,53,7.0015,7,0,3,1,0,1,0,0,0,7,0,-3.485000000000001,7.388199999999999,0,0
1,0,1,1,13.94,16.665,61,8.9981,8,0,3,1,0,1,0,0,0,8,0,-2.7249999999999996,8.5034,0,0
1,0,1,1,15.58,19.695,54,11.0014,9,0,3,1,0,1,0,0,0,9,0,-4.115,8.4132,0,0
1,0,1,1,16.4,20.455,50,15.0013,10,0,3,1,0,0,0,0,0,10,0,-4.055,8.2,0,0
1,0,1,1,18.04,21.97,44,15.0013,11,0,3,1,0,0,0,0,0,11,0,-3.9299999999999997,7.9376,0,0
1,0,1,1,19.68,23.485,39,15.0013,12,0,3,1,0,0,0,0,0,12,0,-3.8049999999999997,7.6752,0,0
1,0,1,2,22.14,25.76,32,16.9979,13,0,3,1,0,0,0,0,0,13,0,-3.620000000000001,7.0848,0,0
1,0,1,2,23.78,27.275,32,19.0012,14,0,3,1,0,0,0,0,0,14,0,-3.4949999999999974,7.6096,0,0
1,0,1,1,22.96,26.515,40,8.9981,15,0,3,1,0,0,0,0,0,15,0,-3.5549999999999997,9.184000000000001,0,0
1,0,1,1,25.42,31.06,35,30.0026,16,0,3,1,0,0,0,0,0,16,0,-5.639999999999997,8.897,0,0
1,0,1,2,25.42,31.06,38,27.9993,17,0,3,1,0,0,1,0,0,17,0,-5.639999999999997,9.659600000000001,0,0
1,0,1,2,24.6,31.06,43,12.998,18,0,3,1,0,0,1,0,0,18,0,-6.459999999999997,10.578,0,0
1,0,1,2,22.96,26.515,49,15.0013,19,0,3,1,0,0,1,0,0,19,0,-3.5549999999999997,11.250399999999999,0,0
1,0,1,2,22.96,26.515,49,15.0013,20,0,3,1,0,0,0,0,0,20,0,-3.5549999999999997,11.250399999999999,0,0
1,0,1,2,22.14,25.76,56,15.0013,21,0,3,1,0,0,0,0,0,21,0,-3.620000000000001,12.398400000000002,0,0
1,0,1,2,22.96,26.515,56,15.0013,22,0,3,1,0,0,0,0,0,22,0,-3.5549999999999997,12.8576,0,0
1,0,1,1,22.96,26.515,56,15.0013,23,0,3,1,0,0,0,0,0,23,0,-3.5549999999999997,12.8576,0,0
1,0,1,2,22.96,26.515,52,12.998,0,1,3,1,0,0,0,0,1,0,0,-3.5549999999999997,11.939200000000001,0,0
1,0,1,2,21.32,25.0,59,15.0013,1,1,3,1,0,0,0,0,1,1,0,-3.6799999999999997,12.578800000000001,0,0
1,0,1,3,21.32,25.0,72,19.9995,2,1,3,1,0,0,0,0,1,2,0,-3.6799999999999997,15.3504,0,1
1,0,1,3,21.32,25.0,72,19.9995,3,1,3,1,0,0,0,0,1,3,0,-3.6799999999999997,15.3504,0,1
1,0,1,2,18.86,22.725,82,12.998,4,1,3,1,0,0,0,0,1,4,0,-3.865000000000002,15.4652,0,0
1,0,1,2,18.86,22.725,82,12.998,5,1,3,1,0,0,0,0,1,5,0,-3.865000000000002,15.4652,0,0
1,0,1,3,18.86,22.725,82,12.998,6,1,3,1,0,0,0,0,0,6,0,-3.865000000000002,15.4652,0,1
1,0,1,2,18.86,22.725,82,19.0012,7,1,3,1,0,1,0,0,0,7,0,-3.865000000000002,15.4652,0,0
1,0,1,1,18.86,22.725,82,19.0012,8,1,3,1,0,1,0,0,0,8,0,-3.865000000000002,15.4652,0,0
1,0,1,1,19.68,23.485,82,19.0012,9,1,3,1,0,1,0,0,0,9,0,-3.8049999999999997,16.1376,0,0
1,0,1,1,21.32,25.0,77,15.0013,10,1,3,1,0,0,0,0,0,10,0,-3.6799999999999997,16.4164,0,0
1,0,1,1,22.14,25.76,73,19.0012,11,1,3,1,0,0,0,0,0,11,0,-3.620000000000001,16.1622,0,0
1,0,1,1,24.6,30.305,60,19.0012,12,1,3,1,0,0,0,0,0,12,0,-5.704999999999998,14.76,0,0
1,0,1,1,24.6,30.305,60,26.0027,13,1,3,1,0,0,0,0,0,13,0,-5.704999999999998,14.76,0,0
1,0,1,1,26.24,31.06,53,22.0028,14,1,3,1,0,0,0,0,0,14,0,-4.82,13.9072,0,0
1,0,1,1,28.7,31.82,39,15.0013,15,1,3,1,0,0,0,0,0,15,0,-3.120000000000001,11.193,0,0
1,0,1,1,29.52,32.575,34,26.0027,16,1,3,1,0,0,0,0,0,16,0,-3.0550000000000033,10.0368,0,0
1,0,1,1,28.7,31.82,37,7.0015,17,1,3,1,0,0,1,0,0,17,0,-3.120000000000001,10.618999999999998,0,0
1,0,1,1,28.7,31.82,34,19.9995,18,1,3,1,0,0,1,0,0,18,0,-3.120000000000001,9.758,0,0
1,0,1,1,26.24,31.06,47,15.0013,19,1,3,1,0,0,1,0,0,19,0,-4.82,12.332799999999999,0,0
1,0,1,1,24.6,31.06,49,11.0014,20,1,3,1,0,0,0,0,0,20,0,-6.459999999999997,12.054,0,0
1,0,1,1,23.78,27.275,56,7.0015,21,1,3,1,0,0,0,0,0,21,0,-3.4949999999999974,13.3168,0,0
1,0,1,1,22.96,26.515,60,6.0032,22,1,3,1,0,0,0,0,0,22,0,-3.5549999999999997,13.776000000000002,0,0
1,0,1,1,22.96,26.515,56,8.9981,23,1,3,1,0,0,0,0,0,23,0,-3.5549999999999997,12.8576,0,0
1,0,1,1,22.14,25.76,60,7.0015,0,2,3,1,0,0,0,0,1,0,0,-3.620000000000001,13.284,0,0
1,0,1,1,21.32,25.0,63,6.0032,1,2,3,1,0,0,0,0,1,1,0,-3.6799999999999997,13.431600000000001,0,0
1,0,1,1,20.5,24.24,68,12.998,2,2,3,1,0,0,0,0,1,2,0,-3.7399999999999984,13.94,0,0
1,0,1,1,19.68,23.485,72,12.998,3,2,3,1,0,0,0,0,1,3,0,-3.8049999999999997,14.1696,0,0
1,0,1,1,19.68,23.485,67,6.0032,4,2,3,1,0,0,0,0,1,4,0,-3.8049999999999997,13.185599999999999,0,0
1,0,1,1,18.04,21.97,82,8.9981,5,2,3,1,0,0,0,0,1,5,0,-3.9299999999999997,14.7928,0,0
1,0,1,1,18.04,21.97,82,6.0032,6,2,3,1,0,0,0,0,0,6,0,-3.9299999999999997,14.7928,0,0
1,0,1,1,18.04,21.97,82,7.0015,7,2,3,1,0,1,0,0,0,7,0,-3.9299999999999997,14.7928,0,0
1,0,1,1,18.04,21.97,82,0.0,8,2,3,1,0,1,0,0,0,8,0,-3.9299999999999997,14.7928,0,0
1,0,1,1,21.32,25.0,68,0.0,9,2,3,1,0,1,0,0,0,9,0,-3.6799999999999997,14.4976,0,0
1,0,1,1,22.96,26.515,56,7.0015,10,2,3,1,0,0,0,0,0,10,0,-3.5549999999999997,12.8576,0,0
1,0,1,2,25.42,31.06,41,11.0014,11,2,3,1,0,0,0,0,0,11,0,-5.639999999999997,10.4222,0,0
1,0,1,2,26.24,31.06,29,0.0,12,2,3,1,0,0,0,0,0,12,0,-4.82,7.6095999999999995,0,0
1,0,1,1,27.06,31.06,27,15.0013,13,2,3,1,0,0,0,0,0,13,0,-4.0,7.3062000000000005,0,0
1,0,1,1,28.7,31.82,23,22.0028,14,2,3,1,0,0,0,0,0,14,0,-3.120000000000001,6.601,0,0
1,0,1,1,28.7,31.82,24,0.0,15,2,3,1,0,0,0,0,0,15,0,-3.120000000000001,6.888,0,0
1,0,1,1,29.52,31.82,25,12.998,16,2,3,1,0,0,0,0,0,16,0,-2.3000000000000007,7.38,0,0
1,0,1,1,28.7,31.82,28,6.0032,17,2,3,1,0,0,1,0,0,17,0,-3.120000000000001,8.036,0,0
1,0,1,1,28.7,31.82,32,0.0,18,2,3,1,0,0,1,0,0,18,0,-3.120000000000001,9.184,0,0
1,0,1,1,26.24,31.06,33,11.0014,19,2,3,1,0,0,1,0,0,19,0,-4.82,8.6592,0,0
1,0,1,1,25.42,31.06,35,7.0015,20,2,3,1,0,0,0,0,0,20,0,-5.639999999999997,8.897,0,0
1,0,1,1,24.6,31.06,40,6.0032,21,2,3,1,0,0,0,0,0,21,0,-6.459999999999997,9.84,0,0
1,0,1,1,21.32,25.0,55,8.9981,22,2,3,1,0,0,0,0,0,22,0,-3.6799999999999997,11.725999999999999,0,0
1,0,1,1,22.96,26.515,43,11.0014,23,2,3,1,0,0,0,0,0,23,0,-3.5549999999999997,9.872800000000002,0,0
1,0,1,1,22.14,25.76,49,8.9981,0,3,3,1,0,0,0,0,1,0,0,-3.620000000000001,10.848600000000001,0,0
1,0,1,1,20.5,24.24,59,7.0015,1,3,3,1,0,0,0,0,1,1,0,-3.7399999999999984,12.095,0,0
1,0,1,1,20.5,24.24,59,0.0,2,3,3,1,0,0,0,0,1,2,0,-3.7399999999999984,12.095,0,0
1,0,1,1,20.5,24.24,63,0.0,3,3,3,1,0,0,0,0,1,3,0,-3.7399999999999984,12.915,0,0
1,0,1,1,18.04,21.97,77,7.0015,4,3,3,1,0,0,0,0,1,4,0,-3.9299999999999997,13.890799999999999,0,0
1,0,1,1,18.86,22.725,67,0.0,5,3,3,1,0,0,0,0,1,5,0,-3.865000000000002,12.636199999999999,0,0
1,0,1,1,18.04,21.97,72,6.0032,6,3,3,1,0,0,0,0,0,6,0,-3.9299999999999997,12.9888,0,0
1,0,1,1,18.04,21.97,72,6.0032,7,3,3,1,0,1,0,0,0,7,0,-3.9299999999999997,12.9888,0,0
1,0,1,1,18.04,21.97,77,7.0015,8,3,3,1,0,1,0,0,0,8,0,-3.9299999999999997,13.890799999999999,0,0
1,0,1,1,19.68,23.485,77,6.0032,9,3,3,1,0,1,0,0,0,9,0,-3.8049999999999997,15.153599999999999,0,0
1,0,1,1,21.32,25.0,68,7.0015,10,3,3,1,0,0,0,0,0,10,0,-3.6799999999999997,14.4976,0,0
1,0,1,1,22.96,26.515,60,8.9981,11,3,3,1,0,0,0,0,0,11,0,-3.5549999999999997,13.776000000000002,0,0
1,0,1,2,25.42,31.06,50,8.9981,12,3,3,1,0,0,0,0,0,12,0,-5.639999999999997,12.71,0,0
1,0,1,2,27.06,31.06,41,6.0032,13,3,3,1,0,0,0,0,0,13,0,-4.0,11.0946,0,0
1,0,1,2,29.52,32.575,30,7.0015,14,3,3,1,0,0,0,0,0,14,0,-3.0550000000000033,8.856,0,0
1,0,1,1,29.52,32.575,32,15.0013,15,3,3,1,0,0,0,0,0,15,0,-3.0550000000000033,9.4464,0,0
1,0,1,1,29.52,32.575,37,26.0027,16,3,3,1,0,0,0,0,0,16,0,-3.0550000000000033,10.9224,0,0
1,0,1,1,28.7,31.82,39,16.9979,17,3,3,1,0,0,1,0,0,17,0,-3.120000000000001,11.193,0,0
1,0,1,1,27.06,31.06,44,19.0012,18,3,3,1,0,0,1,0,0,18,0,-4.0,11.906399999999998,0,0
1,0,1,2,26.24,31.06,50,12.998,19,3,3,1,0,0,1,0,0,19,0,-4.82,13.12,0,0
1,0,1,2,23.78,27.275,60,23.9994,20,3,3,1,0,0,0,0,0,20,0,-3.4949999999999974,14.268000000000002,0,0
1,0,1,1,22.14,25.76,68,19.0012,21,3,3,1,0,0,0,0,0,21,0,-3.620000000000001,15.0552,0,0
1,0,1,1,21.32,25.0,68,8.9981,22,3,3,1,0,0,0,0,0,22,0,-3.6799999999999997,14.4976,0,0
1,0,1,1,19.68,23.485,72,12.998,23,3,3,1,0,0,0,0,0,23,0,-3.8049999999999997,14.1696,0,0
1,0,1,1,18.04,21.97,77,16.9979,0,4,3,1,0,0,0,0,1,0,0,-3.9299999999999997,13.890799999999999,0,0
1,0,1,2,17.22,21.21,82,22.0028,1,4,3,1,0,0,0,0,1,1,0,-3.990000000000002,14.1204,0,0
1,0,1,2,17.22,21.21,82,12.998,2,4,3,1,0,0,0,0,1,2,0,-3.990000000000002,14.1204,0,0
1,0,1,2,16.4,20.455,87,19.0012,3,4,3,1,0,0,0,0,1,3,0,-4.055,14.267999999999999,0,0
1,0,1,2,16.4,20.455,87,16.9979,4,4,3,1,0,0,0,0,1,4,0,-4.055,14.267999999999999,0,0
1,0,1,2,16.4,20.455,87,15.0013,5,4,3,1,0,0,0,0,1,5,0,-4.055,14.267999999999999,0,0
1,0,1,2,16.4,20.455,87,11.0014,6,4,3,1,0,0,0,0,0,6,0,-4.055,14.267999999999999,0,0
1,0,1,2,16.4,20.455,87,12.998,7,4,3,1,0,1,0,0,0,7,0,-4.055,14.267999999999999,0,0
1,0,1,2,16.4,20.455,87,15.0013,8,4,3,1,0,1,0,0,0,8,0,-4.055,14.267999999999999,0,0
1,0,1,2,17.22,21.21,82,0.0,9,4,3,1,0,1,0,0,0,9,0,-3.990000000000002,14.1204,0,0
1,0,1,2,16.4,20.455,87,6.0032,10,4,3,1,0,0,0,0,0,10,0,-4.055,14.267999999999999,0,0
1,0,1,2,18.04,21.97,77,0.0,11,4,3,1,0,0,0,0,0,11,0,-3.9299999999999997,13.890799999999999,0,0
1,0,1,2,18.04,21.97,82,8.9981,12,4,3,1,0,0,0,0,0,12,0,-3.9299999999999997,14.7928,0,0
1,0,1,2,18.86,22.725,77,6.0032,13,4,3,1,0,0,0,0,0,13,0,-3.865000000000002,14.5222,0,0
1,0,1,2,19.68,23.485,72,0.0,14,4,3,1,0,0,0,0,0,14,0,-3.8049999999999997,14.1696,0,0
1,0,1,3,18.86,22.725,82,7.0015,15,4,3,1,0,0,0,0,0,15,0,-3.865000000000002,15.4652,0,1
1,0,1,3,19.68,23.485,77,0.0,16,4,3,1,0,0,0,0,0,16,0,-3.8049999999999997,15.153599999999999,0,1
1,0,1,3,19.68,23.485,82,6.0032,17,4,3,1,0,0,1,0,0,17,0,-3.8049999999999997,16.1376,0,1
1,0,1,3,19.68,23.485,82,6.0032,18,4,3,1,0,0,1,0,0,18,0,-3.8049999999999997,16.1376,0,1
1,0,1,2,18.86,22.725,88,0.0,19,4,3,1,0,0,1,0,0,19,0,-3.865000000000002,16.596799999999998,0,0
1,0,1,1,18.86,22.725,88,0.0,20,4,3,1,0,0,0,0,0,20,0,-3.865000000000002,16.596799999999998,0,0
1,0,1,2,18.04,21.97,94,0.0,21,4,3,1,0,0,0,0,0,21,0,-3.9299999999999997,16.9576,0,0
1,0,1,2,18.04,21.97,94,0.0,22,4,3,1,0,0,0,0,0,22,0,-3.9299999999999997,16.9576,0,0
1,0,1,2,18.04,21.97,94,0.0,23,4,3,1,0,0,0,0,0,23,0,-3.9299999999999997,16.9576,0,0
1,0,0,2,18.04,21.97,94,6.0032,0,5,3,1,1,0,0,0,1,0,0,-3.9299999999999997,16.9576,0,0
1,0,0,2,18.04,21.97,94,0.0,1,5,3,1,1,0,0,0,1,0,1,-3.9299999999999997,16.9576,0,0
1,0,0,2,18.04,21.97,88,0.0,2,5,3,1,1,0,0,0,1,0,2,-3.9299999999999997,15.8752,0,0
1,0,0,2,18.04,21.97,88,0.0,3,5,3,1,1,0,0,0,1,0,3,-3.9299999999999997,15.8752,0,0
1,0,0,2,17.22,21.21,94,0.0,4,5,3,1,1,0,0,0,1,0,4,-3.990000000000002,16.186799999999998,0,0
1,0,0,2,17.22,21.21,94,6.0032,5,5,3,1,1,0,0,0,1,0,5,-3.990000000000002,16.186799999999998,0,0
1,0,0,2,17.22,21.21,94,12.998,6,5,3,1,1,0,0,0,0,0,6,-3.990000000000002,16.186799999999998,0,0
1,0,0,2,16.4,20.455,100,8.9981,7,5,3,1,1,0,0,0,0,0,7,-4.055,16.4,0,0
1,0,0,2,17.22,21.21,94,7.0015,8,5,3,1,1,0,0,0,0,0,8,-3.990000000000002,16.186799999999998,0,0
1,0,0,2,18.04,21.97,88,6.0032,9,5,3,1,1,0,0,0,0,0,9,-3.9299999999999997,15.8752,0,0
1,0,0,2,20.5,24.24,77,6.0032,10,5,3,1,1,0,0,0,0,0,10,-3.7399999999999984,15.785,0,0
1,0,0,2,21.32,25.0,77,8.9981,11,5,3,1,1,0,0,1,0,0,11,-3.6799999999999997,16.4164,0,0
1,0,0,1,22.96,26.515,68,11.0014,12,5,3,1,1,0,0,1,0,0,12,-3.5549999999999997,15.6128,0,0
1,0,0,1,24.6,30.305,60,7.0015,13,5,3,1,1,0,0,1,0,0,13,-5.704999999999998,14.76,0,0
1,0,0,1,25.42,31.06,53,6.0032,14,5,3,1,1,0,0,1,0,0,14,-5.639999999999997,13.4726,0,0
1,0,0,1,26.24,31.06,53,8.9981,15,5,3,1,1,0,0,1,0,0,15,-4.82,13.9072,0,0
1,0,0,1,26.24,31.06,50,0.0,16,5,3,1,1,0,0,1,0,0,16,-4.82,13.12,0,0
1,0,0,1,26.24,31.06,50,8.9981,17,5,3,1,1,0,0,0,0,0,17,-4.82,13.12,0,0
1,0,0,1,25.42,31.06,57,19.9995,18,5,3,1,1,0,0,0,0,0,18,-5.639999999999997,14.4894,0,0
1,0,0,1,23.78,27.275,64,19.0012,19,5,3,1,1,0,0,0,0,0,19,-3.4949999999999974,15.2192,0,0
1,0,0,1,22.96,26.515,64,12.998,20,5,3,1,1,0,0,0,0,0,20,-3.5549999999999997,14.6944,0,0
1,0,0,1,22.14,25.76,68,11.0014,21,5,3,1,1,0,0,0,0,0,21,-3.620000000000001,15.0552,0,0
1,0,0,1,22.14,25.76,68,0.0,22,5,3,1,1,0,0,0,0,0,22,-3.620000000000001,15.0552,0,0
1,0,0,1,20.5,24.24,77,11.0014,23,5,3,1,1,0,0,0,0,0,23,-3.7399999999999984,15.785,0,0
1,0,0,1,18.86,22.725,88,12.998,0,6,3,1,1,0,0,0,1,0,0,-3.865000000000002,16.596799999999998,0,0
1,0,0,1,18.86,22.725,82,8.9981,1,6,3,1,1,0,0,0,1,0,1,-3.865000000000002,15.4652,0,0
1,0,0,2,18.86,22.725,82,7.0015,2,6,3,1,1,0,0,0,1,0,2,-3.865000000000002,15.4652,0,0
1,0,0,2,18.04,21.97,88,8.9981,3,6,3,1,1,0,0,0,1,0,3,-3.9299999999999997,15.8752,0,0
1,0,0,2,17.22,21.21,94,11.0014,4,6,3,1,1,0,0,0,1,0,4,-3.990000000000002,16.186799999999998,0,0
1,0,0,2,16.4,20.455,94,7.0015,5,6,3,1,1,0,0,0,1,0,5,-4.055,15.415999999999999,0,0
1,0,0,2,16.4,20.455,94,7.0015,6,6,3,1,1,0,0,0,0,0,6,-4.055,15.415999999999999,0,0
1,0,0,3,17.22,21.21,88,11.0014,7,6,3,1,1,0,0,0,0,0,7,-3.990000000000002,15.153599999999999,0,1
1,0,0,2,17.22,21.21,88,7.0015,8,6,3,1,1,0,0,0,0,0,8,-3.990000000000002,15.153599999999999,0,0
1,0,0,2,17.22,21.21,88,6.0032,9,6,3,1,1,0,0,0,0,0,9,-3.990000000000002,15.153599999999999,0,0
1,0,0,2,17.22,21.21,88,7.0015,10,6,3,1,1,0,0,0,0,0,10,-3.990000000000002,15.153599999999999,0,0
1,0,0,2,18.04,21.97,82,11.0014,11,6,3,1,1,0,0,1,0,0,11,-3.9299999999999997,14.7928,0,0
1,0,0,2,18.04,21.97,88,8.9981,12,6,3,1,1,0,0,1,0,0,12,-3.9299999999999997,15.8752,0,0
1,0,0,2,18.86,22.725,82,11.0014,13,6,3,1,1,0,0,1,0,0,13,-3.865000000000002,15.4652,0,0
1,0,0,2,20.5,24.24,77,6.0032,14,6,3,1,1,0,0,1,0,0,14,-3.7399999999999984,15.785,0,0
1,0,0,1,22.14,25.76,68,6.0032,15,6,3,1,1,0,0,1,0,0,15,-3.620000000000001,15.0552,0,0
1,0,0,1,22.14,25.76,73,6.0032,16,6,3,1,1,0,0,1,0,0,16,-3.620000000000001,16.1622,0,0
1,0,0,1,22.96,26.515,64,6.0032,17,6,3,1,1,0,0,0,0,0,17,-3.5549999999999997,14.6944,0,0
1,0,0,1,22.96,26.515,64,11.0014,18,6,3,1,1,0,0,0,0,0,18,-3.5549999999999997,14.6944,0,0
1,0,0,1,22.96,26.515,64,11.0014,19,6,3,1,1,0,0,0,0,0,19,-3.5549999999999997,14.6944,0,0
1,0,0,1,21.32,25.0,77,8.9981,20,6,3,1,1,0,0,0,0,0,20,-3.6799999999999997,16.4164,0,0
1,0,0,1,21.32,25.0,72,6.0032,21,6,3,1,1,0,0,0,0,0,21,-3.6799999999999997,15.3504,0,0
1,0,0,1,20.5,24.24,77,7.0015,22,6,3,1,1,0,0,0,0,0,22,-3.7399999999999984,15.785,0,0
1,0,0,1,19.68,23.485,82,11.0014,23,6,3,1,1,0,0,0,0,0,23,-3.8049999999999997,16.1376,0,0
1,0,1,1,19.68,23.485,82,7.0015,0,0,3,1,0,0,0,0,1,0,0,-3.8049999999999997,16.1376,0,0
1,0,1,1,18.86,22.725,88,7.0015,1,0,3,1,0,0,0,0,1,1,0,-3.865000000000002,16.596799999999998,0,0
1,0,1,1,18.86,22.725,88,11.0014,2,0,3,1,0,0,0,0,1,2,0,-3.865000000000002,16.596799999999998,0,0
1,0,1,1,18.86,22.725,88,6.0032,3,0,3,1,0,0,0,0,1,3,0,-3.865000000000002,16.596799999999998,0,0
1,0,1,1,18.04,21.97,94,0.0,4,0,3,1,0,0,0,0,1,4,0,-3.9299999999999997,16.9576,0,0
1,0,1,1,18.04,21.97,94,0.0,5,0,3,1,0,0,0,0,1,5,0,-3.9299999999999997,16.9576,0,0
1,0,1,1,18.86,22.725,88,8.9981,6,0,3,1,0,0,0,0,0,6,0,-3.865000000000002,16.596799999999998,0,0
1,0,1,1,18.86,22.725,88,12.998,7,0,3,1,0,1,0,0,0,7,0,-3.865000000000002,16.596799999999998,0,0
1,0,1,1,18.86,22.725,88,7.0015,8,0,3,1,0,1,0,0,0,8,0,-3.865000000000002,16.596799999999998,0,0
1,0,1,1,20.5,24.24,72,11.0014,9,0,3,1,0,1,0,0,0,9,0,-3.7399999999999984,14.76,0,0
1,0,1,1,21.32,25.0,72,8.9981,10,0,3,1,0,0,0,0,0,10,0,-3.6799999999999997,15.3504,0,0
1,0,1,1,22.96,26.515,68,11.0014,11,0,3,1,0,0,0,0,0,11,0,-3.5549999999999997,15.6128,0,0
1,0,1,1,24.6,30.305,64,16.9979,12,0,3,1,0,0,0,0,0,12,0,-5.704999999999998,15.744000000000002,0,0
1,0,1,1,25.42,30.305,61,16.9979,13,0,3,1,0,0,0,0,0,13,0,-4.884999999999998,15.506200000000002,0,0
1,0,1,2,26.24,31.06,57,12.998,14,0,3,1,0,0,0,0,0,14,0,-4.82,14.956799999999998,0,0
1,0,1,1,26.24,31.06,57,15.0013,15,0,3,1,0,0,0,0,0,15,0,-4.82,14.956799999999998,0,0
1,0,1,1,27.06,31.06,50,15.0013,16,0,3,1,0,0,0,0,0,16,0,-4.0,13.53,0,0
1,0,1,1,26.24,31.06,53,15.0013,17,0,3,1,0,0,1,0,0,17,0,-4.82,13.9072,0,0
1,0,1,1,26.24,31.06,57,16.9979,18,0,3,1,0,0,1,0,0,18,0,-4.82,14.956799999999998,0,0
1,0,1,1,25.42,30.305,61,15.0013,19,0,3,1,0,0,1,0,0,19,0,-4.884999999999998,15.506200000000002,0,0
1,0,1,1,24.6,30.305,64,15.0013,20,0,3,1,0,0,0,0,0,20,0,-5.704999999999998,15.744000000000002,0,0
1,0,1,1,24.6,30.305,64,11.0014,21,0,3,1,0,0,0,0,0,21,0,-5.704999999999998,15.744000000000002,0,0
1,0,1,2,22.96,26.515,73,11.0014,22,0,3,1,0,0,0,0,0,22,0,-3.5549999999999997,16.760800000000003,0,0
1,0,1,2,22.96,26.515,78,8.9981,23,0,3,1,0,0,0,0,0,23,0,-3.5549999999999997,17.9088,0,0
2,0,0,2,14.76,16.665,76,16.9979,0,6,4,1,1,0,0,0,1,0,0,-1.9049999999999994,11.2176,0,0
2,0,0,2,14.76,17.425,76,11.0014,1,6,4,1,1,0,0,0,1,0,1,-2.665000000000001,11.2176,0,0
2,0,0,2,14.76,17.425,76,11.0014,2,6,4,1,1,0,0,0,1,0,2,-2.665000000000001,11.2176,0,0
2,0,0,2,13.94,16.665,81,8.9981,3,6,4,1,1,0,0,0,1,0,3,-2.7249999999999996,11.2914,0,0
2,0,0,2,13.94,17.425,81,6.0032,4,6,4,1,1,0,0,0,1,0,4,-3.485000000000001,11.2914,0,0
2,0,0,2,13.94,17.425,81,6.0032,5,6,4,1,1,0,0,0,1,0,5,-3.485000000000001,11.2914,0,0
2,0,0,2,14.76,17.425,76,8.9981,6,6,4,1,1,0,0,0,0,0,6,-2.665000000000001,11.2176,0,0
2,0,0,2,14.76,17.425,71,8.9981,7,6,4,1,1,0,0,0,0,0,7,-2.665000000000001,10.4796,0,0
2,0,0,2,14.76,18.18,76,6.0032,8,6,4,1,1,0,0,0,0,0,8,-3.42,11.2176,0,0
2,0,0,2,14.76,17.425,81,8.9981,9,6,4,1,1,0,0,0,0,0,9,-2.665000000000001,11.955599999999999,0,0
2,0,0,2,16.4,20.455,71,7.0015,10,6,4,1,1,0,0,0,0,0,10,-4.055,11.643999999999998,0,0
2,0,0,2,16.4,20.455,71,12.998,11,6,4,1,1,0,0,1,0,0,11,-4.055,11.643999999999998,0,0
2,0,0,2,17.22,21.21,67,15.0013,12,6,4,1,1,0,0,1,0,0,12,-3.990000000000002,11.5374,0,0
2,0,0,2,18.04,21.97,62,12.998,13,6,4,1,1,0,0,1,0,0,13,-3.9299999999999997,11.184800000000001,0,0
2,0,0,2,19.68,23.485,55,15.0013,14,6,4,1,1,0,0,1,0,0,14,-3.8049999999999997,10.824000000000002,0,0
2,0,0,1,20.5,24.24,55,16.9979,15,6,4,1,1,0,0,1,0,0,15,-3.7399999999999984,11.275,0,0
2,0,0,1,21.32,25.0,52,16.9979,16,6,4,1,1,0,0,1,0,0,16,-3.6799999999999997,11.086400000000001,0,0
2,0,0,1,21.32,25.0,55,19.0012,17,6,4,1,1,0,0,0,0,0,17,-3.6799999999999997,11.725999999999999,0,0
2,0,0,1,21.32,25.0,52,19.9995,18,6,4,1,1,0,0,0,0,0,18,-3.6799999999999997,11.086400000000001,0,0
2,0,0,1,21.32,25.0,55,15.0013,19,6,4,1,1,0,0,0,0,0,19,-3.6799999999999997,11.725999999999999,0,0
2,0,0,2,20.5,24.24,59,15.0013,20,6,4,1,1,0,0,0,0,0,20,-3.7399999999999984,12.095,0,0
2,0,0,2,20.5,24.24,59,11.0014,21,6,4,1,1,0,0,0,0,0,21,-3.7399999999999984,12.095,0,0
2,0,0,3,20.5,24.24,63,7.0015,22,6,4,1,1,0,0,0,0,0,22,-3.7399999999999984,12.915,0,1
2,0,0,3,18.86,22.725,72,0.0,23,6,4,1,1,0,0,0,0,0,23,-3.865000000000002,13.5792,0,1
2,0,1,3,18.04,21.97,82,7.0015,0,0,4,1,0,0,0,0,1,0,0,-3.9299999999999997,14.7928,0,1
2,0,1,3,17.22,21.21,88,6.0032,1,0,4,1,0,0,0,0,1,1,0,-3.990000000000002,15.153599999999999,0,1
2,0,1,3,18.04,21.97,94,8.9981,2,0,4,1,0,0,0,0,1,2,0,-3.9299999999999997,16.9576,0,1
2,0,1,1,16.4,20.455,76,32.9975,4,0,4,1,0,0,0,0,1,4,0,-4.055,12.463999999999999,0,0
2,0,1,1,16.4,20.455,76,32.9975,5,0,4,1,0,0,0,0,1,5,0,-4.055,12.463999999999999,0,0
2,0,1,1,14.76,15.91,71,31.0009,6,0,4,1,0,0,0,0,0,6,0,-1.1500000000000004,10.4796,0,0
2,0,1,1,13.94,15.15,66,26.0027,7,0,4,1,0,1,0,0,0,7,0,-1.2100000000000009,9.2004,0,0
2,0,1,1,14.76,16.665,57,22.0028,8,0,4,1,0,1,0,0,0,8,0,-1.9049999999999994,8.4132,0,0
2,0,1,1,15.58,19.695,54,23.9994,9,0,4,1,0,1,0,0,0,9,0,-4.115,8.4132,0,0
2,0,1,1,16.4,20.455,50,35.0008,10,0,4,1,0,0,0,0,0,10,0,-4.055,8.2,0,0
2,0,1,1,17.22,21.21,47,30.0026,11,0,4,1,0,0,0,0,0,11,0,-3.990000000000002,8.093399999999999,0,0
2,0,1,1,18.04,21.97,44,30.0026,12,0,4,1,0,0,0,0,0,12,0,-3.9299999999999997,7.9376,0,0
2,0,1,1,18.86,22.725,36,19.9995,13,0,4,1,0,0,0,0,0,13,0,-3.865000000000002,6.7896,0,0
2,0,1,1,18.86,22.725,31,27.9993,14,0,4,1,0,0,0,0,0,14,0,-3.865000000000002,5.8466,0,0
2,0,1,1,19.68,23.485,33,27.9993,15,0,4,1,0,0,0,0,0,15,0,-3.8049999999999997,6.4944,0,0
2,0,1,1,20.5,24.24,34,22.0028,16,0,4,1,0,0,0,0,0,16,0,-3.7399999999999984,6.97,0,0
2,0,1,1,20.5,24.24,29,19.0012,17,0,4,1,0,0,1,0,0,17,0,-3.7399999999999984,5.945,0,0
2,0,1,1,20.5,24.24,27,16.9979,18,0,4,1,0,0,1,0,0,18,0,-3.7399999999999984,5.535,0,0
2,0,1,1,20.5,24.24,27,16.9979,19,0,4,1,0,0,1,0,0,19,0,-3.7399999999999984,5.535,0,0
2,0,1,1,18.86,22.725,31,11.0014,20,0,4,1,0,0,0,0,0,20,0,-3.865000000000002,5.8466,0,0
2,0,1,1,18.86,22.725,28,8.9981,21,0,4,1,0,0,0,0,0,21,0,-3.865000000000002,5.280799999999999,0,0
2,0,1,1,17.22,21.21,44,12.998,22,0,4,1,0,0,0,0,0,22,0,-3.990000000000002,7.5767999999999995,0,0
2,0,1,1,18.04,21.97,35,11.0014,23,0,4,1,0,0,0,0,0,23,0,-3.9299999999999997,6.314,0,0
2,0,1,1,16.4,20.455,43,8.9981,0,1,4,1,0,0,0,0,1,0,0,-4.055,7.052,0,0
2,0,1,1,15.58,19.695,46,15.0013,1,1,4,1,0,0,0,0,1,1,0,-4.115,7.166799999999999,0,0
2,0,1,1,14.76,17.425,53,11.0014,2,1,4,1,0,0,0,0,1,2,0,-2.665000000000001,7.8228,0,0
2,0,1,1,15.58,19.695,46,0.0,3,1,4,1,0,0,0,0,1,3,0,-4.115,7.166799999999999,0,0
2,0,1,1,13.12,16.665,66,6.0032,4,1,4,1,0,0,0,0,1,4,0,-3.545,8.6592,0,0
2,0,1,1,13.12,16.665,66,6.0032,5,1,4,1,0,0,0,0,1,5,0,-3.545,8.6592,0,0
2,0,1,1,12.3,15.91,61,6.0032,6,1,4,1,0,0,0,0,0,6,0,-3.6099999999999994,7.503000000000001,0,0
2,0,1,1,13.12,16.665,66,6.0032,7,1,4,1,0,1,0,0,0,7,0,-3.545,8.6592,0,0
2,0,1,1,13.94,18.18,57,0.0,8,1,4,1,0,1,0,0,0,8,0,-4.24,7.945799999999999,0,0
2,0,1,1,17.22,21.21,38,6.0032,9,1,4,1,0,1,0,0,0,9,0,-3.990000000000002,6.543599999999999,0,0
2,0,1,1,18.04,21.97,33,0.0,10,1,4,1,0,0,0,0,0,10,0,-3.9299999999999997,5.953199999999999,0,0
2,0,1,1,19.68,23.485,23,0.0,11,1,4,1,0,0,0,0,0,11,0,-3.8049999999999997,4.5264,0,0
2,0,1,1,21.32,25.0,25,0.0,12,1,4,1,0,0,0,0,0,12,0,-3.6799999999999997,5.33,0,0
2,0,1,1,22.96,26.515,19,16.9979,13,1,4,1,0,0,0,0,0,13,0,-3.5549999999999997,4.3624,0,0
2,0,1,1,22.96,26.515,21,15.0013,14,1,4,1,0,0,0,0,0,14,0,-3.5549999999999997,4.8216,0,0
2,0,1,1,24.6,29.545,20,12.998,15,1,4,1,0,0,0,0,0,15,0,-4.945,4.92,0,0
2,0,1,1,25.42,30.305,21,11.0014,16,1,4,1,0,0,0,0,0,16,0,-4.884999999999998,5.3382000000000005,0,0
2,0,1,1,25.42,30.305,17,12.998,17,1,4,1,0,0,1,0,0,17,0,-4.884999999999998,4.321400000000001,0,0
2,0,1,1,24.6,30.305,26,11.0014,18,1,4,1,0,0,1,0,0,18,0,-5.704999999999998,6.396,0,0
2,0,1,1,22.96,26.515,26,7.0015,19,1,4,1,0,0,1,0,0,19,0,-3.5549999999999997,5.969600000000001,0,0
2,0,1,1,22.96,26.515,24,8.9981,20,1,4,1,0,0,0,0,0,20,0,-3.5549999999999997,5.5104,0,0
2,0,1,1,22.14,25.76,45,0.0,21,1,4,1,0,0,0,0,0,21,0,-3.620000000000001,9.963000000000001,0,0
2,0,1,1,20.5,24.24,51,0.0,22,1,4,1,0,0,0,0,0,22,0,-3.7399999999999984,10.455,0,0
2,0,1,1,20.5,24.24,59,0.0,23,1,4,1,0,0,0,0,0,23,0,-3.7399999999999984,12.095,0,0
2,0,1,1,19.68,23.485,48,0.0,0,2,4,1,0,0,0,0,1,0,0,-3.8049999999999997,9.4464,0,0
2,0,1,1,18.86,22.725,59,0.0,1,2,4,1,0,0,0,0,1,1,0,-3.865000000000002,11.1274,0,0
2,0,1,1,18.86,22.725,51,0.0,2,2,4,1,0,0,0,0,1,2,0,-3.865000000000002,9.6186,0,0
2,0,1,1,18.04,21.97,58,6.0032,3,2,4,1,0,0,0,0,1,3,0,-3.9299999999999997,10.463199999999999,0,0
2,0,1,1,17.22,21.21,67,6.0032,4,2,4,1,0,0,0,0,1,4,0,-3.990000000000002,11.5374,0,0
2,0,1,1,17.22,21.21,67,6.0032,5,2,4,1,0,0,0,0,1,5,0,-3.990000000000002,11.5374,0,0
2,0,1,2,17.22,21.21,58,0.0,6,2,4,1,0,0,0,0,0,6,0,-3.990000000000002,9.9876,0,0
2,0,1,2,18.04,21.97,62,0.0,7,2,4,1,0,1,0,0,0,7,0,-3.9299999999999997,11.184800000000001,0,0
2,0,1,2,18.04,21.97,72,7.0015,8,2,4,1,0,1,0,0,0,8,0,-3.9299999999999997,12.9888,0,0
2,0,1,2,19.68,23.485,55,8.9981,9,2,4,1,0,1,0,0,0,9,0,-3.8049999999999997,10.824000000000002,0,0
2,0,1,2,22.14,25.76,45,8.9981,10,2,4,1,0,0,0,0,0,10,0,-3.620000000000001,9.963000000000001,0,0
2,0,1,2,24.6,31.06,43,23.9994,11,2,4,1,0,0,0,0,0,11,0,-6.459999999999997,10.578,0,0
2,0,1,2,24.6,31.06,46,27.9993,12,2,4,1,0,0,0,0,0,12,0,-6.459999999999997,11.316,0,0
2,0,1,2,24.6,31.06,46,16.9979,13,2,4,1,0,0,0,0,0,13,0,-6.459999999999997,11.316,0,0
2,0,1,2,25.42,31.06,46,12.998,14,2,4,1,0,0,0,0,0,14,0,-5.639999999999997,11.693200000000001,0,0
2,0,1,2,26.24,31.06,44,19.0012,15,2,4,1,0,0,0,0,0,15,0,-4.82,11.5456,0,0
2,0,1,2,26.24,31.06,44,19.0012,16,2,4,1,0,0,0,0,0,16,0,-4.82,11.5456,0,0
2,0,1,1,27.06,31.06,41,19.9995,17,2,4,1,0,0,1,0,0,17,0,-4.0,11.0946,0,0
2,0,1,1,27.06,31.06,41,16.9979,18,2,4,1,0,0,1,0,0,18,0,-4.0,11.0946,0,0
2,0,1,1,27.06,31.06,39,15.0013,19,2,4,1,0,0,1,0,0,19,0,-4.0,10.5534,0,0
2,0,1,1,26.24,31.06,27,15.0013,20,2,4,1,0,0,0,0,0,20,0,-4.82,7.084799999999999,0,0
2,0,1,1,24.6,30.305,23,22.0028,21,2,4,1,0,0,0,0,0,21,0,-5.704999999999998,5.658,0,0
2,0,1,1,22.96,26.515,22,11.0014,22,2,4,1,0,0,0,0,0,22,0,-3.5549999999999997,5.0512,0,0
2,0,1,1,21.32,25.0,23,27.9993,23,2,4,1,0,0,0,0,0,23,0,-3.6799999999999997,4.9036,0,0
2,0,1,1,21.32,25.0,23,27.9993,0,3,4,1,0,0,0,0,1,0,0,-3.6799999999999997,4.9036,0,0
2,0,1,1,19.68,23.485,27,22.0028,1,3,4,1,0,0,0,0,1,1,0,-3.8049999999999997,5.3136,0,0
2,0,1,1,18.86,22.725,33,30.0026,2,3,4,1,0,0,0,0,1,2,0,-3.865000000000002,6.2238,0,0
2,0,1,1,17.22,21.21,41,19.9995,3,3,4,1,0,0,0,0,1,3,0,-3.990000000000002,7.0602,0,0
2,0,1,1,15.58,19.695,43,19.0012,4,3,4,1,0,0,0,0,1,4,0,-4.115,6.699400000000001,0,0
2,0,1,1,15.58,19.695,43,19.0012,5,3,4,1,0,0,0,0,1,5,0,-4.115,6.699400000000001,0,0
2,0,1,1,14.76,16.665,46,22.0028,6,3,4,1,0,0,0,0,0,6,0,-1.9049999999999994,6.7896,0,0
2,0,1,1,13.94,16.665,49,12.998,7,3,4,1,0,1,0,0,0,7,0,-2.7249999999999996,6.8306,0,0
2,0,1,1,14.76,17.425,46,15.0013,8,3,4,1,0,1,0,0,0,8,0,-2.665000000000001,6.7896,0,0
2,0,1,1,16.4,20.455,37,16.9979,9,3,4,1,0,1,0,0,0,9,0,-4.055,6.068,0,0
2,0,1,1,17.22,21.21,35,19.0012,10,3,4,1,0,0,0,0,0,10,0,-3.990000000000002,6.026999999999999,0,0
2,0,1,2,17.22,21.21,38,15.0013,11,3,4,1,0,0,0,0,0,11,0,-3.990000000000002,6.543599999999999,0,0
2,0,1,1,18.04,21.97,33,0.0,12,3,4,1,0,0,0,0,0,12,0,-3.9299999999999997,5.953199999999999,0,0
2,0,1,1,18.86,22.725,31,0.0,13,3,4,1,0,0,0,0,0,13,0,-3.865000000000002,5.8466,0,0
2,0,1,1,18.86,22.725,33,11.0014,14,3,4,1,0,0,0,0,0,14,0,-3.865000000000002,6.2238,0,0
2,0,1,1,20.5,24.24,31,7.0015,15,3,4,1,0,0,0,0,0,15,0,-3.7399999999999984,6.355,0,0
2,0,1,1,20.5,24.24,31,12.998,16,3,4,1,0,0,0,0,0,16,0,-3.7399999999999984,6.355,0,0
2,0,1,1,20.5,24.24,31,11.0014,17,3,4,1,0,0,1,0,0,17,0,-3.7399999999999984,6.355,0,0
2,0,1,1,20.5,24.24,31,7.0015,18,3,4,1,0,0,1,0,0,18,0,-3.7399999999999984,6.355,0,0
2,0,1,1,19.68,23.485,31,16.9979,19,3,4,1,0,0,1,0,0,19,0,-3.8049999999999997,6.1008000000000004,0,0
2,0,1,1,18.04,21.97,41,12.998,20,3,4,1,0,0,0,0,0,20,0,-3.9299999999999997,7.3964,0,0
2,0,1,1,17.22,21.21,47,12.998,21,3,4,1,0,0,0,0,0,21,0,-3.990000000000002,8.093399999999999,0,0
2,0,1,1,16.4,20.455,47,12.998,22,3,4,1,0,0,0,0,0,22,0,-4.055,7.707999999999999,0,0
2,0,1,1,16.4,20.455,50,8.9981,23,3,4,1,0,0,0,0,0,23,0,-4.055,8.2,0,0
2,0,1,1,16.4,20.455,43,0.0,0,4,4,1,0,0,0,0,1,0,0,-4.055,7.052,0,0
2,0,1,1,14.76,17.425,62,8.9981,1,4,4,1,0,0,0,0,1,1,0,-2.665000000000001,9.1512,0,0
2,0,1,1,14.76,16.665,50,26.0027,2,4,4,1,0,0,0,0,1,2,0,-1.9049999999999994,7.38,0,0
2,0,1,1,13.94,15.15,53,22.0028,3,4,4,1,0,0,0,0,1,3,0,-1.2100000000000009,7.388199999999999,0,0
2,0,1,1,13.94,15.91,49,16.9979,4,4,4,1,0,0,0,0,1,4,0,-1.9700000000000006,6.8306,0,0
2,0,1,1,13.12,15.15,53,22.0028,5,4,4,1,0,0,0,0,1,5,0,-2.030000000000001,6.9536,0,0
2,0,1,1,12.3,13.635,49,26.0027,6,4,4,1,0,0,0,0,0,6,0,-1.334999999999999,6.027,0,0
2,0,1,1,12.3,14.395,49,19.0012,7,4,4,1,0,1,0,0,0,7,0,-2.094999999999999,6.027,0,0
2,0,1,1,12.3,13.635,49,22.0028,8,4,4,1,0,1,0,0,0,8,0,-1.334999999999999,6.027,0,0
2,0,1,1,13.94,15.15,42,22.0028,9,4,4,1,0,1,0,0,0,9,0,-1.2100000000000009,5.8548,0,0
2,0,1,1,14.76,16.665,40,22.0028,10,4,4,1,0,0,0,0,0,10,0,-1.9049999999999994,5.904,0,0
2,0,1,1,16.4,20.455,37,19.9995,11,4,4,1,0,0,0,0,0,11,0,-4.055,6.068,0,0
2,0,1,1,17.22,21.21,35,19.9995,12,4,4,1,0,0,0,0,0,12,0,-3.990000000000002,6.026999999999999,0,0
2,0,1,1,18.04,21.97,33,22.0028,13,4,4,1,0,0,0,0,0,13,0,-3.9299999999999997,5.953199999999999,0,0
2,0,1,1,19.68,23.485,29,26.0027,14,4,4,1,0,0,0,0,0,14,0,-3.8049999999999997,5.7072,0,0
2,0,1,1,20.5,24.24,27,19.0012,15,4,4,1,0,0,0,0,0,15,0,-3.7399999999999984,5.535,0,0
2,0,1,1,20.5,24.24,22,27.9993,16,4,4,1,0,0,0,0,0,16,0,-3.7399999999999984,4.51,0,0
2,0,1,1,21.32,25.0,23,27.9993,17,4,4,1,0,0,1,0,0,17,0,-3.6799999999999997,4.9036,0,0
2,0,1,1,20.5,24.24,22,31.0009,18,4,4,1,0,0,1,0,0,18,0,-3.7399999999999984,4.51,0,0
2,0,1,1,19.68,23.485,23,19.9995,19,4,4,1,0,0,1,0,0,19,0,-3.8049999999999997,4.5264,0,0
2,0,1,1,18.86,22.725,24,19.0012,20,4,4,1,0,0,0,0,0,20,0,-3.865000000000002,4.5264,0,0
2,0,1,1,18.04,21.97,26,8.9981,21,4,4,1,0,0,0,0,0,21,0,-3.9299999999999997,4.6903999999999995,0,0
2,0,1,1,16.4,20.455,35,15.0013,22,4,4,1,0,0,0,0,0,22,0,-4.055,5.74,0,0
2,0,1,1,17.22,21.21,30,19.0012,23,4,4,1,0,0,0,0,0,23,0,-3.990000000000002,5.1659999999999995,0,0
2,0,0,1,17.22,21.21,26,19.9995,0,5,4,1,1,0,0,0,1,0,0,-3.990000000000002,4.4772,0,0
2,0,0,1,16.4,20.455,28,16.9979,1,5,4,1,1,0,0,0,1,0,1,-4.055,4.592,0,0
2,0,0,1,14.76,16.665,29,23.9994,2,5,4,1,1,0,0,0,1,0,2,-1.9049999999999994,4.2804,0,0
2,0,0,1,14.76,16.665,32,16.9979,3,5,4,1,1,0,0,0,1,0,3,-1.9049999999999994,4.7232,0,0
2,0,0,1,13.12,15.91,36,11.0014,4,5,4,1,1,0,0,0,1,0,4,-2.790000000000001,4.7232,0,0
2,0,0,1,13.12,15.91,33,11.0014,5,5,4,1,1,0,0,0,1,0,5,-2.790000000000001,4.3296,0,0
2,0,0,1,13.12,15.91,36,12.998,6,5,4,1,1,0,0,0,0,0,6,-2.790000000000001,4.7232,0,0
2,0,0,1,13.12,15.15,33,19.0012,7,5,4,1,1,0,0,0,0,0,7,-2.030000000000001,4.3296,0,0
2,0,0,1,13.94,15.91,34,16.9979,8,5,4,1,1,0,0,0,0,0,8,-1.9700000000000006,4.739599999999999,0,0
2,0,0,1,16.4,20.455,30,16.9979,9,5,4,1,1,0,0,0,0,0,9,-4.055,4.919999999999999,0,0
2,0,0,1,17.22,21.21,28,16.9979,10,5,4,1,1,0,0,0,0,0,10,-3.990000000000002,4.8216,0,0
2,0,0,1,18.04,21.97,24,19.9995,11,5,4,1,1,0,0,1,0,0,11,-3.9299999999999997,4.3296,0,0
2,0,0,1,18.86,22.725,23,26.0027,12,5,4,1,1,0,0,1,0,0,12,-3.865000000000002,4.3378,0,0
2,0,0,1,20.5,24.24,22,12.998,13,5,4,1,1,0,0,1,0,0,13,-3.7399999999999984,4.51,0,0
2,0,0,1,20.5,24.24,22,19.9995,14,5,4,1,1,0,0,1,0,0,14,-3.7399999999999984,4.51,0,0
2,0,0,1,21.32,25.0,19,27.9993,15,5,4,1,1,0,0,1,0,0,15,-3.6799999999999997,4.0508,0,0
2,0,0,1,22.14,25.76,19,26.0027,16,5,4,1,1,0,0,1,0,0,16,-3.620000000000001,4.2066,0,0
2,0,0,1,22.14,25.76,19,27.9993,17,5,4,1,1,0,0,0,0,0,17,-3.620000000000001,4.2066,0,0
2,0,0,1,22.14,25.76,18,19.9995,18,5,4,1,1,0,0,0,0,0,18,-3.620000000000001,3.9852,0,0
2,0,0,1,22.14,25.76,16,22.0028,19,5,4,1,1,0,0,0,0,0,19,-3.620000000000001,3.5424,0,0
2,0,0,1,20.5,24.24,20,15.0013,20,5,4,1,1,0,0,0,0,0,20,-3.7399999999999984,4.1,0,0
2,0,0,1,20.5,24.24,20,12.998,21,5,4,1,1,0,0,0,0,0,21,-3.7399999999999984,4.1,0,0
2,0,0,1,19.68,23.485,20,12.998,22,5,4,1,1,0,0,0,0,0,22,-3.8049999999999997,3.9360000000000004,0,0
2,0,0,1,18.86,22.725,23,15.0013,23,5,4,1,1,0,0,0,0,0,23,-3.865000000000002,4.3378,0,0
2,0,0,1,18.04,21.97,24,15.0013,0,6,4,1,1,0,0,0,1,0,0,-3.9299999999999997,4.3296,0,0
2,0,0,1,18.04,21.97,24,15.0013,1,6,4,1,1,0,0,0,1,0,1,-3.9299999999999997,4.3296,0,0
2,0,0,1,18.04,21.97,24,15.0013,2,6,4,1,1,0,0,0,1,0,2,-3.9299999999999997,4.3296,0,0
2,0,0,1,17.22,21.21,26,8.9981,3,6,4,1,1,0,0,0,1,0,3,-3.990000000000002,4.4772,0,0
2,0,0,1,16.4,20.455,40,0.0,4,6,4,1,1,0,0,0,1,0,4,-4.055,6.56,0,0
2,0,0,1,15.58,19.695,46,0.0,5,6,4,1,1,0,0,0,1,0,5,-4.115,7.166799999999999,0,0
2,0,0,1,14.76,18.94,37,0.0,6,6,4,1,1,0,0,0,0,0,6,-4.1800000000000015,5.4612,0,0
2,0,0,1,15.58,19.695,27,11.0014,7,6,4,1,1,0,0,0,0,0,7,-4.115,4.2066,0,0
2,0,0,1,16.4,20.455,30,12.998,8,6,4,1,1,0,0,0,0,0,8,-4.055,4.919999999999999,0,0
2,0,0,1,18.04,21.97,26,15.0013,9,6,4,1,1,0,0,0,0,0,9,-3.9299999999999997,4.6903999999999995,0,0
2,0,0,1,20.5,24.24,25,15.0013,10,6,4,1,1,0,0,0,0,0,10,-3.7399999999999984,5.125,0,0
2,0,0,1,20.5,24.24,25,19.0012,11,6,4,1,1,0,0,1,0,0,11,-3.7399999999999984,5.125,0,0
2,0,0,1,22.14,25.76,24,16.9979,12,6,4,1,1,0,0,1,0,0,12,-3.620000000000001,5.3136,0,0
2,0,0,1,23.78,27.275,23,11.0014,13,6,4,1,1,0,0,1,0,0,13,-3.4949999999999974,5.4694,0,0
2,0,0,1,24.6,29.545,18,30.0026,14,6,4,1,1,0,0,1,0,0,14,-4.945,4.428,0,0
2,0,0,1,25.42,30.305,17,23.9994,15,6,4,1,1,0,0,1,0,0,15,-4.884999999999998,4.321400000000001,0,0
2,0,0,1,26.24,30.305,19,22.0028,16,6,4,1,1,0,0,1,0,0,16,-4.065000000000001,4.9856,0,0
2,0,0,1,25.42,30.305,22,19.9995,17,6,4,1,1,0,0,0,0,0,17,-4.884999999999998,5.5924000000000005,0,0
2,0,0,1,25.42,30.305,25,22.0028,18,6,4,1,1,0,0,0,0,0,18,-4.884999999999998,6.355,0,0
2,0,0,1,24.6,30.305,23,26.0027,19,6,4,1,1,0,0,0,0,0,19,-5.704999999999998,5.658,0,0
2,0,0,1,22.96,26.515,28,27.9993,20,6,4,1,1,0,0,0,0,0,20,-3.5549999999999997,6.4288,0,0
2,0,0,1,21.32,25.0,34,15.0013,21,6,4,1,1,0,0,0,0,0,21,-3.6799999999999997,7.2488,0,0
2,0,0,1,20.5,24.24,36,15.0013,22,6,4,1,1,0,0,0,0,0,22,-3.7399999999999984,7.38,0,0
2,0,0,1,20.5,24.24,39,16.9979,23,6,4,1,1,0,0,0,0,0,23,-3.7399999999999984,7.995,0,0
2,0,1,1,19.68,23.485,39,19.0012,0,0,4,1,0,0,0,0,1,0,0,-3.8049999999999997,7.6752,0,0
2,0,1,1,18.86,22.725,41,8.9981,1,0,4,1,0,0,0,0,1,1,0,-3.865000000000002,7.7326,0,0
2,0,1,1,18.86,22.725,31,12.998,2,0,4,1,0,0,0,0,1,2,0,-3.865000000000002,5.8466,0,0
2,0,1,1,18.04,21.97,30,11.0014,3,0,4,1,0,0,0,0,1,3,0,-3.9299999999999997,5.411999999999999,0,0
2,0,1,1,18.04,21.97,24,12.998,4,0,4,1,0,0,0,0,1,4,0,-3.9299999999999997,4.3296,0,0
2,0,1,1,18.04,21.97,24,12.998,5,0,4,1,0,0,0,0,1,5,0,-3.9299999999999997,4.3296,0,0
2,0,1,1,17.22,21.21,26,15.0013,6,0,4,1,0,0,0,0,0,6,0,-3.990000000000002,4.4772,0,0
2,0,1,1,17.22,21.21,28,12.998,7,0,4,1,0,1,0,0,0,7,0,-3.990000000000002,4.8216,0,0
2,0,1,1,18.04,21.97,30,12.998,8,0,4,1,0,1,0,0,0,8,0,-3.9299999999999997,5.411999999999999,0,0
2,0,1,1,18.86,22.725,31,23.9994,9,0,4,1,0,1,0,0,0,9,0,-3.865000000000002,5.8466,0,0
2,0,1,1,20.5,24.24,27,32.9975,10,0,4,1,0,0,0,0,0,10,0,-3.7399999999999984,5.535,0,0
2,0,1,1,21.32,25.0,27,27.9993,11,0,4,1,0,0,0,0,0,11,0,-3.6799999999999997,5.7564,0,0
2,0,1,1,22.14,25.76,28,47.9988,12,0,4,1,0,0,0,0,0,12,0,-3.620000000000001,6.199200000000001,0,0
2,0,1,1,22.14,25.76,28,39.0007,13,0,4,1,0,0,0,0,0,13,0,-3.620000000000001,6.199200000000001,0,0
2,0,1,1,22.96,26.515,28,36.9974,14,0,4,1,0,0,0,0,0,14,0,-3.5549999999999997,6.4288,0,0
2,0,1,1,23.78,27.275,28,36.9974,15,0,4,1,0,0,0,0,0,15,0,-3.4949999999999974,6.6584,0,0
2,0,1,1,22.96,26.515,30,27.9993,16,0,4,1,0,0,0,0,0,16,0,-3.5549999999999997,6.888000000000001,0,0
2,0,1,1,22.14,25.76,32,27.9993,17,0,4,1,0,0,1,0,0,17,0,-3.620000000000001,7.0848,0,0
2,0,1,1,22.14,25.76,34,19.9995,18,0,4,1,0,0,1,0,0,18,0,-3.620000000000001,7.5276,0,0
2,0,1,1,21.32,25.0,34,23.9994,19,0,4,1,0,0,1,0,0,19,0,-3.6799999999999997,7.2488,0,0
2,0,1,1,20.5,24.24,36,30.0026,20,0,4,1,0,0,0,0,0,20,0,-3.7399999999999984,7.38,0,0
2,0,1,3,19.68,23.485,41,27.9993,21,0,4,1,0,0,0,0,0,21,0,-3.8049999999999997,8.0688,0,1
2,0,1,2,18.86,22.725,41,32.9975,22,0,4,1,0,0,0,0,0,22,0,-3.865000000000002,7.7326,0,0
2,0,1,1,18.04,21.97,44,19.9995,23,0,4,1,0,0,0,0,0,23,0,-3.9299999999999997,7.9376,0,0
2,0,1,2,18.04,21.97,47,19.0012,0,1,4,1,0,0,0,0,1,0,0,-3.9299999999999997,8.4788,0,0
2,0,1,1,17.22,21.21,50,15.0013,1,1,4,1,0,0,0,0,1,1,0,-3.990000000000002,8.61,0,0
2,0,1,1,14.76,17.425,71,8.9981,2,1,4,1,0,0,0,0,1,2,0,-2.665000000000001,10.4796,0,0
2,0,1,1,14.76,17.425,71,8.9981,3,1,4,1,0,0,0,0,1,3,0,-2.665000000000001,10.4796,0,0
2,0,1,1,13.94,16.665,71,8.9981,4,1,4,1,0,0,0,0,1,4,0,-2.7249999999999996,9.8974,0,0
2,0,1,1,13.94,16.665,71,8.9981,5,1,4,1,0,0,0,0,1,5,0,-2.7249999999999996,9.8974,0,0
2,0,1,1,13.94,17.425,71,7.0015,6,1,4,1,0,0,0,0,0,6,0,-3.485000000000001,9.8974,0,0
2,0,1,1,13.94,17.425,71,7.0015,7,1,4,1,0,1,0,0,0,7,0,-3.485000000000001,9.8974,0,0
2,0,1,1,15.58,19.695,62,8.9981,8,1,4,1,0,1,0,0,0,8,0,-4.115,9.659600000000001,0,0
2,0,1,1,17.22,21.21,67,12.998,9,1,4,1,0,1,0,0,0,9,0,-3.990000000000002,11.5374,0,0
2,0,1,1,18.86,22.725,47,11.0014,10,1,4,1,0,0,0,0,0,10,0,-3.865000000000002,8.8642,0,0
2,0,1,1,20.5,24.24,36,0.0,11,1,4,1,0,0,0,0,0,11,0,-3.7399999999999984,7.38,0,0
2,0,1,1,22.14,25.76,22,19.0012,12,1,4,1,0,0,0,0,0,12,0,-3.620000000000001,4.8708,0,0
2,0,1,1,21.32,25.0,23,11.0014,13,1,4,1,0,0,0,0,0,13,0,-3.6799999999999997,4.9036,0,0
2,0,1,1,22.14,25.76,24,12.998,14,1,4,1,0,0,0,0,0,14,0,-3.620000000000001,5.3136,0,0
2,0,1,1,22.96,26.515,21,19.9995,15,1,4,1,0,0,0,0,0,15,0,-3.5549999999999997,4.8216,0,0
2,0,1,1,23.78,27.275,21,16.9979,16,1,4,1,0,0,0,0,0,16,0,-3.4949999999999974,4.9938,0,0
2,0,1,1,22.96,26.515,21,35.0008,17,1,4,1,0,0,1,0,0,17,0,-3.5549999999999997,4.8216,0,0
2,0,1,1,22.14,25.76,22,27.9993,18,1,4,1,0,0,1,0,0,18,0,-3.620000000000001,4.8708,0,0
2,0,1,1,21.32,25.0,20,23.9994,19,1,4,1,0,0,1,0,0,19,0,-3.6799999999999997,4.263999999999999,0,0
2,0,1,1,18.86,22.725,28,26.0027,20,1,4,1,0,0,0,0,0,20,0,-3.865000000000002,5.280799999999999,0,0
2,0,1,1,18.04,21.97,30,30.0026,21,1,4,1,0,0,0,0,0,21,0,-3.9299999999999997,5.411999999999999,0,0
2,0,1,1,16.4,20.455,37,32.9975,22,1,4,1,0,0,0,0,0,22,0,-4.055,6.068,0,0
2,0,1,1,14.76,16.665,40,27.9993,23,1,4,1,0,0,0,0,0,23,0,-1.9049999999999994,5.904,0,0
2,0,1,1,13.94,15.15,36,27.9993,0,2,4,1,0,0,0,0,1,0,0,-1.2100000000000009,5.0184,0,0
2,0,1,1,13.94,15.91,39,19.0012,1,2,4,1,0,0,0,0,1,1,0,-1.9700000000000006,5.436599999999999,0,0
2,0,1,1,13.12,15.15,45,19.0012,2,2,4,1,0,0,0,0,1,2,0,-2.030000000000001,5.904,0,0
2,0,1,1,12.3,14.395,49,15.0013,3,2,4,1,0,0,0,0,1,3,0,-2.094999999999999,6.027,0,0
2,0,1,1,11.48,13.635,56,12.998,5,2,4,1,0,0,0,0,1,5,0,-2.1549999999999994,6.4288,0,0
2,0,1,1,11.48,14.395,56,7.0015,6,2,4,1,0,0,0,0,0,6,0,-2.914999999999999,6.4288,0,0
2,0,1,1,11.48,14.395,52,8.9981,7,2,4,1,0,1,0,0,0,7,0,-2.914999999999999,5.969600000000001,0,0
2,0,1,1,12.3,14.395,49,15.0013,8,2,4,1,0,1,0,0,0,8,0,-2.094999999999999,6.027,0,0
2,0,1,2,13.12,15.15,49,19.9995,9,2,4,1,0,1,0,0,0,9,0,-2.030000000000001,6.4288,0,0
2,0,1,2,13.94,15.15,49,22.0028,10,2,4,1,0,0,0,0,0,10,0,-1.2100000000000009,6.8306,0,0
2,0,1,2,15.58,19.695,43,22.0028,11,2,4,1,0,0,0,0,0,11,0,-4.115,6.699400000000001,0,0
2,0,1,2,14.76,16.665,46,26.0027,12,2,4,1,0,0,0,0,0,12,0,-1.9049999999999994,6.7896,0,0
2,0,1,2,16.4,20.455,40,23.9994,13,2,4,1,0,0,0,0,0,13,0,-4.055,6.56,0,0
2,0,1,1,14.76,17.425,57,12.998,14,2,4,1,0,0,0,0,0,14,0,-2.665000000000001,8.4132,0,0
2,0,1,3,15.58,19.695,46,15.0013,15,2,4,1,0,0,0,0,0,15,0,-4.115,7.166799999999999,0,1
2,0,1,1,18.04,21.97,33,19.9995,16,2,4,1,0,0,0,0,0,16,0,-3.9299999999999997,5.953199999999999,0,0
2,0,1,1,17.22,21.21,35,26.0027,17,2,4,1,0,0,1,0,0,17,0,-3.990000000000002,6.026999999999999,0,0
2,0,1,3,16.4,20.455,43,27.9993,18,2,4,1,0,0,1,0,0,18,0,-4.055,7.052,0,1
2,0,1,1,16.4,20.455,40,23.9994,19,2,4,1,0,0,1,0,0,19,0,-4.055,6.56,0,0
2,0,1,1,14.76,16.665,46,22.0028,20,2,4,1,0,0,0,0,0,20,0,-1.9049999999999994,6.7896,0,0
2,0,1,1,13.94,15.15,57,26.0027,21,2,4,1,0,0,0,0,0,21,0,-1.2100000000000009,7.945799999999999,0,0
2,0,1,1,13.94,15.15,57,22.0028,22,2,4,1,0,0,0,0,0,22,0,-1.2100000000000009,7.945799999999999,0,0
2,0,1,1,13.94,15.15,57,19.9995,23,2,4,1,0,0,0,0,0,23,0,-1.2100000000000009,7.945799999999999,0,0
2,0,1,1,13.12,15.15,66,19.0012,0,3,4,1,0,0,0,0,1,0,0,-2.030000000000001,8.6592,0,0
2,0,1,1,13.12,15.15,66,15.0013,1,3,4,1,0,0,0,0,1,1,0,-2.030000000000001,8.6592,0,0
2,0,1,1,13.12,15.15,61,19.0012,2,3,4,1,0,0,0,0,1,2,0,-2.030000000000001,8.0032,0,0
2,0,1,1,13.12,15.15,61,16.9979,3,3,4,1,0,0,0,0,1,3,0,-2.030000000000001,8.0032,0,0
2,0,1,1,12.3,14.395,61,15.0013,4,3,4,1,0,0,0,0,1,4,0,-2.094999999999999,7.503000000000001,0,0
2,0,1,1,12.3,14.395,61,15.0013,5,3,4,1,0,0,0,0,1,5,0,-2.094999999999999,7.503000000000001,0,0
2,0,1,1,12.3,14.395,65,16.9979,6,3,4,1,0,0,0,0,0,6,0,-2.094999999999999,7.995,0,0
2,0,1,1,12.3,13.635,65,22.0028,7,3,4,1,0,1,0,0,0,7,0,-1.334999999999999,7.995,0,0
2,0,1,1,13.12,15.15,66,22.0028,8,3,4,1,0,1,0,0,0,8,0,-2.030000000000001,8.6592,0,0
2,0,1,1,14.76,16.665,57,23.9994,9,3,4,1,0,1,0,0,0,9,0,-1.9049999999999994,8.4132,0,0
2,0,1,1,16.4,20.455,50,19.9995,10,3,4,1,0,0,0,0,0,10,0,-4.055,8.2,0,0
2,0,1,1,17.22,21.21,47,19.9995,11,3,4,1,0,0,0,0,0,11,0,-3.990000000000002,8.093399999999999,0,0
2,0,1,1,18.86,22.725,41,30.0026,12,3,4,1,0,0,0,0,0,12,0,-3.865000000000002,7.7326,0,0
2,0,1,1,19.68,23.485,36,30.0026,13,3,4,1,0,0,0,0,0,13,0,-3.8049999999999997,7.0848,0,0
2,0,1,1,20.5,24.24,31,22.0028,14,3,4,1,0,0,0,0,0,14,0,-3.7399999999999984,6.355,0,0
2,0,1,1,19.68,23.485,31,16.9979,15,3,4,1,0,0,0,0,0,15,0,-3.8049999999999997,6.1008000000000004,0,0
2,0,1,1,19.68,23.485,31,19.0012,16,3,4,1,0,0,0,0,0,16,0,-3.8049999999999997,6.1008000000000004,0,0
2,0,1,1,20.5,24.24,27,26.0027,17,3,4,1,0,0,1,0,0,17,0,-3.7399999999999984,5.535,0,0
2,0,1,1,20.5,24.24,27,26.0027,18,3,4,1,0,0,1,0,0,18,0,-3.7399999999999984,5.535,0,0
2,0,1,1,18.86,22.725,31,19.9995,19,3,4,1,0,0,1,0,0,19,0,-3.865000000000002,5.8466,0,0
2,0,1,1,18.04,21.97,33,16.9979,20,3,4,1,0,0,0,0,0,20,0,-3.9299999999999997,5.953199999999999,0,0
2,0,1,1,17.22,21.21,35,8.9981,21,3,4,1,0,0,0,0,0,21,0,-3.990000000000002,6.026999999999999,0,0
2,0,1,1,17.22,21.21,35,12.998,22,3,4,1,0,0,0,0,0,22,0,-3.990000000000002,6.026999999999999,0,0
2,0,1,1,17.22,21.21,35,12.998,23,3,4,1,0,0,0,0,0,23,0,-3.990000000000002,6.026999999999999,0,0
2,0,1,1,16.4,20.455,37,16.9979,0,4,4,1,0,0,0,0,1,0,0,-4.055,6.068,0,0
2,0,1,1,14.76,17.425,46,12.998,1,4,4,1,0,0,0,0,1,1,0,-2.665000000000001,6.7896,0,0
2,0,1,1,13.94,16.665,49,12.998,2,4,4,1,0,0,0,0,1,2,0,-2.7249999999999996,6.8306,0,0
2,0,1,1,13.94,16.665,61,11.0014,3,4,4,1,0,0,0,0,1,3,0,-2.7249999999999996,8.5034,0,0
2,0,1,2,13.94,16.665,53,8.9981,4,4,4,1,0,0,0,0,1,4,0,-2.7249999999999996,7.388199999999999,0,0
2,0,1,2,13.94,16.665,53,11.0014,5,4,4,1,0,0,0,0,1,5,0,-2.7249999999999996,7.388199999999999,0,0
2,0,1,1,13.12,15.91,57,11.0014,6,4,4,1,0,0,0,0,0,6,0,-2.790000000000001,7.478399999999999,0,0
2,0,1,1,13.94,15.91,61,15.0013,7,4,4,1,0,1,0,0,0,7,0,-1.9700000000000006,8.5034,0,0
2,0,1,1,15.58,19.695,46,11.0014,8,4,4,1,0,1,0,0,0,8,0,-4.115,7.166799999999999,0,0
2,0,1,1,17.22,21.21,41,11.0014,9,4,4,1,0,1,0,0,0,9,0,-3.990000000000002,7.0602,0,0
2,0,1,1,18.04,21.97,38,12.998,10,4,4,1,0,0,0,0,0,10,0,-3.9299999999999997,6.8552,0,0
2,0,1,1,18.86,22.725,36,8.9981,11,4,4,1,0,0,0,0,0,11,0,-3.865000000000002,6.7896,0,0
2,0,1,1,20.5,24.24,31,0.0,12,4,4,1,0,0,0,0,0,12,0,-3.7399999999999984,6.355,0,0
2,0,1,1,21.32,25.0,27,19.0012,13,4,4,1,0,0,0,0,0,13,0,-3.6799999999999997,5.7564,0,0
2,0,1,1,21.32,25.0,27,0.0,14,4,4,1,0,0,0,0,0,14,0,-3.6799999999999997,5.7564,0,0
2,0,1,1,22.14,25.76,28,16.9979,15,4,4,1,0,0,0,0,0,15,0,-3.620000000000001,6.199200000000001,0,0
2,0,1,1,22.96,26.515,26,16.9979,16,4,4,1,0,0,0,0,0,16,0,-3.5549999999999997,5.969600000000001,0,0
2,0,1,1,22.96,26.515,24,11.0014,17,4,4,1,0,0,1,0,0,17,0,-3.5549999999999997,5.5104,0,0
2,0,1,1,22.14,25.76,26,8.9981,18,4,4,1,0,0,1,0,0,18,0,-3.620000000000001,5.7564,0,0
2,0,1,1,22.14,25.76,24,11.0014,19,4,4,1,0,0,1,0,0,19,0,-3.620000000000001,5.3136,0,0
2,0,1,1,20.5,24.24,29,8.9981,20,4,4,1,0,0,0,0,0,20,0,-3.7399999999999984,5.945,0,0
2,0,1,1,20.5,24.24,36,0.0,21,4,4,1,0,0,0,0,0,21,0,-3.7399999999999984,7.38,0,0
2,0,1,1,18.04,21.97,62,7.0015,22,4,4,1,0,0,0,0,0,22,0,-3.9299999999999997,11.184800000000001,0,0
2,0,1,1,17.22,21.21,62,6.0032,23,4,4,1,0,0,0,0,0,23,0,-3.990000000000002,10.6764,0,0
2,0,0,1,16.4,20.455,58,8.9981,0,5,4,1,1,0,0,0,1,0,0,-4.055,9.511999999999999,0,0
2,0,0,1,16.4,20.455,58,8.9981,1,5,4,1,1,0,0,0,1,0,1,-4.055,9.511999999999999,0,0
2,0,0,1,15.58,19.695,66,8.9981,2,5,4,1,1,0,0,0,1,0,2,-4.115,10.2828,0,0
2,0,0,1,14.76,18.18,66,6.0032,3,5,4,1,1,0,0,0,1,0,3,-3.42,9.7416,0,0
2,0,0,1,14.76,18.18,71,7.0015,4,5,4,1,1,0,0,0,1,0,4,-3.42,10.4796,0,0
2,0,0,1,14.76,18.18,66,7.0015,5,5,4,1,1,0,0,0,1,0,5,-3.42,9.7416,0,0
2,0,0,1,13.94,16.665,76,11.0014,6,5,4,1,1,0,0,0,0,0,6,-2.7249999999999996,10.5944,0,0
2,0,0,1,14.76,18.18,71,7.0015,7,5,4,1,1,0,0,0,0,0,7,-3.42,10.4796,0,0
2,0,0,1,14.76,17.425,71,8.9981,8,5,4,1,1,0,0,0,0,0,8,-2.665000000000001,10.4796,0,0
2,0,0,1,17.22,21.21,54,8.9981,9,5,4,1,1,0,0,0,0,0,9,-3.990000000000002,9.298799999999998,0,0
2,0,0,1,18.86,22.725,51,11.0014,10,5,4,1,1,0,0,0,0,0,10,-3.865000000000002,9.6186,0,0
2,0,0,1,21.32,25.0,45,12.998,11,5,4,1,1,0,0,1,0,0,11,-3.6799999999999997,9.594,0,0
2,0,0,1,23.78,27.275,35,16.9979,12,5,4,1,1,0,0,1,0,0,12,-3.4949999999999974,8.323,0,0
2,0,0,1,25.42,31.06,33,19.9995,13,5,4,1,1,0,0,1,0,0,13,-5.639999999999997,8.3886,0,0
2,0,0,2,26.24,31.06,27,30.0026,14,5,4,1,1,0,0,1,0,0,14,-4.82,7.084799999999999,0,0
2,0,0,2,26.24,31.06,27,23.9994,15,5,4,1,1,0,0,1,0,0,15,-4.82,7.084799999999999,0,0
2,0,0,2,26.24,31.06,27,23.9994,16,5,4,1,1,0,0,1,0,0,16,-4.82,7.084799999999999,0,0
2,0,0,2,25.42,31.06,33,16.9979,17,5,4,1,1,0,0,0,0,0,17,-5.639999999999997,8.3886,0,0
2,0,0,2,25.42,31.06,35,15.0013,18,5,4,1,1,0,0,0,0,0,18,-5.639999999999997,8.897,0,0
2,0,0,2,24.6,31.06,40,11.0014,19,5,4,1,1,0,0,0,0,0,19,-6.459999999999997,9.84,0,0
2,0,0,2,22.96,26.515,46,8.9981,20,5,4,1,1,0,0,0,0,0,20,-3.5549999999999997,10.5616,0,0
2,0,0,2,22.96,26.515,43,8.9981,21,5,4,1,1,0,0,0,0,0,21,-3.5549999999999997,9.872800000000002,0,0
2,0,0,2,22.14,25.76,52,11.0014,22,5,4,1,1,0,0,0,0,0,22,-3.620000000000001,11.5128,0,0
2,0,0,2,22.14,25.76,56,12.998,23,5,4,1,1,0,0,0,0,0,23,-3.620000000000001,12.398400000000002,0,0
2,0,0,2,22.14,25.76,56,12.998,0,6,4,1,1,0,0,0,1,0,0,-3.620000000000001,12.398400000000002,0,0
2,0,0,2,22.14,25.76,56,11.0014,1,6,4,1,1,0,0,0,1,0,1,-3.620000000000001,12.398400000000002,0,0
2,0,0,2,22.14,25.76,56,7.0015,2,6,4,1,1,0,0,0,1,0,2,-3.620000000000001,12.398400000000002,0,0
2,0,0,2,21.32,25.0,59,8.9981,3,6,4,1,1,0,0,0,1,0,3,-3.6799999999999997,12.578800000000001,0,0
2,0,0,2,22.14,25.76,52,0.0,4,6,4,1,1,0,0,0,1,0,4,-3.620000000000001,11.5128,0,0
2,0,0,1,20.5,24.24,68,11.0014,5,6,4,1,1,0,0,0,1,0,5,-3.7399999999999984,13.94,0,0
2,0,0,1,20.5,24.24,63,8.9981,6,6,4,1,1,0,0,0,0,0,6,-3.7399999999999984,12.915,0,0
2,0,0,1,20.5,24.24,63,7.0015,7,6,4,1,1,0,0,0,0,0,7,-3.7399999999999984,12.915,0,0
2,0,0,1,21.32,25.0,59,0.0,8,6,4,1,1,0,0,0,0,0,8,-3.6799999999999997,12.578800000000001,0,0
2,0,0,1,22.14,25.76,56,15.0013,9,6,4,1,1,0,0,0,0,0,9,-3.620000000000001,12.398400000000002,0,0
2,0,0,1,23.78,27.275,53,15.0013,10,6,4,1,1,0,0,0,0,0,10,-3.4949999999999974,12.6034,0,0
2,0,0,1,25.42,31.06,46,19.9995,11,6,4,1,1,0,0,1,0,0,11,-5.639999999999997,11.693200000000001,0,0
2,0,0,1,26.24,31.06,44,19.0012,12,6,4,1,1,0,0,1,0,0,12,-4.82,11.5456,0,0
2,0,0,1,27.06,31.06,44,19.0012,13,6,4,1,1,0,0,1,0,0,13,-4.0,11.906399999999998,0,0
2,0,0,1,28.7,31.82,39,19.0012,14,6,4,1,1,0,0,1,0,0,14,-3.120000000000001,11.193,0,0
2,0,0,1,28.7,31.82,39,26.0027,15,6,4,1,1,0,0,1,0,0,15,-3.120000000000001,11.193,0,0
2,0,0,1,29.52,32.575,39,23.9994,16,6,4,1,1,0,0,1,0,0,16,-3.0550000000000033,11.5128,0,0
2,0,0,1,28.7,31.82,42,22.0028,17,6,4,1,1,0,0,0,0,0,17,-3.120000000000001,12.053999999999998,0,0
2,0,0,1,28.7,31.82,42,16.9979,18,6,4,1,1,0,0,0,0,0,18,-3.120000000000001,12.053999999999998,0,0
2,0,0,1,28.7,31.82,42,16.9979,19,6,4,1,1,0,0,0,0,0,19,-3.120000000000001,12.053999999999998,0,0
2,0,0,1,26.24,31.06,50,15.0013,20,6,4,1,1,0,0,0,0,0,20,-4.82,13.12,0,0
2,0,0,1,25.42,31.06,57,16.9979,21,6,4,1,1,0,0,0,0,0,21,-5.639999999999997,14.4894,0,0
2,0,0,1,27.88,31.82,44,23.9994,22,6,4,1,1,0,0,0,0,0,22,-3.9400000000000013,12.2672,0,0
2,0,0,1,27.06,31.06,50,26.0027,23,6,4,1,1,0,0,0,0,0,23,-4.0,13.53,0,0
2,1,0,1,26.24,31.06,53,22.0028,0,0,4,1,0,0,0,0,1,0,0,-4.82,13.9072,0,0
2,1,0,1,25.42,30.305,61,23.9994,1,0,4,1,0,0,0,0,1,0,0,-4.884999999999998,15.506200000000002,0,0
2,1,0,1,24.6,30.305,64,16.9979,2,0,4,1,0,0,0,0,1,0,0,-5.704999999999998,15.744000000000002,0,0
2,1,0,1,23.78,27.275,68,12.998,3,0,4,1,0,0,0,0,1,0,0,-3.4949999999999974,16.1704,0,0
2,1,0,1,22.14,25.76,77,15.0013,4,0,4,1,0,0,0,0,1,0,0,-3.620000000000001,17.0478,0,0
2,1,0,1,22.14,25.76,77,15.0013,5,0,4,1,0,0,0,0,1,0,0,-3.620000000000001,17.0478,0,0
2,1,0,1,21.32,25.0,83,11.0014,6,0,4,1,0,0,0,0,0,0,0,-3.6799999999999997,17.6956,0,0
2,1,0,1,21.32,25.0,83,8.9981,7,0,4,1,0,0,0,0,0,0,0,-3.6799999999999997,17.6956,0,0
2,1,0,2,22.96,26.515,83,11.0014,8,0,4,1,0,0,0,0,0,0,0,-3.5549999999999997,19.0568,0,0
2,1,0,1,25.42,30.305,69,15.0013,9,0,4,1,0,0,0,0,0,0,0,-4.884999999999998,17.5398,0,0
2,1,0,1,25.42,30.305,69,16.9979,10,0,4,1,0,0,0,0,0,0,0,-4.884999999999998,17.5398,0,0
2,1,0,1,26.24,30.305,65,16.9979,11,0,4,1,0,0,0,0,0,0,0,-4.065000000000001,17.055999999999997,0,0
2,1,0,1,27.88,31.82,57,16.9979,12,0,4,1,0,0,0,0,0,0,0,-3.9400000000000013,15.891599999999999,0,0
2,1,0,1,30.34,33.335,45,19.9995,13,0,4,1,0,0,0,0,0,0,0,-2.995000000000001,13.652999999999999,0,0
2,1,0,1,31.16,34.09,45,22.0028,14,0,4,1,0,0,0,0,0,0,0,-2.9300000000000033,14.022,0,0
2,1,0,1,32.8,34.85,33,30.0026,15,0,4,1,0,0,0,0,0,0,0,-2.0500000000000043,10.823999999999998,0,0
2,1,0,1,32.8,34.85,33,31.0009,16,0,4,1,0,0,0,0,0,0,0,-2.0500000000000043,10.823999999999998,0,0
2,1,0,1,32.8,34.85,33,26.0027,17,0,4,1,0,0,0,0,0,0,0,-2.0500000000000043,10.823999999999998,0,0
2,1,0,1,32.8,34.85,31,26.0027,18,0,4,1,0,0,0,0,0,0,0,-2.0500000000000043,10.168,0,0
2,1,0,1,31.16,33.335,35,26.0027,19,0,4,1,0,0,0,0,0,0,0,-2.1750000000000007,10.905999999999999,0,0
2,1,0,1,30.34,32.575,37,19.9995,20,0,4,1,0,0,0,0,0,0,0,-2.235000000000003,11.2258,0,0
2,1,0,1,27.88,31.82,51,16.9979,21,0,4,1,0,0,0,0,0,0,0,-3.9400000000000013,14.218799999999998,0,0
2,1,0,1,27.88,31.82,51,16.9979,22,0,4,1,0,0,0,0,0,0,0,-3.9400000000000013,14.218799999999998,0,0
2,1,0,1,28.7,31.82,45,19.9995,23,0,4,1,0,0,0,0,0,0,0,-3.120000000000001,12.915,0,0
2,0,1,1,27.06,31.06,54,12.998,0,1,4,1,0,0,0,0,1,0,0,-4.0,14.612400000000001,0,0
2,0,1,1,26.24,31.06,57,11.0014,1,1,4,1,0,0,0,0,1,1,0,-4.82,14.956799999999998,0,0
2,0,1,1,22.96,26.515,83,7.0015,2,1,4,1,0,0,0,0,1,2,0,-3.5549999999999997,19.0568,0,0
2,0,1,1,22.96,26.515,83,6.0032,3,1,4,1,0,0,0,0,1,3,0,-3.5549999999999997,19.0568,0,0
2,0,1,1,27.06,31.06,44,15.0013,4,1,4,1,0,0,0,0,1,4,0,-4.0,11.906399999999998,0,0
2,0,1,1,24.6,31.06,53,16.9979,5,1,4,1,0,0,0,0,1,5,0,-6.459999999999997,13.038000000000002,0,0
2,0,1,1,24.6,31.06,46,16.9979,6,1,4,1,0,0,0,0,0,6,0,-6.459999999999997,11.316,0,0
2,0,1,1,24.6,31.06,43,16.9979,7,1,4,1,0,1,0,0,0,7,0,-6.459999999999997,10.578,0,0
2,0,1,1,24.6,31.06,43,15.0013,8,1,4,1,0,1,0,0,0,8,0,-6.459999999999997,10.578,0,0
2,0,1,1,24.6,31.06,38,32.9975,9,1,4,1,0,1,0,0,0,9,0,-6.459999999999997,9.348,0,0
2,0,1,1,24.6,31.06,38,27.9993,10,1,4,1,0,0,0,0,0,10,0,-6.459999999999997,9.348,0,0
2,0,1,1,24.6,31.06,33,27.9993,11,1,4,1,0,0,0,0,0,11,0,-6.459999999999997,8.118,0,0
2,0,1,1,24.6,31.06,33,23.9994,12,1,4,1,0,0,0,0,0,12,0,-6.459999999999997,8.118,0,0
2,0,1,1,25.42,31.06,29,16.9979,13,1,4,1,0,0,0,0,0,13,0,-5.639999999999997,7.3718,0,0
2,0,1,1,26.24,31.06,27,19.0012,14,1,4,1,0,0,0,0,0,14,0,-4.82,7.084799999999999,0,0
2,0,1,1,27.06,31.06,24,22.0028,15,1,4,1,0,0,0,0,0,15,0,-4.0,6.4944,0,0
2,0,1,1,27.88,31.06,22,23.9994,16,1,4,1,0,0,0,0,0,16,0,-3.1799999999999997,6.1336,0,0
2,0,1,1,26.24,30.305,25,19.9995,17,1,4,1,0,0,1,0,0,17,0,-4.065000000000001,6.56,0,0
2,0,1,1,26.24,30.305,25,19.0012,18,1,4,1,0,0,1,0,0,18,0,-4.065000000000001,6.56,0,0
2,0,1,1,24.6,30.305,26,16.9979,19,1,4,1,0,0,1,0,0,19,0,-5.704999999999998,6.396,0,0
2,0,1,1,24.6,30.305,23,19.0012,20,1,4,1,0,0,0,0,0,20,0,-5.704999999999998,5.658,0,0
2,0,1,1,22.96,26.515,26,19.9995,21,1,4,1,0,0,0,0,0,21,0,-3.5549999999999997,5.969600000000001,0,0
2,0,1,1,22.14,25.76,30,16.9979,22,1,4,1,0,0,0,0,0,22,0,-3.620000000000001,6.642,0,0
2,0,1,1,22.14,25.76,32,15.0013,23,1,4,1,0,0,0,0,0,23,0,-3.620000000000001,7.0848,0,0
2,0,1,1,22.14,25.76,32,11.0014,0,2,4,1,0,0,0,0,1,0,0,-3.620000000000001,7.0848,0,0
2,0,1,1,21.32,25.0,34,12.998,1,2,4,1,0,0,0,0,1,1,0,-3.6799999999999997,7.2488,0,0
2,0,1,2,20.5,24.24,42,12.998,2,2,4,1,0,0,0,0,1,2,0,-3.7399999999999984,8.61,0,0
2,0,1,2,20.5,24.24,42,15.0013,3,2,4,1,0,0,0,0,1,3,0,-3.7399999999999984,8.61,0,0
2,0,1,2,20.5,24.24,42,19.0012,4,2,4,1,0,0,0,0,1,4,0,-3.7399999999999984,8.61,0,0
2,0,1,2,20.5,24.24,39,19.0012,5,2,4,1,0,0,0,0,1,5,0,-3.7399999999999984,7.995,0,0
2,0,1,2,20.5,24.24,39,19.0012,6,2,4,1,0,0,0,0,0,6,0,-3.7399999999999984,7.995,0,0
2,0,1,2,20.5,24.24,39,12.998,7,2,4,1,0,1,0,0,0,7,0,-3.7399999999999984,7.995,0,0
2,0,1,3,20.5,24.24,39,12.998,8,2,4,1,0,1,0,0,0,8,0,-3.7399999999999984,7.995,0,1
2,0,1,3,19.68,23.485,44,19.9995,9,2,4,1,0,1,0,0,0,9,0,-3.8049999999999997,8.6592,0,1
2,0,1,3,19.68,23.485,47,15.0013,10,2,4,1,0,0,0,0,0,10,0,-3.8049999999999997,9.249600000000001,0,1
2,0,1,3,18.86,22.725,47,16.9979,11,2,4,1,0,0,0,0,0,11,0,-3.865000000000002,8.8642,0,1
2,0,1,3,18.86,22.725,51,7.0015,12,2,4,1,0,0,0,0,0,12,0,-3.865000000000002,9.6186,0,1
2,0,1,3,18.86,22.725,59,0.0,13,2,4,1,0,0,0,0,0,13,0,-3.865000000000002,11.1274,0,1
2,0,1,3,18.04,21.97,72,7.0015,14,2,4,1,0,0,0,0,0,14,0,-3.9299999999999997,12.9888,0,1
2,0,1,3,17.22,21.21,77,12.998,15,2,4,1,0,0,0,0,0,15,0,-3.990000000000002,13.259399999999998,0,1
2,0,1,2,17.22,21.21,77,15.0013,16,2,4,1,0,0,0,0,0,16,0,-3.990000000000002,13.259399999999998,0,0
2,0,1,2,17.22,21.21,77,12.998,17,2,4,1,0,0,1,0,0,17,0,-3.990000000000002,13.259399999999998,0,0
2,0,1,2,17.22,21.21,77,0.0,18,2,4,1,0,0,1,0,0,18,0,-3.990000000000002,13.259399999999998,0,0
2,0,1,2,17.22,21.21,77,8.9981,19,2,4,1,0,0,1,0,0,19,0,-3.990000000000002,13.259399999999998,0,0
2,0,1,2,17.22,21.21,77,7.0015,20,2,4,1,0,0,0,0,0,20,0,-3.990000000000002,13.259399999999998,0,0
2,0,1,2,17.22,21.21,82,6.0032,21,2,4,1,0,0,0,0,0,21,0,-3.990000000000002,14.1204,0,0
2,0,1,2,17.22,21.21,77,6.0032,22,2,4,1,0,0,0,0,0,22,0,-3.990000000000002,13.259399999999998,0,0
2,0,1,2,17.22,21.21,77,0.0,23,2,4,1,0,0,0,0,0,23,0,-3.990000000000002,13.259399999999998,0,0
2,0,1,3,17.22,21.21,77,0.0,0,3,4,1,0,0,0,0,1,0,0,-3.990000000000002,13.259399999999998,0,1
2,0,1,3,17.22,21.21,77,7.0015,1,3,4,1,0,0,0,0,1,1,0,-3.990000000000002,13.259399999999998,0,1
2,0,1,2,17.22,21.21,77,0.0,2,3,4,1,0,0,0,0,1,2,0,-3.990000000000002,13.259399999999998,0,0
2,0,1,2,17.22,21.21,77,0.0,3,3,4,1,0,0,0,0,1,3,0,-3.990000000000002,13.259399999999998,0,0
2,0,1,2,17.22,21.21,71,0.0,4,3,4,1,0,0,0,0,1,4,0,-3.990000000000002,12.226199999999999,0,0
2,0,1,1,16.4,20.455,82,0.0,5,3,4,1,0,0,0,0,1,5,0,-4.055,13.448,0,0
2,0,1,2,16.4,20.455,82,7.0015,6,3,4,1,0,0,0,0,0,6,0,-4.055,13.448,0,0
2,0,1,2,16.4,20.455,82,8.9981,7,3,4,1,0,1,0,0,0,7,0,-4.055,13.448,0,0
2,0,1,2,17.22,21.21,82,7.0015,8,3,4,1,0,1,0,0,0,8,0,-3.990000000000002,14.1204,0,0
2,0,1,2,18.86,22.725,72,0.0,9,3,4,1,0,1,0,0,0,9,0,-3.865000000000002,13.5792,0,0
2,0,1,1,19.68,23.485,63,6.0032,10,3,4,1,0,0,0,0,0,10,0,-3.8049999999999997,12.398399999999999,0,0
2,0,1,1,21.32,25.0,48,0.0,11,3,4,1,0,0,0,0,0,11,0,-3.6799999999999997,10.233600000000001,0,0
2,0,1,1,22.14,25.76,49,0.0,12,3,4,1,0,0,0,0,0,12,0,-3.620000000000001,10.848600000000001,0,0
2,0,1,1,22.96,26.515,46,0.0,13,3,4,1,0,0,0,0,0,13,0,-3.5549999999999997,10.5616,0,0
2,0,1,1,23.78,27.275,43,0.0,14,3,4,1,0,0,0,0,0,14,0,-3.4949999999999974,10.2254,0,0
2,0,1,1,24.6,31.06,43,0.0,15,3,4,1,0,0,0,0,0,15,0,-6.459999999999997,10.578,0,0
2,0,1,1,25.42,31.06,41,7.0015,16,3,4,1,0,0,0,0,0,16,0,-5.639999999999997,10.4222,0,0
2,0,1,1,24.6,31.06,43,6.0032,17,3,4,1,0,0,1,0,0,17,0,-6.459999999999997,10.578,0,0
2,0,1,1,24.6,31.06,43,6.0032,18,3,4,1,0,0,1,0,0,18,0,-6.459999999999997,10.578,0,0
2,0,1,1,23.78,27.275,46,8.9981,19,3,4,1,0,0,1,0,0,19,0,-3.4949999999999974,10.9388,0,0
2,0,1,1,22.96,26.515,49,15.0013,20,3,4,1,0,0,0,0,0,20,0,-3.5549999999999997,11.250399999999999,0,0
2,0,1,1,21.32,25.0,55,7.0015,21,3,4,1,0,0,0,0,0,21,0,-3.6799999999999997,11.725999999999999,0,0
2,0,1,1,21.32,25.0,59,12.998,22,3,4,1,0,0,0,0,0,22,0,-3.6799999999999997,12.578800000000001,0,0
2,0,1,1,20.5,24.24,63,7.0015,23,3,4,1,0,0,0,0,0,23,0,-3.7399999999999984,12.915,0,0
2,0,1,2,20.5,24.24,59,12.998,0,1,5,1,0,0,0,0,1,0,0,-3.7399999999999984,12.095,0,0
2,0,1,2,20.5,24.24,63,8.9981,1,1,5,1,0,0,0,0,1,1,0,-3.7399999999999984,12.915,0,0
2,0,1,2,20.5,24.24,72,6.0032,2,1,5,1,0,0,0,0,1,2,0,-3.7399999999999984,14.76,0,0
2,0,1,2,20.5,24.24,77,0.0,3,1,5,1,0,0,0,0,1,3,0,-3.7399999999999984,15.785,0,0
2,0,1,2,21.32,25.0,72,6.0032,4,1,5,1,0,0,0,0,1,4,0,-3.6799999999999997,15.3504,0,0
2,0,1,2,21.32,25.0,72,6.0032,5,1,5,1,0,0,0,0,1,5,0,-3.6799999999999997,15.3504,0,0
2,0,1,3,21.32,25.0,77,7.0015,6,1,5,1,0,0,0,0,0,6,0,-3.6799999999999997,16.4164,0,1
2,0,1,2,20.5,24.24,94,16.9979,7,1,5,1,0,1,0,0,0,7,0,-3.7399999999999984,19.27,0,0
2,0,1,2,21.32,25.0,94,19.0012,8,1,5,1,0,1,0,0,0,8,0,-3.6799999999999997,20.0408,0,0
2,0,1,2,22.14,25.76,88,12.998,9,1,5,1,0,1,0,0,0,9,0,-3.620000000000001,19.4832,0,0
2,0,1,1,25.42,29.545,78,16.9979,10,1,5,1,0,0,0,0,0,10,0,-4.125,19.827600000000004,0,0
2,0,1,2,27.06,31.06,65,19.0012,11,1,5,1,0,0,0,0,0,11,0,-4.0,17.589,0,0
2,0,1,2,28.7,32.575,58,15.0013,12,1,5,1,0,0,0,0,0,12,0,-3.8750000000000036,16.646,0,0
2,0,1,2,29.52,33.335,51,15.0013,13,1,5,1,0,0,0,0,0,13,0,-3.8150000000000013,15.0552,0,0
2,0,1,2,30.34,33.335,48,16.9979,14,1,5,1,0,0,0,0,0,14,0,-2.995000000000001,14.5632,0,0
2,0,1,2,30.34,33.335,45,15.0013,15,1,5,1,0,0,0,0,0,15,0,-2.995000000000001,13.652999999999999,0,0
2,0,1,1,30.34,33.335,45,12.998,16,1,5,1,0,0,0,0,0,16,0,-2.995000000000001,13.652999999999999,0,0
2,0,1,1,30.34,33.335,48,6.0032,17,1,5,1,0,0,1,0,0,17,0,-2.995000000000001,14.5632,0,0
2,0,1,1,28.7,32.575,54,8.9981,18,1,5,1,0,0,1,0,0,18,0,-3.8750000000000036,15.498,0,0
2,0,1,1,28.7,32.575,54,8.9981,19,1,5,1,0,0,1,0,0,19,0,-3.8750000000000036,15.498,0,0
2,0,1,1,27.06,31.06,61,11.0014,20,1,5,1,0,0,0,0,0,20,0,-4.0,16.5066,0,0
2,0,1,1,26.24,30.305,65,8.9981,21,1,5,1,0,0,0,0,0,21,0,-4.065000000000001,17.055999999999997,0,0
2,0,1,1,26.24,30.305,65,0.0,22,1,5,1,0,0,0,0,0,22,0,-4.065000000000001,17.055999999999997,0,0
2,0,1,1,24.6,28.79,78,0.0,23,1,5,1,0,0,0,0,0,23,0,-4.189999999999998,19.188000000000002,0,0
2,0,1,1,24.6,28.79,78,7.0015,0,2,5,1,0,0,0,0,1,0,0,-4.189999999999998,19.188000000000002,0,0
2,0,1,1,22.96,26.515,83,0.0,1,2,5,1,0,0,0,0,1,1,0,-3.5549999999999997,19.0568,0,0
2,0,1,1,22.96,26.515,83,0.0,2,2,5,1,0,0,0,0,1,2,0,-3.5549999999999997,19.0568,0,0
2,0,1,1,22.96,26.515,83,6.0032,3,2,5,1,0,0,0,0,1,3,0,-3.5549999999999997,19.0568,0,0
2,0,1,1,22.14,25.76,88,0.0,4,2,5,1,0,0,0,0,1,4,0,-3.620000000000001,19.4832,0,0
2,0,1,1,22.14,25.76,90,8.9981,5,2,5,1,0,0,0,0,1,5,0,-3.620000000000001,19.926000000000002,0,0
2,0,1,3,22.96,26.515,84,0.0,6,2,5,1,0,0,0,0,0,6,0,-3.5549999999999997,19.2864,0,1
2,0,1,2,22.14,25.76,88,12.998,7,2,5,1,0,1,0,0,0,7,0,-3.620000000000001,19.4832,0,0
2,0,1,2,22.96,26.515,88,0.0,8,2,5,1,0,1,0,0,0,8,0,-3.5549999999999997,20.2048,0,0
2,0,1,2,22.96,26.515,88,0.0,9,2,5,1,0,1,0,0,0,9,0,-3.5549999999999997,20.2048,0,0
2,0,1,2,23.78,27.275,83,7.0015,10,2,5,1,0,0,0,0,0,10,0,-3.4949999999999974,19.7374,0,0
2,0,1,2,23.78,27.275,81,8.9981,11,2,5,1,0,0,0,0,0,11,0,-3.4949999999999974,19.2618,0,0
2,0,1,2,23.78,27.275,83,15.0013,12,2,5,1,0,0,0,0,0,12,0,-3.4949999999999974,19.7374,0,0
2,0,1,2,23.78,27.275,78,12.998,13,2,5,1,0,0,0,0,0,13,0,-3.4949999999999974,18.5484,0,0
2,0,1,1,25.42,30.305,69,6.0032,14,2,5,1,0,0,0,0,0,14,0,-4.884999999999998,17.5398,0,0
2,0,1,1,26.24,30.305,65,12.998,15,2,5,1,0,0,0,0,0,15,0,-4.065000000000001,17.055999999999997,0,0
2,0,1,1,26.24,30.305,65,11.0014,16,2,5,1,0,0,0,0,0,16,0,-4.065000000000001,17.055999999999997,0,0
2,0,1,1,24.6,29.545,73,16.9979,17,2,5,1,0,0,1,0,0,17,0,-4.945,17.958000000000002,0,0
2,0,1,1,22.96,26.515,73,15.0013,18,2,5,1,0,0,1,0,0,18,0,-3.5549999999999997,16.760800000000003,0,0
2,0,1,1,22.14,25.76,77,16.9979,19,2,5,1,0,0,1,0,0,19,0,-3.620000000000001,17.0478,0,0
2,0,1,1,21.32,25.0,77,16.9979,20,2,5,1,0,0,0,0,0,20,0,-3.6799999999999997,16.4164,0,0
2,0,1,1,21.32,25.0,77,15.0013,21,2,5,1,0,0,0,0,0,21,0,-3.6799999999999997,16.4164,0,0
2,0,1,1,20.5,24.24,82,15.0013,22,2,5,1,0,0,0,0,0,22,0,-3.7399999999999984,16.81,0,0
2,0,1,2,20.5,24.24,77,16.9979,23,2,5,1,0,0,0,0,0,23,0,-3.7399999999999984,15.785,0,0
2,0,1,2,19.68,23.485,82,15.0013,0,3,5,1,0,0,0,0,1,0,0,-3.8049999999999997,16.1376,0,0
2,0,1,2,18.86,22.725,88,7.0015,1,3,5,1,0,0,0,0,1,1,0,-3.865000000000002,16.596799999999998,0,0
2,0,1,2,18.86,22.725,88,8.9981,2,3,5,1,0,0,0,0,1,2,0,-3.865000000000002,16.596799999999998,0,0
2,0,1,2,18.86,22.725,88,0.0,3,3,5,1,0,0,0,0,1,3,0,-3.865000000000002,16.596799999999998,0,0
2,0,1,2,18.86,22.725,88,16.9979,4,3,5,1,0,0,0,0,1,4,0,-3.865000000000002,16.596799999999998,0,0
2,0,1,2,18.86,22.725,88,16.9979,5,3,5,1,0,0,0,0,1,5,0,-3.865000000000002,16.596799999999998,0,0
2,0,1,2,18.86,22.725,88,11.0014,6,3,5,1,0,0,0,0,0,6,0,-3.865000000000002,16.596799999999998,0,0
2,0,1,3,18.04,21.97,94,7.0015,7,3,5,1,0,1,0,0,0,7,0,-3.9299999999999997,16.9576,0,1
2,0,1,3,18.86,22.725,88,12.998,8,3,5,1,0,1,0,0,0,8,0,-3.865000000000002,16.596799999999998,0,1
2,0,1,2,19.68,23.485,88,7.0015,9,3,5,1,0,1,0,0,0,9,0,-3.8049999999999997,17.3184,0,0
2,0,1,2,21.32,25.0,77,0.0,10,3,5,1,0,0,0,0,0,10,0,-3.6799999999999997,16.4164,0,0
2,0,1,1,22.14,25.76,77,0.0,11,3,5,1,0,0,0,0,0,11,0,-3.620000000000001,17.0478,0,0
2,0,1,1,22.96,26.515,73,8.9981,12,3,5,1,0,0,0,0,0,12,0,-3.5549999999999997,16.760800000000003,0,0
2,0,1,1,24.6,29.545,69,12.998,13,3,5,1,0,0,0,0,0,13,0,-4.945,16.974,0,0
2,0,1,1,26.24,30.305,65,12.998,14,3,5,1,0,0,0,0,0,14,0,-4.065000000000001,17.055999999999997,0,0
2,0,1,1,27.06,31.06,61,12.998,15,3,5,1,0,0,0,0,0,15,0,-4.0,16.5066,0,0
2,0,1,1,27.88,31.82,57,11.0014,16,3,5,1,0,0,0,0,0,16,0,-3.9400000000000013,15.891599999999999,0,0
2,0,1,1,29.52,33.335,54,8.9981,17,3,5,1,0,0,1,0,0,17,0,-3.8150000000000013,15.9408,0,0
2,0,1,1,29.52,33.335,58,8.9981,18,3,5,1,0,0,1,0,0,18,0,-3.8150000000000013,17.1216,0,0
2,0,1,1,28.7,32.575,61,12.998,19,3,5,1,0,0,1,0,0,19,0,-3.8750000000000036,17.507,0,0
2,0,1,1,26.24,30.305,73,12.998,20,3,5,1,0,0,0,0,0,20,0,-4.065000000000001,19.1552,0,0
2,0,1,1,25.42,29.545,78,8.9981,21,3,5,1,0,0,0,0,0,21,0,-4.125,19.827600000000004,0,0
2,0,1,1,25.42,29.545,78,0.0,22,3,5,1,0,0,0,0,0,22,0,-4.125,19.827600000000004,0,0
2,0,1,1,24.6,28.03,83,0.0,23,3,5,1,0,0,0,0,0,23,0,-3.4299999999999997,20.418000000000003,0,0
2,0,1,1,24.6,28.79,78,22.0028,0,4,5,1,0,0,0,0,1,0,0,-4.189999999999998,19.188000000000002,0,0
2,0,1,1,24.6,28.79,78,7.0015,1,4,5,1,0,0,0,0,1,1,0,-4.189999999999998,19.188000000000002,0,0
2,0,1,1,23.78,27.275,83,8.9981,2,4,5,1,0,0,0,0,1,2,0,-3.4949999999999974,19.7374,0,0
2,0,1,1,22.96,26.515,88,15.0013,3,4,5,1,0,0,0,0,1,3,0,-3.5549999999999997,20.2048,0,0
2,0,1,1,22.96,26.515,88,12.998,4,4,5,1,0,0,0,0,1,4,0,-3.5549999999999997,20.2048,0,0
2,0,1,1,22.96,26.515,88,12.998,5,4,5,1,0,0,0,0,1,5,0,-3.5549999999999997,20.2048,0,0
2,0,1,1,22.14,25.76,94,7.0015,6,4,5,1,0,0,0,0,0,6,0,-3.620000000000001,20.8116,0,0
2,0,1,1,22.96,26.515,88,0.0,7,4,5,1,0,1,0,0,0,7,0,-3.5549999999999997,20.2048,0,0
2,0,1,1,22.96,26.515,88,0.0,8,4,5,1,0,1,0,0,0,8,0,-3.5549999999999997,20.2048,0,0
2,0,1,1,24.6,28.79,78,0.0,9,4,5,1,0,1,0,0,0,9,0,-4.189999999999998,19.188000000000002,0,0
2,0,1,2,25.42,29.545,73,8.9981,10,4,5,1,0,0,0,0,0,10,0,-4.125,18.5566,0,0
2,0,1,2,28.7,32.575,61,0.0,11,4,5,1,0,0,0,0,0,11,0,-3.8750000000000036,17.507,0,0
2,0,1,3,25.42,29.545,78,23.9994,12,4,5,1,0,0,0,0,0,12,0,-4.125,19.827600000000004,0,1
2,0,1,2,26.24,30.305,73,0.0,13,4,5,1,0,0,0,0,0,13,0,-4.065000000000001,19.1552,0,0
2,0,1,2,27.06,31.06,74,19.0012,14,4,5,1,0,0,0,0,0,14,0,-4.0,20.0244,0,0
2,0,1,2,29.52,34.09,62,7.0015,15,4,5,1,0,0,0,0,0,15,0,-4.570000000000004,18.3024,0,0
2,0,1,1,31.16,34.09,48,11.0014,16,4,5,1,0,0,0,0,0,16,0,-2.9300000000000033,14.956800000000001,0,0
2,0,1,1,28.7,32.575,54,31.0009,17,4,5,1,0,0,1,0,0,17,0,-3.8750000000000036,15.498,0,0
2,0,1,1,28.7,32.575,54,31.0009,18,4,5,1,0,0,1,0,0,18,0,-3.8750000000000036,15.498,0,0
2,0,1,1,28.7,32.575,51,8.9981,19,4,5,1,0,0,1,0,0,19,0,-3.8750000000000036,14.637,0,0
2,0,1,1,27.88,31.82,51,7.0015,20,4,5,1,0,0,0,0,0,20,0,-3.9400000000000013,14.218799999999998,0,0
2,0,1,1,26.24,30.305,69,12.998,21,4,5,1,0,0,0,0,0,21,0,-4.065000000000001,18.1056,0,0
2,0,1,1,24.6,28.03,83,8.9981,22,4,5,1,0,0,0,0,0,22,0,-3.4299999999999997,20.418000000000003,0,0
2,0,1,1,24.6,28.03,83,6.0032,23,4,5,1,0,0,0,0,0,23,0,-3.4299999999999997,20.418000000000003,0,0
2,0,0,1,24.6,28.03,83,0.0,0,5,5,1,1,0,0,0,1,0,0,-3.4299999999999997,20.418000000000003,0,0
2,0,0,1,24.6,28.03,83,0.0,1,5,5,1,1,0,0,0,1,0,1,-3.4299999999999997,20.418000000000003,0,0
2,0,0,1,23.78,27.275,88,0.0,2,5,5,1,1,0,0,0,1,0,2,-3.4949999999999974,20.926400000000005,0,0
2,0,0,1,23.78,27.275,83,0.0,3,5,5,1,1,0,0,0,1,0,3,-3.4949999999999974,19.7374,0,0
2,0,0,1,22.96,26.515,88,7.0015,4,5,5,1,1,0,0,0,1,0,4,-3.5549999999999997,20.2048,0,0
2,0,0,1,22.96,26.515,88,6.0032,5,5,5,1,1,0,0,0,1,0,5,-3.5549999999999997,20.2048,0,0
2,0,0,2,22.14,25.76,94,0.0,6,5,5,1,1,0,0,0,0,0,6,-3.620000000000001,20.8116,0,0
2,0,0,1,22.96,26.515,88,0.0,7,5,5,1,1,0,0,0,0,0,7,-3.5549999999999997,20.2048,0,0
2,0,0,1,23.78,27.275,83,6.0032,8,5,5,1,1,0,0,0,0,0,8,-3.4949999999999974,19.7374,0,0
2,0,0,1,25.42,29.545,78,7.0015,9,5,5,1,1,0,0,0,0,0,9,-4.125,19.827600000000004,0,0
2,0,0,1,27.06,31.06,65,8.9981,10,5,5,1,1,0,0,0,0,0,10,-4.0,17.589,0,0
2,0,0,1,28.7,32.575,58,6.0032,11,5,5,1,1,0,0,1,0,0,11,-3.8750000000000036,16.646,0,0
2,0,0,1,29.52,33.335,58,7.0015,12,5,5,1,1,0,0,1,0,0,12,-3.8150000000000013,17.1216,0,0
2,0,0,1,30.34,34.09,55,8.9981,13,5,5,1,1,0,0,1,0,0,13,-3.7500000000000036,16.687,0,0
2,0,0,3,28.7,32.575,61,19.9995,14,5,5,1,1,0,0,1,0,0,14,-3.8750000000000036,17.507,0,1
2,0,0,3,27.06,31.06,74,12.998,15,5,5,1,1,0,0,1,0,0,15,-4.0,20.0244,0,1
2,0,0,2,27.88,31.82,65,26.0027,16,5,5,1,1,0,0,1,0,0,16,-3.9400000000000013,18.122,0,0
2,0,0,2,27.88,31.82,65,19.9995,17,5,5,1,1,0,0,0,0,0,17,-3.9400000000000013,18.122,0,0
2,0,0,2,27.06,31.06,69,23.9994,18,5,5,1,1,0,0,0,0,0,18,-4.0,18.6714,0,0
2,0,0,2,25.42,29.545,73,22.0028,19,5,5,1,1,0,0,0,0,0,19,-4.125,18.5566,0,0
2,0,0,1,24.6,28.79,78,16.9979,20,5,5,1,1,0,0,0,0,0,20,-4.189999999999998,19.188000000000002,0,0
2,0,0,2,23.78,27.275,78,15.0013,21,5,5,1,1,0,0,0,0,0,21,-3.4949999999999974,18.5484,0,0
2,0,0,2,23.78,27.275,78,12.998,22,5,5,1,1,0,0,0,0,0,22,-3.4949999999999974,18.5484,0,0
2,0,0,2,22.96,26.515,83,19.0012,23,5,5,1,1,0,0,0,0,0,23,-3.5549999999999997,19.0568,0,0
2,0,0,2,22.96,26.515,83,8.9981,0,6,5,1,1,0,0,0,1,0,0,-3.5549999999999997,19.0568,0,0
2,0,0,2,22.14,25.76,83,15.0013,1,6,5,1,1,0,0,0,1,0,1,-3.620000000000001,18.3762,0,0
2,0,0,2,22.14,25.76,83,19.0012,2,6,5,1,1,0,0,0,1,0,2,-3.620000000000001,18.3762,0,0
2,0,0,2,22.14,25.76,83,12.998,3,6,5,1,1,0,0,0,1,0,3,-3.620000000000001,18.3762,0,0
2,0,0,3,21.32,25.0,83,11.0014,4,6,5,1,1,0,0,0,1,0,4,-3.6799999999999997,17.6956,0,1
2,0,0,3,21.32,25.0,83,11.0014,5,6,5,1,1,0,0,0,1,0,5,-3.6799999999999997,17.6956,0,1
2,0,0,3,21.32,25.0,83,15.0013,6,6,5,1,1,0,0,0,0,0,6,-3.6799999999999997,17.6956,0,1
2,0,0,3,21.32,25.0,83,11.0014,7,6,5,1,1,0,0,0,0,0,7,-3.6799999999999997,17.6956,0,1
2,0,0,2,20.5,24.24,88,8.9981,8,6,5,1,1,0,0,0,0,0,8,-3.7399999999999984,18.04,0,0
2,0,0,2,21.32,25.0,83,11.0014,9,6,5,1,1,0,0,0,0,0,9,-3.6799999999999997,17.6956,0,0
2,0,0,2,22.14,25.76,77,7.0015,10,6,5,1,1,0,0,0,0,0,10,-3.620000000000001,17.0478,0,0
2,0,0,1,22.96,26.515,73,7.0015,11,6,5,1,1,0,0,1,0,0,11,-3.5549999999999997,16.760800000000003,0,0
2,0,0,2,24.6,30.305,64,6.0032,12,6,5,1,1,0,0,1,0,0,12,-5.704999999999998,15.744000000000002,0,0
2,0,0,2,24.6,30.305,64,0.0,13,6,5,1,1,0,0,1,0,0,13,-5.704999999999998,15.744000000000002,0,0
2,0,0,2,24.6,30.305,64,7.0015,14,6,5,1,1,0,0,1,0,0,14,-5.704999999999998,15.744000000000002,0,0
2,0,0,2,25.42,30.305,61,7.0015,15,6,5,1,1,0,0,1,0,0,15,-4.884999999999998,15.506200000000002,0,0
2,0,0,2,25.42,30.305,61,0.0,16,6,5,1,1,0,0,1,0,0,16,-4.884999999999998,15.506200000000002,0,0
2,0,0,2,25.42,30.305,65,8.9981,17,6,5,1,1,0,0,0,0,0,17,-4.884999999999998,16.523000000000003,0,0
2,0,0,2,25.42,30.305,61,12.998,18,6,5,1,1,0,0,0,0,0,18,-4.884999999999998,15.506200000000002,0,0
2,0,0,2,24.6,30.305,64,11.0014,19,6,5,1,1,0,0,0,0,0,19,-5.704999999999998,15.744000000000002,0,0
2,0,0,1,24.6,30.305,64,12.998,20,6,5,1,1,0,0,0,0,0,20,-5.704999999999998,15.744000000000002,0,0
2,0,0,1,22.96,26.515,73,12.998,21,6,5,1,1,0,0,0,0,0,21,-3.5549999999999997,16.760800000000003,0,0
2,0,0,1,22.96,26.515,73,11.0014,22,6,5,1,1,0,0,0,0,0,22,-3.5549999999999997,16.760800000000003,0,0
2,0,0,1,21.32,25.0,77,12.998,23,6,5,1,1,0,0,0,0,0,23,-3.6799999999999997,16.4164,0,0
2,0,1,2,21.32,25.0,77,8.9981,0,0,5,1,0,0,0,0,1,0,0,-3.6799999999999997,16.4164,0,0
2,0,1,2,21.32,25.0,77,12.998,1,0,5,1,0,0,0,0,1,1,0,-3.6799999999999997,16.4164,0,0
2,0,1,1,20.5,24.24,77,12.998,2,0,5,1,0,0,0,0,1,2,0,-3.7399999999999984,15.785,0,0
2,0,1,1,20.5,24.24,77,12.998,3,0,5,1,0,0,0,0,1,3,0,-3.7399999999999984,15.785,0,0
2,0,1,2,18.86,22.725,88,8.9981,4,0,5,1,0,0,0,0,1,4,0,-3.865000000000002,16.596799999999998,0,0
2,0,1,1,18.86,22.725,88,7.0015,5,0,5,1,0,0,0,0,1,5,0,-3.865000000000002,16.596799999999998,0,0
2,0,1,1,18.86,22.725,88,7.0015,6,0,5,1,0,0,0,0,0,6,0,-3.865000000000002,16.596799999999998,0,0
2,0,1,2,19.68,23.485,82,7.0015,7,0,5,1,0,1,0,0,0,7,0,-3.8049999999999997,16.1376,0,0
2,0,1,2,20.5,24.24,82,12.998,8,0,5,1,0,1,0,0,0,8,0,-3.7399999999999984,16.81,0,0
2,0,1,2,20.5,24.24,82,15.0013,9,0,5,1,0,1,0,0,0,9,0,-3.7399999999999984,16.81,0,0
2,0,1,2,21.32,25.0,77,12.998,10,0,5,1,0,0,0,0,0,10,0,-3.6799999999999997,16.4164,0,0
2,0,1,2,22.14,25.76,73,12.998,11,0,5,1,0,0,0,0,0,11,0,-3.620000000000001,16.1622,0,0
2,0,1,2,22.96,26.515,68,15.0013,12,0,5,1,0,0,0,0,0,12,0,-3.5549999999999997,15.6128,0,0
2,0,1,2,24.6,31.06,53,22.0028,13,0,5,1,0,0,0,0,0,13,0,-6.459999999999997,13.038000000000002,0,0
2,0,1,2,25.42,31.06,50,23.9994,14,0,5,1,0,0,0,0,0,14,0,-5.639999999999997,12.71,0,0
2,0,1,2,25.42,31.06,53,19.9995,15,0,5,1,0,0,0,0,0,15,0,-5.639999999999997,13.4726,0,0
2,0,1,2,24.6,31.06,53,26.0027,16,0,5,1,0,0,0,0,0,16,0,-6.459999999999997,13.038000000000002,0,0
2,0,1,2,24.6,31.06,53,22.0028,17,0,5,1,0,0,1,0,0,17,0,-6.459999999999997,13.038000000000002,0,0
2,0,1,2,24.6,31.06,53,23.9994,18,0,5,1,0,0,1,0,0,18,0,-6.459999999999997,13.038000000000002,0,0
2,0,1,1,23.78,27.275,56,22.0028,19,0,5,1,0,0,1,0,0,19,0,-3.4949999999999974,13.3168,0,0
2,0,1,1,22.14,25.76,52,19.0012,20,0,5,1,0,0,0,0,0,20,0,-3.620000000000001,11.5128,0,0
2,0,1,2,22.14,25.76,45,15.0013,21,0,5,1,0,0,0,0,0,21,0,-3.620000000000001,9.963000000000001,0,0
2,0,1,2,22.14,25.76,45,16.9979,22,0,5,1,0,0,0,0,0,22,0,-3.620000000000001,9.963000000000001,0,0
2,0,1,2,22.14,25.76,45,12.998,23,0,5,1,0,0,0,0,0,23,0,-3.620000000000001,9.963000000000001,0,0
2,0,1,2,21.32,25.0,52,16.9979,0,1,5,1,0,0,0,0,1,0,0,-3.6799999999999997,11.086400000000001,0,0
2,0,1,2,21.32,25.0,59,15.0013,1,1,5,1,0,0,0,0,1,1,0,-3.6799999999999997,12.578800000000001,0,0
2,0,1,2,21.32,25.0,63,19.9995,2,1,5,1,0,0,0,0,1,2,0,-3.6799999999999997,13.431600000000001,0,0
2,0,1,2,21.32,25.0,68,19.0012,3,1,5,1,0,0,0,0,1,3,0,-3.6799999999999997,14.4976,0,0
2,0,1,2,21.32,25.0,68,22.0028,4,1,5,1,0,0,0,0,1,4,0,-3.6799999999999997,14.4976,0,0
2,0,1,2,21.32,25.0,72,19.0012,5,1,5,1,0,0,0,0,1,5,0,-3.6799999999999997,15.3504,0,0
2,0,1,1,20.5,24.24,77,19.9995,6,1,5,1,0,0,0,0,0,6,0,-3.7399999999999984,15.785,0,0
2,0,1,1,21.32,25.0,72,19.0012,7,1,5,1,0,1,0,0,0,7,0,-3.6799999999999997,15.3504,0,0
2,0,1,2,22.14,25.76,73,19.9995,8,1,5,1,0,1,0,0,0,8,0,-3.620000000000001,16.1622,0,0
2,0,1,2,22.96,26.515,68,23.9994,9,1,5,1,0,1,0,0,0,9,0,-3.5549999999999997,15.6128,0,0
2,0,1,2,23.78,27.275,68,27.9993,10,1,5,1,0,0,0,0,0,10,0,-3.4949999999999974,16.1704,0,0
2,0,1,2,24.6,30.305,64,26.0027,11,1,5,1,0,0,0,0,0,11,0,-5.704999999999998,15.744000000000002,0,0
2,0,1,2,25.42,30.305,65,22.0028,12,1,5,1,0,0,0,0,0,12,0,-4.884999999999998,16.523000000000003,0,0
2,0,1,3,26.24,30.305,65,16.9979,13,1,5,1,0,0,0,0,0,13,0,-4.065000000000001,17.055999999999997,0,1
2,0,1,3,25.42,30.305,69,22.0028,14,1,5,1,0,0,0,0,0,14,0,-4.884999999999998,17.5398,0,1
2,0,1,3,25.42,29.545,73,16.9979,15,1,5,1,0,0,0,0,0,15,0,-4.125,18.5566,0,1
2,0,1,3,26.24,30.305,73,15.0013,16,1,5,1,0,0,0,0,0,16,0,-4.065000000000001,19.1552,0,1
2,0,1,2,26.24,30.305,69,19.0012,17,1,5,1,0,0,1,0,0,17,0,-4.065000000000001,18.1056,0,0
2,0,1,2,26.24,30.305,69,19.0012,18,1,5,1,0,0,1,0,0,18,0,-4.065000000000001,18.1056,0,0
2,0,1,2,26.24,30.305,69,19.0012,19,1,5,1,0,0,1,0,0,19,0,-4.065000000000001,18.1056,0,0
2,0,1,2,26.24,30.305,69,19.0012,20,1,5,1,0,0,0,0,0,20,0,-4.065000000000001,18.1056,0,0
2,0,1,2,26.24,30.305,65,19.0012,21,1,5,1,0,0,0,0,0,21,0,-4.065000000000001,17.055999999999997,0,0
2,0,1,3,24.6,28.79,78,16.9979,22,1,5,1,0,0,0,0,0,22,0,-4.189999999999998,19.188000000000002,0,1
2,0,1,3,24.6,28.79,78,22.0028,23,1,5,1,0,0,0,0,0,23,0,-4.189999999999998,19.188000000000002,0,1
2,0,1,2,23.78,27.275,83,12.998,0,2,5,1,0,0,0,0,1,0,0,-3.4949999999999974,19.7374,0,0
2,0,1,2,24.6,28.79,78,16.9979,1,2,5,1,0,0,0,0,1,1,0,-4.189999999999998,19.188000000000002,0,0
2,0,1,3,22.96,26.515,88,30.0026,2,2,5,1,0,0,0,0,1,2,0,-3.5549999999999997,20.2048,0,1
2,0,1,3,22.96,26.515,88,11.0014,3,2,5,1,0,0,0,0,1,3,0,-3.5549999999999997,20.2048,0,1
2,0,1,3,22.96,26.515,88,15.0013,4,2,5,1,0,0,0,0,1,4,0,-3.5549999999999997,20.2048,0,1
2,0,1,2,22.96,26.515,88,8.9981,5,2,5,1,0,0,0,0,1,5,0,-3.5549999999999997,20.2048,0,0
2,0,1,2,22.96,26.515,88,7.0015,6,2,5,1,0,0,0,0,0,6,0,-3.5549999999999997,20.2048,0,0
2,0,1,2,22.96,26.515,94,12.998,7,2,5,1,0,1,0,0,0,7,0,-3.5549999999999997,21.582400000000003,0,0
2,0,1,2,24.6,28.03,83,8.9981,8,2,5,1,0,1,0,0,0,8,0,-3.4299999999999997,20.418000000000003,0,0
2,0,1,2,24.6,28.03,83,0.0,9,2,5,1,0,1,0,0,0,9,0,-3.4299999999999997,20.418000000000003,0,0
2,0,1,2,25.42,30.305,65,16.9979,10,2,5,1,0,0,0,0,0,10,0,-4.884999999999998,16.523000000000003,0,0
2,0,1,2,25.42,31.06,59,19.9995,11,2,5,1,0,0,0,0,0,11,0,-5.639999999999997,14.997800000000002,0,0
2,0,1,2,25.42,31.06,57,15.0013,12,2,5,1,0,0,0,0,0,12,0,-5.639999999999997,14.4894,0,0
2,0,1,2,26.24,31.06,53,16.9979,13,2,5,1,0,0,0,0,0,13,0,-4.82,13.9072,0,0
2,0,1,2,26.24,31.06,53,16.9979,14,2,5,1,0,0,0,0,0,14,0,-4.82,13.9072,0,0
2,0,1,2,26.24,31.06,53,7.0015,15,2,5,1,0,0,0,0,0,15,0,-4.82,13.9072,0,0
2,0,1,2,27.06,31.06,50,12.998,16,2,5,1,0,0,0,0,0,16,0,-4.0,13.53,0,0
2,0,1,2,26.24,31.06,53,8.9981,17,2,5,1,0,0,1,0,0,17,0,-4.82,13.9072,0,0
2,0,1,3,21.32,25.0,77,39.0007,18,2,5,1,0,0,1,0,0,18,0,-3.6799999999999997,16.4164,0,1
2,0,1,3,20.5,24.24,77,23.9994,19,2,5,1,0,0,1,0,0,19,0,-3.7399999999999984,15.785,0,1
2,0,1,3,20.5,24.24,82,15.0013,20,2,5,1,0,0,0,0,0,20,0,-3.7399999999999984,16.81,0,1
2,0,1,3,20.5,24.24,82,11.0014,21,2,5,1,0,0,0,0,0,21,0,-3.7399999999999984,16.81,0,1
2,0,1,3,19.68,23.485,82,7.0015,22,2,5,1,0,0,0,0,0,22,0,-3.8049999999999997,16.1376,0,1
2,0,1,3,19.68,23.485,82,12.998,23,2,5,1,0,0,0,0,0,23,0,-3.8049999999999997,16.1376,0,1
2,0,1,3,20.5,24.24,77,11.0014,0,3,5,1,0,0,0,0,1,0,0,-3.7399999999999984,15.785,0,1
2,0,1,2,19.68,23.485,88,8.9981,1,3,5,1,0,0,0,0,1,1,0,-3.8049999999999997,17.3184,0,0
2,0,1,2,19.68,23.485,88,7.0015,2,3,5,1,0,0,0,0,1,2,0,-3.8049999999999997,17.3184,0,0
2,0,1,1,18.86,22.725,88,15.0013,3,3,5,1,0,0,0,0,1,3,0,-3.865000000000002,16.596799999999998,0,0
2,0,1,1,18.86,22.725,77,12.998,4,3,5,1,0,0,0,0,1,4,0,-3.865000000000002,14.5222,0,0
2,0,1,1,18.86,22.725,72,19.9995,5,3,5,1,0,0,0,0,1,5,0,-3.865000000000002,13.5792,0,0
2,0,1,1,18.04,21.97,72,15.0013,6,3,5,1,0,0,0,0,0,6,0,-3.9299999999999997,12.9888,0,0
2,0,1,1,18.04,21.97,72,19.9995,7,3,5,1,0,1,0,0,0,7,0,-3.9299999999999997,12.9888,0,0
2,0,1,1,18.86,22.725,67,23.9994,8,3,5,1,0,1,0,0,0,8,0,-3.865000000000002,12.636199999999999,0,0
2,0,1,1,20.5,24.24,59,31.0009,9,3,5,1,0,1,0,0,0,9,0,-3.7399999999999984,12.095,0,0
2,0,1,1,20.5,24.24,51,27.9993,10,3,5,1,0,0,0,0,0,10,0,-3.7399999999999984,10.455,0,0
2,0,1,1,21.32,25.0,48,35.0008,11,3,5,1,0,0,0,0,0,11,0,-3.6799999999999997,10.233600000000001,0,0
2,0,1,1,21.32,25.0,48,27.9993,12,3,5,1,0,0,0,0,0,12,0,-3.6799999999999997,10.233600000000001,0,0
2,0,1,1,22.14,25.76,39,30.0026,13,3,5,1,0,0,0,0,0,13,0,-3.620000000000001,8.6346,0,0
2,0,1,1,22.96,26.515,37,27.9993,14,3,5,1,0,0,0,0,0,14,0,-3.5549999999999997,8.4952,0,0
2,0,1,1,22.14,25.76,37,26.0027,15,3,5,1,0,0,0,0,0,15,0,-3.620000000000001,8.1918,0,0
2,0,1,1,23.78,27.275,30,31.0009,16,3,5,1,0,0,0,0,0,16,0,-3.4949999999999974,7.134000000000001,0,0
2,0,1,1,24.6,31.06,31,26.0027,17,3,5,1,0,0,1,0,0,17,0,-6.459999999999997,7.626,0,0
2,0,1,1,22.96,26.515,35,35.0008,18,3,5,1,0,0,1,0,0,18,0,-3.5549999999999997,8.036,0,0
2,0,1,1,22.14,25.76,37,23.9994,19,3,5,1,0,0,1,0,0,19,0,-3.620000000000001,8.1918,0,0
2,0,1,1,21.32,25.0,40,22.0028,20,3,5,1,0,0,0,0,0,20,0,-3.6799999999999997,8.527999999999999,0,0
2,0,1,1,20.5,24.24,42,12.998,21,3,5,1,0,0,0,0,0,21,0,-3.7399999999999984,8.61,0,0
2,0,1,1,20.5,24.24,42,7.0015,22,3,5,1,0,0,0,0,0,22,0,-3.7399999999999984,8.61,0,0
2,0,1,1,19.68,23.485,48,7.0015,23,3,5,1,0,0,0,0,0,23,0,-3.8049999999999997,9.4464,0,0
2,0,1,1,18.86,22.725,55,7.0015,0,4,5,1,0,0,0,0,1,0,0,-3.865000000000002,10.373,0,0
2,0,1,1,18.86,22.725,51,8.9981,1,4,5,1,0,0,0,0,1,1,0,-3.865000000000002,9.6186,0,0
2,0,1,1,18.86,22.725,44,11.0014,2,4,5,1,0,0,0,0,1,2,0,-3.865000000000002,8.298399999999999,0,0
2,0,1,1,18.86,22.725,41,19.0012,3,4,5,1,0,0,0,0,1,3,0,-3.865000000000002,7.7326,0,0
2,0,1,1,17.22,21.21,50,12.998,4,4,5,1,0,0,0,0,1,4,0,-3.990000000000002,8.61,0,0
2,0,1,1,17.22,21.21,47,11.0014,5,4,5,1,0,0,0,0,1,5,0,-3.990000000000002,8.093399999999999,0,0
2,0,1,1,17.22,21.21,50,16.9979,6,4,5,1,0,0,0,0,0,6,0,-3.990000000000002,8.61,0,0
2,0,1,1,17.22,21.21,50,16.9979,7,4,5,1,0,1,0,0,0,7,0,-3.990000000000002,8.61,0,0
2,0,1,1,18.86,22.725,44,16.9979,8,4,5,1,0,1,0,0,0,8,0,-3.865000000000002,8.298399999999999,0,0
2,0,1,1,19.68,23.485,41,19.9995,9,4,5,1,0,1,0,0,0,9,0,-3.8049999999999997,8.0688,0,0
2,0,1,1,21.32,25.0,36,22.0028,10,4,5,1,0,0,0,0,0,10,0,-3.6799999999999997,7.6752,0,0
2,0,1,1,22.96,26.515,35,16.9979,11,4,5,1,0,0,0,0,0,11,0,-3.5549999999999997,8.036,0,0
2,0,1,1,22.96,26.515,28,27.9993,12,4,5,1,0,0,0,0,0,12,0,-3.5549999999999997,6.4288,0,0
2,0,1,1,24.6,30.305,26,26.0027,13,4,5,1,0,0,0,0,0,13,0,-5.704999999999998,6.396,0,0
2,0,1,1,25.42,30.305,23,15.0013,14,4,5,1,0,0,0,0,0,14,0,-4.884999999999998,5.8466000000000005,0,0
2,0,1,1,25.42,30.305,25,12.998,15,4,5,1,0,0,0,0,0,15,0,-4.884999999999998,6.355,0,0
2,0,1,1,25.42,30.305,25,22.0028,16,4,5,1,0,0,0,0,0,16,0,-4.884999999999998,6.355,0,0
2,0,1,1,26.24,30.305,23,16.9979,17,4,5,1,0,0,1,0,0,17,0,-4.065000000000001,6.0352,0,0
2,0,1,1,26.24,30.305,23,19.0012,18,4,5,1,0,0,1,0,0,18,0,-4.065000000000001,6.0352,0,0
2,0,1,1,26.24,30.305,23,16.9979,19,4,5,1,0,0,1,0,0,19,0,-4.065000000000001,6.0352,0,0
2,0,1,1,25.42,30.305,25,8.9981,20,4,5,1,0,0,0,0,0,20,0,-4.884999999999998,6.355,0,0
2,0,1,1,24.6,30.305,28,7.0015,21,4,5,1,0,0,0,0,0,21,0,-5.704999999999998,6.888000000000001,0,0
2,0,1,1,22.96,26.515,35,15.0013,22,4,5,1,0,0,0,0,0,22,0,-3.5549999999999997,8.036,0,0
2,0,1,1,22.14,25.76,37,12.998,23,4,5,1,0,0,0,0,0,23,0,-3.620000000000001,8.1918,0,0
2,0,0,1,21.32,25.0,42,11.0014,0,5,5,1,1,0,0,0,1,0,0,-3.6799999999999997,8.9544,0,0
2,0,0,1,20.5,24.24,48,0.0,1,5,5,1,1,0,0,0,1,0,1,-3.7399999999999984,9.84,0,0
2,0,0,1,18.86,22.725,59,8.9981,2,5,5,1,1,0,0,0,1,0,2,-3.865000000000002,11.1274,0,0
2,0,0,1,19.68,23.485,59,0.0,3,5,5,1,1,0,0,0,1,0,3,-3.8049999999999997,11.611199999999998,0,0
2,0,0,1,18.04,21.97,67,7.0015,4,5,5,1,1,0,0,0,1,0,4,-3.9299999999999997,12.086799999999998,0,0
2,0,0,1,17.22,21.21,67,8.9981,5,5,5,1,1,0,0,0,1,0,5,-3.990000000000002,11.5374,0,0
2,0,0,1,17.22,21.21,67,6.0032,6,5,5,1,1,0,0,0,0,0,6,-3.990000000000002,11.5374,0,0
2,0,0,1,17.22,21.21,71,8.9981,7,5,5,1,1,0,0,0,0,0,7,-3.990000000000002,12.226199999999999,0,0
2,0,0,1,21.32,25.0,48,0.0,8,5,5,1,1,0,0,0,0,0,8,-3.6799999999999997,10.233600000000001,0,0
2,0,0,1,22.14,25.76,49,0.0,9,5,5,1,1,0,0,0,0,0,9,-3.620000000000001,10.848600000000001,0,0
2,0,0,1,22.96,26.515,49,6.0032,10,5,5,1,1,0,0,0,0,0,10,-3.5549999999999997,11.250399999999999,0,0
2,0,0,1,25.42,31.06,41,6.0032,11,5,5,1,1,0,0,1,0,0,11,-5.639999999999997,10.4222,0,0
2,0,0,1,26.24,31.06,36,11.0014,12,5,5,1,1,0,0,1,0,0,12,-4.82,9.4464,0,0
2,0,0,1,26.24,31.06,36,12.998,13,5,5,1,1,0,0,1,0,0,13,-4.82,9.4464,0,0
2,0,0,1,27.06,31.06,36,12.998,14,5,5,1,1,0,0,1,0,0,14,-4.0,9.7416,0,0
2,0,0,1,27.88,31.06,24,12.998,15,5,5,1,1,0,0,1,0,0,15,-3.1799999999999997,6.6912,0,0
2,0,0,2,28.7,31.82,21,12.998,16,5,5,1,1,0,0,1,0,0,16,-3.120000000000001,6.026999999999999,0,0
2,0,0,2,27.06,31.06,36,12.998,17,5,5,1,1,0,0,0,0,0,17,-4.0,9.7416,0,0
2,0,0,2,27.06,31.06,31,12.998,18,5,5,1,1,0,0,0,0,0,18,-4.0,8.3886,0,0
2,0,0,2,26.24,31.06,36,11.0014,19,5,5,1,1,0,0,0,0,0,19,-4.82,9.4464,0,0
2,0,0,1,25.42,31.06,46,11.0014,20,5,5,1,1,0,0,0,0,0,20,-5.639999999999997,11.693200000000001,0,0
2,0,0,2,24.6,30.305,60,8.9981,21,5,5,1,1,0,0,0,0,0,21,-5.704999999999998,14.76,0,0
2,0,0,1,22.96,26.515,68,8.9981,22,5,5,1,1,0,0,0,0,0,22,-3.5549999999999997,15.6128,0,0
2,0,0,1,23.78,27.275,56,6.0032,23,5,5,1,1,0,0,0,0,0,23,-3.4949999999999974,13.3168,0,0
2,0,0,1,22.96,26.515,64,11.0014,0,6,5,1,1,0,0,0,1,0,0,-3.5549999999999997,14.6944,0,0
2,0,0,2,22.14,25.76,68,8.9981,1,6,5,1,1,0,0,0,1,0,1,-3.620000000000001,15.0552,0,0
2,0,0,2,22.14,25.76,68,11.0014,2,6,5,1,1,0,0,0,1,0,2,-3.620000000000001,15.0552,0,0
2,0,0,2,22.14,25.76,64,8.9981,3,6,5,1,1,0,0,0,1,0,3,-3.620000000000001,14.1696,0,0
2,0,0,2,22.14,25.76,68,12.998,4,6,5,1,1,0,0,0,1,0,4,-3.620000000000001,15.0552,0,0
2,0,0,1,21.32,25.0,72,12.998,5,6,5,1,1,0,0,0,1,0,5,-3.6799999999999997,15.3504,0,0
2,0,0,1,21.32,25.0,68,11.0014,6,6,5,1,1,0,0,0,0,0,6,-3.6799999999999997,14.4976,0,0
2,0,0,1,21.32,25.0,68,11.0014,7,6,5,1,1,0,0,0,0,0,7,-3.6799999999999997,14.4976,0,0
2,0,0,1,22.96,26.515,64,11.0014,8,6,5,1,1,0,0,0,0,0,8,-3.5549999999999997,14.6944,0,0
2,0,0,1,24.6,31.06,56,8.9981,9,6,5,1,1,0,0,0,0,0,9,-6.459999999999997,13.776000000000002,0,0
2,0,0,1,24.6,30.305,60,16.9979,10,6,5,1,1,0,0,0,0,0,10,-5.704999999999998,14.76,0,0
2,0,0,1,25.42,31.06,57,16.9979,11,6,5,1,1,0,0,1,0,0,11,-5.639999999999997,14.4894,0,0
2,0,0,1,26.24,31.06,57,15.0013,12,6,5,1,1,0,0,1,0,0,12,-4.82,14.956799999999998,0,0
2,0,0,1,27.88,31.82,54,16.9979,13,6,5,1,1,0,0,1,0,0,13,-3.9400000000000013,15.0552,0,0
2,0,0,1,28.7,32.575,48,8.9981,14,6,5,1,1,0,0,1,0,0,14,-3.8750000000000036,13.776,0,0
2,0,0,1,29.52,32.575,45,23.9994,15,6,5,1,1,0,0,1,0,0,15,-3.0550000000000033,13.284,0,0
2,0,0,1,29.52,32.575,42,16.9979,16,6,5,1,1,0,0,1,0,0,16,-3.0550000000000033,12.398399999999999,0,0
2,0,0,1,28.7,31.82,45,27.9993,17,6,5,1,1,0,0,0,0,0,17,-3.120000000000001,12.915,0,0
2,0,0,2,27.88,31.82,44,23.9994,18,6,5,1,1,0,0,0,0,0,18,-3.9400000000000013,12.2672,0,0
2,0,0,2,27.06,31.06,50,27.9993,19,6,5,1,1,0,0,0,0,0,19,-4.0,13.53,0,0
2,0,0,2,27.06,31.06,50,19.0012,20,6,5,1,1,0,0,0,0,0,20,-4.0,13.53,0,0
2,0,0,2,26.24,31.06,53,12.998,21,6,5,1,1,0,0,0,0,0,21,-4.82,13.9072,0,0
2,0,0,2,25.42,30.305,61,11.0014,22,6,5,1,1,0,0,0,0,0,22,-4.884999999999998,15.506200000000002,0,0
2,0,0,2,25.42,31.06,57,15.0013,23,6,5,1,1,0,0,0,0,0,23,-5.639999999999997,14.4894,0,0
2,0,1,2,24.6,31.06,56,16.9979,0,0,5,1,0,0,0,0,1,0,0,-6.459999999999997,13.776000000000002,0,0
2,0,1,2,24.6,30.305,60,19.0012,1,0,5,1,0,0,0,0,1,1,0,-5.704999999999998,14.76,0,0
2,0,1,1,24.6,30.305,60,19.9995,2,0,5,1,0,0,0,0,1,2,0,-5.704999999999998,14.76,0,0
2,0,1,2,23.78,27.275,68,22.0028,3,0,5,1,0,0,0,0,1,3,0,-3.4949999999999974,16.1704,0,0
2,0,1,2,22.14,25.76,77,15.0013,4,0,5,1,0,0,0,0,1,4,0,-3.620000000000001,17.0478,0,0
2,0,1,2,22.14,25.76,77,11.0014,5,0,5,1,0,0,0,0,1,5,0,-3.620000000000001,17.0478,0,0
2,0,1,3,21.32,25.0,94,19.9995,6,0,5,1,0,0,0,0,0,6,0,-3.6799999999999997,20.0408,0,1
2,0,1,3,21.32,25.0,94,12.998,7,0,5,1,0,1,0,0,0,7,0,-3.6799999999999997,20.0408,0,1
2,0,1,3,22.14,25.76,88,15.0013,8,0,5,1,0,1,0,0,0,8,0,-3.620000000000001,19.4832,0,1
2,0,1,3,22.14,25.76,88,19.0012,9,0,5,1,0,1,0,0,0,9,0,-3.620000000000001,19.4832,0,1
2,0,1,3,22.14,25.76,88,16.9979,10,0,5,1,0,0,0,0,0,10,0,-3.620000000000001,19.4832,0,1
2,0,1,2,22.96,26.515,83,15.0013,11,0,5,1,0,0,0,0,0,11,0,-3.5549999999999997,19.0568,0,0
2,0,1,2,22.96,26.515,88,19.0012,12,0,5,1,0,0,0,0,0,12,0,-3.5549999999999997,20.2048,0,0
2,0,1,2,25.42,29.545,73,15.0013,13,0,5,1,0,0,0,0,0,13,0,-4.125,18.5566,0,0
2,0,1,2,25.42,29.545,73,16.9979,14,0,5,1,0,0,0,0,0,14,0,-4.125,18.5566,0,0
2,0,1,2,25.42,29.545,73,11.0014,15,0,5,1,0,0,0,0,0,15,0,-4.125,18.5566,0,0
2,0,1,3,25.42,30.305,69,19.0012,16,0,5,1,0,0,0,0,0,16,0,-4.884999999999998,17.5398,0,1
2,0,1,3,22.96,26.515,88,16.9979,17,0,5,1,0,0,1,0,0,17,0,-3.5549999999999997,20.2048,0,1
2,0,1,2,23.78,27.275,83,0.0,18,0,5,1,0,0,1,0,0,18,0,-3.4949999999999974,19.7374,0,0
2,0,1,3,23.78,27.275,88,8.9981,19,0,5,1,0,0,1,0,0,19,0,-3.4949999999999974,20.926400000000005,0,1
2,0,1,2,23.78,27.275,88,12.998,20,0,5,1,0,0,0,0,0,20,0,-3.4949999999999974,20.926400000000005,0,0
2,0,1,2,23.78,27.275,83,6.0032,21,0,5,1,0,0,0,0,0,21,0,-3.4949999999999974,19.7374,0,0
2,0,1,2,23.78,27.275,78,6.0032,22,0,5,1,0,0,0,0,0,22,0,-3.4949999999999974,18.5484,0,0
2,0,1,2,23.78,27.275,78,7.0015,23,0,5,1,0,0,0,0,0,23,0,-3.4949999999999974,18.5484,0,0
2,0,1,2,22.96,26.515,88,8.9981,0,1,5,1,0,0,0,0,1,0,0,-3.5549999999999997,20.2048,0,0
2,0,1,3,22.96,26.515,88,8.9981,1,1,5,1,0,0,0,0,1,1,0,-3.5549999999999997,20.2048,0,1
2,0,1,2,22.96,26.515,88,8.9981,2,1,5,1,0,0,0,0,1,2,0,-3.5549999999999997,20.2048,0,0
2,0,1,3,23.78,27.275,83,8.9981,3,1,5,1,0,0,0,0,1,3,0,-3.4949999999999974,19.7374,0,1
2,0,1,3,22.96,26.515,94,0.0,4,1,5,1,0,0,0,0,1,4,0,-3.5549999999999997,21.582400000000003,0,1
2,0,1,3,22.96,26.515,94,15.0013,5,1,5,1,0,0,0,0,1,5,0,-3.5549999999999997,21.582400000000003,0,1
2,0,1,3,22.96,26.515,94,15.0013,6,1,5,1,0,0,0,0,0,6,0,-3.5549999999999997,21.582400000000003,0,1
2,0,1,3,22.96,26.515,94,8.9981,7,1,5,1,0,1,0,0,0,7,0,-3.5549999999999997,21.582400000000003,0,1
2,0,1,2,23.78,27.275,88,6.0032,8,1,5,1,0,1,0,0,0,8,0,-3.4949999999999974,20.926400000000005,0,0
2,0,1,2,23.78,27.275,88,6.0032,9,1,5,1,0,1,0,0,0,9,0,-3.4949999999999974,20.926400000000005,0,0
2,0,1,1,25.42,29.545,78,7.0015,10,1,5,1,0,0,0,0,0,10,0,-4.125,19.827600000000004,0,0
2,0,1,1,26.24,29.545,78,12.998,11,1,5,1,0,0,0,0,0,11,0,-3.3050000000000033,20.4672,0,0
2,0,1,1,26.24,30.305,73,12.998,12,1,5,1,0,0,0,0,0,12,0,-4.065000000000001,19.1552,0,0
2,0,1,3,26.24,30.305,73,12.998,13,1,5,1,0,0,0,0,0,13,0,-4.065000000000001,19.1552,0,1
2,0,1,2,26.24,30.305,73,12.998,14,1,5,1,0,0,0,0,0,14,0,-4.065000000000001,19.1552,0,0
2,0,1,2,28.7,32.575,61,6.0032,15,1,5,1,0,0,0,0,0,15,0,-3.8750000000000036,17.507,0,0
2,0,1,1,27.88,31.82,65,11.0014,16,1,5,1,0,0,0,0,0,16,0,-3.9400000000000013,18.122,0,0
2,0,1,1,27.88,31.82,65,7.0015,17,1,5,1,0,0,1,0,0,17,0,-3.9400000000000013,18.122,0,0
2,0,1,1,28.7,32.575,61,6.0032,18,1,5,1,0,0,1,0,0,18,0,-3.8750000000000036,17.507,0,0
2,0,1,1,27.06,31.06,69,11.0014,19,1,5,1,0,0,1,0,0,19,0,-4.0,18.6714,0,0
2,0,1,3,26.24,30.305,73,8.9981,20,1,5,1,0,0,0,0,0,20,0,-4.065000000000001,19.1552,0,1
2,0,1,3,26.24,30.305,73,19.0012,21,1,5,1,0,0,0,0,0,21,0,-4.065000000000001,19.1552,0,1
2,0,1,1,23.78,27.275,78,15.0013,22,1,5,1,0,0,0,0,0,22,0,-3.4949999999999974,18.5484,0,0
2,0,1,3,22.96,26.515,88,7.0015,23,1,5,1,0,0,0,0,0,23,0,-3.5549999999999997,20.2048,0,1
2,0,1,2,23.78,27.275,88,0.0,0,2,5,1,0,0,0,0,1,0,0,-3.4949999999999974,20.926400000000005,0,0
2,0,1,2,23.78,27.275,88,8.9981,1,2,5,1,0,0,0,0,1,1,0,-3.4949999999999974,20.926400000000005,0,0
2,0,1,1,22.96,26.515,94,12.998,2,2,5,1,0,0,0,0,1,2,0,-3.5549999999999997,21.582400000000003,0,0
2,0,1,1,22.96,26.515,88,7.0015,3,2,5,1,0,0,0,0,1,3,0,-3.5549999999999997,20.2048,0,0
2,0,1,1,22.14,25.76,94,8.9981,4,2,5,1,0,0,0,0,1,4,0,-3.620000000000001,20.8116,0,0
2,0,1,1,22.14,25.76,94,7.0015,5,2,5,1,0,0,0,0,1,5,0,-3.620000000000001,20.8116,0,0
2,0,1,1,22.14,25.76,94,6.0032,6,2,5,1,0,0,0,0,0,6,0,-3.620000000000001,20.8116,0,0
2,0,1,1,22.96,26.515,83,0.0,7,2,5,1,0,1,0,0,0,7,0,-3.5549999999999997,19.0568,0,0
2,0,1,1,23.78,27.275,83,0.0,8,2,5,1,0,1,0,0,0,8,0,-3.4949999999999974,19.7374,0,0
2,0,1,2,24.6,28.79,78,8.9981,9,2,5,1,0,1,0,0,0,9,0,-4.189999999999998,19.188000000000002,0,0
2,0,1,1,27.06,31.06,61,0.0,10,2,5,1,0,0,0,0,0,10,0,-4.0,16.5066,0,0
2,0,1,1,28.7,32.575,54,8.9981,11,2,5,1,0,0,0,0,0,11,0,-3.8750000000000036,15.498,0,0
2,0,1,1,28.7,32.575,54,12.998,12,2,5,1,0,0,0,0,0,12,0,-3.8750000000000036,15.498,0,0
2,0,1,1,29.52,32.575,42,0.0,13,2,5,1,0,0,0,0,0,13,0,-3.0550000000000033,12.398399999999999,0,0
2,0,1,1,29.52,32.575,42,6.0032,14,2,5,1,0,0,0,0,0,14,0,-3.0550000000000033,12.398399999999999,0,0
2,0,1,2,29.52,33.335,48,7.0015,15,2,5,1,0,0,0,0,0,15,0,-3.8150000000000013,14.1696,0,0
2,0,1,1,29.52,32.575,45,7.0015,16,2,5,1,0,0,0,0,0,16,0,-3.0550000000000033,13.284,0,0
2,0,1,1,29.52,33.335,51,12.998,17,2,5,1,0,0,1,0,0,17,0,-3.8150000000000013,15.0552,0,0
2,0,1,1,29.52,33.335,51,15.0013,18,2,5,1,0,0,1,0,0,18,0,-3.8150000000000013,15.0552,0,0
2,0,1,1,28.7,32.575,54,19.0012,19,2,5,1,0,0,1,0,0,19,0,-3.8750000000000036,15.498,0,0
2,0,1,1,27.06,31.06,65,16.9979,20,2,5,1,0,0,0,0,0,20,0,-4.0,17.589,0,0
2,0,1,1,26.24,30.305,73,12.998,21,2,5,1,0,0,0,0,0,21,0,-4.065000000000001,19.1552,0,0
2,0,1,1,26.24,30.305,73,11.0014,22,2,5,1,0,0,0,0,0,22,0,-4.065000000000001,19.1552,0,0
2,0,1,1,25.42,29.545,78,7.0015,23,2,5,1,0,0,0,0,0,23,0,-4.125,19.827600000000004,0,0
2,0,1,1,24.6,28.79,78,8.9981,0,3,5,1,0,0,0,0,1,0,0,-4.189999999999998,19.188000000000002,0,0
2,0,1,1,24.6,28.03,83,11.0014,1,3,5,1,0,0,0,0,1,1,0,-3.4299999999999997,20.418000000000003,0,0
2,0,1,1,24.6,28.79,78,11.0014,2,3,5,1,0,0,0,0,1,2,0,-4.189999999999998,19.188000000000002,0,0
2,0,1,1,24.6,29.545,73,16.9979,3,3,5,1,0,0,0,0,1,3,0,-4.945,17.958000000000002,0,0
2,0,1,1,24.6,30.305,64,22.0028,4,3,5,1,0,0,0,0,1,4,0,-5.704999999999998,15.744000000000002,0,0
2,0,1,1,22.96,26.515,68,22.0028,5,3,5,1,0,0,0,0,1,5,0,-3.5549999999999997,15.6128,0,0
2,0,1,1,22.14,25.76,73,23.9994,6,3,5,1,0,0,0,0,0,6,0,-3.620000000000001,16.1622,0,0
2,0,1,1,22.14,25.76,73,26.0027,7,3,5,1,0,1,0,0,0,7,0,-3.620000000000001,16.1622,0,0
2,0,1,1,21.32,25.0,55,30.0026,8,3,5,1,0,1,0,0,0,8,0,-3.6799999999999997,11.725999999999999,0,0
2,0,1,1,22.14,25.76,52,27.9993,9,3,5,1,0,1,0,0,0,9,0,-3.620000000000001,11.5128,0,0
2,0,1,1,22.96,26.515,52,16.9979,10,3,5,1,0,0,0,0,0,10,0,-3.5549999999999997,11.939200000000001,0,0
2,0,1,1,23.78,27.275,49,15.0013,11,3,5,1,0,0,0,0,0,11,0,-3.4949999999999974,11.6522,0,0
2,0,1,1,24.6,31.06,43,12.998,12,3,5,1,0,0,0,0,0,12,0,-6.459999999999997,10.578,0,0
2,0,1,1,25.42,31.06,41,12.998,13,3,5,1,0,0,0,0,0,13,0,-5.639999999999997,10.4222,0,0
2,0,1,1,26.24,31.06,38,12.998,14,3,5,1,0,0,0,0,0,14,0,-4.82,9.9712,0,0
2,0,1,1,26.24,31.06,36,16.9979,15,3,5,1,0,0,0,0,0,15,0,-4.82,9.4464,0,0
2,0,1,1,27.06,31.06,31,12.998,16,3,5,1,0,0,0,0,0,16,0,-4.0,8.3886,0,0
2,0,1,1,27.06,31.06,31,8.9981,17,3,5,1,0,0,1,0,0,17,0,-4.0,8.3886,0,0
2,0,1,1,27.06,31.06,27,11.0014,18,3,5,1,0,0,1,0,0,18,0,-4.0,7.3062000000000005,0,0
2,0,1,1,26.24,31.06,31,12.998,19,3,5,1,0,0,1,0,0,19,0,-4.82,8.1344,0,0
2,0,1,1,24.6,31.06,40,12.998,20,3,5,1,0,0,0,0,0,20,0,-6.459999999999997,9.84,0,0
2,0,1,1,23.78,27.275,40,7.0015,21,3,5,1,0,0,0,0,0,21,0,-3.4949999999999974,9.512,0,0
2,0,1,1,22.96,26.515,43,6.0032,22,3,5,1,0,0,0,0,0,22,0,-3.5549999999999997,9.872800000000002,0,0
2,0,1,1,22.14,25.76,49,8.9981,23,3,5,1,0,0,0,0,0,23,0,-3.620000000000001,10.848600000000001,0,0
2,0,1,1,21.32,25.0,59,7.0015,0,4,5,1,0,0,0,0,1,0,0,-3.6799999999999997,12.578800000000001,0,0
2,0,1,1,20.5,24.24,59,6.0032,1,4,5,1,0,0,0,0,1,1,0,-3.7399999999999984,12.095,0,0
2,0,1,1,19.68,23.485,67,8.9981,2,4,5,1,0,0,0,0,1,2,0,-3.8049999999999997,13.185599999999999,0,0
2,0,1,1,18.86,22.725,72,6.0032,3,4,5,1,0,0,0,0,1,3,0,-3.865000000000002,13.5792,0,0
2,0,1,1,18.86,22.725,77,11.0014,4,4,5,1,0,0,0,0,1,4,0,-3.865000000000002,14.5222,0,0
2,0,1,1,18.86,22.725,77,7.0015,5,4,5,1,0,0,0,0,1,5,0,-3.865000000000002,14.5222,0,0
2,0,1,1,18.04,21.97,77,8.9981,6,4,5,1,0,0,0,0,0,6,0,-3.9299999999999997,13.890799999999999,0,0
2,0,1,1,18.86,22.725,82,7.0015,7,4,5,1,0,1,0,0,0,7,0,-3.865000000000002,15.4652,0,0
2,0,1,1,21.32,25.0,59,8.9981,8,4,5,1,0,1,0,0,0,8,0,-3.6799999999999997,12.578800000000001,0,0
2,0,1,1,22.96,26.515,56,7.0015,9,4,5,1,0,1,0,0,0,9,0,-3.5549999999999997,12.8576,0,0
2,0,1,1,24.6,31.06,46,8.9981,10,4,5,1,0,0,0,0,0,10,0,-6.459999999999997,11.316,0,0
2,0,1,1,25.42,31.06,43,0.0,11,4,5,1,0,0,0,0,0,11,0,-5.639999999999997,10.930600000000002,0,0
2,0,1,1,25.42,31.06,41,12.998,12,4,5,1,0,0,0,0,0,12,0,-5.639999999999997,10.4222,0,0
2,0,1,1,26.24,31.06,36,11.0014,13,4,5,1,0,0,0,0,0,13,0,-4.82,9.4464,0,0
2,0,1,1,27.06,31.06,34,8.9981,14,4,5,1,0,0,0,0,0,14,0,-4.0,9.2004,0,0
2,0,1,1,27.06,31.06,36,12.998,15,4,5,1,0,0,0,0,0,15,0,-4.0,9.7416,0,0
2,0,1,1,27.06,31.06,34,16.9979,16,4,5,1,0,0,0,0,0,16,0,-4.0,9.2004,0,0
2,0,1,1,27.06,31.06,34,8.9981,17,4,5,1,0,0,1,0,0,17,0,-4.0,9.2004,0,0
2,0,1,1,26.24,31.06,38,15.0013,18,4,5,1,0,0,1,0,0,18,0,-4.82,9.9712,0,0
2,0,1,1,25.42,31.06,41,12.998,19,4,5,1,0,0,1,0,0,19,0,-5.639999999999997,10.4222,0,0
2,0,1,1,25.42,31.06,41,11.0014,20,4,5,1,0,0,0,0,0,20,0,-5.639999999999997,10.4222,0,0
2,0,1,1,24.6,31.06,40,0.0,21,4,5,1,0,0,0,0,0,21,0,-6.459999999999997,9.84,0,0
2,0,1,1,22.96,26.515,52,22.0028,22,4,5,1,0,0,0,0,0,22,0,-3.5549999999999997,11.939200000000001,0,0
2,0,1,1,21.32,25.0,55,0.0,23,4,5,1,0,0,0,0,0,23,0,-3.6799999999999997,11.725999999999999,0,0
2,0,0,1,21.32,25.0,48,7.0015,0,5,5,1,1,0,0,0,1,0,0,-3.6799999999999997,10.233600000000001,0,0
2,0,0,1,20.5,24.24,48,0.0,1,5,5,1,1,0,0,0,1,0,1,-3.7399999999999984,9.84,0,0
2,0,0,1,20.5,24.24,51,7.0015,2,5,5,1,1,0,0,0,1,0,2,-3.7399999999999984,10.455,0,0
2,0,0,1,20.5,24.24,48,7.0015,3,5,5,1,1,0,0,0,1,0,3,-3.7399999999999984,9.84,0,0
2,0,0,1,19.68,23.485,59,6.0032,4,5,5,1,1,0,0,0,1,0,4,-3.8049999999999997,11.611199999999998,0,0
2,0,0,1,18.86,22.725,67,0.0,5,5,5,1,1,0,0,0,1,0,5,-3.865000000000002,12.636199999999999,0,0
2,0,0,1,18.04,21.97,72,6.0032,6,5,5,1,1,0,0,0,0,0,6,-3.9299999999999997,12.9888,0,0
2,0,0,1,18.86,22.725,67,7.0015,7,5,5,1,1,0,0,0,0,0,7,-3.865000000000002,12.636199999999999,0,0
2,0,0,1,21.32,25.0,52,11.0014,8,5,5,1,1,0,0,0,0,0,8,-3.6799999999999997,11.086400000000001,0,0
2,0,0,1,22.96,26.515,43,11.0014,9,5,5,1,1,0,0,0,0,0,9,-3.5549999999999997,9.872800000000002,0,0
2,0,0,1,22.96,26.515,43,0.0,10,5,5,1,1,0,0,0,0,0,10,-3.5549999999999997,9.872800000000002,0,0
2,0,0,1,25.42,31.06,38,6.0032,11,5,5,1,1,0,0,1,0,0,11,-5.639999999999997,9.659600000000001,0,0
2,0,0,1,27.06,31.06,36,0.0,12,5,5,1,1,0,0,1,0,0,12,-4.0,9.7416,0,0
2,0,0,1,28.7,31.82,37,8.9981,13,5,5,1,1,0,0,1,0,0,13,-3.120000000000001,10.618999999999998,0,0
2,0,0,1,29.52,32.575,30,6.0032,14,5,5,1,1,0,0,1,0,0,14,-3.0550000000000033,8.856,0,0
2,0,0,1,29.52,32.575,30,7.0015,15,5,5,1,1,0,0,1,0,0,15,-3.0550000000000033,8.856,0,0
2,0,0,1,30.34,32.575,30,7.0015,16,5,5,1,1,0,0,1,0,0,16,-2.235000000000003,9.102,0,0
2,0,0,1,30.34,32.575,30,6.0032,17,5,5,1,1,0,0,0,0,0,17,-2.235000000000003,9.102,0,0
2,0,0,1,30.34,32.575,33,6.0032,18,5,5,1,1,0,0,0,0,0,18,-2.235000000000003,10.0122,0,0
2,0,0,1,28.7,31.82,39,8.9981,19,5,5,1,1,0,0,0,0,0,19,-3.120000000000001,11.193,0,0
2,0,0,1,27.88,31.82,41,6.0032,20,5,5,1,1,0,0,0,0,0,20,-3.9400000000000013,11.4308,0,0
2,0,0,1,26.24,31.06,50,0.0,21,5,5,1,1,0,0,0,0,0,21,-4.82,13.12,0,0
2,0,0,1,26.24,31.06,47,0.0,22,5,5,1,1,0,0,0,0,0,22,-4.82,12.332799999999999,0,0
2,0,0,1,24.6,31.06,56,11.0014,23,5,5,1,1,0,0,0,0,0,23,-6.459999999999997,13.776000000000002,0,0
2,0,1,1,27.06,31.06,50,16.9979,0,4,6,1,0,0,0,0,1,0,0,-4.0,13.53,0,0
2,0,1,1,26.24,31.06,53,15.0013,1,4,6,1,0,0,0,0,1,1,0,-4.82,13.9072,0,0
2,0,1,1,26.24,31.06,57,15.0013,2,4,6,1,0,0,0,0,1,2,0,-4.82,14.956799999999998,0,0
2,0,1,2,25.42,29.545,73,6.0032,3,4,6,1,0,0,0,0,1,3,0,-4.125,18.5566,0,0
2,0,1,2,25.42,29.545,73,6.0032,4,4,6,1,0,0,0,0,1,4,0,-4.125,18.5566,0,0
2,0,1,2,25.42,29.545,78,6.0032,5,4,6,1,0,0,0,0,1,5,0,-4.125,19.827600000000004,0,0
2,0,1,3,25.42,28.03,88,8.9981,6,4,6,1,0,0,0,0,0,6,0,-2.6099999999999994,22.369600000000002,0,1
2,0,1,2,26.24,28.79,89,12.998,7,4,6,1,0,1,0,0,0,7,0,-2.5500000000000007,23.353599999999997,0,0
2,0,1,2,26.24,28.79,89,12.998,8,4,6,1,0,1,0,0,0,8,0,-2.5500000000000007,23.353599999999997,0,0
2,0,1,2,26.24,28.79,83,15.0013,9,4,6,1,0,1,0,0,0,9,0,-2.5500000000000007,21.7792,0,0
2,0,1,2,27.06,30.305,78,19.0012,10,4,6,1,0,0,0,0,0,10,0,-3.245000000000001,21.1068,0,0
2,0,1,2,28.7,33.335,74,19.0012,11,4,6,1,0,0,0,0,0,11,0,-4.635000000000002,21.237999999999996,0,0
2,0,1,2,28.7,33.335,74,23.9994,12,4,6,1,0,0,0,0,0,12,0,-4.635000000000002,21.237999999999996,0,0
2,0,1,1,29.52,34.09,70,19.9995,13,4,6,1,0,0,0,0,0,13,0,-4.570000000000004,20.664,0,0
2,0,1,3,29.52,34.09,66,19.0012,14,4,6,1,0,0,0,0,0,14,0,-4.570000000000004,19.4832,0,1
2,0,1,3,29.52,34.09,66,19.0012,15,4,6,1,0,0,0,0,0,15,0,-4.570000000000004,19.4832,0,1
2,0,1,3,30.34,34.09,58,30.0026,16,4,6,1,0,0,0,0,0,16,0,-3.7500000000000036,17.5972,0,1
2,0,1,3,28.7,32.575,70,16.9979,17,4,6,1,0,0,1,0,0,17,0,-3.8750000000000036,20.09,0,1
2,0,1,3,25.42,28.03,88,23.9994,18,4,6,1,0,0,1,0,0,18,0,-2.6099999999999994,22.369600000000002,0,1
2,0,1,3,25.42,28.03,88,23.9994,19,4,6,1,0,0,1,0,0,19,0,-2.6099999999999994,22.369600000000002,0,1
2,0,1,3,25.42,27.275,94,16.9979,20,4,6,1,0,0,0,0,0,20,0,-1.8549999999999969,23.8948,0,1
2,0,1,3,26.24,29.545,78,16.9979,21,4,6,1,0,0,0,0,0,21,0,-3.3050000000000033,20.4672,0,1
2,0,1,3,24.6,27.275,88,8.9981,22,4,6,1,0,0,0,0,0,22,0,-2.674999999999997,21.648000000000003,0,1
2,0,1,3,24.6,27.275,88,8.9981,23,4,6,1,0,0,0,0,0,23,0,-2.674999999999997,21.648000000000003,0,1
2,0,0,2,22.96,26.515,83,8.9981,0,5,6,1,1,0,0,0,1,0,0,-3.5549999999999997,19.0568,0,0
2,0,0,2,22.96,26.515,83,7.0015,1,5,6,1,1,0,0,0,1,0,1,-3.5549999999999997,19.0568,0,0
2,0,0,2,22.14,25.76,88,0.0,2,5,6,1,1,0,0,0,1,0,2,-3.620000000000001,19.4832,0,0
2,0,0,1,22.96,26.515,73,16.9979,3,5,6,1,1,0,0,0,1,0,3,-3.5549999999999997,16.760800000000003,0,0
2,0,0,1,22.14,25.76,68,19.0012,4,5,6,1,1,0,0,0,1,0,4,-3.620000000000001,15.0552,0,0
2,0,0,1,20.5,24.24,72,12.998,5,5,6,1,1,0,0,0,1,0,5,-3.7399999999999984,14.76,0,0
2,0,0,2,20.5,24.24,77,12.998,6,5,6,1,1,0,0,0,0,0,6,-3.7399999999999984,15.785,0,0
2,0,0,1,21.32,25.0,72,7.0015,7,5,6,1,1,0,0,0,0,0,7,-3.6799999999999997,15.3504,0,0
2,0,0,1,22.14,25.76,64,11.0014,8,5,6,1,1,0,0,0,0,0,8,-3.620000000000001,14.1696,0,0
2,0,0,1,22.96,26.515,60,16.9979,9,5,6,1,1,0,0,0,0,0,9,-3.5549999999999997,13.776000000000002,0,0
2,0,0,1,24.6,31.06,53,19.9995,10,5,6,1,1,0,0,0,0,0,10,-6.459999999999997,13.038000000000002,0,0
2,0,0,1,23.78,27.275,46,19.0012,11,5,6,1,1,0,0,1,0,0,11,-3.4949999999999974,10.9388,0,0
2,0,0,1,25.42,31.06,43,23.9994,12,5,6,1,1,0,0,1,0,0,12,-5.639999999999997,10.930600000000002,0,0
2,0,0,1,25.42,31.06,41,16.9979,13,5,6,1,1,0,0,1,0,0,13,-5.639999999999997,10.4222,0,0
2,0,0,1,26.24,31.06,38,19.9995,14,5,6,1,1,0,0,1,0,0,14,-4.82,9.9712,0,0
2,0,0,1,26.24,31.06,38,16.9979,15,5,6,1,1,0,0,1,0,0,15,-4.82,9.9712,0,0
2,0,0,1,26.24,31.06,38,16.9979,16,5,6,1,1,0,0,1,0,0,16,-4.82,9.9712,0,0
2,0,0,1,26.24,31.06,36,0.0,17,5,6,1,1,0,0,0,0,0,17,-4.82,9.4464,0,0
2,0,0,1,26.24,31.06,36,0.0,18,5,6,1,1,0,0,0,0,0,18,-4.82,9.4464,0,0
2,0,0,1,26.24,31.06,36,11.0014,19,5,6,1,1,0,0,0,0,0,19,-4.82,9.4464,0,0
2,0,0,1,25.42,31.06,35,19.0012,20,5,6,1,1,0,0,0,0,0,20,-5.639999999999997,8.897,0,0
2,0,0,1,24.6,31.06,40,7.0015,21,5,6,1,1,0,0,0,0,0,21,-6.459999999999997,9.84,0,0
2,0,0,1,23.78,27.275,46,8.9981,22,5,6,1,1,0,0,0,0,0,22,-3.4949999999999974,10.9388,0,0
2,0,0,1,22.96,26.515,52,7.0015,23,5,6,1,1,0,0,0,0,0,23,-3.5549999999999997,11.939200000000001,0,0
2,0,0,1,22.14,25.76,60,11.0014,0,6,6,1,1,0,0,0,1,0,0,-3.620000000000001,13.284,0,0
2,0,0,1,22.14,25.76,56,8.9981,1,6,6,1,1,0,0,0,1,0,1,-3.620000000000001,12.398400000000002,0,0
2,0,0,1,21.32,25.0,59,7.0015,2,6,6,1,1,0,0,0,1,0,2,-3.6799999999999997,12.578800000000001,0,0
2,0,0,1,21.32,25.0,63,7.0015,3,6,6,1,1,0,0,0,1,0,3,-3.6799999999999997,13.431600000000001,0,0
2,0,0,1,20.5,24.24,72,6.0032,4,6,6,1,1,0,0,0,1,0,4,-3.7399999999999984,14.76,0,0
2,0,0,1,20.5,24.24,68,0.0,5,6,6,1,1,0,0,0,1,0,5,-3.7399999999999984,13.94,0,0
2,0,0,1,18.86,22.725,82,7.0015,6,6,6,1,1,0,0,0,0,0,6,-3.865000000000002,15.4652,0,0
2,0,0,1,20.5,24.24,68,7.0015,7,6,6,1,1,0,0,0,0,0,7,-3.7399999999999984,13.94,0,0
2,0,0,1,22.14,25.76,60,6.0032,8,6,6,1,1,0,0,0,0,0,8,-3.620000000000001,13.284,0,0
2,0,0,1,24.6,31.06,46,12.998,9,6,6,1,1,0,0,0,0,0,9,-6.459999999999997,11.316,0,0
2,0,0,1,25.42,31.06,43,15.0013,10,6,6,1,1,0,0,0,0,0,10,-5.639999999999997,10.930600000000002,0,0
2,0,0,1,26.24,31.06,41,16.9979,11,6,6,1,1,0,0,1,0,0,11,-4.82,10.7584,0,0
2,0,0,1,27.06,31.06,39,19.9995,12,6,6,1,1,0,0,1,0,0,12,-4.0,10.5534,0,0
2,0,0,1,27.88,31.82,36,19.0012,13,6,6,1,1,0,0,1,0,0,13,-3.9400000000000013,10.0368,0,0
2,0,0,1,27.88,31.82,36,22.0028,14,6,6,1,1,0,0,1,0,0,14,-3.9400000000000013,10.0368,0,0
2,0,0,1,28.7,31.82,34,0.0,15,6,6,1,1,0,0,1,0,0,15,-3.120000000000001,9.758,0,0
2,0,0,1,28.7,31.82,34,19.9995,16,6,6,1,1,0,0,1,0,0,16,-3.120000000000001,9.758,0,0
2,0,0,1,28.7,31.82,34,16.9979,17,6,6,1,1,0,0,0,0,0,17,-3.120000000000001,9.758,0,0
2,0,0,1,28.7,31.82,34,16.9979,18,6,6,1,1,0,0,0,0,0,18,-3.120000000000001,9.758,0,0
2,0,0,1,27.88,31.82,34,19.0012,19,6,6,1,1,0,0,0,0,0,19,-3.9400000000000013,9.479199999999999,0,0
2,0,0,1,27.06,31.06,39,12.998,20,6,6,1,1,0,0,0,0,0,20,-4.0,10.5534,0,0
2,0,0,1,25.42,31.06,43,11.0014,21,6,6,1,1,0,0,0,0,0,21,-5.639999999999997,10.930600000000002,0,0
2,0,0,1,25.42,31.06,50,26.0027,22,6,6,1,1,0,0,0,0,0,22,-5.639999999999997,12.71,0,0
2,0,0,1,23.78,27.275,53,7.0015,23,6,6,1,1,0,0,0,0,0,23,-3.4949999999999974,12.6034,0,0
2,0,1,1,23.78,27.275,53,0.0,0,0,6,1,0,0,0,0,1,0,0,-3.4949999999999974,12.6034,0,0
2,0,1,3,22.96,26.515,60,11.0014,1,0,6,1,0,0,0,0,1,1,0,-3.5549999999999997,13.776000000000002,0,1
2,0,1,1,22.96,26.515,60,15.0013,2,0,6,1,0,0,0,0,1,2,0,-3.5549999999999997,13.776000000000002,0,0
2,0,1,2,22.96,26.515,60,11.0014,3,0,6,1,0,0,0,0,1,3,0,-3.5549999999999997,13.776000000000002,0,0
2,0,1,1,22.14,25.76,64,6.0032,4,0,6,1,0,0,0,0,1,4,0,-3.620000000000001,14.1696,0,0
2,0,1,1,21.32,25.0,68,0.0,5,0,6,1,0,0,0,0,1,5,0,-3.6799999999999997,14.4976,0,0
2,0,1,1,21.32,25.0,68,0.0,6,0,6,1,0,0,0,0,0,6,0,-3.6799999999999997,14.4976,0,0
2,0,1,1,22.96,26.515,60,15.0013,7,0,6,1,0,1,0,0,0,7,0,-3.5549999999999997,13.776000000000002,0,0
2,0,1,1,24.6,31.06,49,15.0013,8,0,6,1,0,1,0,0,0,8,0,-6.459999999999997,12.054,0,0
2,0,1,1,25.42,31.06,43,19.0012,9,0,6,1,0,1,0,0,0,9,0,-5.639999999999997,10.930600000000002,0,0
2,0,1,1,26.24,31.06,41,31.0009,10,0,6,1,0,0,0,0,0,10,0,-4.82,10.7584,0,0
2,0,1,1,26.24,31.06,38,32.9975,11,0,6,1,0,0,0,0,0,11,0,-4.82,9.9712,0,0
2,0,1,1,26.24,31.06,41,30.0026,12,0,6,1,0,0,0,0,0,12,0,-4.82,10.7584,0,0
2,0,1,1,26.24,31.06,41,23.9994,13,0,6,1,0,0,0,0,0,13,0,-4.82,10.7584,0,0
2,0,1,1,25.42,31.06,41,32.9975,14,0,6,1,0,0,0,0,0,14,0,-5.639999999999997,10.4222,0,0
2,0,1,1,27.06,31.06,39,19.9995,15,0,6,1,0,0,0,0,0,15,0,-4.0,10.5534,0,0
2,0,1,1,27.06,31.06,39,31.0009,16,0,6,1,0,0,0,0,0,16,0,-4.0,10.5534,0,0
2,0,1,1,26.24,31.06,38,30.0026,17,0,6,1,0,0,1,0,0,17,0,-4.82,9.9712,0,0
2,0,1,1,26.24,31.06,38,26.0027,18,0,6,1,0,0,1,0,0,18,0,-4.82,9.9712,0,0
2,0,1,1,25.42,31.06,38,27.9993,19,0,6,1,0,0,1,0,0,19,0,-5.639999999999997,9.659600000000001,0,0
2,0,1,1,24.6,31.06,40,23.9994,20,0,6,1,0,0,0,0,0,20,0,-6.459999999999997,9.84,0,0
2,0,1,1,23.78,27.275,49,16.9979,21,0,6,1,0,0,0,0,0,21,0,-3.4949999999999974,11.6522,0,0
2,0,1,1,22.96,26.515,52,19.0012,22,0,6,1,0,0,0,0,0,22,0,-3.5549999999999997,11.939200000000001,0,0
2,0,1,1,23.78,27.275,49,19.9995,23,0,6,1,0,0,0,0,0,23,0,-3.4949999999999974,11.6522,0,0
2,0,1,1,22.14,25.76,68,27.9993,0,1,6,1,0,0,0,0,1,0,0,-3.620000000000001,15.0552,0,0
2,0,1,2,21.32,25.0,77,22.0028,1,1,6,1,0,0,0,0,1,1,0,-3.6799999999999997,16.4164,0,0
2,0,1,3,21.32,25.0,72,19.9995,2,1,6,1,0,0,0,0,1,2,0,-3.6799999999999997,15.3504,0,1
2,0,1,3,20.5,24.24,82,12.998,3,1,6,1,0,0,0,0,1,3,0,-3.7399999999999984,16.81,0,1
2,0,1,3,20.5,24.24,82,12.998,4,1,6,1,0,0,0,0,1,4,0,-3.7399999999999984,16.81,0,1
2,0,1,3,19.68,23.485,82,11.0014,5,1,6,1,0,0,0,0,1,5,0,-3.8049999999999997,16.1376,0,1
2,0,1,1,19.68,23.485,82,16.9979,6,1,6,1,0,0,0,0,0,6,0,-3.8049999999999997,16.1376,0,0
2,0,1,1,19.68,23.485,77,19.9995,7,1,6,1,0,1,0,0,0,7,0,-3.8049999999999997,15.153599999999999,0,0
2,0,1,2,19.68,23.485,77,15.0013,8,1,6,1,0,1,0,0,0,8,0,-3.8049999999999997,15.153599999999999,0,0
2,0,1,2,21.32,25.0,72,16.9979,9,1,6,1,0,1,0,0,0,9,0,-3.6799999999999997,15.3504,0,0
2,0,1,2,21.32,25.0,63,19.9995,10,1,6,1,0,0,0,0,0,10,0,-3.6799999999999997,13.431600000000001,0,0
2,0,1,2,22.96,26.515,56,12.998,11,1,6,1,0,0,0,0,0,11,0,-3.5549999999999997,12.8576,0,0
2,0,1,2,22.14,25.76,56,15.0013,12,1,6,1,0,0,0,0,0,12,0,-3.620000000000001,12.398400000000002,0,0
2,0,1,2,24.6,31.06,46,11.0014,13,1,6,1,0,0,0,0,0,13,0,-6.459999999999997,11.316,0,0
2,0,1,2,23.78,27.275,46,11.0014,14,1,6,1,0,0,0,0,0,14,0,-3.4949999999999974,10.9388,0,0
2,0,1,2,23.78,27.275,46,8.9981,15,1,6,1,0,0,0,0,0,15,0,-3.4949999999999974,10.9388,0,0
2,0,1,1,24.6,31.06,43,12.998,16,1,6,1,0,0,0,0,0,16,0,-6.459999999999997,10.578,0,0
2,0,1,1,24.6,31.06,43,0.0,17,1,6,1,0,0,1,0,0,17,0,-6.459999999999997,10.578,0,0
2,0,1,1,24.6,31.06,43,12.998,18,1,6,1,0,0,1,0,0,18,0,-6.459999999999997,10.578,0,0
2,0,1,1,23.78,27.275,46,16.9979,19,1,6,1,0,0,1,0,0,19,0,-3.4949999999999974,10.9388,0,0
2,0,1,1,22.96,26.515,49,15.0013,20,1,6,1,0,0,0,0,0,20,0,-3.5549999999999997,11.250399999999999,0,0
2,0,1,1,22.14,25.76,56,11.0014,21,1,6,1,0,0,0,0,0,21,0,-3.620000000000001,12.398400000000002,0,0
2,0,1,1,22.96,26.515,52,7.0015,22,1,6,1,0,0,0,0,0,22,0,-3.5549999999999997,11.939200000000001,0,0
2,0,1,1,22.14,25.76,56,6.0032,23,1,6,1,0,0,0,0,0,23,0,-3.620000000000001,12.398400000000002,0,0
2,0,1,1,21.32,25.0,59,6.0032,0,2,6,1,0,0,0,0,1,0,0,-3.6799999999999997,12.578800000000001,0,0
2,0,1,1,21.32,25.0,68,0.0,1,2,6,1,0,0,0,0,1,1,0,-3.6799999999999997,14.4976,0,0
2,0,1,1,20.5,24.24,68,0.0,2,2,6,1,0,0,0,0,1,2,0,-3.7399999999999984,13.94,0,0
2,0,1,1,18.86,22.725,82,0.0,3,2,6,1,0,0,0,0,1,3,0,-3.865000000000002,15.4652,0,0
2,0,1,1,18.86,22.725,82,7.0015,4,2,6,1,0,0,0,0,1,4,0,-3.865000000000002,15.4652,0,0
2,0,1,1,19.68,23.485,77,0.0,5,2,6,1,0,0,0,0,1,5,0,-3.8049999999999997,15.153599999999999,0,0
2,0,1,1,19.68,23.485,77,0.0,6,2,6,1,0,0,0,0,0,6,0,-3.8049999999999997,15.153599999999999,0,0
2,0,1,1,20.5,24.24,72,0.0,7,2,6,1,0,1,0,0,0,7,0,-3.7399999999999984,14.76,0,0
2,0,1,1,22.14,25.76,68,0.0,8,2,6,1,0,1,0,0,0,8,0,-3.620000000000001,15.0552,0,0
2,0,1,1,22.96,26.515,60,6.0032,9,2,6,1,0,1,0,0,0,9,0,-3.5549999999999997,13.776000000000002,0,0
2,0,1,1,24.6,31.06,46,6.0032,10,2,6,1,0,0,0,0,0,10,0,-6.459999999999997,11.316,0,0
2,0,1,1,25.42,31.06,43,6.0032,11,2,6,1,0,0,0,0,0,11,0,-5.639999999999997,10.930600000000002,0,0
2,0,1,1,25.42,31.06,38,0.0,12,2,6,1,0,0,0,0,0,12,0,-5.639999999999997,9.659600000000001,0,0
2,0,1,1,25.42,31.06,41,6.0032,13,2,6,1,0,0,0,0,0,13,0,-5.639999999999997,10.4222,0,0
2,0,1,1,26.24,31.06,38,0.0,14,2,6,1,0,0,0,0,0,14,0,-4.82,9.9712,0,0
2,0,1,1,26.24,31.06,38,0.0,15,2,6,1,0,0,0,0,0,15,0,-4.82,9.9712,0,0
2,0,1,1,26.24,31.06,41,8.9981,16,2,6,1,0,0,0,0,0,16,0,-4.82,10.7584,0,0
2,0,1,1,25.42,31.06,43,8.9981,17,2,6,1,0,0,1,0,0,17,0,-5.639999999999997,10.930600000000002,0,0
2,0,1,3,24.6,31.06,53,12.998,18,2,6,1,0,0,1,0,0,18,0,-6.459999999999997,13.038000000000002,0,1
2,0,1,1,22.96,26.515,73,19.9995,19,2,6,1,0,0,1,0,0,19,0,-3.5549999999999997,16.760800000000003,0,0
2,0,1,1,22.14,25.76,73,19.0012,20,2,6,1,0,0,0,0,0,20,0,-3.620000000000001,16.1622,0,0
2,0,1,1,22.14,25.76,73,11.0014,21,2,6,1,0,0,0,0,0,21,0,-3.620000000000001,16.1622,0,0
2,0,1,1,21.32,25.0,77,6.0032,22,2,6,1,0,0,0,0,0,22,0,-3.6799999999999997,16.4164,0,0
2,0,1,1,21.32,25.0,77,0.0,23,2,6,1,0,0,0,0,0,23,0,-3.6799999999999997,16.4164,0,0
2,0,1,1,21.32,25.0,77,8.9981,0,3,6,1,0,0,0,0,1,0,0,-3.6799999999999997,16.4164,0,0
2,0,1,1,21.32,25.0,77,11.0014,1,3,6,1,0,0,0,0,1,1,0,-3.6799999999999997,16.4164,0,0
2,0,1,1,21.32,25.0,77,6.0032,2,3,6,1,0,0,0,0,1,2,0,-3.6799999999999997,16.4164,0,0
2,0,1,1,20.5,24.24,77,7.0015,3,3,6,1,0,0,0,0,1,3,0,-3.7399999999999984,15.785,0,0
2,0,1,1,18.86,22.725,88,7.0015,4,3,6,1,0,0,0,0,1,4,0,-3.865000000000002,16.596799999999998,0,0
2,0,1,1,19.68,23.485,82,6.0032,5,3,6,1,0,0,0,0,1,5,0,-3.8049999999999997,16.1376,0,0
2,0,1,1,18.86,22.725,88,7.0015,6,3,6,1,0,0,0,0,0,6,0,-3.865000000000002,16.596799999999998,0,0
2,0,1,1,20.5,24.24,82,11.0014,7,3,6,1,0,1,0,0,0,7,0,-3.7399999999999984,16.81,0,0
2,0,1,1,21.32,25.0,77,0.0,8,3,6,1,0,1,0,0,0,8,0,-3.6799999999999997,16.4164,0,0
2,0,1,1,23.78,27.275,68,0.0,9,3,6,1,0,1,0,0,0,9,0,-3.4949999999999974,16.1704,0,0
2,0,1,1,24.6,30.305,64,6.0032,10,3,6,1,0,0,0,0,0,10,0,-5.704999999999998,15.744000000000002,0,0
2,0,1,1,27.06,31.06,47,15.0013,11,3,6,1,0,0,0,0,0,11,0,-4.0,12.7182,0,0
2,0,1,1,28.7,31.82,42,0.0,12,3,6,1,0,0,0,0,0,12,0,-3.120000000000001,12.053999999999998,0,0
2,0,1,1,28.7,31.82,37,19.0012,13,3,6,1,0,0,0,0,0,13,0,-3.120000000000001,10.618999999999998,0,0
2,0,1,1,29.52,32.575,37,16.9979,14,3,6,1,0,0,0,0,0,14,0,-3.0550000000000033,10.9224,0,0
2,0,1,1,30.34,32.575,30,0.0,15,3,6,1,0,0,0,0,0,15,0,-2.235000000000003,9.102,0,0
2,0,1,1,29.52,32.575,34,15.0013,16,3,6,1,0,0,0,0,0,16,0,-3.0550000000000033,10.0368,0,0
2,0,1,1,29.52,32.575,34,16.9979,17,3,6,1,0,0,1,0,0,17,0,-3.0550000000000033,10.0368,0,0
2,0,1,1,28.7,31.82,34,19.0012,18,3,6,1,0,0,1,0,0,18,0,-3.120000000000001,9.758,0,0
2,0,1,1,28.7,31.82,34,19.0012,19,3,6,1,0,0,1,0,0,19,0,-3.120000000000001,9.758,0,0
2,0,1,1,27.06,31.06,36,19.9995,20,3,6,1,0,0,0,0,0,20,0,-4.0,9.7416,0,0
2,0,1,1,25.42,31.06,41,22.0028,21,3,6,1,0,0,0,0,0,21,0,-5.639999999999997,10.4222,0,0
2,0,1,1,24.6,31.06,46,11.0014,22,3,6,1,0,0,0,0,0,22,0,-6.459999999999997,11.316,0,0
2,0,1,1,22.96,26.515,52,8.9981,23,3,6,1,0,0,0,0,0,23,0,-3.5549999999999997,11.939200000000001,0,0
2,0,1,1,22.96,26.515,56,11.0014,0,4,6,1,0,0,0,0,1,0,0,-3.5549999999999997,12.8576,0,0
2,0,1,1,22.96,26.515,56,11.0014,1,4,6,1,0,0,0,0,1,1,0,-3.5549999999999997,12.8576,0,0
2,0,1,1,22.96,26.515,56,0.0,2,4,6,1,0,0,0,0,1,2,0,-3.5549999999999997,12.8576,0,0
2,0,1,1,22.14,25.76,60,6.0032,3,4,6,1,0,0,0,0,1,3,0,-3.620000000000001,13.284,0,0
2,0,1,1,21.32,25.0,63,0.0,4,4,6,1,0,0,0,0,1,4,0,-3.6799999999999997,13.431600000000001,0,0
2,0,1,1,20.5,24.24,72,7.0015,5,4,6,1,0,0,0,0,1,5,0,-3.7399999999999984,14.76,0,0
2,0,1,1,21.32,25.0,68,6.0032,6,4,6,1,0,0,0,0,0,6,0,-3.6799999999999997,14.4976,0,0
2,0,1,1,21.32,25.0,72,7.0015,7,4,6,1,0,1,0,0,0,7,0,-3.6799999999999997,15.3504,0,0
2,0,1,1,23.78,27.275,60,6.0032,8,4,6,1,0,1,0,0,0,8,0,-3.4949999999999974,14.268000000000002,0,0
2,0,1,1,25.42,31.06,53,11.0014,9,4,6,1,0,1,0,0,0,9,0,-5.639999999999997,13.4726,0,0
2,0,1,1,27.06,31.06,47,16.9979,10,4,6,1,0,0,0,0,0,10,0,-4.0,12.7182,0,0
2,0,1,1,28.7,31.82,42,16.9979,11,4,6,1,0,0,0,0,0,11,0,-3.120000000000001,12.053999999999998,0,0
2,0,1,1,29.52,32.575,39,22.0028,12,4,6,1,0,0,0,0,0,12,0,-3.0550000000000033,11.5128,0,0
2,0,1,1,30.34,32.575,37,16.9979,13,4,6,1,0,0,0,0,0,13,0,-2.235000000000003,11.2258,0,0
2,0,1,1,31.16,33.335,31,26.0027,14,4,6,1,0,0,0,0,0,14,0,-2.1750000000000007,9.659600000000001,0,0
2,0,1,1,31.16,33.335,29,19.0012,15,4,6,1,0,0,0,0,0,15,0,-2.1750000000000007,9.0364,0,0
2,0,1,1,31.16,33.335,29,19.9995,16,4,6,1,0,0,0,0,0,16,0,-2.1750000000000007,9.0364,0,0
2,0,1,1,31.16,33.335,29,12.998,17,4,6,1,0,0,1,0,0,17,0,-2.1750000000000007,9.0364,0,0
2,0,1,1,31.16,33.335,27,15.0013,18,4,6,1,0,0,1,0,0,18,0,-2.1750000000000007,8.4132,0,0
2,0,1,1,30.34,32.575,30,15.0013,19,4,6,1,0,0,1,0,0,19,0,-2.235000000000003,9.102,0,0
2,0,1,1,29.52,32.575,32,8.9981,20,4,6,1,0,0,0,0,0,20,0,-3.0550000000000033,9.4464,0,0
2,0,1,1,28.7,31.82,37,8.9981,21,4,6,1,0,0,0,0,0,21,0,-3.120000000000001,10.618999999999998,0,0
2,0,1,1,27.88,31.82,41,7.0015,22,4,6,1,0,0,0,0,0,22,0,-3.9400000000000013,11.4308,0,0
2,0,1,1,26.24,31.06,57,11.0014,23,4,6,1,0,0,0,0,0,23,0,-4.82,14.956799999999998,0,0
2,0,0,1,26.24,31.06,53,7.0015,0,5,6,1,1,0,0,0,1,0,0,-4.82,13.9072,0,0
2,0,0,1,26.24,31.06,53,6.0032,1,5,6,1,1,0,0,0,1,0,1,-4.82,13.9072,0,0
2,0,0,1,26.24,31.06,50,15.0013,2,5,6,1,1,0,0,0,1,0,2,-4.82,13.12,0,0
2,0,0,1,25.42,31.06,57,0.0,3,5,6,1,1,0,0,0,1,0,3,-5.639999999999997,14.4894,0,0
2,0,0,1,25.42,31.06,57,0.0,4,5,6,1,1,0,0,0,1,0,4,-5.639999999999997,14.4894,0,0
2,0,0,1,24.6,31.06,56,7.0015,5,5,6,1,1,0,0,0,1,0,5,-6.459999999999997,13.776000000000002,0,0
2,0,0,1,22.96,26.515,64,7.0015,6,5,6,1,1,0,0,0,0,0,6,-3.5549999999999997,14.6944,0,0
2,0,0,1,23.78,27.275,64,7.0015,7,5,6,1,1,0,0,0,0,0,7,-3.4949999999999974,15.2192,0,0
2,0,0,1,25.42,30.305,61,7.0015,8,5,6,1,1,0,0,0,0,0,8,-4.884999999999998,15.506200000000002,0,0
2,0,0,1,26.24,31.06,57,11.0014,9,5,6,1,1,0,0,0,0,0,9,-4.82,14.956799999999998,0,0
2,0,0,1,28.7,32.575,51,7.0015,10,5,6,1,1,0,0,0,0,0,10,-3.8750000000000036,14.637,0,0
2,0,0,1,31.16,33.335,35,0.0,11,5,6,1,1,0,0,1,0,0,11,-2.1750000000000007,10.905999999999999,0,0
2,0,0,1,32.8,34.85,29,16.9979,12,5,6,1,1,0,0,1,0,0,12,-2.0500000000000043,9.511999999999999,0,0
2,0,0,1,33.62,34.85,24,19.0012,13,5,6,1,1,0,0,1,0,0,13,-1.230000000000004,8.0688,0,0
2,0,0,1,33.62,34.85,23,12.998,14,5,6,1,1,0,0,1,0,0,14,-1.230000000000004,7.7326,0,0
2,0,0,1,34.44,35.605,20,19.9995,15,5,6,1,1,0,0,1,0,0,15,-1.1649999999999991,6.888,0,0
2,0,0,1,33.62,34.85,24,12.998,16,5,6,1,1,0,0,1,0,0,16,-1.230000000000004,8.0688,0,0
2,0,0,1,34.44,35.605,24,0.0,17,5,6,1,1,0,0,0,0,0,17,-1.1649999999999991,8.2656,0,0
2,0,0,1,33.62,34.85,24,15.0013,18,5,6,1,1,0,0,0,0,0,18,-1.230000000000004,8.0688,0,0
2,0,0,1,32.8,34.85,29,11.0014,19,5,6,1,1,0,0,0,0,0,19,-2.0500000000000043,9.511999999999999,0,0
2,0,0,1,31.16,33.335,35,15.0013,20,5,6,1,1,0,0,0,0,0,20,-2.1750000000000007,10.905999999999999,0,0
2,0,0,1,30.34,32.575,40,12.998,21,5,6,1,1,0,0,0,0,0,21,-2.235000000000003,12.136,0,0
2,0,0,1,28.7,32.575,58,11.0014,22,5,6,1,1,0,0,0,0,0,22,-3.8750000000000036,16.646,0,0
2,0,0,1,27.88,31.82,61,11.0014,23,5,6,1,1,0,0,0,0,0,23,-3.9400000000000013,17.0068,0,0
2,0,0,1,27.06,31.06,69,7.0015,0,6,6,1,1,0,0,0,1,0,0,-4.0,18.6714,0,0
2,0,0,1,26.24,30.305,73,8.9981,1,6,6,1,1,0,0,0,1,0,1,-4.065000000000001,19.1552,0,0
2,0,0,1,26.24,30.305,69,8.9981,2,6,6,1,1,0,0,0,1,0,2,-4.065000000000001,18.1056,0,0
2,0,0,1,26.24,30.305,73,7.0015,3,6,6,1,1,0,0,0,1,0,3,-4.065000000000001,19.1552,0,0
2,0,0,1,25.42,29.545,78,6.0032,4,6,6,1,1,0,0,0,1,0,4,-4.125,19.827600000000004,0,0
2,0,0,1,25.42,30.305,69,6.0032,5,6,6,1,1,0,0,0,1,0,5,-4.884999999999998,17.5398,0,0
2,0,0,1,25.42,29.545,73,0.0,6,6,6,1,1,0,0,0,0,0,6,-4.125,18.5566,0,0
2,0,0,1,24.6,28.79,78,7.0015,7,6,6,1,1,0,0,0,0,0,7,-4.189999999999998,19.188000000000002,0,0
2,0,0,1,26.24,30.305,73,6.0032,8,6,6,1,1,0,0,0,0,0,8,-4.065000000000001,19.1552,0,0
2,0,0,1,28.7,32.575,58,0.0,9,6,6,1,1,0,0,0,0,0,9,-3.8750000000000036,16.646,0,0
2,0,0,1,31.16,34.09,40,7.0015,10,6,6,1,1,0,0,0,0,0,10,-2.9300000000000033,12.464,0,0
2,0,0,1,31.16,34.09,45,6.0032,11,6,6,1,1,0,0,1,0,0,11,-2.9300000000000033,14.022,0,0
2,0,0,1,33.62,35.605,30,0.0,12,6,6,1,1,0,0,1,0,0,12,-1.9849999999999994,10.085999999999999,0,0
2,0,0,1,34.44,36.365,28,8.9981,13,6,6,1,1,0,0,1,0,0,13,-1.9250000000000043,9.6432,0,0
2,0,0,1,34.44,36.365,30,8.9981,14,6,6,1,1,0,0,1,0,0,14,-1.9250000000000043,10.331999999999999,0,0
2,0,0,1,34.44,36.365,30,15.0013,15,6,6,1,1,0,0,1,0,0,15,-1.9250000000000043,10.331999999999999,0,0
2,0,0,1,34.44,37.12,36,19.0012,16,6,6,1,1,0,0,1,0,0,16,-2.6799999999999997,12.398399999999999,0,0
2,0,0,1,33.62,37.12,41,19.0012,17,6,6,1,1,0,0,0,0,0,17,-3.5,13.784199999999998,0,0
2,0,0,1,33.62,36.365,38,15.0013,18,6,6,1,1,0,0,0,0,0,18,-2.7450000000000045,12.775599999999999,0,0
2,0,0,1,33.62,35.605,28,19.0012,19,6,6,1,1,0,0,0,0,0,19,-1.9849999999999994,9.413599999999999,0,0
2,0,0,1,31.16,34.09,48,11.0014,20,6,6,1,1,0,0,0,0,0,20,-2.9300000000000033,14.956800000000001,0,0
2,0,0,1,29.52,34.09,62,11.0014,21,6,6,1,1,0,0,0,0,0,21,-4.570000000000004,18.3024,0,0
2,0,0,1,28.7,32.575,65,11.0014,22,6,6,1,1,0,0,0,0,0,22,-3.8750000000000036,18.655,0,0
2,0,0,1,29.52,33.335,58,7.0015,23,6,6,1,1,0,0,0,0,0,23,-3.8150000000000013,17.1216,0,0
2,0,1,1,28.7,32.575,65,7.0015,0,0,6,1,0,0,0,0,1,0,0,-3.8750000000000036,18.655,0,0
2,0,1,1,27.06,31.06,74,11.0014,1,0,6,1,0,0,0,0,1,1,0,-4.0,20.0244,0,0
2,0,1,1,27.06,31.06,74,7.0015,2,0,6,1,0,0,0,0,1,2,0,-4.0,20.0244,0,0
2,0,1,1,26.24,29.545,78,7.0015,3,0,6,1,0,0,0,0,1,3,0,-3.3050000000000033,20.4672,0,0
2,0,1,1,26.24,29.545,78,8.9981,4,0,6,1,0,0,0,0,1,4,0,-3.3050000000000033,20.4672,0,0
2,0,1,1,26.24,29.545,78,8.9981,5,0,6,1,0,0,0,0,1,5,0,-3.3050000000000033,20.4672,0,0
2,0,1,1,25.42,28.79,83,7.0015,6,0,6,1,0,0,0,0,0,6,0,-3.3699999999999974,21.0986,0,0
2,0,1,1,26.24,29.545,78,7.0015,7,0,6,1,0,1,0,0,0,7,0,-3.3050000000000033,20.4672,0,0
2,0,1,1,27.06,31.06,74,8.9981,8,0,6,1,0,1,0,0,0,8,0,-4.0,20.0244,0,0
2,0,1,1,28.7,32.575,65,8.9981,9,0,6,1,0,1,0,0,0,9,0,-3.8750000000000036,18.655,0,0
2,0,1,1,29.52,34.09,62,11.0014,10,0,6,1,0,0,0,0,0,10,0,-4.570000000000004,18.3024,0,0
2,0,1,2,31.16,34.09,48,15.0013,11,0,6,1,0,0,0,0,0,11,0,-2.9300000000000033,14.956800000000001,0,0
2,0,1,2,32.8,36.365,43,12.998,12,0,6,1,0,0,0,0,0,12,0,-3.565000000000005,14.104,0,0
2,0,1,2,32.8,35.605,41,19.9995,13,0,6,1,0,0,0,0,0,13,0,-2.8049999999999997,13.448,0,0
2,0,1,2,33.62,36.365,34,19.0012,14,0,6,1,0,0,0,0,0,14,0,-2.7450000000000045,11.4308,0,0
2,0,1,1,32.8,35.605,41,23.9994,15,0,6,1,0,0,0,0,0,15,0,-2.8049999999999997,13.448,0,0
2,0,1,2,32.8,35.605,41,27.9993,16,0,6,1,0,0,0,0,0,16,0,-2.8049999999999997,13.448,0,0
2,0,1,2,32.8,35.605,41,23.9994,17,0,6,1,0,0,1,0,0,17,0,-2.8049999999999997,13.448,0,0
2,0,1,2,32.8,36.365,43,19.9995,18,0,6,1,0,0,1,0,0,18,0,-3.565000000000005,14.104,0,0
2,0,1,2,31.16,34.09,48,22.0028,19,0,6,1,0,0,1,0,0,19,0,-2.9300000000000033,14.956800000000001,0,0
2,0,1,2,30.34,33.335,48,15.0013,20,0,6,1,0,0,0,0,0,20,0,-2.995000000000001,14.5632,0,0
2,0,1,2,29.52,33.335,58,12.998,21,0,6,1,0,0,0,0,0,21,0,-3.8150000000000013,17.1216,0,0
2,0,1,2,29.52,33.335,58,12.998,22,0,6,1,0,0,0,0,0,22,0,-3.8150000000000013,17.1216,0,0
2,0,1,2,28.7,32.575,58,15.0013,23,0,6,1,0,0,0,0,0,23,0,-3.8750000000000036,16.646,0,0
2,0,1,2,28.7,32.575,58,15.0013,0,1,6,1,0,0,0,0,1,0,0,-3.8750000000000036,16.646,0,0
2,0,1,2,27.88,31.82,65,11.0014,1,1,6,1,0,0,0,0,1,1,0,-3.9400000000000013,18.122,0,0
2,0,1,2,27.88,31.82,65,12.998,2,1,6,1,0,0,0,0,1,2,0,-3.9400000000000013,18.122,0,0
2,0,1,2,27.06,31.06,69,16.9979,3,1,6,1,0,0,0,0,1,3,0,-4.0,18.6714,0,0
2,0,1,3,24.6,27.275,88,11.0014,4,1,6,1,0,0,0,0,1,4,0,-2.674999999999997,21.648000000000003,0,1
2,0,1,3,24.6,27.275,88,8.9981,5,1,6,1,0,0,0,0,1,5,0,-2.674999999999997,21.648000000000003,0,1
2,0,1,2,24.6,27.275,88,8.9981,6,1,6,1,0,0,0,0,0,6,0,-2.674999999999997,21.648000000000003,0,0
2,0,1,3,25.42,28.03,88,16.9979,7,1,6,1,0,1,0,0,0,7,0,-2.6099999999999994,22.369600000000002,0,1
2,0,1,2,25.42,28.03,88,15.0013,8,1,6,1,0,1,0,0,0,8,0,-2.6099999999999994,22.369600000000002,0,0
2,0,1,2,26.24,28.79,89,19.0012,9,1,6,1,0,1,0,0,0,9,0,-2.5500000000000007,23.353599999999997,0,0
2,0,1,3,26.24,28.79,89,19.0012,10,1,6,1,0,0,0,0,0,10,0,-2.5500000000000007,23.353599999999997,0,1
2,0,1,3,27.06,30.305,83,23.9994,11,1,6,1,0,0,0,0,0,11,0,-3.245000000000001,22.4598,0,1
2,0,1,3,27.06,30.305,83,16.9979,12,1,6,1,0,0,0,0,0,12,0,-3.245000000000001,22.4598,0,1
2,0,1,3,27.06,30.305,83,12.998,13,1,6,1,0,0,0,0,0,13,0,-3.245000000000001,22.4598,0,1
2,0,1,3,26.24,28.79,89,16.9979,14,1,6,1,0,0,0,0,0,14,0,-2.5500000000000007,23.353599999999997,0,1
2,0,1,3,27.06,29.545,89,12.998,15,1,6,1,0,0,0,0,0,15,0,-2.485000000000003,24.083399999999997,0,1
2,0,1,2,27.06,29.545,89,19.0012,16,1,6,1,0,0,0,0,0,16,0,-2.485000000000003,24.083399999999997,0,0
2,0,1,2,27.06,29.545,89,19.0012,17,1,6,1,0,0,1,0,0,17,0,-2.485000000000003,24.083399999999997,0,0
2,0,1,1,27.88,31.82,83,12.998,18,1,6,1,0,0,1,0,0,18,0,-3.9400000000000013,23.1404,0,0
2,0,1,1,27.88,31.82,83,12.998,19,1,6,1,0,0,1,0,0,19,0,-3.9400000000000013,23.1404,0,0
2,0,1,1,27.88,31.82,83,12.998,20,1,6,1,0,0,0,0,0,20,0,-3.9400000000000013,23.1404,0,0
2,0,1,1,27.88,31.82,83,7.0015,21,1,6,1,0,0,0,0,0,21,0,-3.9400000000000013,23.1404,0,0
2,0,1,1,27.06,29.545,94,7.0015,22,1,6,1,0,0,0,0,0,22,0,-2.485000000000003,25.4364,0,0
2,0,1,3,27.06,29.545,94,15.0013,23,1,6,1,0,0,0,0,0,23,0,-2.485000000000003,25.4364,0,1
2,0,1,2,27.06,29.545,94,12.998,0,2,6,1,0,0,0,0,1,0,0,-2.485000000000003,25.4364,0,0
2,0,1,1,26.24,29.545,78,0.0,1,2,6,1,0,0,0,0,1,1,0,-3.3050000000000033,20.4672,0,0
2,0,1,1,25.42,28.79,83,8.9981,2,2,6,1,0,0,0,0,1,2,0,-3.3699999999999974,21.0986,0,0
2,0,1,1,25.42,28.79,83,12.998,3,2,6,1,0,0,0,0,1,3,0,-3.3699999999999974,21.0986,0,0
2,0,1,1,24.6,28.03,83,8.9981,4,2,6,1,0,0,0,0,1,4,0,-3.4299999999999997,20.418000000000003,0,0
2,0,1,1,24.6,28.03,83,12.998,5,2,6,1,0,0,0,0,1,5,0,-3.4299999999999997,20.418000000000003,0,0
2,0,1,1,24.6,28.03,83,15.0013,6,2,6,1,0,0,0,0,0,6,0,-3.4299999999999997,20.418000000000003,0,0
2,0,1,1,24.6,28.03,83,19.9995,7,2,6,1,0,1,0,0,0,7,0,-3.4299999999999997,20.418000000000003,0,0
2,0,1,2,25.42,29.545,73,35.0008,8,2,6,1,0,1,0,0,0,8,0,-4.125,18.5566,0,0
2,0,1,2,26.24,30.305,69,39.0007,9,2,6,1,0,1,0,0,0,9,0,-4.065000000000001,18.1056,0,0
2,0,1,2,26.24,30.305,65,27.9993,10,2,6,1,0,0,0,0,0,10,0,-4.065000000000001,17.055999999999997,0,0
2,0,1,2,27.06,31.06,54,30.0026,11,2,6,1,0,0,0,0,0,11,0,-4.0,14.612400000000001,0,0
2,0,1,2,27.88,31.82,44,27.9993,12,2,6,1,0,0,0,0,0,12,0,-3.9400000000000013,12.2672,0,0
2,0,1,2,28.7,31.82,45,26.0027,13,2,6,1,0,0,0,0,0,13,0,-3.120000000000001,12.915,0,0
2,0,1,2,29.52,32.575,37,27.9993,14,2,6,1,0,0,0,0,0,14,0,-3.0550000000000033,10.9224,0,0
2,0,1,1,29.52,32.575,32,32.9975,15,2,6,1,0,0,0,0,0,15,0,-3.0550000000000033,9.4464,0,0
2,0,1,1,29.52,32.575,30,32.9975,16,2,6,1,0,0,0,0,0,16,0,-3.0550000000000033,8.856,0,0
2,0,1,1,29.52,32.575,32,32.9975,17,2,6,1,0,0,1,0,0,17,0,-3.0550000000000033,9.4464,0,0
2,0,1,1,29.52,32.575,32,30.0026,18,2,6,1,0,0,1,0,0,18,0,-3.0550000000000033,9.4464,0,0
2,0,1,1,28.7,31.82,34,26.0027,19,2,6,1,0,0,1,0,0,19,0,-3.120000000000001,9.758,0,0
2,0,1,1,27.88,31.82,36,27.9993,20,2,6,1,0,0,0,0,0,20,0,-3.9400000000000013,10.0368,0,0
2,0,1,1,26.24,31.06,44,23.9994,21,2,6,1,0,0,0,0,0,21,0,-4.82,11.5456,0,0
2,0,1,1,25.42,31.06,50,19.9995,22,2,6,1,0,0,0,0,0,22,0,-5.639999999999997,12.71,0,0
2,0,1,1,25.42,31.06,50,19.0012,23,2,6,1,0,0,0,0,0,23,0,-5.639999999999997,12.71,0,0
2,0,1,1,24.6,31.06,53,19.9995,0,3,6,1,0,0,0,0,1,0,0,-6.459999999999997,13.038000000000002,0,0
2,0,1,1,24.6,31.06,56,15.0013,1,3,6,1,0,0,0,0,1,1,0,-6.459999999999997,13.776000000000002,0,0
2,0,1,2,25.42,31.06,53,16.9979,2,3,6,1,0,0,0,0,1,2,0,-5.639999999999997,13.4726,0,0
2,0,1,2,25.42,31.06,53,19.0012,3,3,6,1,0,0,0,0,1,3,0,-5.639999999999997,13.4726,0,0
2,0,1,2,24.6,31.06,56,16.9979,4,3,6,1,0,0,0,0,1,4,0,-6.459999999999997,13.776000000000002,0,0
2,0,1,2,24.6,31.06,56,16.9979,5,3,6,1,0,0,0,0,1,5,0,-6.459999999999997,13.776000000000002,0,0
2,0,1,1,23.78,27.275,60,19.0012,6,3,6,1,0,0,0,0,0,6,0,-3.4949999999999974,14.268000000000002,0,0
2,0,1,1,24.6,30.305,60,19.0012,7,3,6,1,0,1,0,0,0,7,0,-5.704999999999998,14.76,0,0
2,0,1,1,24.6,30.305,64,22.0028,8,3,6,1,0,1,0,0,0,8,0,-5.704999999999998,15.744000000000002,0,0
2,0,1,1,25.42,30.305,61,15.0013,9,3,6,1,0,1,0,0,0,9,0,-4.884999999999998,15.506200000000002,0,0
2,0,1,1,26.24,30.305,65,27.9993,10,3,6,1,0,0,0,0,0,10,0,-4.065000000000001,17.055999999999997,0,0
2,0,1,1,27.06,31.06,57,16.9979,11,3,6,1,0,0,0,0,0,11,0,-4.0,15.424199999999999,0,0
2,0,1,2,27.06,31.06,61,15.0013,12,3,6,1,0,0,0,0,0,12,0,-4.0,16.5066,0,0
2,0,1,1,27.88,31.82,57,11.0014,13,3,6,1,0,0,0,0,0,13,0,-3.9400000000000013,15.891599999999999,0,0
2,0,1,1,28.7,32.575,54,19.0012,14,3,6,1,0,0,0,0,0,14,0,-3.8750000000000036,15.498,0,0
2,0,1,1,30.34,33.335,48,19.9995,15,3,6,1,0,0,0,0,0,15,0,-2.995000000000001,14.5632,0,0
2,0,1,1,29.52,33.335,51,19.0012,16,3,6,1,0,0,0,0,0,16,0,-3.8150000000000013,15.0552,0,0
2,0,1,1,29.52,33.335,48,15.0013,17,3,6,1,0,0,1,0,0,17,0,-3.8150000000000013,14.1696,0,0
2,0,1,1,30.34,33.335,42,12.998,18,3,6,1,0,0,1,0,0,18,0,-2.995000000000001,12.742799999999999,0,0
2,0,1,1,28.7,32.575,48,16.9979,19,3,6,1,0,0,1,0,0,19,0,-3.8750000000000036,13.776,0,0
2,0,1,1,27.06,31.06,65,16.9979,20,3,6,1,0,0,0,0,0,20,0,-4.0,17.589,0,0
2,0,1,1,26.24,30.305,65,11.0014,21,3,6,1,0,0,0,0,0,21,0,-4.065000000000001,17.055999999999997,0,0
2,0,1,2,26.24,30.305,65,15.0013,22,3,6,1,0,0,0,0,0,22,0,-4.065000000000001,17.055999999999997,0,0
2,0,1,2,25.42,30.305,69,11.0014,23,3,6,1,0,0,0,0,0,23,0,-4.884999999999998,17.5398,0,0
2,0,1,1,24.6,29.545,73,11.0014,0,4,6,1,0,0,0,0,1,0,0,-4.945,17.958000000000002,0,0
2,0,1,1,23.78,27.275,78,12.998,1,4,6,1,0,0,0,0,1,1,0,-3.4949999999999974,18.5484,0,0
2,0,1,1,22.96,26.515,83,7.0015,2,4,6,1,0,0,0,0,1,2,0,-3.5549999999999997,19.0568,0,0
2,0,1,1,22.96,26.515,83,11.0014,3,4,6,1,0,0,0,0,1,3,0,-3.5549999999999997,19.0568,0,0
2,0,1,1,22.96,26.515,83,11.0014,4,4,6,1,0,0,0,0,1,4,0,-3.5549999999999997,19.0568,0,0
2,0,1,1,22.14,25.76,88,7.0015,5,4,6,1,0,0,0,0,1,5,0,-3.620000000000001,19.4832,0,0
2,0,1,1,22.14,25.76,83,8.9981,6,4,6,1,0,0,0,0,0,6,0,-3.620000000000001,18.3762,0,0
2,0,1,1,22.96,26.515,83,11.0014,7,4,6,1,0,1,0,0,0,7,0,-3.5549999999999997,19.0568,0,0
2,0,1,1,24.6,29.545,69,11.0014,8,4,6,1,0,1,0,0,0,8,0,-4.945,16.974,0,0
2,0,1,1,25.42,30.305,65,11.0014,9,4,6,1,0,1,0,0,0,9,0,-4.884999999999998,16.523000000000003,0,0
2,0,1,1,26.24,31.06,57,11.0014,10,4,6,1,0,0,0,0,0,10,0,-4.82,14.956799999999998,0,0
2,0,1,1,27.06,31.06,50,12.998,11,4,6,1,0,0,0,0,0,11,0,-4.0,13.53,0,0
2,0,1,1,28.7,31.82,45,11.0014,12,4,6,1,0,0,0,0,0,12,0,-3.120000000000001,12.915,0,0
2,0,1,1,28.7,31.82,42,16.9979,13,4,6,1,0,0,0,0,0,13,0,-3.120000000000001,12.053999999999998,0,0
2,0,1,1,29.52,32.575,39,12.998,14,4,6,1,0,0,0,0,0,14,0,-3.0550000000000033,11.5128,0,0
2,0,1,1,29.52,32.575,39,12.998,15,4,6,1,0,0,0,0,0,15,0,-3.0550000000000033,11.5128,0,0
2,0,1,1,29.52,32.575,37,12.998,16,4,6,1,0,0,0,0,0,16,0,-3.0550000000000033,10.9224,0,0
2,0,1,1,30.34,32.575,37,19.0012,17,4,6,1,0,0,1,0,0,17,0,-2.235000000000003,11.2258,0,0
2,0,1,1,29.52,32.575,39,15.0013,18,4,6,1,0,0,1,0,0,18,0,-3.0550000000000033,11.5128,0,0
2,0,1,1,28.7,31.82,42,11.0014,19,4,6,1,0,0,1,0,0,19,0,-3.120000000000001,12.053999999999998,0,0
2,0,1,1,27.88,31.82,44,12.998,20,4,6,1,0,0,0,0,0,20,0,-3.9400000000000013,12.2672,0,0
2,0,1,1,27.06,31.06,50,7.0015,21,4,6,1,0,0,0,0,0,21,0,-4.0,13.53,0,0
2,0,1,1,26.24,31.06,53,8.9981,22,4,6,1,0,0,0,0,0,22,0,-4.82,13.9072,0,0
2,0,1,1,25.42,31.06,53,16.9979,23,4,6,1,0,0,0,0,0,23,0,-5.639999999999997,13.4726,0,0
2,0,0,1,23.78,27.275,56,8.9981,0,5,6,1,1,0,0,0,1,0,0,-3.4949999999999974,13.3168,0,0
2,0,0,1,22.96,26.515,56,0.0,1,5,6,1,1,0,0,0,1,0,1,-3.5549999999999997,12.8576,0,0
2,0,0,1,23.78,27.275,53,0.0,2,5,6,1,1,0,0,0,1,0,2,-3.4949999999999974,12.6034,0,0
2,0,0,1,22.96,26.515,60,6.0032,3,5,6,1,1,0,0,0,1,0,3,-3.5549999999999997,13.776000000000002,0,0
2,0,0,1,22.14,25.76,68,8.9981,4,5,6,1,1,0,0,0,1,0,4,-3.620000000000001,15.0552,0,0
2,0,0,1,22.14,25.76,68,7.0015,5,5,6,1,1,0,0,0,1,0,5,-3.620000000000001,15.0552,0,0
2,0,0,1,22.14,25.76,68,12.998,6,5,6,1,1,0,0,0,0,0,6,-3.620000000000001,15.0552,0,0
2,0,0,1,22.14,25.76,68,12.998,7,5,6,1,1,0,0,0,0,0,7,-3.620000000000001,15.0552,0,0
2,0,0,1,23.78,27.275,64,11.0014,8,5,6,1,1,0,0,0,0,0,8,-3.4949999999999974,15.2192,0,0
2,0,0,1,24.6,30.305,60,6.0032,9,5,6,1,1,0,0,0,0,0,9,-5.704999999999998,14.76,0,0
2,0,0,1,26.24,31.06,47,12.998,10,5,6,1,1,0,0,0,0,0,10,-4.82,12.332799999999999,0,0
2,0,0,1,27.06,31.06,39,11.0014,11,5,6,1,1,0,0,1,0,0,11,-4.0,10.5534,0,0
2,0,0,1,27.88,31.82,41,7.0015,12,5,6,1,1,0,0,1,0,0,12,-3.9400000000000013,11.4308,0,0
2,0,0,1,29.52,32.575,34,11.0014,13,5,6,1,1,0,0,1,0,0,13,-3.0550000000000033,10.0368,0,0
2,0,0,1,29.52,32.575,37,15.0013,14,5,6,1,1,0,0,1,0,0,14,-3.0550000000000033,10.9224,0,0
2,0,0,1,30.34,32.575,35,16.9979,15,5,6,1,1,0,0,1,0,0,15,-2.235000000000003,10.619000000000002,0,0
2,0,0,2,29.52,32.575,37,7.0015,16,5,6,1,1,0,0,1,0,0,16,-3.0550000000000033,10.9224,0,0
2,0,0,2,29.52,32.575,37,16.9979,17,5,6,1,1,0,0,0,0,0,17,-3.0550000000000033,10.9224,0,0
2,0,0,2,29.52,32.575,37,15.0013,18,5,6,1,1,0,0,0,0,0,18,-3.0550000000000033,10.9224,0,0
2,0,0,2,28.7,31.82,42,12.998,19,5,6,1,1,0,0,0,0,0,19,-3.120000000000001,12.053999999999998,0,0
2,0,0,2,27.06,31.06,47,12.998,20,5,6,1,1,0,0,0,0,0,20,-4.0,12.7182,0,0
2,0,0,2,26.24,31.06,50,15.0013,21,5,6,1,1,0,0,0,0,0,21,-4.82,13.12,0,0
2,0,0,1,25.42,31.06,53,19.9995,22,5,6,1,1,0,0,0,0,0,22,-5.639999999999997,13.4726,0,0
2,0,0,1,24.6,31.06,53,19.9995,23,5,6,1,1,0,0,0,0,0,23,-6.459999999999997,13.038000000000002,0,0
2,0,0,1,22.96,26.515,56,8.9981,0,6,6,1,1,0,0,0,1,0,0,-3.5549999999999997,12.8576,0,0
2,0,0,1,22.96,26.515,60,11.0014,1,6,6,1,1,0,0,0,1,0,1,-3.5549999999999997,13.776000000000002,0,0
2,0,0,1,22.96,26.515,56,6.0032,2,6,6,1,1,0,0,0,1,0,2,-3.5549999999999997,12.8576,0,0
2,0,0,1,22.14,25.76,64,7.0015,3,6,6,1,1,0,0,0,1,0,3,-3.620000000000001,14.1696,0,0
2,0,0,1,22.14,25.76,64,6.0032,4,6,6,1,1,0,0,0,1,0,4,-3.620000000000001,14.1696,0,0
2,0,0,1,22.14,25.76,68,8.9981,5,6,6,1,1,0,0,0,1,0,5,-3.620000000000001,15.0552,0,0
2,0,0,1,21.32,25.0,72,7.0015,6,6,6,1,1,0,0,0,0,0,6,-3.6799999999999997,15.3504,0,0
2,0,0,1,21.32,25.0,72,6.0032,7,6,6,1,1,0,0,0,0,0,7,-3.6799999999999997,15.3504,0,0
2,0,0,1,22.96,26.515,68,16.9979,8,6,6,1,1,0,0,0,0,0,8,-3.5549999999999997,15.6128,0,0
2,0,0,1,22.96,26.515,68,11.0014,9,6,6,1,1,0,0,0,0,0,9,-3.5549999999999997,15.6128,0,0
2,0,0,1,23.78,27.275,64,0.0,10,6,6,1,1,0,0,0,0,0,10,-3.4949999999999974,15.2192,0,0
2,0,0,1,25.42,31.06,57,7.0015,11,6,6,1,1,0,0,1,0,0,11,-5.639999999999997,14.4894,0,0
2,0,0,1,25.42,31.06,57,0.0,12,6,6,1,1,0,0,1,0,0,12,-5.639999999999997,14.4894,0,0
2,0,0,1,26.24,31.06,53,11.0014,13,6,6,1,1,0,0,1,0,0,13,-4.82,13.9072,0,0
2,0,0,1,26.24,31.06,53,0.0,14,6,6,1,1,0,0,1,0,0,14,-4.82,13.9072,0,0
2,0,0,1,27.06,31.06,50,15.0013,15,6,6,1,1,0,0,1,0,0,15,-4.0,13.53,0,0
2,0,0,1,27.06,31.06,54,19.9995,16,6,6,1,1,0,0,1,0,0,16,-4.0,14.612400000000001,0,0
2,0,0,1,26.24,31.06,57,15.0013,17,6,6,1,1,0,0,0,0,0,17,-4.82,14.956799999999998,0,0
2,0,0,1,26.24,31.06,53,12.998,18,6,6,1,1,0,0,0,0,0,18,-4.82,13.9072,0,0
2,0,0,1,26.24,31.06,53,11.0014,19,6,6,1,1,0,0,0,0,0,19,-4.82,13.9072,0,0
2,0,0,1,25.42,31.06,57,12.998,20,6,6,1,1,0,0,0,0,0,20,-5.639999999999997,14.4894,0,0
2,0,0,1,25.42,31.06,57,12.998,21,6,6,1,1,0,0,0,0,0,21,-5.639999999999997,14.4894,0,0
2,0,0,1,24.6,30.305,60,12.998,22,6,6,1,1,0,0,0,0,0,22,-5.704999999999998,14.76,0,0
2,0,0,1,23.78,27.275,64,12.998,23,6,6,1,1,0,0,0,0,0,23,-3.4949999999999974,15.2192,0,0
2,0,1,1,22.96,26.515,73,16.9979,0,0,6,1,0,0,0,0,1,0,0,-3.5549999999999997,16.760800000000003,0,0
2,0,1,1,22.14,25.76,77,15.0013,1,0,6,1,0,0,0,0,1,1,0,-3.620000000000001,17.0478,0,0
2,0,1,1,22.14,25.76,77,15.0013,2,0,6,1,0,0,0,0,1,2,0,-3.620000000000001,17.0478,0,0
2,0,1,2,21.32,25.0,83,15.0013,3,0,6,1,0,0,0,0,1,3,0,-3.6799999999999997,17.6956,0,0
2,0,1,2,22.14,25.76,77,12.998,4,0,6,1,0,0,0,0,1,4,0,-3.620000000000001,17.0478,0,0
2,0,1,3,21.32,25.0,83,8.9981,5,0,6,1,0,0,0,0,1,5,0,-3.6799999999999997,17.6956,0,1
2,0,1,3,21.32,25.0,88,8.9981,6,0,6,1,0,0,0,0,0,6,0,-3.6799999999999997,18.7616,0,1
2,0,1,3,21.32,25.0,94,15.0013,7,0,6,1,0,1,0,0,0,7,0,-3.6799999999999997,20.0408,0,1
2,0,1,2,22.14,25.76,83,12.998,8,0,6,1,0,1,0,0,0,8,0,-3.620000000000001,18.3762,0,0
2,0,1,2,22.14,25.76,83,15.0013,9,0,6,1,0,1,0,0,0,9,0,-3.620000000000001,18.3762,0,0
2,0,1,3,22.14,25.76,88,7.0015,10,0,6,1,0,0,0,0,0,10,0,-3.620000000000001,19.4832,0,1
2,0,1,2,22.14,25.76,88,11.0014,11,0,6,1,0,0,0,0,0,11,0,-3.620000000000001,19.4832,0,0
2,0,1,3,22.96,26.515,78,8.9981,12,0,6,1,0,0,0,0,0,12,0,-3.5549999999999997,17.9088,0,1
2,0,1,2,23.78,27.275,73,8.9981,13,0,6,1,0,0,0,0,0,13,0,-3.4949999999999974,17.3594,0,0
2,0,1,2,23.78,27.275,68,12.998,14,0,6,1,0,0,0,0,0,14,0,-3.4949999999999974,16.1704,0,0
2,0,1,2,24.6,29.545,69,12.998,15,0,6,1,0,0,0,0,0,15,0,-4.945,16.974,0,0
2,0,1,2,24.6,29.545,73,12.998,16,0,6,1,0,0,0,0,0,16,0,-4.945,17.958000000000002,0,0
2,0,1,2,24.6,29.545,73,12.998,17,0,6,1,0,0,1,0,0,17,0,-4.945,17.958000000000002,0,0
2,0,1,2,25.42,30.305,69,11.0014,18,0,6,1,0,0,1,0,0,18,0,-4.884999999999998,17.5398,0,0
2,0,1,2,25.42,29.545,73,6.0032,19,0,6,1,0,0,1,0,0,19,0,-4.125,18.5566,0,0
2,0,1,2,25.42,29.545,73,8.9981,20,0,6,1,0,0,0,0,0,20,0,-4.125,18.5566,0,0
2,0,1,2,25.42,29.545,73,7.0015,21,0,6,1,0,0,0,0,0,21,0,-4.125,18.5566,0,0
2,0,1,2,25.42,29.545,73,11.0014,22,0,6,1,0,0,0,0,0,22,0,-4.125,18.5566,0,0
2,0,1,3,24.6,28.79,78,12.998,23,0,6,1,0,0,0,0,0,23,0,-4.189999999999998,19.188000000000002,0,1
2,0,1,2,24.6,28.79,78,11.0014,0,1,6,1,0,0,0,0,1,0,0,-4.189999999999998,19.188000000000002,0,0
2,0,1,2,24.6,28.79,78,11.0014,1,1,6,1,0,0,0,0,1,1,0,-4.189999999999998,19.188000000000002,0,0
2,0,1,2,24.6,28.79,78,8.9981,2,1,6,1,0,0,0,0,1,2,0,-4.189999999999998,19.188000000000002,0,0
2,0,1,2,24.6,28.79,78,7.0015,3,1,6,1,0,0,0,0,1,3,0,-4.189999999999998,19.188000000000002,0,0
2,0,1,2,24.6,28.79,78,8.9981,4,1,6,1,0,0,0,0,1,4,0,-4.189999999999998,19.188000000000002,0,0
2,0,1,2,24.6,28.79,78,12.998,5,1,6,1,0,0,0,0,1,5,0,-4.189999999999998,19.188000000000002,0,0
2,0,1,2,24.6,28.79,78,7.0015,6,1,6,1,0,0,0,0,0,6,0,-4.189999999999998,19.188000000000002,0,0
2,0,1,2,24.6,28.79,78,8.9981,7,1,6,1,0,1,0,0,0,7,0,-4.189999999999998,19.188000000000002,0,0
2,0,1,2,24.6,28.79,78,11.0014,8,1,6,1,0,1,0,0,0,8,0,-4.189999999999998,19.188000000000002,0,0
2,0,1,1,26.24,30.305,73,6.0032,9,1,6,1,0,1,0,0,0,9,0,-4.065000000000001,19.1552,0,0
2,0,1,1,26.24,30.305,73,6.0032,10,1,6,1,0,0,0,0,0,10,0,-4.065000000000001,19.1552,0,0
2,0,1,1,27.06,31.06,69,8.9981,11,1,6,1,0,0,0,0,0,11,0,-4.0,18.6714,0,0
2,0,1,1,28.7,32.575,65,6.0032,12,1,6,1,0,0,0,0,0,12,0,-3.8750000000000036,18.655,0,0
2,0,1,1,30.34,34.09,58,8.9981,13,1,6,1,0,0,0,0,0,13,0,-3.7500000000000036,17.5972,0,0
2,0,1,1,31.16,35.605,58,7.0015,14,1,6,1,0,0,0,0,0,14,0,-4.444999999999997,18.0728,0,0
2,0,1,1,31.98,37.12,59,11.0014,15,1,6,1,0,0,0,0,0,15,0,-5.139999999999997,18.868199999999998,0,0
2,0,1,1,32.8,37.88,55,15.0013,16,1,6,1,0,0,0,0,0,16,0,-5.080000000000005,18.04,0,0
2,0,1,1,32.8,37.88,55,12.998,17,1,6,1,0,0,1,0,0,17,0,-5.080000000000005,18.04,0,0
2,0,1,1,32.8,37.88,55,11.0014,18,1,6,1,0,0,1,0,0,18,0,-5.080000000000005,18.04,0,0
2,0,1,1,32.8,38.635,59,15.0013,19,1,6,1,0,0,1,0,0,19,0,-5.835000000000001,19.351999999999997,0,0
2,0,1,1,32.8,37.88,55,16.9979,20,1,6,1,0,0,0,0,0,20,0,-5.080000000000005,18.04,0,0
2,0,1,1,31.16,35.605,62,11.0014,21,1,6,1,0,0,0,0,0,21,0,-4.444999999999997,19.319200000000002,0,0
2,0,1,1,29.52,34.85,79,6.0032,22,1,6,1,0,0,0,0,0,22,0,-5.330000000000002,23.3208,0,0
2,0,1,1,29.52,34.85,79,8.9981,23,1,6,1,0,0,0,0,0,23,0,-5.330000000000002,23.3208,0,0
3,0,0,1,31.16,36.365,66,0.0,0,6,7,1,1,0,0,0,1,0,0,-5.205000000000002,20.5656,0,0
3,0,0,1,30.34,34.85,70,8.9981,1,6,7,1,1,0,0,0,1,0,1,-4.510000000000002,21.238000000000003,0,0
3,0,0,1,29.52,34.85,74,6.0032,2,6,7,1,1,0,0,0,1,0,2,-5.330000000000002,21.8448,0,0
3,0,0,1,29.52,35.605,84,8.9981,3,6,7,1,1,0,0,0,1,0,3,-6.084999999999997,24.796799999999998,0,0
3,0,0,1,28.7,33.335,79,12.998,4,6,7,1,1,0,0,0,1,0,4,-4.635000000000002,22.673,0,0
3,0,0,1,27.88,31.82,79,7.0015,5,6,7,1,1,0,0,0,1,0,5,-3.9400000000000013,22.025199999999998,0,0
3,0,0,1,28.7,33.335,79,6.0032,6,6,7,1,1,0,0,0,0,0,6,-4.635000000000002,22.673,0,0
3,0,0,1,30.34,34.85,70,0.0,7,6,7,1,1,0,0,0,0,0,7,-4.510000000000002,21.238000000000003,0,0
3,0,0,1,31.98,37.12,62,7.0015,8,6,7,1,1,0,0,0,0,0,8,-5.139999999999997,19.8276,0,0
3,0,0,1,33.62,39.395,56,0.0,9,6,7,1,1,0,0,0,0,0,9,-5.775000000000006,18.827199999999998,0,0
3,0,0,1,35.26,39.395,44,19.9995,10,6,7,1,1,0,0,0,0,0,10,-4.135000000000005,15.514399999999998,0,0
3,0,0,1,36.08,40.15,39,15.0013,11,6,7,1,1,0,0,1,0,0,11,-4.07,14.0712,0,0
3,0,0,1,36.9,40.91,37,15.0013,12,6,7,1,1,0,0,1,0,0,12,-4.009999999999998,13.652999999999999,0,0
3,0,0,1,37.72,41.665,33,16.9979,13,6,7,1,1,0,0,1,0,0,13,-3.9450000000000003,12.4476,0,0
3,0,0,1,37.72,41.665,33,16.9979,14,6,7,1,1,0,0,1,0,0,14,-3.9450000000000003,12.4476,0,0
3,0,0,1,36.9,40.91,37,19.0012,15,6,7,1,1,0,0,1,0,0,15,-4.009999999999998,13.652999999999999,0,0
3,0,0,1,37.72,41.665,33,19.9995,16,6,7,1,1,0,0,1,0,0,16,-3.9450000000000003,12.4476,0,0
3,0,0,1,37.72,40.15,26,19.9995,17,6,7,1,1,0,0,0,0,0,17,-2.4299999999999997,9.8072,0,0
3,0,0,1,36.08,38.635,32,23.9994,18,6,7,1,1,0,0,0,0,0,18,-2.5549999999999997,11.5456,0,0
3,0,0,1,34.44,37.12,39,8.9981,19,6,7,1,1,0,0,0,0,0,19,-2.6799999999999997,13.431599999999998,0,0
3,0,0,1,34.44,37.12,39,8.9981,20,6,7,1,1,0,0,0,0,0,20,-2.6799999999999997,13.431599999999998,0,0
3,0,0,1,34.44,37.12,39,8.9981,21,6,7,1,1,0,0,0,0,0,21,-2.6799999999999997,13.431599999999998,0,0
3,0,0,1,33.62,37.12,43,8.9981,22,6,7,1,1,0,0,0,0,0,22,-3.5,14.456599999999998,0,0
3,0,0,3,31.98,35.605,52,11.0014,23,6,7,1,1,0,0,0,0,0,23,-3.6249999999999964,16.6296,0,1
3,0,1,2,31.16,35.605,58,15.0013,0,0,7,1,0,0,0,0,1,0,0,-4.444999999999997,18.0728,0,0
3,0,1,2,31.16,35.605,58,12.998,1,0,7,1,0,0,0,0,1,1,0,-4.444999999999997,18.0728,0,0
3,0,1,2,30.34,33.335,51,16.9979,2,0,7,1,0,0,0,0,1,2,0,-2.995000000000001,15.4734,0,0
3,0,1,2,29.52,33.335,54,27.9993,3,0,7,1,0,0,0,0,1,3,0,-3.8150000000000013,15.9408,0,0
3,0,1,2,29.52,33.335,54,19.9995,4,0,7,1,0,0,0,0,1,4,0,-3.8150000000000013,15.9408,0,0
3,0,1,2,29.52,33.335,51,0.0,5,0,7,1,0,0,0,0,1,5,0,-3.8150000000000013,15.0552,0,0
3,0,1,1,28.7,32.575,58,7.0015,6,0,7,1,0,0,0,0,0,6,0,-3.8750000000000036,16.646,0,0
3,0,1,1,30.34,33.335,51,7.0015,7,0,7,1,0,1,0,0,0,7,0,-2.995000000000001,15.4734,0,0
3,0,1,1,31.16,34.85,52,12.998,8,0,7,1,0,1,0,0,0,8,0,-3.6900000000000013,16.2032,0,0
3,0,1,1,31.98,34.85,46,16.9979,9,0,7,1,0,1,0,0,0,9,0,-2.870000000000001,14.710799999999999,0,0
3,0,1,1,32.8,36.365,43,16.9979,10,0,7,1,0,0,0,0,0,10,0,-3.565000000000005,14.104,0,0
3,0,1,1,34.44,36.365,28,19.9995,11,0,7,1,0,0,0,0,0,11,0,-1.9250000000000043,9.6432,0,0
3,0,1,1,34.44,36.365,32,12.998,12,0,7,1,0,0,0,0,0,12,0,-1.9250000000000043,11.0208,0,0
3,0,1,1,35.26,37.88,34,15.0013,13,0,7,1,0,0,0,0,0,13,0,-2.6200000000000045,11.988399999999999,0,0
3,0,1,1,35.26,37.88,34,15.0013,14,0,7,1,0,0,0,0,0,14,0,-2.6200000000000045,11.988399999999999,0,0
3,0,1,1,34.44,37.12,36,12.998,15,0,7,1,0,0,0,0,0,15,0,-2.6799999999999997,12.398399999999999,0,0
3,0,1,1,34.44,37.12,36,19.0012,16,0,7,1,0,0,0,0,0,16,0,-2.6799999999999997,12.398399999999999,0,0
3,0,1,1,34.44,36.365,32,8.9981,17,0,7,1,0,0,1,0,0,17,0,-1.9250000000000043,11.0208,0,0
3,0,1,1,34.44,36.365,32,11.0014,18,0,7,1,0,0,1,0,0,18,0,-1.9250000000000043,11.0208,0,0
3,0,1,1,31.98,34.85,43,8.9981,19,0,7,1,0,0,1,0,0,19,0,-2.870000000000001,13.7514,0,0
3,0,1,1,31.98,34.85,43,8.9981,20,0,7,1,0,0,0,0,0,20,0,-2.870000000000001,13.7514,0,0
3,0,1,1,31.16,34.09,45,8.9981,21,0,7,1,0,0,0,0,0,21,0,-2.9300000000000033,14.022,0,0
3,0,1,1,30.34,33.335,51,11.0014,22,0,7,1,0,0,0,0,0,22,0,-2.995000000000001,15.4734,0,0
3,0,1,1,30.34,33.335,51,7.0015,23,0,7,1,0,0,0,0,0,23,0,-2.995000000000001,15.4734,0,0
3,0,1,1,29.52,33.335,54,0.0,0,1,7,1,0,0,0,0,1,0,0,-3.8150000000000013,15.9408,0,0
3,0,1,1,29.52,33.335,58,0.0,1,1,7,1,0,0,0,0,1,1,0,-3.8150000000000013,17.1216,0,0
3,0,1,1,29.52,33.335,58,0.0,2,1,7,1,0,0,0,0,1,2,0,-3.8150000000000013,17.1216,0,0
3,0,1,1,28.7,32.575,65,8.9981,3,1,7,1,0,0,0,0,1,3,0,-3.8750000000000036,18.655,0,0
3,0,1,1,27.88,31.82,65,7.0015,4,1,7,1,0,0,0,0,1,4,0,-3.9400000000000013,18.122,0,0
3,0,1,1,28.7,32.575,61,0.0,5,1,7,1,0,0,0,0,1,5,0,-3.8750000000000036,17.507,0,0
3,0,1,1,28.7,32.575,65,8.9981,6,1,7,1,0,0,0,0,0,6,0,-3.8750000000000036,18.655,0,0
3,0,1,1,30.34,34.09,58,0.0,7,1,7,1,0,1,0,0,0,7,0,-3.7500000000000036,17.5972,0,0
3,0,1,1,30.34,34.09,62,6.0032,8,1,7,1,0,1,0,0,0,8,0,-3.7500000000000036,18.8108,0,0
3,0,1,1,32.8,37.12,49,11.0014,9,1,7,1,0,1,0,0,0,9,0,-4.32,16.072,0,0
3,0,1,1,33.62,37.12,43,15.0013,10,1,7,1,0,0,0,0,0,10,0,-3.5,14.456599999999998,0,0
3,0,1,1,35.26,37.88,34,12.998,11,1,7,1,0,0,0,0,0,11,0,-2.6200000000000045,11.988399999999999,0,0
3,0,1,1,36.08,37.88,28,12.998,12,1,7,1,0,0,0,0,0,12,0,-1.8000000000000043,10.1024,0,0
3,0,1,1,36.9,38.635,25,8.9981,13,1,7,1,0,0,0,0,0,13,0,-1.7349999999999994,9.225,0,0
3,0,1,1,36.9,38.635,25,12.998,14,1,7,1,0,0,0,0,0,14,0,-1.7349999999999994,9.225,0,0
3,0,1,2,36.9,38.635,24,0.0,15,1,7,1,0,0,0,0,0,15,0,-1.7349999999999994,8.856,0,0
3,0,1,2,36.9,38.635,24,12.998,16,1,7,1,0,0,0,0,0,16,0,-1.7349999999999994,8.856,0,0
3,0,1,2,35.26,37.12,30,11.0014,17,1,7,1,0,0,1,0,0,17,0,-1.8599999999999994,10.578,0,0
3,0,1,2,35.26,37.12,30,0.0,18,1,7,1,0,0,1,0,0,18,0,-1.8599999999999994,10.578,0,0
3,0,1,2,34.44,37.12,36,8.9981,19,1,7,1,0,0,1,0,0,19,0,-2.6799999999999997,12.398399999999999,0,0
3,0,1,3,31.16,34.85,55,32.9975,20,1,7,1,0,0,0,0,0,20,0,-3.6900000000000013,17.137999999999998,0,1
3,0,1,2,28.7,32.575,70,19.0012,21,1,7,1,0,0,0,0,0,21,0,-3.8750000000000036,20.09,0,0
3,0,1,1,27.88,31.82,79,12.998,22,1,7,1,0,0,0,0,0,22,0,-3.9400000000000013,22.025199999999998,0,0
3,0,1,1,27.06,30.305,83,0.0,23,1,7,1,0,0,0,0,0,23,0,-3.245000000000001,22.4598,0,0
3,1,0,1,27.88,31.82,79,6.0032,0,2,7,1,0,0,0,0,1,0,0,-3.9400000000000013,22.025199999999998,0,0
3,1,0,1,27.88,31.82,74,0.0,1,2,7,1,0,0,0,0,1,0,0,-3.9400000000000013,20.6312,0,0
3,1,0,1,27.06,30.305,83,8.9981,2,2,7,1,0,0,0,0,1,0,0,-3.245000000000001,22.4598,0,0
3,1,0,1,27.88,31.82,74,12.998,3,2,7,1,0,0,0,0,1,0,0,-3.9400000000000013,20.6312,0,0
3,1,0,1,27.88,31.82,69,16.9979,4,2,7,1,0,0,0,0,1,0,0,-3.9400000000000013,19.2372,0,0
3,1,0,1,27.06,31.06,69,0.0,5,2,7,1,0,0,0,0,1,0,0,-4.0,18.6714,0,0
3,1,0,1,27.06,31.06,69,0.0,6,2,7,1,0,0,0,0,0,0,0,-4.0,18.6714,0,0
3,1,0,1,27.88,31.82,65,0.0,7,2,7,1,0,0,0,0,0,0,0,-3.9400000000000013,18.122,0,0
3,1,0,1,28.7,32.575,61,7.0015,8,2,7,1,0,0,0,0,0,0,0,-3.8750000000000036,17.507,0,0
3,1,0,1,31.16,34.85,52,0.0,9,2,7,1,0,0,0,0,0,0,0,-3.6900000000000013,16.2032,0,0
3,1,0,1,32.8,36.365,46,0.0,10,2,7,1,0,0,0,0,0,0,0,-3.565000000000005,15.088,0,0
3,1,0,1,33.62,37.88,46,8.9981,11,2,7,1,0,0,0,0,0,0,0,-4.260000000000005,15.4652,0,0
3,1,0,1,35.26,39.395,41,15.0013,12,2,7,1,0,0,0,0,0,0,0,-4.135000000000005,14.456599999999998,0,0
3,1,0,1,36.9,40.91,35,0.0,13,2,7,1,0,0,0,0,0,0,0,-4.009999999999998,12.915,0,0
3,1,0,1,36.9,40.91,37,11.0014,14,2,7,1,0,0,0,0,0,0,0,-4.009999999999998,13.652999999999999,0,0
3,1,0,1,37.72,42.425,35,19.9995,15,2,7,1,0,0,0,0,0,0,0,-4.704999999999998,13.202,0,0
3,1,0,1,37.72,42.425,35,16.9979,16,2,7,1,0,0,0,0,0,0,0,-4.704999999999998,13.202,0,0
3,1,0,1,37.72,42.425,35,19.9995,17,2,7,1,0,0,0,0,0,0,0,-4.704999999999998,13.202,0,0
3,1,0,1,36.9,42.425,42,12.998,18,2,7,1,0,0,0,0,0,0,0,-5.524999999999999,15.498,0,0
3,1,0,1,35.26,40.15,47,15.0013,19,2,7,1,0,0,0,0,0,0,0,-4.890000000000001,16.5722,0,0
3,1,0,1,35.26,40.15,47,15.0013,20,2,7,1,0,0,0,0,0,0,0,-4.890000000000001,16.5722,0,0
3,1,0,1,34.44,40.15,53,8.9981,21,2,7,1,0,0,0,0,0,0,0,-5.710000000000001,18.2532,0,0
3,1,0,1,33.62,39.395,56,15.0013,22,2,7,1,0,0,0,0,0,0,0,-5.775000000000006,18.827199999999998,0,0
3,1,0,2,31.98,34.85,43,6.0032,23,2,7,1,0,0,0,0,0,0,0,-2.870000000000001,13.7514,0,0
3,0,1,1,30.34,33.335,51,7.0015,0,3,7,1,0,0,0,0,1,0,0,-2.995000000000001,15.4734,0,0
3,0,1,1,30.34,33.335,51,19.0012,1,3,7,1,0,0,0,0,1,1,0,-2.995000000000001,15.4734,0,0
3,0,1,1,30.34,33.335,51,0.0,2,3,7,1,0,0,0,0,1,2,0,-2.995000000000001,15.4734,0,0
3,0,1,1,29.52,33.335,54,12.998,3,3,7,1,0,0,0,0,1,3,0,-3.8150000000000013,15.9408,0,0
3,0,1,1,29.52,33.335,58,0.0,4,3,7,1,0,0,0,0,1,4,0,-3.8150000000000013,17.1216,0,0
3,0,1,1,29.52,34.09,62,0.0,5,3,7,1,0,0,0,0,1,5,0,-4.570000000000004,18.3024,0,0
3,0,1,1,29.52,33.335,58,0.0,6,3,7,1,0,0,0,0,0,6,0,-3.8150000000000013,17.1216,0,0
3,0,1,1,31.16,34.85,55,0.0,7,3,7,1,0,1,0,0,0,7,0,-3.6900000000000013,17.137999999999998,0,0
3,0,1,1,32.8,37.12,49,8.9981,8,3,7,1,0,1,0,0,0,8,0,-4.32,16.072,0,0
3,0,1,1,34.44,39.395,49,19.9995,9,3,7,1,0,1,0,0,0,9,0,-4.955000000000005,16.8756,0,0
3,0,1,1,35.26,39.395,44,23.9994,10,3,7,1,0,0,0,0,0,10,0,-4.135000000000005,15.514399999999998,0,0
3,0,1,1,36.9,40.91,35,19.9995,11,3,7,1,0,0,0,0,0,11,0,-4.009999999999998,12.915,0,0
3,0,1,1,36.9,40.91,35,23.9994,12,3,7,1,0,0,0,0,0,12,0,-4.009999999999998,12.915,0,0
3,0,1,1,37.72,41.665,33,15.0013,13,3,7,1,0,0,0,0,0,13,0,-3.9450000000000003,12.4476,0,0
3,0,1,1,37.72,41.665,33,22.0028,14,3,7,1,0,0,0,0,0,14,0,-3.9450000000000003,12.4476,0,0
3,0,1,1,37.72,41.665,33,23.9994,15,3,7,1,0,0,0,0,0,15,0,-3.9450000000000003,12.4476,0,0
3,0,1,1,37.72,41.665,33,16.9979,16,3,7,1,0,0,0,0,0,16,0,-3.9450000000000003,12.4476,0,0
3,0,1,1,37.72,42.425,35,11.0014,17,3,7,1,0,0,1,0,0,17,0,-4.704999999999998,13.202,0,0
3,0,1,2,36.9,41.665,39,22.0028,18,3,7,1,0,0,1,0,0,18,0,-4.765000000000001,14.390999999999998,0,0
3,0,1,2,36.08,40.15,39,16.9979,19,3,7,1,0,0,1,0,0,19,0,-4.07,14.0712,0,0
3,0,1,2,35.26,39.395,41,15.0013,20,3,7,1,0,0,0,0,0,20,0,-4.135000000000005,14.456599999999998,0,0
3,0,1,1,34.44,38.635,47,12.998,21,3,7,1,0,0,0,0,0,21,0,-4.195,16.186799999999998,0,0
3,0,1,1,33.62,40.15,59,8.9981,22,3,7,1,0,0,0,0,0,22,0,-6.530000000000001,19.8358,0,0
3,0,1,1,32.8,37.88,55,11.0014,23,3,7,1,0,0,0,0,0,23,0,-5.080000000000005,18.04,0,0
3,0,1,1,31.98,37.12,62,8.9981,0,4,7,1,0,0,0,0,1,0,0,-5.139999999999997,19.8276,0,0
3,0,1,1,31.98,36.365,55,15.0013,1,4,7,1,0,0,0,0,1,1,0,-4.385000000000002,17.589000000000002,0,0
3,0,1,1,31.16,35.605,62,8.9981,2,4,7,1,0,0,0,0,1,2,0,-4.444999999999997,19.319200000000002,0,0
3,0,1,2,30.34,34.85,70,12.998,3,4,7,1,0,0,0,0,1,3,0,-4.510000000000002,21.238000000000003,0,0
3,0,1,1,30.34,34.85,66,15.0013,4,4,7,1,0,0,0,0,1,4,0,-4.510000000000002,20.0244,0,0
3,0,1,1,30.34,34.85,66,12.998,5,4,7,1,0,0,0,0,1,5,0,-4.510000000000002,20.0244,0,0
3,0,1,1,30.34,34.85,66,12.998,6,4,7,1,0,0,0,0,0,6,0,-4.510000000000002,20.0244,0,0
3,0,1,1,31.98,34.85,46,8.9981,7,4,7,1,0,1,0,0,0,7,0,-2.870000000000001,14.710799999999999,0,0
3,0,1,1,32.8,35.605,41,11.0014,8,4,7,1,0,1,0,0,0,8,0,-2.8049999999999997,13.448,0,0
3,0,1,1,33.62,36.365,36,8.9981,9,4,7,1,0,1,0,0,0,9,0,-2.7450000000000045,12.1032,0,0
3,0,1,1,35.26,37.12,30,0.0,10,4,7,1,0,0,0,0,0,10,0,-1.8599999999999994,10.578,0,0
3,0,1,1,34.44,36.365,32,6.0032,11,4,7,1,0,0,0,0,0,11,0,-1.9250000000000043,11.0208,0,0
3,0,1,1,36.08,37.88,28,7.0015,12,4,7,1,0,0,0,0,0,12,0,-1.8000000000000043,10.1024,0,0
3,0,1,1,36.9,39.395,27,7.0015,13,4,7,1,0,0,0,0,0,13,0,-2.4950000000000045,9.963,0,0
3,0,1,1,36.9,40.15,31,11.0014,14,4,7,1,0,0,0,0,0,14,0,-3.25,11.438999999999998,0,0
3,0,1,1,37.72,40.91,29,12.998,15,4,7,1,0,0,0,0,0,15,0,-3.1899999999999977,10.938799999999999,0,0
3,0,1,1,37.72,40.91,29,7.0015,16,4,7,1,0,0,0,0,0,16,0,-3.1899999999999977,10.938799999999999,0,0
3,0,1,1,37.72,40.91,29,0.0,17,4,7,1,0,0,1,0,0,17,0,-3.1899999999999977,10.938799999999999,0,0
3,0,1,1,36.9,40.15,33,16.9979,18,4,7,1,0,0,1,0,0,18,0,-3.25,12.177,0,0
3,0,1,1,36.08,39.395,35,15.0013,19,4,7,1,0,0,1,0,0,19,0,-3.315000000000005,12.628,0,0
3,0,1,1,35.26,38.635,39,7.0015,20,4,7,1,0,0,0,0,0,20,0,-3.375,13.751399999999999,0,0
3,0,1,1,33.62,38.635,52,8.9981,21,4,7,1,0,0,0,0,0,21,0,-5.015000000000001,17.4824,0,0
3,0,1,1,32.8,37.88,55,12.998,22,4,7,1,0,0,0,0,0,22,0,-5.080000000000005,18.04,0,0
3,0,1,1,32.8,39.395,63,7.0015,23,4,7,1,0,0,0,0,0,23,0,-6.595000000000006,20.663999999999998,0,0
3,0,0,1,31.98,37.88,66,8.9981,0,5,7,1,1,0,0,0,1,0,0,-5.900000000000002,21.1068,0,0
3,0,0,1,31.16,36.365,70,11.0014,1,5,7,1,1,0,0,0,1,0,1,-5.205000000000002,21.811999999999998,0,0
3,0,0,1,31.16,37.12,72,11.0014,2,5,7,1,1,0,0,0,1,0,2,-5.959999999999997,22.4352,0,0
3,0,0,1,30.34,35.605,74,8.9981,3,5,7,1,1,0,0,0,1,0,3,-5.264999999999997,22.4516,0,0
3,0,0,1,30.34,35.605,74,11.0014,4,5,7,1,1,0,0,0,1,0,4,-5.264999999999997,22.4516,0,0
3,0,0,1,30.34,35.605,74,12.998,5,5,7,1,1,0,0,0,1,0,5,-5.264999999999997,22.4516,0,0
3,0,0,1,30.34,35.605,74,7.0015,6,5,7,1,1,0,0,0,0,0,6,-5.264999999999997,22.4516,0,0
3,0,0,1,31.98,37.88,66,7.0015,7,5,7,1,1,0,0,0,0,0,7,-5.900000000000002,21.1068,0,0
3,0,0,1,33.62,41.665,63,12.998,8,5,7,1,1,0,0,0,0,0,8,-8.045000000000002,21.1806,0,0
3,0,0,1,34.44,41.665,59,11.0014,9,5,7,1,1,0,0,0,0,0,9,-7.225000000000001,20.319599999999998,0,0
3,0,0,1,37.72,43.18,37,15.0013,10,5,7,1,1,0,0,0,0,0,10,-5.460000000000001,13.956399999999999,0,0
3,0,0,1,38.54,43.94,38,12.998,11,5,7,1,1,0,0,1,0,0,11,-5.399999999999999,14.645199999999999,0,0
3,0,0,1,39.36,43.18,31,23.9994,12,5,7,1,1,0,0,1,0,0,12,-3.8200000000000003,12.201600000000001,0,0
3,0,0,2,39.36,43.18,31,16.9979,13,5,7,1,1,0,0,1,0,0,13,-3.8200000000000003,12.201600000000001,0,0
3,0,0,2,39.36,43.18,30,8.9981,14,5,7,1,1,0,0,1,0,0,14,-3.8200000000000003,11.808,0,0
3,0,0,1,39.36,42.425,26,0.0,15,5,7,1,1,0,0,1,0,0,15,-3.0649999999999977,10.233600000000001,0,0
3,0,0,1,41.0,43.18,19,11.0014,16,5,7,1,1,0,0,1,0,0,16,-2.1799999999999997,7.79,0,0
3,0,0,1,39.36,42.425,26,8.9981,17,5,7,1,1,0,0,0,0,0,17,-3.0649999999999977,10.233600000000001,0,0
3,0,0,1,38.54,41.665,29,6.0032,18,5,7,1,1,0,0,0,0,0,18,-3.125,11.1766,0,0
3,0,0,1,37.72,41.665,33,8.9981,19,5,7,1,1,0,0,0,0,0,19,-3.9450000000000003,12.4476,0,0
3,0,0,1,36.9,40.91,37,11.0014,20,5,7,1,1,0,0,0,0,0,20,-4.009999999999998,13.652999999999999,0,0
3,0,0,1,36.08,39.395,37,12.998,21,5,7,1,1,0,0,0,0,0,21,-3.315000000000005,13.3496,0,0
3,0,0,1,34.44,41.665,59,12.998,22,5,7,1,1,0,0,0,0,0,22,-7.225000000000001,20.319599999999998,0,0
3,0,0,1,34.44,40.91,56,11.0014,23,5,7,1,1,0,0,0,0,0,23,-6.469999999999999,19.2864,0,0
3,0,0,1,33.62,39.395,56,8.9981,0,6,7,1,1,0,0,0,1,0,0,-5.775000000000006,18.827199999999998,0,0
3,0,0,1,33.62,39.395,56,7.0015,1,6,7,1,1,0,0,0,1,0,1,-5.775000000000006,18.827199999999998,0,0
3,0,0,1,33.62,38.635,52,7.0015,2,6,7,1,1,0,0,0,1,0,2,-5.015000000000001,17.4824,0,0
3,0,0,1,32.8,38.635,59,7.0015,3,6,7,1,1,0,0,0,1,0,3,-5.835000000000001,19.351999999999997,0,0
3,0,0,1,31.98,37.88,66,7.0015,4,6,7,1,1,0,0,0,1,0,4,-5.900000000000002,21.1068,0,0
3,0,0,1,31.98,37.12,62,0.0,5,6,7,1,1,0,0,0,1,0,5,-5.139999999999997,19.8276,0,0
3,0,0,1,31.98,38.635,70,8.9981,6,6,7,1,1,0,0,0,0,0,6,-6.654999999999998,22.386,0,0
3,0,0,1,32.8,40.15,66,0.0,7,6,7,1,1,0,0,0,0,0,7,-7.350000000000001,21.647999999999996,0,0
3,0,0,1,34.44,40.15,53,8.9981,8,6,7,1,1,0,0,0,0,0,8,-5.710000000000001,18.2532,0,0
3,0,0,1,35.26,40.91,50,7.0015,9,6,7,1,1,0,0,0,0,0,9,-5.649999999999999,17.63,0,0
3,0,0,1,36.9,43.18,45,0.0,10,6,7,1,1,0,0,0,0,0,10,-6.280000000000001,16.605,0,0
3,0,0,1,37.72,44.695,42,19.9995,11,6,7,1,1,0,0,1,0,0,11,-6.975000000000001,15.8424,0,0
3,0,0,1,37.72,44.695,42,12.998,12,6,7,1,1,0,0,1,0,0,12,-6.975000000000001,15.8424,0,0
3,0,0,1,38.54,43.94,38,16.9979,13,6,7,1,1,0,0,1,0,0,13,-5.399999999999999,14.645199999999999,0,0
3,0,0,1,39.36,45.455,36,11.0014,14,6,7,1,1,0,0,1,0,0,14,-6.094999999999999,14.1696,0,0
3,0,0,3,37.72,44.695,42,19.0012,15,6,7,1,1,0,0,1,0,0,15,-6.975000000000001,15.8424,0,1
3,0,0,2,32.8,40.15,66,15.0013,16,6,7,1,1,0,0,1,0,0,16,-7.350000000000001,21.647999999999996,0,0
3,0,0,1,31.98,37.12,59,0.0,17,6,7,1,1,0,0,0,0,0,17,-5.139999999999997,18.868199999999998,0,0
3,0,0,1,31.98,37.12,62,7.0015,18,6,7,1,1,0,0,0,0,0,18,-5.139999999999997,19.8276,0,0
3,0,0,1,31.98,37.12,62,11.0014,19,6,7,1,1,0,0,0,0,0,19,-5.139999999999997,19.8276,0,0
3,0,0,1,31.16,36.365,70,6.0032,20,6,7,1,1,0,0,0,0,0,20,-5.205000000000002,21.811999999999998,0,0
3,0,0,1,31.16,36.365,70,8.9981,21,6,7,1,1,0,0,0,0,0,21,-5.205000000000002,21.811999999999998,0,0
3,0,0,3,30.34,34.85,70,6.0032,22,6,7,1,1,0,0,0,0,0,22,-4.510000000000002,21.238000000000003,0,1
3,0,0,3,27.88,31.82,83,6.0032,23,6,7,1,1,0,0,0,0,0,23,-3.9400000000000013,23.1404,0,1
3,0,1,2,27.88,31.82,89,6.0032,0,0,7,1,0,0,0,0,1,0,0,-3.9400000000000013,24.8132,0,0
3,0,1,3,28.7,33.335,89,7.0015,1,0,7,1,0,0,0,0,1,1,0,-4.635000000000002,25.542999999999996,0,1
3,0,1,3,28.7,33.335,89,12.998,2,0,7,1,0,0,0,0,1,2,0,-4.635000000000002,25.542999999999996,0,1
3,0,1,3,28.7,33.335,89,12.998,3,0,7,1,0,0,0,0,1,3,0,-4.635000000000002,25.542999999999996,0,1
3,0,1,3,27.06,29.545,89,26.0027,4,0,7,1,0,0,0,0,1,4,0,-2.485000000000003,24.083399999999997,0,1
3,0,1,2,27.06,30.305,83,15.0013,5,0,7,1,0,0,0,0,1,5,0,-3.245000000000001,22.4598,0,0
3,0,1,3,26.24,28.79,89,16.9979,6,0,7,1,0,0,0,0,0,6,0,-2.5500000000000007,23.353599999999997,0,1
3,0,1,3,27.06,30.305,83,15.0013,7,0,7,1,0,1,0,0,0,7,0,-3.245000000000001,22.4598,0,1
3,0,1,2,27.06,30.305,83,11.0014,8,0,7,1,0,1,0,0,0,8,0,-3.245000000000001,22.4598,0,0
3,0,1,2,27.06,30.305,83,11.0014,9,0,7,1,0,1,0,0,0,9,0,-3.245000000000001,22.4598,0,0
3,0,1,2,27.06,30.305,83,12.998,10,0,7,1,0,0,0,0,0,10,0,-3.245000000000001,22.4598,0,0
3,0,1,2,29.52,34.09,62,8.9981,11,0,7,1,0,0,0,0,0,11,0,-4.570000000000004,18.3024,0,0
3,0,1,2,30.34,34.09,58,8.9981,12,0,7,1,0,0,0,0,0,12,0,-3.7500000000000036,17.5972,0,0
3,0,1,2,31.16,34.85,55,16.9979,13,0,7,1,0,0,0,0,0,13,0,-3.6900000000000013,17.137999999999998,0,0
3,0,1,2,30.34,34.09,55,16.9979,14,0,7,1,0,0,0,0,0,14,0,-3.7500000000000036,16.687,0,0
3,0,1,2,31.16,34.09,45,15.0013,15,0,7,1,0,0,0,0,0,15,0,-2.9300000000000033,14.022,0,0
3,0,1,1,31.98,34.85,40,19.0012,16,0,7,1,0,0,0,0,0,16,0,-2.870000000000001,12.792,0,0
3,0,1,1,31.98,34.85,40,11.0014,17,0,7,1,0,0,1,0,0,17,0,-2.870000000000001,12.792,0,0
3,0,1,1,31.16,34.09,48,8.9981,18,0,7,1,0,0,1,0,0,18,0,-2.9300000000000033,14.956800000000001,0,0
3,0,1,1,30.34,34.09,55,11.0014,19,0,7,1,0,0,1,0,0,19,0,-3.7500000000000036,16.687,0,0
3,0,1,2,30.34,34.09,55,7.0015,20,0,7,1,0,0,0,0,0,20,0,-3.7500000000000036,16.687,0,0
3,0,1,2,30.34,34.09,55,6.0032,21,0,7,1,0,0,0,0,0,21,0,-3.7500000000000036,16.687,0,0
3,0,1,2,29.52,33.335,58,7.0015,22,0,7,1,0,0,0,0,0,22,0,-3.8150000000000013,17.1216,0,0
3,0,1,2,28.7,32.575,65,7.0015,23,0,7,1,0,0,0,0,0,23,0,-3.8750000000000036,18.655,0,0
3,0,1,1,28.7,32.575,70,6.0032,0,1,7,1,0,0,0,0,1,0,0,-3.8750000000000036,20.09,0,0
3,0,1,1,28.7,33.335,74,8.9981,1,1,7,1,0,0,0,0,1,1,0,-4.635000000000002,21.237999999999996,0,0
3,0,1,1,28.7,33.335,74,8.9981,2,1,7,1,0,0,0,0,1,2,0,-4.635000000000002,21.237999999999996,0,0
3,0,1,1,27.88,31.82,79,0.0,3,1,7,1,0,0,0,0,1,3,0,-3.9400000000000013,22.025199999999998,0,0
3,0,1,1,27.88,31.82,79,8.9981,4,1,7,1,0,0,0,0,1,4,0,-3.9400000000000013,22.025199999999998,0,0
3,0,1,1,27.06,30.305,83,8.9981,5,1,7,1,0,0,0,0,1,5,0,-3.245000000000001,22.4598,0,0
3,0,1,2,27.88,31.82,79,7.0015,6,1,7,1,0,0,0,0,0,6,0,-3.9400000000000013,22.025199999999998,0,0
3,0,1,2,28.7,33.335,74,7.0015,7,1,7,1,0,1,0,0,0,7,0,-4.635000000000002,21.237999999999996,0,0
3,0,1,1,29.52,34.85,74,8.9981,8,1,7,1,0,1,0,0,0,8,0,-5.330000000000002,21.8448,0,0
3,0,1,1,30.34,34.85,66,8.9981,9,1,7,1,0,1,0,0,0,9,0,-4.510000000000002,20.0244,0,0
3,0,1,1,31.16,35.605,62,12.998,10,1,7,1,0,0,0,0,0,10,0,-4.444999999999997,19.319200000000002,0,0
3,0,1,1,32.8,36.365,46,12.998,11,1,7,1,0,0,0,0,0,11,0,-3.565000000000005,15.088,0,0
3,0,1,1,32.8,35.605,41,8.9981,12,1,7,1,0,0,0,0,0,12,0,-2.8049999999999997,13.448,0,0
3,0,1,1,33.62,36.365,38,12.998,13,1,7,1,0,0,0,0,0,13,0,-2.7450000000000045,12.775599999999999,0,0
3,0,1,1,33.62,36.365,38,11.0014,14,1,7,1,0,0,0,0,0,14,0,-2.7450000000000045,12.775599999999999,0,0
3,0,1,1,32.8,35.605,41,15.0013,15,1,7,1,0,0,0,0,0,15,0,-2.8049999999999997,13.448,0,0
3,0,1,1,32.8,36.365,43,15.0013,16,1,7,1,0,0,0,0,0,16,0,-3.565000000000005,14.104,0,0
3,0,1,1,31.98,35.605,49,12.998,17,1,7,1,0,0,1,0,0,17,0,-3.6249999999999964,15.6702,0,0
3,0,1,3,28.7,33.335,74,15.0013,18,1,7,1,0,0,1,0,0,18,0,-4.635000000000002,21.237999999999996,0,1
3,0,1,3,28.7,33.335,74,15.0013,19,1,7,1,0,0,1,0,0,19,0,-4.635000000000002,21.237999999999996,0,1
3,0,1,3,26.24,28.79,83,15.0013,20,1,7,1,0,0,0,0,0,20,0,-2.5500000000000007,21.7792,0,1
3,0,1,3,26.24,28.79,89,7.0015,21,1,7,1,0,0,0,0,0,21,0,-2.5500000000000007,23.353599999999997,0,1
3,0,1,2,26.24,28.79,83,8.9981,22,1,7,1,0,0,0,0,0,22,0,-2.5500000000000007,21.7792,0,0
3,0,1,2,26.24,28.79,89,7.0015,23,1,7,1,0,0,0,0,0,23,0,-2.5500000000000007,23.353599999999997,0,0
3,0,1,2,27.06,30.305,83,8.9981,0,2,7,1,0,0,0,0,1,0,0,-3.245000000000001,22.4598,0,0
3,0,1,1,26.24,28.79,89,0.0,1,2,7,1,0,0,0,0,1,1,0,-2.5500000000000007,23.353599999999997,0,0
3,0,1,1,26.24,28.79,89,0.0,2,2,7,1,0,0,0,0,1,2,0,-2.5500000000000007,23.353599999999997,0,0
3,0,1,1,26.24,28.79,89,8.9981,3,2,7,1,0,0,0,0,1,3,0,-2.5500000000000007,23.353599999999997,0,0
3,0,1,1,26.24,28.79,89,8.9981,4,2,7,1,0,0,0,0,1,4,0,-2.5500000000000007,23.353599999999997,0,0
3,0,1,1,26.24,28.79,89,0.0,5,2,7,1,0,0,0,0,1,5,0,-2.5500000000000007,23.353599999999997,0,0
3,0,1,1,26.24,28.79,89,8.9981,6,2,7,1,0,0,0,0,0,6,0,-2.5500000000000007,23.353599999999997,0,0
3,0,1,2,27.06,30.305,83,7.0015,7,2,7,1,0,1,0,0,0,7,0,-3.245000000000001,22.4598,0,0
3,0,1,2,27.88,31.82,79,11.0014,8,2,7,1,0,1,0,0,0,8,0,-3.9400000000000013,22.025199999999998,0,0
3,0,1,2,28.7,33.335,74,8.9981,9,2,7,1,0,1,0,0,0,9,0,-4.635000000000002,21.237999999999996,0,0
3,0,1,2,29.52,34.09,62,8.9981,10,2,7,1,0,0,0,0,0,10,0,-4.570000000000004,18.3024,0,0
3,0,1,2,31.16,35.605,58,8.9981,11,2,7,1,0,0,0,0,0,11,0,-4.444999999999997,18.0728,0,0
3,0,1,2,31.98,34.85,43,0.0,12,2,7,1,0,0,0,0,0,12,0,-2.870000000000001,13.7514,0,0
3,0,1,2,32.8,35.605,42,11.0014,13,2,7,1,0,0,0,0,0,13,0,-2.8049999999999997,13.776,0,0
3,0,1,1,32.8,35.605,41,15.0013,14,2,7,1,0,0,0,0,0,14,0,-2.8049999999999997,13.448,0,0
3,0,1,1,32.8,35.605,41,16.9979,15,2,7,1,0,0,0,0,0,15,0,-2.8049999999999997,13.448,0,0
3,0,1,1,32.8,35.605,38,12.998,16,2,7,1,0,0,0,0,0,16,0,-2.8049999999999997,12.463999999999999,0,0
3,0,1,1,32.8,34.85,31,15.0013,17,2,7,1,0,0,1,0,0,17,0,-2.0500000000000043,10.168,0,0
3,0,1,1,31.98,34.09,38,16.9979,18,2,7,1,0,0,1,0,0,18,0,-2.110000000000003,12.1524,0,0
3,0,1,1,30.34,33.335,48,15.0013,19,2,7,1,0,0,1,0,0,19,0,-2.995000000000001,14.5632,0,0
3,0,1,1,30.34,33.335,51,11.0014,20,2,7,1,0,0,0,0,0,20,0,-2.995000000000001,15.4734,0,0
3,0,1,1,29.52,33.335,58,15.0013,21,2,7,1,0,0,0,0,0,21,0,-3.8150000000000013,17.1216,0,0
3,0,1,1,29.52,33.335,58,16.9979,22,2,7,1,0,0,0,0,0,22,0,-3.8150000000000013,17.1216,0,0
3,0,1,2,28.7,32.575,58,16.9979,23,2,7,1,0,0,0,0,0,23,0,-3.8750000000000036,16.646,0,0
3,0,1,2,27.88,31.82,61,0.0,0,3,7,1,0,0,0,0,1,0,0,-3.9400000000000013,17.0068,0,0
3,0,1,2,27.06,31.06,61,0.0,1,3,7,1,0,0,0,0,1,1,0,-4.0,16.5066,0,0
3,0,1,2,27.06,31.06,65,6.0032,2,3,7,1,0,0,0,0,1,2,0,-4.0,17.589,0,0
3,0,1,1,26.24,30.305,69,7.0015,3,3,7,1,0,0,0,0,1,3,0,-4.065000000000001,18.1056,0,0
3,0,1,1,26.24,30.305,73,7.0015,4,3,7,1,0,0,0,0,1,4,0,-4.065000000000001,19.1552,0,0
3,0,1,1,25.42,29.545,73,7.0015,5,3,7,1,0,0,0,0,1,5,0,-4.125,18.5566,0,0
3,0,1,1,26.24,30.305,73,6.0032,6,3,7,1,0,0,0,0,0,6,0,-4.065000000000001,19.1552,0,0
3,0,1,1,26.24,30.305,73,8.9981,7,3,7,1,0,1,0,0,0,7,0,-4.065000000000001,19.1552,0,0
3,0,1,1,27.88,31.82,65,8.9981,8,3,7,1,0,1,0,0,0,8,0,-3.9400000000000013,18.122,0,0
3,0,1,1,29.52,33.335,58,7.0015,9,3,7,1,0,1,0,0,0,9,0,-3.8150000000000013,17.1216,0,0
3,0,1,1,30.34,33.335,48,11.0014,10,3,7,1,0,0,0,0,0,10,0,-2.995000000000001,14.5632,0,0
3,0,1,1,31.16,34.09,45,7.0015,11,3,7,1,0,0,0,0,0,11,0,-2.9300000000000033,14.022,0,0
3,0,1,1,31.98,34.09,35,8.9981,12,3,7,1,0,0,0,0,0,12,0,-2.110000000000003,11.193,0,0
3,0,1,1,32.8,34.85,33,15.0013,13,3,7,1,0,0,0,0,0,13,0,-2.0500000000000043,10.823999999999998,0,0
3,0,1,1,31.98,34.09,33,15.0013,14,3,7,1,0,0,0,0,0,14,0,-2.110000000000003,10.5534,0,0
3,0,1,1,32.8,35.605,36,12.998,15,3,7,1,0,0,0,0,0,15,0,-2.8049999999999997,11.808,0,0
3,0,1,1,32.8,35.605,36,12.998,16,3,7,1,0,0,0,0,0,16,0,-2.8049999999999997,11.808,0,0
3,0,1,1,31.16,34.09,43,15.0013,17,3,7,1,0,0,1,0,0,17,0,-2.9300000000000033,13.398800000000001,0,0
3,0,1,1,31.16,34.09,45,8.9981,18,3,7,1,0,0,1,0,0,18,0,-2.9300000000000033,14.022,0,0
3,0,1,1,30.34,33.335,48,15.0013,19,3,7,1,0,0,1,0,0,19,0,-2.995000000000001,14.5632,0,0
3,0,1,1,30.34,33.335,48,15.0013,20,3,7,1,0,0,0,0,0,20,0,-2.995000000000001,14.5632,0,0
3,0,1,1,29.52,33.335,48,15.0013,21,3,7,1,0,0,0,0,0,21,0,-3.8150000000000013,14.1696,0,0
3,0,1,1,29.52,33.335,51,11.0014,22,3,7,1,0,0,0,0,0,22,0,-3.8150000000000013,15.0552,0,0
3,0,1,2,28.7,32.575,51,15.0013,23,3,7,1,0,0,0,0,0,23,0,-3.8750000000000036,14.637,0,0
3,0,1,2,28.7,32.575,54,11.0014,0,4,7,1,0,0,0,0,1,0,0,-3.8750000000000036,15.498,0,0
3,0,1,2,27.88,31.82,54,7.0015,1,4,7,1,0,0,0,0,1,1,0,-3.9400000000000013,15.0552,0,0
3,0,1,2,27.06,31.06,61,6.0032,2,4,7,1,0,0,0,0,1,2,0,-4.0,16.5066,0,0
3,0,1,2,27.88,31.82,61,0.0,3,4,7,1,0,0,0,0,1,3,0,-3.9400000000000013,17.0068,0,0
3,0,1,2,27.06,31.06,61,0.0,4,4,7,1,0,0,0,0,1,4,0,-4.0,16.5066,0,0
3,0,1,2,27.06,31.82,56,6.0032,5,4,7,1,0,0,0,0,1,5,0,-4.760000000000002,15.153599999999999,0,0
3,0,1,2,28.7,32.575,54,0.0,6,4,7,1,0,0,0,0,0,6,0,-3.8750000000000036,15.498,0,0
3,0,1,2,28.7,32.575,54,0.0,7,4,7,1,0,1,0,0,0,7,0,-3.8750000000000036,15.498,0,0
3,0,1,2,28.7,32.575,54,0.0,8,4,7,1,0,1,0,0,0,8,0,-3.8750000000000036,15.498,0,0
3,0,1,2,29.52,33.335,51,0.0,9,4,7,1,0,1,0,0,0,9,0,-3.8150000000000013,15.0552,0,0
3,0,1,2,30.34,33.335,48,0.0,10,4,7,1,0,0,0,0,0,10,0,-2.995000000000001,14.5632,0,0
3,0,1,2,31.16,34.09,45,8.9981,11,4,7,1,0,0,0,0,0,11,0,-2.9300000000000033,14.022,0,0
3,0,1,2,31.16,34.09,40,7.0015,12,4,7,1,0,0,0,0,0,12,0,-2.9300000000000033,12.464,0,0
3,0,1,2,32.8,35.605,38,8.9981,13,4,7,1,0,0,0,0,0,13,0,-2.8049999999999997,12.463999999999999,0,0
3,0,1,2,32.8,35.605,38,0.0,14,4,7,1,0,0,0,0,0,14,0,-2.8049999999999997,12.463999999999999,0,0
3,0,1,2,32.8,35.605,36,7.0015,15,4,7,1,0,0,0,0,0,15,0,-2.8049999999999997,11.808,0,0
3,0,1,2,32.8,35.605,36,15.0013,16,4,7,1,0,0,0,0,0,16,0,-2.8049999999999997,11.808,0,0
3,0,1,2,32.8,35.605,36,11.0014,17,4,7,1,0,0,1,0,0,17,0,-2.8049999999999997,11.808,0,0
3,0,1,1,31.98,34.85,46,12.998,18,4,7,1,0,0,1,0,0,18,0,-2.870000000000001,14.710799999999999,0,0
3,0,1,1,30.34,33.335,51,11.0014,19,4,7,1,0,0,1,0,0,19,0,-2.995000000000001,15.4734,0,0
3,0,1,1,30.34,33.335,48,8.9981,20,4,7,1,0,0,0,0,0,20,0,-2.995000000000001,14.5632,0,0
3,0,1,1,29.52,33.335,54,0.0,21,4,7,1,0,0,0,0,0,21,0,-3.8150000000000013,15.9408,0,0
3,0,1,1,30.34,33.335,45,0.0,22,4,7,1,0,0,0,0,0,22,0,-2.995000000000001,13.652999999999999,0,0
3,0,1,2,29.52,32.575,45,8.9981,23,4,7,1,0,0,0,0,0,23,0,-3.0550000000000033,13.284,0,0
3,0,0,2,29.52,33.335,48,6.0032,0,5,7,1,1,0,0,0,1,0,0,-3.8150000000000013,14.1696,0,0
3,0,0,2,28.7,32.575,51,7.0015,1,5,7,1,1,0,0,0,1,0,1,-3.8750000000000036,14.637,0,0
3,0,0,2,28.7,32.575,54,7.0015,2,5,7,1,1,0,0,0,1,0,2,-3.8750000000000036,15.498,0,0
3,0,0,2,28.7,32.575,54,7.0015,3,5,7,1,1,0,0,0,1,0,3,-3.8750000000000036,15.498,0,0
3,0,0,3,27.06,31.06,61,7.0015,4,5,7,1,1,0,0,0,1,0,4,-4.0,16.5066,0,1
3,0,0,2,26.24,30.305,73,7.0015,5,5,7,1,1,0,0,0,1,0,5,-4.065000000000001,19.1552,0,0
3,0,0,2,26.24,29.545,78,6.0032,6,5,7,1,1,0,0,0,0,0,6,-3.3050000000000033,20.4672,0,0
3,0,0,1,26.24,29.545,78,19.0012,7,5,7,1,1,0,0,0,0,0,7,-3.3050000000000033,20.4672,0,0
3,0,0,1,25.42,29.545,78,19.0012,8,5,7,1,1,0,0,0,0,0,8,-4.125,19.827600000000004,0,0
3,0,0,1,27.06,31.06,74,12.998,9,5,7,1,1,0,0,0,0,0,9,-4.0,20.0244,0,0
3,0,0,2,29.52,34.09,70,6.0032,10,5,7,1,1,0,0,0,0,0,10,-4.570000000000004,20.664,0,0
3,0,0,2,29.52,34.09,70,7.0015,11,5,7,1,1,0,0,1,0,0,11,-4.570000000000004,20.664,0,0
3,0,0,2,30.34,34.85,66,6.0032,12,5,7,1,1,0,0,1,0,0,12,-4.510000000000002,20.0244,0,0
3,0,0,2,31.16,35.605,62,6.0032,13,5,7,1,1,0,0,1,0,0,13,-4.444999999999997,19.319200000000002,0,0
3,0,0,1,32.8,37.88,55,7.0015,14,5,7,1,1,0,0,1,0,0,14,-5.080000000000005,18.04,0,0
3,0,0,1,32.8,37.88,55,11.0014,15,5,7,1,1,0,0,1,0,0,15,-5.080000000000005,18.04,0,0
3,0,0,2,29.52,34.85,79,23.9994,16,5,7,1,1,0,0,1,0,0,16,-5.330000000000002,23.3208,0,0
3,0,0,3,28.7,33.335,79,11.0014,17,5,7,1,1,0,0,0,0,0,17,-4.635000000000002,22.673,0,1
3,0,0,1,29.52,34.85,79,8.9981,18,5,7,1,1,0,0,0,0,0,18,-5.330000000000002,23.3208,0,0
3,0,0,1,29.52,35.605,84,6.0032,19,5,7,1,1,0,0,0,0,0,19,-6.084999999999997,24.796799999999998,0,0
3,0,0,1,29.52,35.605,84,6.0032,20,5,7,1,1,0,0,0,0,0,20,-6.084999999999997,24.796799999999998,0,0
3,0,0,1,28.7,33.335,84,15.0013,21,5,7,1,1,0,0,0,0,0,21,-4.635000000000002,24.107999999999997,0,0
3,0,0,1,28.7,33.335,79,12.998,22,5,7,1,1,0,0,0,0,0,22,-4.635000000000002,22.673,0,0
3,0,0,2,27.88,31.82,83,6.0032,23,5,7,1,1,0,0,0,0,0,23,-3.9400000000000013,23.1404,0,0
3,0,0,1,27.88,31.82,89,11.0014,0,6,7,1,1,0,0,0,1,0,0,-3.9400000000000013,24.8132,0,0
3,0,0,2,27.88,31.82,89,8.9981,1,6,7,1,1,0,0,0,1,0,1,-3.9400000000000013,24.8132,0,0
3,0,0,2,27.88,31.82,89,11.0014,2,6,7,1,1,0,0,0,1,0,2,-3.9400000000000013,24.8132,0,0
3,0,0,2,27.88,31.82,89,11.0014,3,6,7,1,1,0,0,0,1,0,3,-3.9400000000000013,24.8132,0,0
3,0,0,2,27.88,31.82,89,7.0015,4,6,7,1,1,0,0,0,1,0,4,-3.9400000000000013,24.8132,0,0
3,0,0,1,27.88,31.82,89,8.9981,5,6,7,1,1,0,0,0,1,0,5,-3.9400000000000013,24.8132,0,0
3,0,0,1,27.88,31.82,83,8.9981,6,6,7,1,1,0,0,0,0,0,6,-3.9400000000000013,23.1404,0,0
3,0,0,1,28.7,33.335,79,6.0032,7,6,7,1,1,0,0,0,0,0,7,-4.635000000000002,22.673,0,0
3,0,0,2,28.7,33.335,84,8.9981,8,6,7,1,1,0,0,0,0,0,8,-4.635000000000002,24.107999999999997,0,0
3,0,0,2,29.52,34.85,79,0.0,9,6,7,1,1,0,0,0,0,0,9,-5.330000000000002,23.3208,0,0
3,0,0,1,31.16,36.365,66,8.9981,10,6,7,1,1,0,0,0,0,0,10,-5.205000000000002,20.5656,0,0
3,0,0,1,33.62,38.635,52,11.0014,11,6,7,1,1,0,0,1,0,0,11,-5.015000000000001,17.4824,0,0
3,0,0,1,34.44,38.635,47,7.0015,12,6,7,1,1,0,0,1,0,0,12,-4.195,16.186799999999998,0,0
3,0,0,1,35.26,39.395,41,7.0015,13,6,7,1,1,0,0,1,0,0,13,-4.135000000000005,14.456599999999998,0,0
3,0,0,1,36.9,40.91,37,16.9979,14,6,7,1,1,0,0,1,0,0,14,-4.009999999999998,13.652999999999999,0,0
3,0,0,1,35.26,40.15,47,8.9981,15,6,7,1,1,0,0,1,0,0,15,-4.890000000000001,16.5722,0,0
3,0,0,1,35.26,39.395,41,15.0013,16,6,7,1,1,0,0,1,0,0,16,-4.135000000000005,14.456599999999998,0,0
3,0,0,1,32.8,38.635,59,32.9975,17,6,7,1,1,0,0,0,0,0,17,-5.835000000000001,19.351999999999997,0,0
3,0,0,3,29.52,34.85,79,23.9994,18,6,7,1,1,0,0,0,0,0,18,-5.330000000000002,23.3208,0,1
3,0,0,1,29.52,35.605,84,15.0013,19,6,7,1,1,0,0,0,0,0,19,-6.084999999999997,24.796799999999998,0,0
3,0,0,1,29.52,34.85,79,16.9979,20,6,7,1,1,0,0,0,0,0,20,-5.330000000000002,23.3208,0,0
3,0,0,1,29.52,34.85,79,6.0032,21,6,7,1,1,0,0,0,0,0,21,-5.330000000000002,23.3208,0,0
3,0,0,1,29.52,34.85,74,7.0015,22,6,7,1,1,0,0,0,0,0,22,-5.330000000000002,21.8448,0,0
3,0,0,1,29.52,34.85,79,8.9981,23,6,7,1,1,0,0,0,0,0,23,-5.330000000000002,23.3208,0,0
3,0,1,3,29.52,34.85,79,7.0015,0,0,7,1,0,0,0,0,1,0,0,-5.330000000000002,23.3208,0,1
3,0,1,2,28.7,33.335,74,12.998,1,0,7,1,0,0,0,0,1,1,0,-4.635000000000002,21.237999999999996,0,0
3,0,1,1,28.7,33.335,74,7.0015,2,0,7,1,0,0,0,0,1,2,0,-4.635000000000002,21.237999999999996,0,0
3,0,1,1,27.88,31.82,79,6.0032,3,0,7,1,0,0,0,0,1,3,0,-3.9400000000000013,22.025199999999998,0,0
3,0,1,1,27.88,31.82,79,7.0015,4,0,7,1,0,0,0,0,1,4,0,-3.9400000000000013,22.025199999999998,0,0
3,0,1,1,27.06,30.305,78,7.0015,5,0,7,1,0,0,0,0,1,5,0,-3.245000000000001,21.1068,0,0
3,0,1,1,27.88,31.82,79,8.9981,6,0,7,1,0,0,0,0,0,6,0,-3.9400000000000013,22.025199999999998,0,0
3,0,1,1,29.52,34.09,70,6.0032,7,0,7,1,0,1,0,0,0,7,0,-4.570000000000004,20.664,0,0
3,0,1,1,30.34,34.85,66,7.0015,8,0,7,1,0,1,0,0,0,8,0,-4.510000000000002,20.0244,0,0
3,0,1,1,31.16,35.605,62,11.0014,9,0,7,1,0,1,0,0,0,9,0,-4.444999999999997,19.319200000000002,0,0
3,0,1,1,32.8,38.635,59,0.0,10,0,7,1,0,0,0,0,0,10,0,-5.835000000000001,19.351999999999997,0,0
3,0,1,1,34.44,40.15,53,15.0013,11,0,7,1,0,0,0,0,0,11,0,-5.710000000000001,18.2532,0,0
3,0,1,1,34.44,39.395,49,8.9981,12,0,7,1,0,0,0,0,0,12,0,-4.955000000000005,16.8756,0,0
3,0,1,1,34.44,39.395,49,19.0012,13,0,7,1,0,0,0,0,0,13,0,-4.955000000000005,16.8756,0,0
3,0,1,1,36.08,40.91,42,7.0015,14,0,7,1,0,0,0,0,0,14,0,-4.829999999999998,15.153599999999999,0,0
3,0,1,1,35.26,40.15,47,16.9979,15,0,7,1,0,0,0,0,0,15,0,-4.890000000000001,16.5722,0,0
3,0,1,3,31.16,36.365,66,39.0007,16,0,7,1,0,0,0,0,0,16,0,-5.205000000000002,20.5656,0,1
3,0,1,3,31.16,36.365,66,39.0007,17,0,7,1,0,0,1,0,0,17,0,-5.205000000000002,20.5656,0,1
3,0,1,1,34.44,40.15,53,0.0,18,0,7,1,0,0,1,0,0,18,0,-5.710000000000001,18.2532,0,0
3,0,1,1,32.8,39.395,63,8.9981,19,0,7,1,0,0,1,0,0,19,0,-6.595000000000006,20.663999999999998,0,0
3,0,1,1,32.8,38.635,59,8.9981,20,0,7,1,0,0,0,0,0,20,0,-5.835000000000001,19.351999999999997,0,0
3,0,1,1,31.16,36.365,66,8.9981,21,0,7,1,0,0,0,0,0,21,0,-5.205000000000002,20.5656,0,0
3,0,1,1,31.16,35.605,62,6.0032,22,0,7,1,0,0,0,0,0,22,0,-4.444999999999997,19.319200000000002,0,0
3,0,1,1,30.34,35.605,74,6.0032,23,0,7,1,0,0,0,0,0,23,0,-5.264999999999997,22.4516,0,0
3,0,1,1,29.52,35.605,84,7.0015,0,1,7,1,0,0,0,0,1,0,0,-6.084999999999997,24.796799999999998,0,0
3,0,1,1,30.34,34.85,70,0.0,1,1,7,1,0,0,0,0,1,1,0,-4.510000000000002,21.238000000000003,0,0
3,0,1,1,29.52,34.09,70,6.0032,2,1,7,1,0,0,0,0,1,2,0,-4.570000000000004,20.664,0,0
3,0,1,1,29.52,34.09,66,0.0,3,1,7,1,0,0,0,0,1,3,0,-4.570000000000004,19.4832,0,0
3,0,1,1,29.52,34.09,62,0.0,4,1,7,1,0,0,0,0,1,4,0,-4.570000000000004,18.3024,0,0
3,0,1,1,27.88,31.82,74,6.0032,5,1,7,1,0,0,0,0,1,5,0,-3.9400000000000013,20.6312,0,0
3,0,1,1,29.52,34.09,66,7.0015,6,1,7,1,0,0,0,0,0,6,0,-4.570000000000004,19.4832,0,0
3,0,1,2,30.34,34.85,70,0.0,7,1,7,1,0,1,0,0,0,7,0,-4.510000000000002,21.238000000000003,0,0
3,0,1,2,32.8,37.88,55,0.0,8,1,7,1,0,1,0,0,0,8,0,-5.080000000000005,18.04,0,0
3,0,1,2,33.62,38.635,49,15.0013,9,1,7,1,0,1,0,0,0,9,0,-5.015000000000001,16.473799999999997,0,0
3,0,1,2,34.44,39.395,49,12.998,10,1,7,1,0,0,0,0,0,10,0,-4.955000000000005,16.8756,0,0
3,0,1,2,35.26,40.15,47,0.0,11,1,7,1,0,0,0,0,0,11,0,-4.890000000000001,16.5722,0,0
3,0,1,2,36.9,40.91,35,0.0,12,1,7,1,0,0,0,0,0,12,0,-4.009999999999998,12.915,0,0
3,0,1,1,37.72,40.91,31,12.998,13,1,7,1,0,0,0,0,0,13,0,-3.1899999999999977,11.6932,0,0
3,0,1,1,38.54,41.665,29,16.9979,14,1,7,1,0,0,0,0,0,14,0,-3.125,11.1766,0,0
3,0,1,1,37.72,40.91,31,11.0014,15,1,7,1,0,0,0,0,0,15,0,-3.1899999999999977,11.6932,0,0
3,0,1,1,37.72,40.91,29,11.0014,16,1,7,1,0,0,0,0,0,16,0,-3.1899999999999977,10.938799999999999,0,0
3,0,1,1,37.72,40.91,29,0.0,17,1,7,1,0,0,1,0,0,17,0,-3.1899999999999977,10.938799999999999,0,0
3,0,1,1,36.9,40.15,33,12.998,18,1,7,1,0,0,1,0,0,18,0,-3.25,12.177,0,0
3,0,1,1,36.08,39.395,35,16.9979,19,1,7,1,0,0,1,0,0,19,0,-3.315000000000005,12.628,0,0
3,0,1,1,35.26,37.88,34,11.0014,20,1,7,1,0,0,0,0,0,20,0,-2.6200000000000045,11.988399999999999,0,0
3,0,1,1,33.62,38.635,52,8.9981,21,1,7,1,0,0,0,0,0,21,0,-5.015000000000001,17.4824,0,0
3,0,1,1,32.8,37.88,55,15.0013,22,1,7,1,0,0,0,0,0,22,0,-5.080000000000005,18.04,0,0
3,0,1,1,31.98,37.12,59,12.998,23,1,7,1,0,0,0,0,0,23,0,-5.139999999999997,18.868199999999998,0,0
3,0,1,1,31.16,36.365,66,11.0014,0,2,7,1,0,0,0,0,1,0,0,-5.205000000000002,20.5656,0,0
3,0,1,1,31.16,36.365,66,7.0015,1,2,7,1,0,0,0,0,1,1,0,-5.205000000000002,20.5656,0,0
3,0,1,1,30.34,34.85,66,8.9981,2,2,7,1,0,0,0,0,1,2,0,-4.510000000000002,20.0244,0,0
3,0,1,1,30.34,34.85,66,8.9981,3,2,7,1,0,0,0,0,1,3,0,-4.510000000000002,20.0244,0,0
3,0,1,1,29.52,34.09,70,8.9981,4,2,7,1,0,0,0,0,1,4,0,-4.570000000000004,20.664,0,0
3,0,1,1,29.52,34.09,70,11.0014,5,2,7,1,0,0,0,0,1,5,0,-4.570000000000004,20.664,0,0
3,0,1,1,29.52,34.09,70,11.0014,6,2,7,1,0,0,0,0,0,6,0,-4.570000000000004,20.664,0,0
3,0,1,1,30.34,34.85,66,11.0014,7,2,7,1,0,1,0,0,0,7,0,-4.510000000000002,20.0244,0,0
3,0,1,1,31.98,37.12,62,7.0015,8,2,7,1,0,1,0,0,0,8,0,-5.139999999999997,19.8276,0,0
3,0,1,1,33.62,39.395,56,0.0,9,2,7,1,0,1,0,0,0,9,0,-5.775000000000006,18.827199999999998,0,0
3,0,1,1,36.9,42.425,42,12.998,10,2,7,1,0,0,0,0,0,10,0,-5.524999999999999,15.498,0,0
3,0,1,1,36.9,42.425,42,0.0,11,2,7,1,0,0,0,0,0,11,0,-5.524999999999999,15.498,0,0
3,0,1,1,37.72,43.18,37,8.9981,12,2,7,1,0,0,0,0,0,12,0,-5.460000000000001,13.956399999999999,0,0
3,0,1,1,38.54,42.425,33,0.0,13,2,7,1,0,0,0,0,0,13,0,-3.884999999999998,12.7182,0,0
3,0,1,1,38.54,43.94,38,22.0028,14,2,7,1,0,0,0,0,0,14,0,-5.399999999999999,14.645199999999999,0,0
3,0,1,3,37.72,42.425,35,23.9994,15,2,7,1,0,0,0,0,0,15,0,-4.704999999999998,13.202,0,1
3,0,1,1,30.34,34.85,66,16.9979,16,2,7,1,0,0,0,0,0,16,0,-4.510000000000002,20.0244,0,0
3,0,1,1,30.34,34.85,70,16.9979,17,2,7,1,0,0,1,0,0,17,0,-4.510000000000002,21.238000000000003,0,0
3,0,1,2,31.16,35.605,62,8.9981,18,2,7,1,0,0,1,0,0,18,0,-4.444999999999997,19.319200000000002,0,0
3,0,1,2,31.16,35.605,62,7.0015,19,2,7,1,0,0,1,0,0,19,0,-4.444999999999997,19.319200000000002,0,0
3,0,1,1,30.34,34.09,62,6.0032,20,2,7,1,0,0,0,0,0,20,0,-3.7500000000000036,18.8108,0,0
3,0,1,1,31.16,35.605,62,0.0,21,2,7,1,0,0,0,0,0,21,0,-4.444999999999997,19.319200000000002,0,0
3,0,1,1,31.16,35.605,58,6.0032,22,2,7,1,0,0,0,0,0,22,0,-4.444999999999997,18.0728,0,0
3,0,1,1,31.16,35.605,58,6.0032,23,2,7,1,0,0,0,0,0,23,0,-4.444999999999997,18.0728,0,0
3,0,1,1,30.34,34.85,66,6.0032,0,3,7,1,0,0,0,0,1,0,0,-4.510000000000002,20.0244,0,0
3,0,1,1,30.34,34.85,66,6.0032,1,3,7,1,0,0,0,0,1,1,0,-4.510000000000002,20.0244,0,0
3,0,1,1,29.52,34.09,70,12.998,2,3,7,1,0,0,0,0,1,2,0,-4.570000000000004,20.664,0,0
3,0,1,1,29.52,34.09,70,7.0015,3,3,7,1,0,0,0,0,1,3,0,-4.570000000000004,20.664,0,0
3,0,1,1,29.52,34.09,70,7.0015,4,3,7,1,0,0,0,0,1,4,0,-4.570000000000004,20.664,0,0
3,0,1,2,29.52,34.09,70,7.0015,5,3,7,1,0,0,0,0,1,5,0,-4.570000000000004,20.664,0,0
3,0,1,1,29.52,34.09,66,8.9981,6,3,7,1,0,0,0,0,0,6,0,-4.570000000000004,19.4832,0,0
3,0,1,1,30.34,34.09,58,19.0012,7,3,7,1,0,1,0,0,0,7,0,-3.7500000000000036,17.5972,0,0
3,0,1,1,31.16,35.605,58,16.9979,8,3,7,1,0,1,0,0,0,8,0,-4.444999999999997,18.0728,0,0
3,0,1,2,31.16,35.605,58,19.0012,9,3,7,1,0,1,0,0,0,9,0,-4.444999999999997,18.0728,0,0
3,0,1,1,31.16,35.605,58,12.998,10,3,7,1,0,0,0,0,0,10,0,-4.444999999999997,18.0728,0,0
3,0,1,1,32.8,37.88,55,7.0015,11,3,7,1,0,0,0,0,0,11,0,-5.080000000000005,18.04,0,0
3,0,1,1,34.44,39.395,49,19.0012,12,3,7,1,0,0,0,0,0,12,0,-4.955000000000005,16.8756,0,0
3,0,1,1,34.44,38.635,47,8.9981,13,3,7,1,0,0,0,0,0,13,0,-4.195,16.186799999999998,0,0
3,0,1,1,35.26,39.395,44,6.0032,14,3,7,1,0,0,0,0,0,14,0,-4.135000000000005,15.514399999999998,0,0
3,0,1,1,34.44,38.635,47,6.0032,15,3,7,1,0,0,0,0,0,15,0,-4.195,16.186799999999998,0,0
3,0,1,1,34.44,38.635,47,6.0032,16,3,7,1,0,0,0,0,0,16,0,-4.195,16.186799999999998,0,0
3,0,1,1,35.26,39.395,41,0.0,17,3,7,1,0,0,1,0,0,17,0,-4.135000000000005,14.456599999999998,0,0
3,0,1,1,35.26,39.395,41,12.998,18,3,7,1,0,0,1,0,0,18,0,-4.135000000000005,14.456599999999998,0,0
3,0,1,1,34.44,37.88,44,16.9979,19,3,7,1,0,0,1,0,0,19,0,-3.440000000000005,15.153599999999999,0,0
3,0,1,1,33.62,38.635,49,11.0014,20,3,7,1,0,0,0,0,0,20,0,-5.015000000000001,16.473799999999997,0,0
3,0,1,3,27.06,29.545,89,16.9979,21,3,7,1,0,0,0,0,0,21,0,-2.485000000000003,24.083399999999997,0,1
3,0,1,3,27.06,29.545,89,16.9979,22,3,7,1,0,0,0,0,0,22,0,-2.485000000000003,24.083399999999997,0,1
3,0,1,3,27.06,29.545,89,15.0013,23,3,7,1,0,0,0,0,0,23,0,-2.485000000000003,24.083399999999997,0,1
3,0,1,1,27.88,31.82,79,11.0014,0,2,8,1,0,0,0,0,1,0,0,-3.9400000000000013,22.025199999999998,0,0
3,0,1,1,27.06,30.305,83,6.0032,1,2,8,1,0,0,0,0,1,1,0,-3.245000000000001,22.4598,0,0
3,0,1,1,26.24,28.79,83,7.0015,2,2,8,1,0,0,0,0,1,2,0,-2.5500000000000007,21.7792,0,0
3,0,1,1,26.24,28.79,83,7.0015,3,2,8,1,0,0,0,0,1,3,0,-2.5500000000000007,21.7792,0,0
3,0,1,2,26.24,29.545,78,8.9981,4,2,8,1,0,0,0,0,1,4,0,-3.3050000000000033,20.4672,0,0
3,0,1,2,26.24,29.545,78,8.9981,5,2,8,1,0,0,0,0,1,5,0,-3.3050000000000033,20.4672,0,0
3,0,1,1,26.24,29.545,78,8.9981,6,2,8,1,0,0,0,0,0,6,0,-3.3050000000000033,20.4672,0,0
3,0,1,2,26.24,28.79,83,8.9981,7,2,8,1,0,1,0,0,0,7,0,-2.5500000000000007,21.7792,0,0
3,0,1,2,27.06,30.305,78,12.998,8,2,8,1,0,1,0,0,0,8,0,-3.245000000000001,21.1068,0,0
3,0,1,2,27.88,31.82,74,6.0032,9,2,8,1,0,1,0,0,0,9,0,-3.9400000000000013,20.6312,0,0
3,0,1,1,29.52,34.09,66,6.0032,10,2,8,1,0,0,0,0,0,10,0,-4.570000000000004,19.4832,0,0
3,0,1,1,31.16,35.605,58,6.0032,11,2,8,1,0,0,0,0,0,11,0,-4.444999999999997,18.0728,0,0
3,0,1,1,32.8,37.12,49,7.0015,12,2,8,1,0,0,0,0,0,12,0,-4.32,16.072,0,0
3,0,1,1,32.8,37.12,52,11.0014,13,2,8,1,0,0,0,0,0,13,0,-4.32,17.055999999999997,0,0
3,0,1,1,33.62,37.88,46,11.0014,14,2,8,1,0,0,0,0,0,14,0,-4.260000000000005,15.4652,0,0
3,0,1,1,33.62,37.88,46,11.0014,15,2,8,1,0,0,0,0,0,15,0,-4.260000000000005,15.4652,0,0
3,0,1,1,32.8,37.88,55,19.0012,16,2,8,1,0,0,0,0,0,16,0,-5.080000000000005,18.04,0,0
3,0,1,1,32.8,37.12,49,11.0014,17,2,8,1,0,0,1,0,0,17,0,-4.32,16.072,0,0
3,0,1,3,31.16,35.605,62,15.0013,18,2,8,1,0,0,1,0,0,18,0,-4.444999999999997,19.319200000000002,0,1
3,0,1,1,30.34,34.85,66,16.9979,19,2,8,1,0,0,1,0,0,19,0,-4.510000000000002,20.0244,0,0
3,0,1,1,30.34,34.85,66,11.0014,20,2,8,1,0,0,0,0,0,20,0,-4.510000000000002,20.0244,0,0
3,0,1,1,29.52,34.09,70,8.9981,21,2,8,1,0,0,0,0,0,21,0,-4.570000000000004,20.664,0,0
3,0,1,1,29.52,34.09,70,7.0015,22,2,8,1,0,0,0,0,0,22,0,-4.570000000000004,20.664,0,0
3,0,1,1,28.7,33.335,74,0.0,23,2,8,1,0,0,0,0,0,23,0,-4.635000000000002,21.237999999999996,0,0
3,0,1,1,28.7,33.335,74,0.0,0,3,8,1,0,0,0,0,1,0,0,-4.635000000000002,21.237999999999996,0,0
3,0,1,1,27.88,31.82,79,7.0015,1,3,8,1,0,0,0,0,1,1,0,-3.9400000000000013,22.025199999999998,0,0
3,0,1,1,27.06,30.305,83,6.0032,2,3,8,1,0,0,0,0,1,2,0,-3.245000000000001,22.4598,0,0
3,0,1,1,27.06,30.305,83,0.0,3,3,8,1,0,0,0,0,1,3,0,-3.245000000000001,22.4598,0,0
3,0,1,1,27.06,30.305,83,0.0,4,3,8,1,0,0,0,0,1,4,0,-3.245000000000001,22.4598,0,0
3,0,1,1,27.06,29.545,89,8.9981,5,3,8,1,0,0,0,0,1,5,0,-2.485000000000003,24.083399999999997,0,0
3,0,1,1,27.06,30.305,83,0.0,6,3,8,1,0,0,0,0,0,6,0,-3.245000000000001,22.4598,0,0
3,0,1,1,28.7,33.335,79,0.0,7,3,8,1,0,1,0,0,0,7,0,-4.635000000000002,22.673,0,0
3,0,1,1,29.52,34.85,74,7.0015,8,3,8,1,0,1,0,0,0,8,0,-5.330000000000002,21.8448,0,0
3,0,1,1,31.16,36.365,66,7.0015,9,3,8,1,0,1,0,0,0,9,0,-5.205000000000002,20.5656,0,0
3,0,1,1,32.8,37.88,55,0.0,10,3,8,1,0,0,0,0,0,10,0,-5.080000000000005,18.04,0,0
3,0,1,1,33.62,38.635,52,7.0015,11,3,8,1,0,0,0,0,0,11,0,-5.015000000000001,17.4824,0,0
3,0,1,1,34.44,37.88,44,8.9981,12,3,8,1,0,0,0,0,0,12,0,-3.440000000000005,15.153599999999999,0,0
3,0,1,1,35.26,39.395,44,15.0013,13,3,8,1,0,0,0,0,0,13,0,-4.135000000000005,15.514399999999998,0,0
3,0,1,1,35.26,39.395,41,8.9981,14,3,8,1,0,0,0,0,0,14,0,-4.135000000000005,14.456599999999998,0,0
3,0,1,1,31.98,37.12,62,31.0009,15,3,8,1,0,0,0,0,0,15,0,-5.139999999999997,19.8276,0,0
3,0,1,1,33.62,37.88,46,12.998,16,3,8,1,0,0,0,0,0,16,0,-4.260000000000005,15.4652,0,0
3,0,1,1,33.62,38.635,52,16.9979,17,3,8,1,0,0,1,0,0,17,0,-5.015000000000001,17.4824,0,0
3,0,1,1,32.8,38.635,59,15.0013,18,3,8,1,0,0,1,0,0,18,0,-5.835000000000001,19.351999999999997,0,0
3,0,1,1,32.8,39.395,63,11.0014,19,3,8,1,0,0,1,0,0,19,0,-6.595000000000006,20.663999999999998,0,0
3,0,1,1,31.98,37.88,66,0.0,20,3,8,1,0,0,0,0,0,20,0,-5.900000000000002,21.1068,0,0
3,0,1,1,31.16,36.365,66,15.0013,21,3,8,1,0,0,0,0,0,21,0,-5.205000000000002,20.5656,0,0
3,0,1,1,30.34,34.85,70,12.998,22,3,8,1,0,0,0,0,0,22,0,-4.510000000000002,21.238000000000003,0,0
3,0,1,1,29.52,34.09,70,16.9979,23,3,8,1,0,0,0,0,0,23,0,-4.570000000000004,20.664,0,0
3,0,1,1,29.52,34.09,70,12.998,0,4,8,1,0,0,0,0,1,0,0,-4.570000000000004,20.664,0,0
3,0,1,1,28.7,33.335,74,12.998,1,4,8,1,0,0,0,0,1,1,0,-4.635000000000002,21.237999999999996,0,0
3,0,1,1,27.88,31.82,79,15.0013,2,4,8,1,0,0,0,0,1,2,0,-3.9400000000000013,22.025199999999998,0,0
3,0,1,1,27.88,31.82,79,15.0013,3,4,8,1,0,0,0,0,1,3,0,-3.9400000000000013,22.025199999999998,0,0
3,0,1,1,27.06,30.305,83,16.9979,4,4,8,1,0,0,0,0,1,4,0,-3.245000000000001,22.4598,0,0
3,0,1,1,27.06,30.305,83,11.0014,5,4,8,1,0,0,0,0,1,5,0,-3.245000000000001,22.4598,0,0
3,0,1,1,27.06,30.305,83,15.0013,6,4,8,1,0,0,0,0,0,6,0,-3.245000000000001,22.4598,0,0
3,0,1,1,28.7,33.335,74,7.0015,7,4,8,1,0,1,0,0,0,7,0,-4.635000000000002,21.237999999999996,0,0
3,0,1,1,29.52,34.09,70,8.9981,8,4,8,1,0,1,0,0,0,8,0,-4.570000000000004,20.664,0,0
3,0,1,2,30.34,34.85,66,7.0015,9,4,8,1,0,1,0,0,0,9,0,-4.510000000000002,20.0244,0,0
3,0,1,2,32.8,37.12,52,12.998,10,4,8,1,0,0,0,0,0,10,0,-4.32,17.055999999999997,0,0
3,0,1,2,34.44,39.395,49,19.0012,11,4,8,1,0,0,0,0,0,11,0,-4.955000000000005,16.8756,0,0
3,0,1,2,35.26,40.91,50,19.9995,12,4,8,1,0,0,0,0,0,12,0,-5.649999999999999,17.63,0,0
3,0,1,2,35.26,40.15,47,19.0012,13,4,8,1,0,0,0,0,0,13,0,-4.890000000000001,16.5722,0,0
3,0,1,2,35.26,39.395,44,16.9979,14,4,8,1,0,0,0,0,0,14,0,-4.135000000000005,15.514399999999998,0,0
3,0,1,1,36.08,40.91,42,16.9979,15,4,8,1,0,0,0,0,0,15,0,-4.829999999999998,15.153599999999999,0,0
3,0,1,2,35.26,39.395,41,15.0013,16,4,8,1,0,0,0,0,0,16,0,-4.135000000000005,14.456599999999998,0,0
3,0,1,2,34.44,40.15,53,19.0012,17,4,8,1,0,0,1,0,0,17,0,-5.710000000000001,18.2532,0,0
3,0,1,2,33.62,40.15,59,16.9979,18,4,8,1,0,0,1,0,0,18,0,-6.530000000000001,19.8358,0,0
3,0,1,2,32.8,39.395,63,15.0013,19,4,8,1,0,0,1,0,0,19,0,-6.595000000000006,20.663999999999998,0,0
3,0,1,2,31.98,37.88,66,15.0013,20,4,8,1,0,0,0,0,0,20,0,-5.900000000000002,21.1068,0,0
3,0,1,2,31.16,36.365,66,12.998,21,4,8,1,0,0,0,0,0,21,0,-5.205000000000002,20.5656,0,0
3,0,1,1,31.16,36.365,70,16.9979,22,4,8,1,0,0,0,0,0,22,0,-5.205000000000002,21.811999999999998,0,0
3,0,1,1,30.34,35.605,79,8.9981,23,4,8,1,0,0,0,0,0,23,0,-5.264999999999997,23.968600000000002,0,0
3,0,0,1,30.34,35.605,79,11.0014,0,5,8,1,1,0,0,0,1,0,0,-5.264999999999997,23.968600000000002,0,0
3,0,0,1,29.52,35.605,84,12.998,1,5,8,1,1,0,0,0,1,0,1,-6.084999999999997,24.796799999999998,0,0
3,0,0,1,29.52,35.605,84,8.9981,2,5,8,1,1,0,0,0,1,0,2,-6.084999999999997,24.796799999999998,0,0
3,0,0,1,29.52,35.605,84,8.9981,3,5,8,1,1,0,0,0,1,0,3,-6.084999999999997,24.796799999999998,0,0
3,0,0,1,29.52,34.85,79,12.998,4,5,8,1,1,0,0,0,1,0,4,-5.330000000000002,23.3208,0,0
3,0,0,1,28.7,33.335,84,15.0013,5,5,8,1,1,0,0,0,1,0,5,-4.635000000000002,24.107999999999997,0,0
3,0,0,1,28.7,33.335,84,15.0013,6,5,8,1,1,0,0,0,0,0,6,-4.635000000000002,24.107999999999997,0,0
3,0,0,1,29.52,34.85,77,11.0014,7,5,8,1,1,0,0,0,0,0,7,-5.330000000000002,22.7304,0,0
3,0,0,1,30.34,36.365,72,12.998,8,5,8,1,1,0,0,0,0,0,8,-6.025000000000002,21.8448,0,0
3,0,0,1,31.98,37.88,65,15.0013,9,5,8,1,1,0,0,0,0,0,9,-5.900000000000002,20.787,0,0
3,0,0,1,33.62,38.635,57,12.998,10,5,8,1,1,0,0,0,0,0,10,-5.015000000000001,19.1634,0,0
3,0,0,1,35.26,40.15,47,16.9979,11,5,8,1,1,0,0,1,0,0,11,-4.890000000000001,16.5722,0,0
3,0,0,1,35.26,39.395,40,23.9994,12,5,8,1,1,0,0,1,0,0,12,-4.135000000000005,14.104,0,0
3,0,0,1,36.08,40.91,42,19.9995,13,5,8,1,1,0,0,1,0,0,13,-4.829999999999998,15.153599999999999,0,0
3,0,0,1,36.08,40.15,40,26.0027,14,5,8,1,1,0,0,1,0,0,14,-4.07,14.431999999999999,0,0
3,0,0,1,36.08,40.91,42,27.9993,15,5,8,1,1,0,0,1,0,0,15,-4.829999999999998,15.153599999999999,0,0
3,0,0,1,36.9,40.91,39,19.9995,16,5,8,1,1,0,0,1,0,0,16,-4.009999999999998,14.390999999999998,0,0
3,0,0,1,36.08,39.395,37,19.9995,17,5,8,1,1,0,0,0,0,0,17,-3.315000000000005,13.3496,0,0
3,0,0,1,35.26,39.395,41,22.0028,18,5,8,1,1,0,0,0,0,0,18,-4.135000000000005,14.456599999999998,0,0
3,0,0,1,33.62,38.635,52,23.9994,19,5,8,1,1,0,0,0,0,0,19,-5.015000000000001,17.4824,0,0
3,0,0,1,33.62,38.635,52,19.9995,20,5,8,1,1,0,0,0,0,0,20,-5.015000000000001,17.4824,0,0
3,0,0,1,32.8,38.635,59,16.9979,21,5,8,1,1,0,0,0,0,0,21,-5.835000000000001,19.351999999999997,0,0
3,0,0,1,31.16,36.365,66,19.0012,22,5,8,1,1,0,0,0,0,0,22,-5.205000000000002,20.5656,0,0
3,0,0,1,31.16,36.365,66,19.9995,23,5,8,1,1,0,0,0,0,0,23,-5.205000000000002,20.5656,0,0
3,0,0,1,30.34,34.85,70,19.0012,0,6,8,1,1,0,0,0,1,0,0,-4.510000000000002,21.238000000000003,0,0
3,0,0,1,30.34,34.85,70,16.9979,1,6,8,1,1,0,0,0,1,0,1,-4.510000000000002,21.238000000000003,0,0
3,0,0,1,30.34,34.85,70,19.9995,2,6,8,1,1,0,0,0,1,0,2,-4.510000000000002,21.238000000000003,0,0
3,0,0,1,29.52,34.85,74,16.9979,3,6,8,1,1,0,0,0,1,0,3,-5.330000000000002,21.8448,0,0
3,0,0,1,29.52,34.85,74,16.9979,4,6,8,1,1,0,0,0,1,0,4,-5.330000000000002,21.8448,0,0
3,0,0,1,29.52,34.85,74,16.9979,5,6,8,1,1,0,0,0,1,0,5,-5.330000000000002,21.8448,0,0
3,0,0,1,29.52,34.85,79,16.9979,6,6,8,1,1,0,0,0,0,0,6,-5.330000000000002,23.3208,0,0
3,0,0,1,30.34,35.605,74,19.9995,7,6,8,1,1,0,0,0,0,0,7,-5.264999999999997,22.4516,0,0
3,0,0,1,31.16,36.365,66,22.0028,8,6,8,1,1,0,0,0,0,0,8,-5.205000000000002,20.5656,0,0
3,0,0,1,32.8,38.635,59,23.9994,9,6,8,1,1,0,0,0,0,0,9,-5.835000000000001,19.351999999999997,0,0
3,0,0,1,32.8,38.635,59,27.9993,10,6,8,1,1,0,0,0,0,0,10,-5.835000000000001,19.351999999999997,0,0
3,0,0,1,33.62,39.395,56,27.9993,11,6,8,1,1,0,0,1,0,0,11,-5.775000000000006,18.827199999999998,0,0
3,0,0,1,35.26,40.15,47,35.0008,12,6,8,1,1,0,0,1,0,0,12,-4.890000000000001,16.5722,0,0
3,0,0,1,36.08,40.91,44,31.0009,13,6,8,1,1,0,0,1,0,0,13,-4.829999999999998,15.8752,0,0
3,0,0,1,36.9,42.425,42,31.0009,14,6,8,1,1,0,0,1,0,0,14,-5.524999999999999,15.498,0,0
3,0,0,1,36.9,40.91,37,35.0008,15,6,8,1,1,0,0,1,0,0,15,-4.009999999999998,13.652999999999999,0,0
3,0,0,1,33.62,37.88,46,16.9979,16,6,8,1,1,0,0,1,0,0,16,-4.260000000000005,15.4652,0,0
3,0,0,1,33.62,37.88,46,16.9979,17,6,8,1,1,0,0,0,0,0,17,-4.260000000000005,15.4652,0,0
3,0,0,3,28.7,33.335,74,8.9981,18,6,8,1,1,0,0,0,0,0,18,-4.635000000000002,21.237999999999996,0,1
3,0,0,1,28.7,33.335,84,15.0013,19,6,8,1,1,0,0,0,0,0,19,-4.635000000000002,24.107999999999997,0,0
3,0,0,1,28.7,33.335,84,7.0015,20,6,8,1,1,0,0,0,0,0,20,-4.635000000000002,24.107999999999997,0,0
3,0,0,1,29.52,34.85,79,7.0015,21,6,8,1,1,0,0,0,0,0,21,-5.330000000000002,23.3208,0,0
3,0,0,1,29.52,34.85,79,6.0032,22,6,8,1,1,0,0,0,0,0,22,-5.330000000000002,23.3208,0,0
3,0,0,2,29.52,34.85,79,11.0014,23,6,8,1,1,0,0,0,0,0,23,-5.330000000000002,23.3208,0,0
3,0,1,2,29.52,34.85,79,0.0,0,0,8,1,0,0,0,0,1,0,0,-5.330000000000002,23.3208,0,0
3,0,1,1,29.52,34.85,79,6.0032,1,0,8,1,0,0,0,0,1,1,0,-5.330000000000002,23.3208,0,0
3,0,1,2,29.52,34.85,79,8.9981,2,0,8,1,0,0,0,0,1,2,0,-5.330000000000002,23.3208,0,0
3,0,1,3,29.52,34.85,79,6.0032,3,0,8,1,0,0,0,0,1,3,0,-5.330000000000002,23.3208,0,1
3,0,1,2,29.52,34.85,74,8.9981,4,0,8,1,0,0,0,0,1,4,0,-5.330000000000002,21.8448,0,0
3,0,1,1,28.7,33.335,79,12.998,5,0,8,1,0,0,0,0,1,5,0,-4.635000000000002,22.673,0,0
3,0,1,2,28.7,33.335,79,15.0013,6,0,8,1,0,0,0,0,0,6,0,-4.635000000000002,22.673,0,0
3,0,1,3,29.52,34.09,70,12.998,7,0,8,1,0,1,0,0,0,7,0,-4.570000000000004,20.664,0,1
3,0,1,2,28.7,33.335,79,0.0,8,0,8,1,0,1,0,0,0,8,0,-4.635000000000002,22.673,0,0
3,0,1,3,28.7,33.335,79,11.0014,9,0,8,1,0,1,0,0,0,9,0,-4.635000000000002,22.673,0,1
3,0,1,1,30.34,34.85,70,15.0013,10,0,8,1,0,0,0,0,0,10,0,-4.510000000000002,21.238000000000003,0,0
3,0,1,1,31.16,36.365,66,8.9981,11,0,8,1,0,0,0,0,0,11,0,-5.205000000000002,20.5656,0,0
3,0,1,2,31.98,36.365,55,6.0032,12,0,8,1,0,0,0,0,0,12,0,-4.385000000000002,17.589000000000002,0,0
3,0,1,1,32.8,37.12,49,15.0013,13,0,8,1,0,0,0,0,0,13,0,-4.32,16.072,0,0
3,0,1,1,33.62,37.88,46,0.0,14,0,8,1,0,0,0,0,0,14,0,-4.260000000000005,15.4652,0,0
3,0,1,1,33.62,37.88,46,8.9981,15,0,8,1,0,0,0,0,0,15,0,-4.260000000000005,15.4652,0,0
3,0,1,1,34.44,37.88,41,7.0015,16,0,8,1,0,0,0,0,0,16,0,-3.440000000000005,14.1204,0,0
3,0,1,1,33.62,37.12,41,0.0,17,0,8,1,0,0,1,0,0,17,0,-3.5,13.784199999999998,0,0
3,0,1,1,33.62,37.12,41,8.9981,18,0,8,1,0,0,1,0,0,18,0,-3.5,13.784199999999998,0,0
3,0,1,1,31.98,37.12,59,12.998,19,0,8,1,0,0,1,0,0,19,0,-5.139999999999997,18.868199999999998,0,0
3,0,1,1,31.16,36.365,66,11.0014,20,0,8,1,0,0,0,0,0,20,0,-5.205000000000002,20.5656,0,0
3,0,1,1,30.34,34.85,70,12.998,21,0,8,1,0,0,0,0,0,21,0,-4.510000000000002,21.238000000000003,0,0
3,0,1,1,30.34,34.85,70,6.0032,22,0,8,1,0,0,0,0,0,22,0,-4.510000000000002,21.238000000000003,0,0
3,0,1,1,29.52,34.85,74,12.998,23,0,8,1,0,0,0,0,0,23,0,-5.330000000000002,21.8448,0,0
3,0,1,1,28.7,33.335,84,12.998,0,1,8,1,0,0,0,0,1,0,0,-4.635000000000002,24.107999999999997,0,0
3,0,1,1,28.7,33.335,84,8.9981,1,1,8,1,0,0,0,0,1,1,0,-4.635000000000002,24.107999999999997,0,0
3,0,1,1,28.7,33.335,84,8.9981,2,1,8,1,0,0,0,0,1,2,0,-4.635000000000002,24.107999999999997,0,0
3,0,1,1,28.7,33.335,84,0.0,3,1,8,1,0,0,0,0,1,3,0,-4.635000000000002,24.107999999999997,0,0
3,0,1,1,27.88,31.82,83,8.9981,4,1,8,1,0,0,0,0,1,4,0,-3.9400000000000013,23.1404,0,0
3,0,1,1,28.7,33.335,79,7.0015,5,1,8,1,0,0,0,0,1,5,0,-4.635000000000002,22.673,0,0
3,0,1,2,28.7,33.335,79,12.998,6,1,8,1,0,0,0,0,0,6,0,-4.635000000000002,22.673,0,0
3,0,1,2,28.7,33.335,74,8.9981,7,1,8,1,0,1,0,0,0,7,0,-4.635000000000002,21.237999999999996,0,0
3,0,1,2,28.7,32.575,70,11.0014,8,1,8,1,0,1,0,0,0,8,0,-3.8750000000000036,20.09,0,0
3,0,1,2,28.7,33.335,74,8.9981,9,1,8,1,0,1,0,0,0,9,0,-4.635000000000002,21.237999999999996,0,0
3,0,1,2,30.34,34.85,70,8.9981,10,1,8,1,0,0,0,0,0,10,0,-4.510000000000002,21.238000000000003,0,0
3,0,1,2,31.16,36.365,66,6.0032,11,1,8,1,0,0,0,0,0,11,0,-5.205000000000002,20.5656,0,0
3,0,1,2,32.8,37.88,55,8.9981,12,1,8,1,0,0,0,0,0,12,0,-5.080000000000005,18.04,0,0
3,0,1,2,32.8,37.12,52,12.998,13,1,8,1,0,0,0,0,0,13,0,-4.32,17.055999999999997,0,0
3,0,1,2,33.62,37.88,46,0.0,14,1,8,1,0,0,0,0,0,14,0,-4.260000000000005,15.4652,0,0
3,0,1,1,32.8,37.12,52,0.0,15,1,8,1,0,0,0,0,0,15,0,-4.32,17.055999999999997,0,0
3,0,1,3,31.16,36.365,66,19.0012,16,1,8,1,0,0,0,0,0,16,0,-5.205000000000002,20.5656,0,1
3,0,1,2,31.98,37.12,62,8.9981,17,1,8,1,0,0,1,0,0,17,0,-5.139999999999997,19.8276,0,0
3,0,1,2,31.16,35.605,62,11.0014,18,1,8,1,0,0,1,0,0,18,0,-4.444999999999997,19.319200000000002,0,0
3,0,1,2,31.16,36.365,66,7.0015,19,1,8,1,0,0,1,0,0,19,0,-5.205000000000002,20.5656,0,0
3,0,1,2,30.34,34.85,70,8.9981,20,1,8,1,0,0,0,0,0,20,0,-4.510000000000002,21.238000000000003,0,0
3,0,1,2,29.52,34.85,74,0.0,21,1,8,1,0,0,0,0,0,21,0,-5.330000000000002,21.8448,0,0
3,0,1,1,29.52,34.85,74,7.0015,22,1,8,1,0,0,0,0,0,22,0,-5.330000000000002,21.8448,0,0
3,0,1,1,29.52,34.85,79,0.0,23,1,8,1,0,0,0,0,0,23,0,-5.330000000000002,23.3208,0,0
3,0,1,1,28.7,33.335,84,0.0,0,2,8,1,0,0,0,0,1,0,0,-4.635000000000002,24.107999999999997,0,0
3,0,1,1,29.52,34.85,79,0.0,1,2,8,1,0,0,0,0,1,1,0,-5.330000000000002,23.3208,0,0
3,0,1,1,28.7,33.335,84,0.0,2,2,8,1,0,0,0,0,1,2,0,-4.635000000000002,24.107999999999997,0,0
3,0,1,1,28.7,33.335,84,0.0,3,2,8,1,0,0,0,0,1,3,0,-4.635000000000002,24.107999999999997,0,0
3,0,1,1,28.7,33.335,84,0.0,4,2,8,1,0,0,0,0,1,4,0,-4.635000000000002,24.107999999999997,0,0
3,0,1,2,27.88,31.82,89,11.0014,5,2,8,1,0,0,0,0,1,5,0,-3.9400000000000013,24.8132,0,0
3,0,1,2,28.7,33.335,84,11.0014,6,2,8,1,0,0,0,0,0,6,0,-4.635000000000002,24.107999999999997,0,0
3,0,1,2,28.7,33.335,84,11.0014,7,2,8,1,0,1,0,0,0,7,0,-4.635000000000002,24.107999999999997,0,0
3,0,1,2,30.34,36.365,72,6.0032,8,2,8,1,0,1,0,0,0,8,0,-6.025000000000002,21.8448,0,0
3,0,1,2,31.16,36.365,66,0.0,9,2,8,1,0,1,0,0,0,9,0,-5.205000000000002,20.5656,0,0
3,0,1,2,32.8,37.12,52,8.9981,10,2,8,1,0,0,0,0,0,10,0,-4.32,17.055999999999997,0,0
3,0,1,2,32.8,37.12,52,0.0,11,2,8,1,0,0,0,0,0,11,0,-4.32,17.055999999999997,0,0
3,0,1,2,32.8,37.12,52,0.0,12,2,8,1,0,0,0,0,0,12,0,-4.32,17.055999999999997,0,0
3,0,1,2,32.8,37.12,52,0.0,13,2,8,1,0,0,0,0,0,13,0,-4.32,17.055999999999997,0,0
3,0,1,2,32.8,37.12,52,16.9979,14,2,8,1,0,0,0,0,0,14,0,-4.32,17.055999999999997,0,0
3,0,1,2,34.44,37.88,44,12.998,15,2,8,1,0,0,0,0,0,15,0,-3.440000000000005,15.153599999999999,0,0
3,0,1,2,32.8,37.12,49,19.0012,16,2,8,1,0,0,0,0,0,16,0,-4.32,16.072,0,0
3,0,1,2,32.8,37.88,55,19.0012,17,2,8,1,0,0,1,0,0,17,0,-5.080000000000005,18.04,0,0
3,0,1,2,31.98,36.365,55,11.0014,18,2,8,1,0,0,1,0,0,18,0,-4.385000000000002,17.589000000000002,0,0
3,0,1,1,31.16,36.365,66,15.0013,19,2,8,1,0,0,1,0,0,19,0,-5.205000000000002,20.5656,0,0
3,0,1,1,30.34,34.85,66,12.998,20,2,8,1,0,0,0,0,0,20,0,-4.510000000000002,20.0244,0,0
3,0,1,1,30.34,34.85,66,7.0015,21,2,8,1,0,0,0,0,0,21,0,-4.510000000000002,20.0244,0,0
3,0,1,1,29.52,34.85,74,7.0015,22,2,8,1,0,0,0,0,0,22,0,-5.330000000000002,21.8448,0,0
3,0,1,1,29.52,34.09,70,8.9981,23,2,8,1,0,0,0,0,0,23,0,-4.570000000000004,20.664,0,0
3,0,1,1,29.52,34.85,74,12.998,0,3,8,1,0,0,0,0,1,0,0,-5.330000000000002,21.8448,0,0
3,0,1,1,28.7,33.335,79,8.9981,1,3,8,1,0,0,0,0,1,1,0,-4.635000000000002,22.673,0,0
3,0,1,1,28.7,33.335,84,6.0032,2,3,8,1,0,0,0,0,1,2,0,-4.635000000000002,24.107999999999997,0,0
3,0,1,1,27.88,31.82,83,6.0032,3,3,8,1,0,0,0,0,1,3,0,-3.9400000000000013,23.1404,0,0
3,0,1,2,27.88,31.82,89,8.9981,4,3,8,1,0,0,0,0,1,4,0,-3.9400000000000013,24.8132,0,0
3,0,1,2,27.06,29.545,94,0.0,5,3,8,1,0,0,0,0,1,5,0,-2.485000000000003,25.4364,0,0
3,0,1,1,27.06,30.305,83,11.0014,6,3,8,1,0,0,0,0,0,6,0,-3.245000000000001,22.4598,0,0
3,0,1,2,28.7,33.335,84,11.0014,7,3,8,1,0,1,0,0,0,7,0,-4.635000000000002,24.107999999999997,0,0
3,0,1,1,29.52,34.85,74,7.0015,8,3,8,1,0,1,0,0,0,8,0,-5.330000000000002,21.8448,0,0
3,0,1,1,31.16,36.365,66,11.0014,9,3,8,1,0,1,0,0,0,9,0,-5.205000000000002,20.5656,0,0
3,0,1,1,32.8,37.88,55,15.0013,10,3,8,1,0,0,0,0,0,10,0,-5.080000000000005,18.04,0,0
3,0,1,1,34.44,37.88,44,0.0,11,3,8,1,0,0,0,0,0,11,0,-3.440000000000005,15.153599999999999,0,0
3,0,1,1,34.44,37.88,44,7.0015,12,3,8,1,0,0,0,0,0,12,0,-3.440000000000005,15.153599999999999,0,0
3,0,1,1,35.26,39.395,41,7.0015,13,3,8,1,0,0,0,0,0,13,0,-4.135000000000005,14.456599999999998,0,0
3,0,1,1,36.08,38.635,32,15.0013,14,3,8,1,0,0,0,0,0,14,0,-2.5549999999999997,11.5456,0,0
3,0,1,1,36.08,38.635,32,15.0013,15,3,8,1,0,0,0,0,0,15,0,-2.5549999999999997,11.5456,0,0
3,0,1,1,35.26,38.635,39,16.9979,16,3,8,1,0,0,0,0,0,16,0,-3.375,13.751399999999999,0,0
3,0,1,1,35.26,37.88,36,16.9979,17,3,8,1,0,0,1,0,0,17,0,-2.6200000000000045,12.693599999999998,0,0
3,0,1,2,33.62,37.88,46,16.9979,18,3,8,1,0,0,1,0,0,18,0,-4.260000000000005,15.4652,0,0
3,0,1,1,32.8,37.88,55,12.998,19,3,8,1,0,0,1,0,0,19,0,-5.080000000000005,18.04,0,0
3,0,1,1,28.7,32.575,54,19.0012,20,3,8,1,0,0,0,0,0,20,0,-3.8750000000000036,15.498,0,0
3,0,1,2,28.7,32.575,58,11.0014,21,3,8,1,0,0,0,0,0,21,0,-3.8750000000000036,16.646,0,0
3,0,1,2,27.06,31.06,69,15.0013,22,3,8,1,0,0,0,0,0,22,0,-4.0,18.6714,0,0
3,0,1,1,27.06,31.06,74,0.0,23,3,8,1,0,0,0,0,0,23,0,-4.0,20.0244,0,0
3,0,1,1,28.7,32.575,65,6.0032,0,4,8,1,0,0,0,0,1,0,0,-3.8750000000000036,18.655,0,0
3,0,1,1,28.7,32.575,65,7.0015,1,4,8,1,0,0,0,0,1,1,0,-3.8750000000000036,18.655,0,0
3,0,1,1,28.7,33.335,74,11.0014,2,4,8,1,0,0,0,0,1,2,0,-4.635000000000002,21.237999999999996,0,0
3,0,1,2,29.52,34.85,79,12.998,3,4,8,1,0,0,0,0,1,3,0,-5.330000000000002,23.3208,0,0
3,0,1,3,28.7,33.335,84,19.0012,4,4,8,1,0,0,0,0,1,4,0,-4.635000000000002,24.107999999999997,0,1
3,0,1,3,28.7,33.335,84,19.0012,5,4,8,1,0,0,0,0,1,5,0,-4.635000000000002,24.107999999999997,0,1
3,0,1,3,26.24,28.79,89,19.9995,6,4,8,1,0,0,0,0,0,6,0,-2.5500000000000007,23.353599999999997,0,1
3,0,1,3,26.24,28.79,89,7.0015,7,4,8,1,0,1,0,0,0,7,0,-2.5500000000000007,23.353599999999997,0,1
3,0,1,3,25.42,27.275,91,11.0014,8,4,8,1,0,1,0,0,0,8,0,-1.8549999999999969,23.1322,0,1
3,0,1,2,26.24,28.79,89,0.0,9,4,8,1,0,1,0,0,0,9,0,-2.5500000000000007,23.353599999999997,0,0
3,0,1,1,27.06,29.545,89,7.0015,10,4,8,1,0,0,0,0,0,10,0,-2.485000000000003,24.083399999999997,0,0
3,0,1,3,27.88,31.82,79,8.9981,11,4,8,1,0,0,0,0,0,11,0,-3.9400000000000013,22.025199999999998,0,1
3,0,1,2,30.34,34.85,66,23.9994,12,4,8,1,0,0,0,0,0,12,0,-4.510000000000002,20.0244,0,0
3,0,1,2,31.16,35.605,58,23.9994,13,4,8,1,0,0,0,0,0,13,0,-4.444999999999997,18.0728,0,0
3,0,1,1,31.16,35.605,58,23.9994,14,4,8,1,0,0,0,0,0,14,0,-4.444999999999997,18.0728,0,0
3,0,1,1,32.8,37.12,52,30.0026,15,4,8,1,0,0,0,0,0,15,0,-4.32,17.055999999999997,0,0
3,0,1,1,31.98,36.365,55,19.9995,16,4,8,1,0,0,0,0,0,16,0,-4.385000000000002,17.589000000000002,0,0
3,0,1,1,32.8,37.12,52,19.0012,17,4,8,1,0,0,1,0,0,17,0,-4.32,17.055999999999997,0,0
3,0,1,1,31.16,35.605,62,19.9995,18,4,8,1,0,0,1,0,0,18,0,-4.444999999999997,19.319200000000002,0,0
3,0,1,1,31.16,35.605,62,19.0012,19,4,8,1,0,0,1,0,0,19,0,-4.444999999999997,19.319200000000002,0,0
3,0,1,1,30.34,34.85,66,19.9995,20,4,8,1,0,0,0,0,0,20,0,-4.510000000000002,20.0244,0,0
3,0,1,1,30.34,34.85,66,16.9979,21,4,8,1,0,0,0,0,0,21,0,-4.510000000000002,20.0244,0,0
3,0,1,1,29.52,34.85,74,19.0012,22,4,8,1,0,0,0,0,0,22,0,-5.330000000000002,21.8448,0,0
3,0,1,1,29.52,34.09,70,19.0012,23,4,8,1,0,0,0,0,0,23,0,-4.570000000000004,20.664,0,0
3,0,0,1,28.7,32.575,70,19.0012,0,5,8,1,1,0,0,0,1,0,0,-3.8750000000000036,20.09,0,0
3,0,0,1,27.06,31.06,74,15.0013,1,5,8,1,1,0,0,0,1,0,1,-4.0,20.0244,0,0
3,0,0,3,26.24,29.545,78,12.998,2,5,8,1,1,0,0,0,1,0,2,-3.3050000000000033,20.4672,0,1
3,0,0,3,25.42,28.79,83,11.0014,3,5,8,1,1,0,0,0,1,0,3,-3.3699999999999974,21.0986,0,1
3,0,0,1,25.42,28.79,83,7.0015,4,5,8,1,1,0,0,0,1,0,4,-3.3699999999999974,21.0986,0,0
3,0,0,1,25.42,28.03,88,7.0015,5,5,8,1,1,0,0,0,1,0,5,-2.6099999999999994,22.369600000000002,0,0
3,0,0,2,25.42,28.03,88,7.0015,6,5,8,1,1,0,0,0,0,0,6,-2.6099999999999994,22.369600000000002,0,0
3,0,0,1,26.24,28.79,83,6.0032,7,5,8,1,1,0,0,0,0,0,7,-2.5500000000000007,21.7792,0,0
3,0,0,1,27.06,30.305,83,7.0015,8,5,8,1,1,0,0,0,0,0,8,-3.245000000000001,22.4598,0,0
3,0,0,1,27.88,31.82,79,12.998,9,5,8,1,1,0,0,0,0,0,9,-3.9400000000000013,22.025199999999998,0,0
3,0,0,1,29.52,34.09,62,6.0032,10,5,8,1,1,0,0,0,0,0,10,-4.570000000000004,18.3024,0,0
3,0,0,1,30.34,34.85,66,11.0014,11,5,8,1,1,0,0,1,0,0,11,-4.510000000000002,20.0244,0,0
3,0,0,1,31.16,35.605,58,15.0013,12,5,8,1,1,0,0,1,0,0,12,-4.444999999999997,18.0728,0,0
3,0,0,1,32.8,37.12,49,23.9994,13,5,8,1,1,0,0,1,0,0,13,-4.32,16.072,0,0
3,0,0,1,32.8,37.12,49,19.9995,14,5,8,1,1,0,0,1,0,0,14,-4.32,16.072,0,0
3,0,0,1,32.8,36.365,46,19.0012,15,5,8,1,1,0,0,1,0,0,15,-3.565000000000005,15.088,0,0
3,0,0,1,32.8,36.365,46,19.9995,16,5,8,1,1,0,0,1,0,0,16,-3.565000000000005,15.088,0,0
3,0,0,3,30.34,34.85,66,23.9994,17,5,8,1,1,0,0,0,0,0,17,-4.510000000000002,20.0244,0,1
3,0,0,2,28.7,33.335,74,19.9995,18,5,8,1,1,0,0,0,0,0,18,-4.635000000000002,21.237999999999996,0,0
3,0,0,2,27.06,29.545,89,7.0015,19,5,8,1,1,0,0,0,0,0,19,-2.485000000000003,24.083399999999997,0,0
3,0,0,3,27.06,29.545,89,27.9993,20,5,8,1,1,0,0,0,0,0,20,-2.485000000000003,24.083399999999997,0,1
3,0,0,2,27.06,29.545,89,11.0014,21,5,8,1,1,0,0,0,0,0,21,-2.485000000000003,24.083399999999997,0,0
3,0,0,2,27.06,29.545,89,11.0014,22,5,8,1,1,0,0,0,0,0,22,-2.485000000000003,24.083399999999997,0,0
3,0,0,3,27.06,30.305,78,11.0014,23,5,8,1,1,0,0,0,0,0,23,-3.245000000000001,21.1068,0,1
3,0,0,2,26.24,30.305,73,8.9981,0,6,8,1,1,0,0,0,1,0,0,-4.065000000000001,19.1552,0,0
3,0,0,1,25.42,29.545,78,8.9981,1,6,8,1,1,0,0,0,1,0,1,-4.125,19.827600000000004,0,0
3,0,0,1,26.24,30.305,69,8.9981,2,6,8,1,1,0,0,0,1,0,2,-4.065000000000001,18.1056,0,0
3,0,0,1,25.42,29.545,73,6.0032,3,6,8,1,1,0,0,0,1,0,3,-4.125,18.5566,0,0
3,0,0,1,26.24,30.305,69,6.0032,4,6,8,1,1,0,0,0,1,0,4,-4.065000000000001,18.1056,0,0
3,0,0,1,26.24,31.06,61,12.998,5,6,8,1,1,0,0,0,1,0,5,-4.82,16.0064,0,0
3,0,0,1,26.24,30.305,65,11.0014,6,6,8,1,1,0,0,0,0,0,6,-4.065000000000001,17.055999999999997,0,0
3,0,0,1,26.24,30.305,65,8.9981,7,6,8,1,1,0,0,0,0,0,7,-4.065000000000001,17.055999999999997,0,0
3,0,0,1,27.06,31.06,54,15.0013,8,6,8,1,1,0,0,0,0,0,8,-4.0,14.612400000000001,0,0
3,0,0,1,28.7,32.575,48,15.0013,9,6,8,1,1,0,0,0,0,0,9,-3.8750000000000036,13.776,0,0
3,0,0,1,28.7,32.575,51,11.0014,10,6,8,1,1,0,0,0,0,0,10,-3.8750000000000036,14.637,0,0
3,0,0,1,30.34,33.335,42,11.0014,11,6,8,1,1,0,0,1,0,0,11,-2.995000000000001,12.742799999999999,0,0
3,0,0,1,30.34,33.335,42,12.998,12,6,8,1,1,0,0,1,0,0,12,-2.995000000000001,12.742799999999999,0,0
3,0,0,1,31.98,34.85,40,0.0,13,6,8,1,1,0,0,1,0,0,13,-2.870000000000001,12.792,0,0
3,0,0,1,31.16,34.09,40,12.998,14,6,8,1,1,0,0,1,0,0,14,-2.9300000000000033,12.464,0,0
3,0,0,1,31.16,34.09,40,8.9981,15,6,8,1,1,0,0,1,0,0,15,-2.9300000000000033,12.464,0,0
3,0,0,1,31.16,34.09,40,7.0015,16,6,8,1,1,0,0,1,0,0,16,-2.9300000000000033,12.464,0,0
3,0,0,1,32.8,34.85,33,0.0,17,6,8,1,1,0,0,0,0,0,17,-2.0500000000000043,10.823999999999998,0,0
3,0,0,1,31.98,34.09,35,7.0015,18,6,8,1,1,0,0,0,0,0,18,-2.110000000000003,11.193,0,0
3,0,0,1,30.34,32.575,40,8.9981,19,6,8,1,1,0,0,0,0,0,19,-2.235000000000003,12.136,0,0
3,0,0,1,29.52,32.575,45,0.0,20,6,8,1,1,0,0,0,0,0,20,-3.0550000000000033,13.284,0,0
3,0,0,1,29.52,33.335,51,6.0032,21,6,8,1,1,0,0,0,0,0,21,-3.8150000000000013,15.0552,0,0
3,0,0,1,28.7,32.575,58,8.9981,22,6,8,1,1,0,0,0,0,0,22,-3.8750000000000036,16.646,0,0
3,0,0,1,27.88,31.82,61,0.0,23,6,8,1,1,0,0,0,0,0,23,-3.9400000000000013,17.0068,0,0
3,0,1,1,27.06,31.06,65,7.0015,0,0,8,1,0,0,0,0,1,0,0,-4.0,17.589,0,0
3,0,1,1,27.06,31.06,65,6.0032,1,0,8,1,0,0,0,0,1,1,0,-4.0,17.589,0,0
3,0,1,1,26.24,30.305,69,7.0015,2,0,8,1,0,0,0,0,1,2,0,-4.065000000000001,18.1056,0,0
3,0,1,1,26.24,30.305,69,0.0,3,0,8,1,0,0,0,0,1,3,0,-4.065000000000001,18.1056,0,0
3,0,1,1,26.24,30.305,69,7.0015,4,0,8,1,0,0,0,0,1,4,0,-4.065000000000001,18.1056,0,0
3,0,1,1,26.24,30.305,69,7.0015,5,0,8,1,0,0,0,0,1,5,0,-4.065000000000001,18.1056,0,0
3,0,1,1,25.42,29.545,73,6.0032,6,0,8,1,0,0,0,0,0,6,0,-4.125,18.5566,0,0
3,0,1,1,27.06,31.06,65,8.9981,7,0,8,1,0,1,0,0,0,7,0,-4.0,17.589,0,0
3,0,1,2,29.52,33.335,51,6.0032,8,0,8,1,0,1,0,0,0,8,0,-3.8150000000000013,15.0552,0,0
3,0,1,2,30.34,33.335,45,0.0,9,0,8,1,0,1,0,0,0,9,0,-2.995000000000001,13.652999999999999,0,0
3,0,1,2,31.16,34.09,40,0.0,10,0,8,1,0,0,0,0,0,10,0,-2.9300000000000033,12.464,0,0
3,0,1,1,31.16,34.09,40,6.0032,11,0,8,1,0,0,0,0,0,11,0,-2.9300000000000033,12.464,0,0
3,0,1,1,31.98,34.85,40,12.998,12,0,8,1,0,0,0,0,0,12,0,-2.870000000000001,12.792,0,0
3,0,1,1,31.98,34.85,40,11.0014,13,0,8,1,0,0,0,0,0,13,0,-2.870000000000001,12.792,0,0
3,0,1,1,32.8,34.85,33,7.0015,14,0,8,1,0,0,0,0,0,14,0,-2.0500000000000043,10.823999999999998,0,0
3,0,1,1,33.62,36.365,34,15.0013,15,0,8,1,0,0,0,0,0,15,0,-2.7450000000000045,11.4308,0,0
3,0,1,1,32.8,35.605,36,6.0032,16,0,8,1,0,0,0,0,0,16,0,-2.8049999999999997,11.808,0,0
3,0,1,1,32.8,35.605,36,11.0014,17,0,8,1,0,0,1,0,0,17,0,-2.8049999999999997,11.808,0,0
3,0,1,1,31.16,34.85,52,19.0012,18,0,8,1,0,0,1,0,0,18,0,-3.6900000000000013,16.2032,0,0
3,0,1,1,30.34,34.09,58,11.0014,19,0,8,1,0,0,1,0,0,19,0,-3.7500000000000036,17.5972,0,0
3,0,1,1,30.34,34.09,62,15.0013,20,0,8,1,0,0,0,0,0,20,0,-3.7500000000000036,18.8108,0,0
3,0,1,1,29.52,34.09,66,12.998,21,0,8,1,0,0,0,0,0,21,0,-4.570000000000004,19.4832,0,0
3,0,1,1,29.52,34.09,62,22.0028,22,0,8,1,0,0,0,0,0,22,0,-4.570000000000004,18.3024,0,0
3,0,1,1,28.7,32.575,70,15.0013,23,0,8,1,0,0,0,0,0,23,0,-3.8750000000000036,20.09,0,0
3,0,1,1,28.7,33.335,74,15.0013,0,1,8,1,0,0,0,0,1,0,0,-4.635000000000002,21.237999999999996,0,0
3,0,1,1,27.88,31.82,79,16.9979,1,1,8,1,0,0,0,0,1,1,0,-3.9400000000000013,22.025199999999998,0,0
3,0,1,2,27.88,31.82,83,12.998,2,1,8,1,0,0,0,0,1,2,0,-3.9400000000000013,23.1404,0,0
3,0,1,2,27.88,31.82,83,12.998,3,1,8,1,0,0,0,0,1,3,0,-3.9400000000000013,23.1404,0,0
3,0,1,2,27.88,31.82,83,12.998,4,1,8,1,0,0,0,0,1,4,0,-3.9400000000000013,23.1404,0,0
3,0,1,2,27.88,31.82,89,12.998,5,1,8,1,0,0,0,0,1,5,0,-3.9400000000000013,24.8132,0,0
3,0,1,3,26.24,28.79,83,12.998,6,1,8,1,0,0,0,0,0,6,0,-2.5500000000000007,21.7792,0,1
3,0,1,2,27.06,30.305,83,6.0032,7,1,8,1,0,1,0,0,0,7,0,-3.245000000000001,22.4598,0,0
3,0,1,2,27.06,29.545,89,6.0032,8,1,8,1,0,1,0,0,0,8,0,-2.485000000000003,24.083399999999997,0,0
3,0,1,2,28.7,33.335,74,0.0,9,1,8,1,0,1,0,0,0,9,0,-4.635000000000002,21.237999999999996,0,0
3,0,1,1,28.7,33.335,79,7.0015,10,1,8,1,0,0,0,0,0,10,0,-4.635000000000002,22.673,0,0
3,0,1,1,30.34,34.09,62,0.0,11,1,8,1,0,0,0,0,0,11,0,-3.7500000000000036,18.8108,0,0
3,0,1,1,31.98,35.605,49,8.9981,12,1,8,1,0,0,0,0,0,12,0,-3.6249999999999964,15.6702,0,0
3,0,1,1,32.8,36.365,46,6.0032,13,1,8,1,0,0,0,0,0,13,0,-3.565000000000005,15.088,0,0
3,0,1,1,33.62,37.12,41,15.0013,14,1,8,1,0,0,0,0,0,14,0,-3.5,13.784199999999998,0,0
3,0,1,1,33.62,37.88,46,15.0013,15,1,8,1,0,0,0,0,0,15,0,-4.260000000000005,15.4652,0,0
3,0,1,1,33.62,37.12,43,15.0013,16,1,8,1,0,0,0,0,0,16,0,-3.5,14.456599999999998,0,0
3,0,1,3,31.16,36.365,66,16.9979,17,1,8,1,0,0,1,0,0,17,0,-5.205000000000002,20.5656,0,1
3,0,1,1,31.16,35.605,62,19.0012,18,1,8,1,0,0,1,0,0,18,0,-4.444999999999997,19.319200000000002,0,0
3,0,1,1,31.16,36.365,66,12.998,19,1,8,1,0,0,1,0,0,19,0,-5.205000000000002,20.5656,0,0
3,0,1,1,30.34,35.605,74,15.0013,20,1,8,1,0,0,0,0,0,20,0,-5.264999999999997,22.4516,0,0
3,0,1,1,30.34,34.09,62,15.0013,21,1,8,1,0,0,0,0,0,21,0,-3.7500000000000036,18.8108,0,0
3,0,1,1,29.52,34.09,66,6.0032,22,1,8,1,0,0,0,0,0,22,0,-4.570000000000004,19.4832,0,0
3,0,1,1,29.52,34.09,66,11.0014,23,1,8,1,0,0,0,0,0,23,0,-4.570000000000004,19.4832,0,0
3,0,1,1,28.7,32.575,61,12.998,0,2,8,1,0,0,0,0,1,0,0,-3.8750000000000036,17.507,0,0
3,0,1,1,28.7,32.575,61,0.0,1,2,8,1,0,0,0,0,1,1,0,-3.8750000000000036,17.507,0,0
3,0,1,1,27.88,31.82,65,0.0,2,2,8,1,0,0,0,0,1,2,0,-3.9400000000000013,18.122,0,0
3,0,1,1,27.06,31.06,74,7.0015,3,2,8,1,0,0,0,0,1,3,0,-4.0,20.0244,0,0
3,0,1,1,26.24,28.79,83,7.0015,4,2,8,1,0,0,0,0,1,4,0,-2.5500000000000007,21.7792,0,0
3,0,1,1,26.24,29.545,78,7.0015,5,2,8,1,0,0,0,0,1,5,0,-3.3050000000000033,20.4672,0,0
3,0,1,1,26.24,29.545,78,7.0015,6,2,8,1,0,0,0,0,0,6,0,-3.3050000000000033,20.4672,0,0
3,0,1,2,27.06,31.06,69,12.998,7,2,8,1,0,1,0,0,0,7,0,-4.0,18.6714,0,0
3,0,1,2,28.7,32.575,65,19.0012,8,2,8,1,0,1,0,0,0,8,0,-3.8750000000000036,18.655,0,0
3,0,1,2,29.52,34.09,62,12.998,9,2,8,1,0,1,0,0,0,9,0,-4.570000000000004,18.3024,0,0
3,0,1,2,29.52,34.09,62,12.998,10,2,8,1,0,0,0,0,0,10,0,-4.570000000000004,18.3024,0,0
3,0,1,2,30.34,34.09,58,12.998,11,2,8,1,0,0,0,0,0,11,0,-3.7500000000000036,17.5972,0,0
3,0,1,1,30.34,34.09,55,15.0013,12,2,8,1,0,0,0,0,0,12,0,-3.7500000000000036,16.687,0,0
3,0,1,2,31.98,35.605,49,12.998,13,2,8,1,0,0,0,0,0,13,0,-3.6249999999999964,15.6702,0,0
3,0,1,2,31.16,34.85,52,19.9995,14,2,8,1,0,0,0,0,0,14,0,-3.6900000000000013,16.2032,0,0
3,0,1,1,31.16,34.85,52,16.9979,15,2,8,1,0,0,0,0,0,15,0,-3.6900000000000013,16.2032,0,0
3,0,1,1,31.16,34.09,48,12.998,16,2,8,1,0,0,0,0,0,16,0,-2.9300000000000033,14.956800000000001,0,0
3,0,1,1,30.34,34.09,55,19.0012,17,2,8,1,0,0,1,0,0,17,0,-3.7500000000000036,16.687,0,0
3,0,1,1,30.34,33.335,51,15.0013,18,2,8,1,0,0,1,0,0,18,0,-2.995000000000001,15.4734,0,0
3,0,1,1,28.7,32.575,61,8.9981,19,2,8,1,0,0,1,0,0,19,0,-3.8750000000000036,17.507,0,0
3,0,1,1,28.7,32.575,61,8.9981,20,2,8,1,0,0,0,0,0,20,0,-3.8750000000000036,17.507,0,0
3,0,1,1,28.7,32.575,61,12.998,21,2,8,1,0,0,0,0,0,21,0,-3.8750000000000036,17.507,0,0
3,0,1,1,28.7,32.575,61,11.0014,22,2,8,1,0,0,0,0,0,22,0,-3.8750000000000036,17.507,0,0
3,0,1,1,27.88,31.82,65,7.0015,23,2,8,1,0,0,0,0,0,23,0,-3.9400000000000013,18.122,0,0
3,0,1,1,27.06,31.06,69,0.0,0,3,8,1,0,0,0,0,1,0,0,-4.0,18.6714,0,0
3,0,1,1,26.24,30.305,73,0.0,1,3,8,1,0,0,0,0,1,1,0,-4.065000000000001,19.1552,0,0
3,0,1,1,26.24,30.305,69,12.998,2,3,8,1,0,0,0,0,1,2,0,-4.065000000000001,18.1056,0,0
3,0,1,1,25.42,29.545,73,16.9979,3,3,8,1,0,0,0,0,1,3,0,-4.125,18.5566,0,0
3,0,1,1,25.42,29.545,73,15.0013,4,3,8,1,0,0,0,0,1,4,0,-4.125,18.5566,0,0
3,0,1,1,24.6,28.79,78,11.0014,5,3,8,1,0,0,0,0,1,5,0,-4.189999999999998,19.188000000000002,0,0
3,0,1,1,24.6,28.79,78,11.0014,6,3,8,1,0,0,0,0,0,6,0,-4.189999999999998,19.188000000000002,0,0
3,0,1,1,26.24,30.305,69,15.0013,7,3,8,1,0,1,0,0,0,7,0,-4.065000000000001,18.1056,0,0
3,0,1,1,27.88,31.82,61,12.998,8,3,8,1,0,1,0,0,0,8,0,-3.9400000000000013,17.0068,0,0
3,0,1,1,29.52,33.335,54,7.0015,9,3,8,1,0,1,0,0,0,9,0,-3.8150000000000013,15.9408,0,0
3,0,1,1,30.34,33.335,48,8.9981,10,3,8,1,0,0,0,0,0,10,0,-2.995000000000001,14.5632,0,0
3,0,1,1,31.16,33.335,37,6.0032,11,3,8,1,0,0,0,0,0,11,0,-2.1750000000000007,11.529200000000001,0,0
3,0,1,1,32.8,34.85,33,7.0015,12,3,8,1,0,0,0,0,0,12,0,-2.0500000000000043,10.823999999999998,0,0
3,0,1,1,32.8,34.85,31,15.0013,13,3,8,1,0,0,0,0,0,13,0,-2.0500000000000043,10.168,0,0
3,0,1,1,33.62,35.605,32,0.0,14,3,8,1,0,0,0,0,0,14,0,-1.9849999999999994,10.7584,0,0
3,0,1,1,32.8,34.85,33,16.9979,15,3,8,1,0,0,0,0,0,15,0,-2.0500000000000043,10.823999999999998,0,0
3,0,1,1,33.62,35.605,32,15.0013,16,3,8,1,0,0,0,0,0,16,0,-1.9849999999999994,10.7584,0,0
3,0,1,1,33.62,36.365,34,12.998,17,3,8,1,0,0,1,0,0,17,0,-2.7450000000000045,11.4308,0,0
3,0,1,1,32.8,35.605,36,0.0,18,3,8,1,0,0,1,0,0,18,0,-2.8049999999999997,11.808,0,0
3,0,1,1,31.16,34.09,40,7.0015,19,3,8,1,0,0,1,0,0,19,0,-2.9300000000000033,12.464,0,0
3,0,1,1,31.16,34.09,40,6.0032,20,3,8,1,0,0,0,0,0,20,0,-2.9300000000000033,12.464,0,0
3,0,1,1,30.34,33.335,48,12.998,21,3,8,1,0,0,0,0,0,21,0,-2.995000000000001,14.5632,0,0
3,0,1,1,29.52,33.335,51,11.0014,22,3,8,1,0,0,0,0,0,22,0,-3.8150000000000013,15.0552,0,0
3,0,1,1,28.7,32.575,54,7.0015,23,3,8,1,0,0,0,0,0,23,0,-3.8750000000000036,15.498,0,0
3,0,1,1,27.88,12.12,57,11.0014,0,4,8,1,0,0,0,0,1,0,0,15.76,15.891599999999999,0,0
3,0,1,1,27.06,12.12,65,7.0015,1,4,8,1,0,0,0,0,1,1,0,14.94,17.589,0,0
3,0,1,1,27.06,12.12,61,8.9981,2,4,8,1,0,0,0,0,1,2,0,14.94,16.5066,0,0
3,0,1,1,26.24,12.12,65,7.0015,3,4,8,1,0,0,0,0,1,3,0,14.12,17.055999999999997,0,0
3,0,1,1,26.24,12.12,73,11.0014,4,4,8,1,0,0,0,0,1,4,0,14.12,19.1552,0,0
3,0,1,1,26.24,12.12,73,7.0015,5,4,8,1,0,0,0,0,1,5,0,14.12,19.1552,0,0
3,0,1,1,25.42,12.12,78,8.9981,6,4,8,1,0,0,0,0,0,6,0,13.300000000000002,19.827600000000004,0,0
3,0,1,1,26.24,12.12,73,7.0015,7,4,8,1,0,1,0,0,0,7,0,14.12,19.1552,0,0
3,0,1,1,27.88,12.12,65,8.9981,8,4,8,1,0,1,0,0,0,8,0,15.76,18.122,0,0
3,0,1,1,28.7,12.12,58,7.0015,9,4,8,1,0,1,0,0,0,9,0,16.58,16.646,0,0
3,0,1,1,30.34,12.12,55,11.0014,10,4,8,1,0,0,0,0,0,10,0,18.22,16.687,0,0
3,0,1,1,31.16,12.12,52,19.0012,11,4,8,1,0,0,0,0,0,11,0,19.04,16.2032,0,0
3,0,1,1,33.62,12.12,41,15.0013,12,4,8,1,0,0,0,0,0,12,0,21.5,13.784199999999998,0,0
3,0,1,1,34.44,12.12,36,26.0027,13,4,8,1,0,0,0,0,0,13,0,22.32,12.398399999999999,0,0
3,0,1,1,35.26,12.12,34,27.9993,14,4,8,1,0,0,0,0,0,14,0,23.14,11.988399999999999,0,0
3,0,1,1,35.26,12.12,30,31.0009,15,4,8,1,0,0,0,0,0,15,0,23.14,10.578,0,0
3,0,1,2,34.44,12.12,32,30.0026,16,4,8,1,0,0,0,0,0,16,0,22.32,11.0208,0,0
3,0,1,1,33.62,12.12,36,22.0028,17,4,8,1,0,0,1,0,0,17,0,21.5,12.1032,0,0
3,0,1,2,33.62,12.12,38,16.9979,18,4,8,1,0,0,1,0,0,18,0,21.5,12.775599999999999,0,0
3,0,1,2,30.34,12.12,55,26.0027,19,4,8,1,0,0,1,0,0,19,0,18.22,16.687,0,0
3,0,1,2,29.52,12.12,58,15.0013,20,4,8,1,0,0,0,0,0,20,0,17.4,17.1216,0,0
3,0,1,2,27.88,12.12,69,19.9995,21,4,8,1,0,0,0,0,0,21,0,15.76,19.2372,0,0
3,0,1,3,27.06,12.12,83,12.998,22,4,8,1,0,0,0,0,0,22,0,14.94,22.4598,0,1
3,0,1,3,26.24,12.12,83,15.0013,23,4,8,1,0,0,0,0,0,23,0,14.12,21.7792,0,1
3,0,0,2,26.24,28.79,83,15.0013,0,5,8,1,1,0,0,0,1,0,0,-2.5500000000000007,21.7792,0,0
3,0,0,3,25.42,27.275,94,11.0014,1,5,8,1,1,0,0,0,1,0,1,-1.8549999999999969,23.8948,0,1
3,0,0,3,25.42,28.03,88,11.0014,2,5,8,1,1,0,0,0,1,0,2,-2.6099999999999994,22.369600000000002,0,1
3,0,0,1,25.42,28.03,88,12.998,3,5,8,1,1,0,0,0,1,0,3,-2.6099999999999994,22.369600000000002,0,0
3,0,0,1,25.42,29.545,73,15.0013,4,5,8,1,1,0,0,0,1,0,4,-4.125,18.5566,0,0
3,0,0,1,24.6,28.79,78,16.9979,5,5,8,1,1,0,0,0,1,0,5,-4.189999999999998,19.188000000000002,0,0
3,0,0,1,24.6,28.03,83,15.0013,6,5,8,1,1,0,0,0,0,0,6,-3.4299999999999997,20.418000000000003,0,0
3,0,0,1,24.6,28.03,83,15.0013,7,5,8,1,1,0,0,0,0,0,7,-3.4299999999999997,20.418000000000003,0,0
3,0,0,1,26.24,30.305,69,16.9979,8,5,8,1,1,0,0,0,0,0,8,-4.065000000000001,18.1056,0,0
3,0,0,1,27.06,31.06,65,19.0012,9,5,8,1,1,0,0,0,0,0,9,-4.0,17.589,0,0
3,0,0,1,28.7,32.575,54,11.0014,10,5,8,1,1,0,0,0,0,0,10,-3.8750000000000036,15.498,0,0
3,0,0,1,29.52,33.335,51,0.0,11,5,8,1,1,0,0,1,0,0,11,-3.8150000000000013,15.0552,0,0
3,0,0,1,31.16,33.335,37,12.998,12,5,8,1,1,0,0,1,0,0,12,-2.1750000000000007,11.529200000000001,0,0
3,0,0,1,30.34,32.575,40,12.998,13,5,8,1,1,0,0,1,0,0,13,-2.235000000000003,12.136,0,0
3,0,0,1,31.16,33.335,37,19.0012,14,5,8,1,1,0,0,1,0,0,14,-2.1750000000000007,11.529200000000001,0,0
3,0,0,1,31.16,33.335,37,15.0013,15,5,8,1,1,0,0,1,0,0,15,-2.1750000000000007,11.529200000000001,0,0
3,0,0,1,31.16,33.335,37,16.9979,16,5,8,1,1,0,0,1,0,0,16,-2.1750000000000007,11.529200000000001,0,0
3,0,0,1,31.16,33.335,37,15.0013,17,5,8,1,1,0,0,0,0,0,17,-2.1750000000000007,11.529200000000001,0,0
3,0,0,1,30.34,32.575,37,11.0014,18,5,8,1,1,0,0,0,0,0,18,-2.235000000000003,11.2258,0,0
3,0,0,1,28.7,31.82,45,11.0014,19,5,8,1,1,0,0,0,0,0,19,-3.120000000000001,12.915,0,0
3,0,0,1,28.7,31.82,45,7.0015,20,5,8,1,1,0,0,0,0,0,20,-3.120000000000001,12.915,0,0
3,0,0,1,27.06,31.06,61,0.0,21,5,8,1,1,0,0,0,0,0,21,-4.0,16.5066,0,0
3,0,0,1,27.06,31.06,61,0.0,22,5,8,1,1,0,0,0,0,0,22,-4.0,16.5066,0,0
3,0,0,1,26.24,30.305,65,6.0032,23,5,8,1,1,0,0,0,0,0,23,-4.065000000000001,17.055999999999997,0,0
3,0,0,1,27.06,31.06,57,6.0032,0,6,8,1,1,0,0,0,1,0,0,-4.0,15.424199999999999,0,0
3,0,0,1,26.24,30.305,65,0.0,1,6,8,1,1,0,0,0,1,0,1,-4.065000000000001,17.055999999999997,0,0
3,0,0,2,25.42,30.305,69,6.0032,2,6,8,1,1,0,0,0,1,0,2,-4.884999999999998,17.5398,0,0
3,0,0,2,25.42,30.305,61,11.0014,3,6,8,1,1,0,0,0,1,0,3,-4.884999999999998,15.506200000000002,0,0
3,0,0,2,25.42,30.305,65,11.0014,4,6,8,1,1,0,0,0,1,0,4,-4.884999999999998,16.523000000000003,0,0
3,0,0,2,24.6,29.545,73,8.9981,5,6,8,1,1,0,0,0,1,0,5,-4.945,17.958000000000002,0,0
3,0,0,2,25.42,30.305,69,7.0015,6,6,8,1,1,0,0,0,0,0,6,-4.884999999999998,17.5398,0,0
3,0,0,2,25.42,30.305,69,8.9981,7,6,8,1,1,0,0,0,0,0,7,-4.884999999999998,17.5398,0,0
3,0,0,2,26.24,30.305,69,7.0015,8,6,8,1,1,0,0,0,0,0,8,-4.065000000000001,18.1056,0,0
3,0,0,2,27.06,31.06,74,0.0,9,6,8,1,1,0,0,0,0,0,9,-4.0,20.0244,0,0
3,0,0,2,27.88,31.82,69,0.0,10,6,8,1,1,0,0,0,0,0,10,-3.9400000000000013,19.2372,0,0
3,0,0,3,26.24,29.545,78,11.0014,11,6,8,1,1,0,0,1,0,0,11,-3.3050000000000033,20.4672,0,1
3,0,0,3,26.24,30.305,73,0.0,12,6,8,1,1,0,0,1,0,0,12,-4.065000000000001,19.1552,0,1
3,0,0,3,26.24,28.79,83,8.9981,13,6,8,1,1,0,0,1,0,0,13,-2.5500000000000007,21.7792,0,1
3,0,0,3,26.24,30.305,73,0.0,14,6,8,1,1,0,0,1,0,0,14,-4.065000000000001,19.1552,0,1
3,0,0,2,26.24,30.305,65,0.0,15,6,8,1,1,0,0,1,0,0,15,-4.065000000000001,17.055999999999997,0,0
3,0,0,2,27.06,31.06,65,0.0,16,6,8,1,1,0,0,1,0,0,16,-4.0,17.589,0,0
3,0,0,2,26.24,29.545,78,7.0015,17,6,8,1,1,0,0,0,0,0,17,-3.3050000000000033,20.4672,0,0
3,0,0,2,26.24,29.545,78,7.0015,18,6,8,1,1,0,0,0,0,0,18,-3.3050000000000033,20.4672,0,0
3,0,0,2,26.24,30.305,73,8.9981,19,6,8,1,1,0,0,0,0,0,19,-4.065000000000001,19.1552,0,0
3,0,0,2,26.24,30.305,73,12.998,20,6,8,1,1,0,0,0,0,0,20,-4.065000000000001,19.1552,0,0
3,0,0,3,25.42,29.545,78,6.0032,21,6,8,1,1,0,0,0,0,0,21,-4.125,19.827600000000004,0,1
3,0,0,2,25.42,29.545,78,11.0014,22,6,8,1,1,0,0,0,0,0,22,-4.125,19.827600000000004,0,0
3,0,0,2,25.42,29.545,73,0.0,23,6,8,1,1,0,0,0,0,0,23,-4.125,18.5566,0,0
3,0,0,1,30.34,34.09,62,7.0015,0,5,9,1,1,0,0,0,1,0,0,-3.7500000000000036,18.8108,0,0
3,0,0,1,29.52,34.85,74,8.9981,1,5,9,1,1,0,0,0,1,0,1,-5.330000000000002,21.8448,0,0
3,0,0,1,28.7,32.575,70,11.0014,2,5,9,1,1,0,0,0,1,0,2,-3.8750000000000036,20.09,0,0
3,0,0,1,28.7,32.575,70,7.0015,3,5,9,1,1,0,0,0,1,0,3,-3.8750000000000036,20.09,0,0
3,0,0,1,28.7,32.575,70,0.0,4,5,9,1,1,0,0,0,1,0,4,-3.8750000000000036,20.09,0,0
3,0,0,1,27.88,31.82,79,0.0,5,5,9,1,1,0,0,0,1,0,5,-3.9400000000000013,22.025199999999998,0,0
3,0,0,1,27.88,31.82,79,0.0,6,5,9,1,1,0,0,0,0,0,6,-3.9400000000000013,22.025199999999998,0,0
3,0,0,2,30.34,34.09,58,8.9981,7,5,9,1,1,0,0,0,0,0,7,-3.7500000000000036,17.5972,0,0
3,0,0,2,31.16,35.605,58,16.9979,8,5,9,1,1,0,0,0,0,0,8,-4.444999999999997,18.0728,0,0
3,0,0,2,31.16,35.605,58,12.998,9,5,9,1,1,0,0,0,0,0,9,-4.444999999999997,18.0728,0,0
3,0,0,2,31.98,36.365,55,12.998,10,5,9,1,1,0,0,0,0,0,10,-4.385000000000002,17.589000000000002,0,0
3,0,0,2,32.8,37.88,55,15.0013,11,5,9,1,1,0,0,1,0,0,11,-5.080000000000005,18.04,0,0
3,0,0,2,32.8,37.88,55,11.0014,12,5,9,1,1,0,0,1,0,0,12,-5.080000000000005,18.04,0,0
3,0,0,2,33.62,38.635,52,6.0032,13,5,9,1,1,0,0,1,0,0,13,-5.015000000000001,17.4824,0,0
3,0,0,2,35.26,39.395,44,11.0014,14,5,9,1,1,0,0,1,0,0,14,-4.135000000000005,15.514399999999998,0,0
3,0,0,2,35.26,39.395,44,19.0012,15,5,9,1,1,0,0,1,0,0,15,-4.135000000000005,15.514399999999998,0,0
3,0,0,2,34.44,39.395,49,11.0014,16,5,9,1,1,0,0,1,0,0,16,-4.955000000000005,16.8756,0,0
3,0,0,2,33.62,38.635,52,0.0,17,5,9,1,1,0,0,0,0,0,17,-5.015000000000001,17.4824,0,0
3,0,0,2,33.62,38.635,52,0.0,18,5,9,1,1,0,0,0,0,0,18,-5.015000000000001,17.4824,0,0
3,0,0,3,31.98,37.12,62,0.0,19,5,9,1,1,0,0,0,0,0,19,-5.139999999999997,19.8276,0,1
3,0,0,3,31.16,36.365,67,16.9979,20,5,9,1,1,0,0,0,0,0,20,-5.205000000000002,20.8772,0,1
3,0,0,3,26.24,28.79,89,0.0,21,5,9,1,1,0,0,0,0,0,21,-2.5500000000000007,23.353599999999997,0,1
3,0,0,2,27.06,29.545,89,0.0,22,5,9,1,1,0,0,0,0,0,22,-2.485000000000003,24.083399999999997,0,0
3,0,0,1,27.06,29.545,89,6.0032,23,5,9,1,1,0,0,0,0,0,23,-2.485000000000003,24.083399999999997,0,0
3,0,0,2,27.06,29.545,89,6.0032,0,6,9,1,1,0,0,0,1,0,0,-2.485000000000003,24.083399999999997,0,0
3,0,0,1,27.06,29.545,89,0.0,1,6,9,1,1,0,0,0,1,0,1,-2.485000000000003,24.083399999999997,0,0
3,0,0,1,27.06,29.545,89,0.0,2,6,9,1,1,0,0,0,1,0,2,-2.485000000000003,24.083399999999997,0,0
3,0,0,1,27.06,29.545,89,6.0032,3,6,9,1,1,0,0,0,1,0,3,-2.485000000000003,24.083399999999997,0,0
3,0,0,1,27.06,29.545,89,0.0,4,6,9,1,1,0,0,0,1,0,4,-2.485000000000003,24.083399999999997,0,0
3,0,0,1,27.06,29.545,89,0.0,5,6,9,1,1,0,0,0,1,0,5,-2.485000000000003,24.083399999999997,0,0
3,0,0,2,27.06,29.545,89,0.0,6,6,9,1,1,0,0,0,0,0,6,-2.485000000000003,24.083399999999997,0,0
3,0,0,1,27.06,29.545,94,6.0032,7,6,9,1,1,0,0,0,0,0,7,-2.485000000000003,25.4364,0,0
3,0,0,1,27.88,31.82,89,6.0032,8,6,9,1,1,0,0,0,0,0,8,-3.9400000000000013,24.8132,0,0
3,0,0,2,28.7,33.335,84,0.0,9,6,9,1,1,0,0,0,0,0,9,-4.635000000000002,24.107999999999997,0,0
3,0,0,2,29.52,34.85,79,0.0,10,6,9,1,1,0,0,0,0,0,10,-5.330000000000002,23.3208,0,0
3,0,0,2,30.34,34.85,70,0.0,11,6,9,1,1,0,0,1,0,0,11,-4.510000000000002,21.238000000000003,0,0
3,0,0,3,30.34,34.85,70,0.0,12,6,9,1,1,0,0,1,0,0,12,-4.510000000000002,21.238000000000003,0,1
3,0,0,3,29.52,34.85,74,6.0032,13,6,9,1,1,0,0,1,0,0,13,-5.330000000000002,21.8448,0,1
3,0,0,3,29.52,34.85,79,6.0032,14,6,9,1,1,0,0,1,0,0,14,-5.330000000000002,23.3208,0,1
3,0,0,3,30.34,35.605,74,8.9981,15,6,9,1,1,0,0,1,0,0,15,-5.264999999999997,22.4516,0,1
3,0,0,1,30.34,34.85,70,0.0,16,6,9,1,1,0,0,1,0,0,16,-4.510000000000002,21.238000000000003,0,0
3,0,0,1,31.16,36.365,66,6.0032,17,6,9,1,1,0,0,0,0,0,17,-5.205000000000002,20.5656,0,0
3,0,0,1,30.34,35.605,74,0.0,18,6,9,1,1,0,0,0,0,0,18,-5.264999999999997,22.4516,0,0
3,0,0,2,28.7,33.335,84,15.0013,19,6,9,1,1,0,0,0,0,0,19,-4.635000000000002,24.107999999999997,0,0
3,0,0,2,28.7,33.335,84,11.0014,20,6,9,1,1,0,0,0,0,0,20,-4.635000000000002,24.107999999999997,0,0
3,0,0,1,28.7,32.575,70,11.0014,21,6,9,1,1,0,0,0,0,0,21,-3.8750000000000036,20.09,0,0
3,0,0,3,27.88,31.82,83,8.9981,22,6,9,1,1,0,0,0,0,0,22,-3.9400000000000013,23.1404,0,1
3,0,0,3,27.06,29.545,89,6.0032,23,6,9,1,1,0,0,0,0,0,23,-2.485000000000003,24.083399999999997,0,1
3,1,0,2,27.06,29.545,94,0.0,0,0,9,1,0,0,0,0,1,0,0,-2.485000000000003,25.4364,0,0
3,1,0,2,27.88,31.82,89,11.0014,1,0,9,1,0,0,0,0,1,0,0,-3.9400000000000013,24.8132,0,0
3,1,0,1,27.06,29.545,89,7.0015,2,0,9,1,0,0,0,0,1,0,0,-2.485000000000003,24.083399999999997,0,0
3,1,0,1,27.06,29.545,89,8.9981,3,0,9,1,0,0,0,0,1,0,0,-2.485000000000003,24.083399999999997,0,0
3,1,0,1,27.06,29.545,89,6.0032,4,0,9,1,0,0,0,0,1,0,0,-2.485000000000003,24.083399999999997,0,0
3,1,0,1,27.06,29.545,89,0.0,5,0,9,1,0,0,0,0,1,0,0,-2.485000000000003,24.083399999999997,0,0
3,1,0,1,27.06,29.545,94,0.0,6,0,9,1,0,0,0,0,0,0,0,-2.485000000000003,25.4364,0,0
3,1,0,1,27.88,31.82,85,0.0,7,0,9,1,0,0,0,0,0,0,0,-3.9400000000000013,23.697999999999997,0,0
3,1,0,2,28.7,33.335,84,7.0015,8,0,9,1,0,0,0,0,0,0,0,-4.635000000000002,24.107999999999997,0,0
3,1,0,2,28.7,33.335,84,8.9981,9,0,9,1,0,0,0,0,0,0,0,-4.635000000000002,24.107999999999997,0,0
3,1,0,2,30.34,35.605,74,15.0013,10,0,9,1,0,0,0,0,0,0,0,-5.264999999999997,22.4516,0,0
3,1,0,2,30.34,34.85,70,19.0012,11,0,9,1,0,0,0,0,0,0,0,-4.510000000000002,21.238000000000003,0,0
3,1,0,2,31.16,35.605,62,19.9995,12,0,9,1,0,0,0,0,0,0,0,-4.444999999999997,19.319200000000002,0,0
3,1,0,2,31.16,36.365,66,16.9979,13,0,9,1,0,0,0,0,0,0,0,-5.205000000000002,20.5656,0,0
3,1,0,1,30.34,34.85,70,19.9995,14,0,9,1,0,0,0,0,0,0,0,-4.510000000000002,21.238000000000003,0,0
3,1,0,1,30.34,34.85,70,15.0013,15,0,9,1,0,0,0,0,0,0,0,-4.510000000000002,21.238000000000003,0,0
3,1,0,1,30.34,34.85,70,15.0013,16,0,9,1,0,0,0,0,0,0,0,-4.510000000000002,21.238000000000003,0,0
3,1,0,1,30.34,34.85,70,8.9981,17,0,9,1,0,0,0,0,0,0,0,-4.510000000000002,21.238000000000003,0,0
3,1,0,1,30.34,34.85,66,11.0014,18,0,9,1,0,0,0,0,0,0,0,-4.510000000000002,20.0244,0,0
3,1,0,1,29.52,34.85,74,12.998,19,0,9,1,0,0,0,0,0,0,0,-5.330000000000002,21.8448,0,0
3,1,0,1,29.52,34.09,76,7.0015,20,0,9,1,0,0,0,0,0,0,0,-4.570000000000004,22.4352,0,0
3,1,0,1,29.52,34.09,76,7.0015,21,0,9,1,0,0,0,0,0,0,0,-4.570000000000004,22.4352,0,0
3,1,0,2,28.7,33.335,84,8.9981,22,0,9,1,0,0,0,0,0,0,0,-4.635000000000002,24.107999999999997,0,0
3,1,0,2,28.7,33.335,84,16.9979,23,0,9,1,0,0,0,0,0,0,0,-4.635000000000002,24.107999999999997,0,0
3,0,1,2,28.7,33.335,84,16.9979,0,1,9,1,0,0,0,0,1,0,0,-4.635000000000002,24.107999999999997,0,0
3,0,1,1,27.88,31.82,82,8.9981,1,1,9,1,0,0,0,0,1,1,0,-3.9400000000000013,22.8616,0,0
3,0,1,1,27.88,31.82,82,8.9981,2,1,9,1,0,0,0,0,1,2,0,-3.9400000000000013,22.8616,0,0
3,0,1,2,27.06,29.545,89,6.0032,3,1,9,1,0,0,0,0,1,3,0,-2.485000000000003,24.083399999999997,0,0
3,0,1,2,27.06,29.545,89,0.0,4,1,9,1,0,0,0,0,1,4,0,-2.485000000000003,24.083399999999997,0,0
3,0,1,2,27.06,29.545,89,0.0,5,1,9,1,0,0,0,0,1,5,0,-2.485000000000003,24.083399999999997,0,0
3,0,1,2,27.88,31.82,89,7.0015,6,1,9,1,0,0,0,0,0,6,0,-3.9400000000000013,24.8132,0,0
3,0,1,2,27.88,31.82,89,7.0015,7,1,9,1,0,1,0,0,0,7,0,-3.9400000000000013,24.8132,0,0
3,0,1,1,28.7,33.335,84,11.0014,8,1,9,1,0,1,0,0,0,8,0,-4.635000000000002,24.107999999999997,0,0
3,0,1,2,29.52,34.85,79,15.0013,9,1,9,1,0,1,0,0,0,9,0,-5.330000000000002,23.3208,0,0
3,0,1,2,29.52,34.85,74,16.9979,10,1,9,1,0,0,0,0,0,10,0,-5.330000000000002,21.8448,0,0
3,0,1,2,30.34,34.85,70,19.0012,11,1,9,1,0,0,0,0,0,11,0,-4.510000000000002,21.238000000000003,0,0
3,0,1,1,31.16,36.365,70,19.0012,12,1,9,1,0,0,0,0,0,12,0,-5.205000000000002,21.811999999999998,0,0
3,0,1,1,32.8,37.88,55,30.0026,13,1,9,1,0,0,0,0,0,13,0,-5.080000000000005,18.04,0,0
3,0,1,1,32.8,37.88,55,27.9993,14,1,9,1,0,0,0,0,0,14,0,-5.080000000000005,18.04,0,0
3,0,1,1,32.8,38.635,59,31.0009,15,1,9,1,0,0,0,0,0,15,0,-5.835000000000001,19.351999999999997,0,0
3,0,1,1,31.16,36.365,70,27.9993,16,1,9,1,0,0,0,0,0,16,0,-5.205000000000002,21.811999999999998,0,0
3,0,1,1,31.16,36.365,70,23.9994,17,1,9,1,0,0,1,0,0,17,0,-5.205000000000002,21.811999999999998,0,0
3,0,1,1,31.16,37.12,75,15.0013,18,1,9,1,0,0,1,0,0,18,0,-5.959999999999997,23.37,0,0
3,0,1,1,31.16,36.365,70,15.0013,19,1,9,1,0,0,1,0,0,19,0,-5.205000000000002,21.811999999999998,0,0
3,0,1,1,30.34,34.85,70,16.9979,20,1,9,1,0,0,0,0,0,20,0,-4.510000000000002,21.238000000000003,0,0
3,0,1,1,30.34,35.605,74,16.9979,21,1,9,1,0,0,0,0,0,21,0,-5.264999999999997,22.4516,0,0
3,0,1,1,30.34,34.85,70,19.0012,22,1,9,1,0,0,0,0,0,22,0,-4.510000000000002,21.238000000000003,0,0
3,0,1,1,29.52,34.85,74,19.9995,23,1,9,1,0,0,0,0,0,23,0,-5.330000000000002,21.8448,0,0
3,0,1,1,29.52,34.85,74,16.9979,0,2,9,1,0,0,0,0,1,0,0,-5.330000000000002,21.8448,0,0
3,0,1,1,28.7,33.335,84,12.998,1,2,9,1,0,0,0,0,1,1,0,-4.635000000000002,24.107999999999997,0,0
3,0,1,1,28.7,33.335,84,12.998,2,2,9,1,0,0,0,0,1,2,0,-4.635000000000002,24.107999999999997,0,0
3,0,1,1,28.7,33.335,79,19.0012,3,2,9,1,0,0,0,0,1,3,0,-4.635000000000002,22.673,0,0
3,0,1,1,28.7,33.335,79,19.0012,4,2,9,1,0,0,0,0,1,4,0,-4.635000000000002,22.673,0,0
3,0,1,2,28.7,33.335,79,19.9995,5,2,9,1,0,0,0,0,1,5,0,-4.635000000000002,22.673,0,0
3,0,1,1,28.7,33.335,79,19.0012,6,2,9,1,0,0,0,0,0,6,0,-4.635000000000002,22.673,0,0
3,0,1,2,28.7,33.335,79,16.9979,7,2,9,1,0,1,0,0,0,7,0,-4.635000000000002,22.673,0,0
3,0,1,1,29.52,34.85,74,12.998,8,2,9,1,0,1,0,0,0,8,0,-5.330000000000002,21.8448,0,0
3,0,1,1,30.34,34.85,70,16.9979,9,2,9,1,0,1,0,0,0,9,0,-4.510000000000002,21.238000000000003,0,0
3,0,1,2,31.16,36.365,70,11.0014,10,2,9,1,0,0,0,0,0,10,0,-5.205000000000002,21.811999999999998,0,0
3,0,1,2,31.98,37.12,62,11.0014,11,2,9,1,0,0,0,0,0,11,0,-5.139999999999997,19.8276,0,0
3,0,1,1,31.98,38.635,70,7.0015,12,2,9,1,0,0,0,0,0,12,0,-6.654999999999998,22.386,0,0
3,0,1,1,32.8,39.395,63,11.0014,13,2,9,1,0,0,0,0,0,13,0,-6.595000000000006,20.663999999999998,0,0
3,0,1,1,33.62,39.395,56,7.0015,14,2,9,1,0,0,0,0,0,14,0,-5.775000000000006,18.827199999999998,0,0
3,0,1,1,31.98,38.635,70,12.998,15,2,9,1,0,0,0,0,0,15,0,-6.654999999999998,22.386,0,0
3,0,1,1,31.16,36.365,70,16.9979,16,2,9,1,0,0,0,0,0,16,0,-5.205000000000002,21.811999999999998,0,0
3,0,1,1,31.16,36.365,66,16.9979,17,2,9,1,0,0,1,0,0,17,0,-5.205000000000002,20.5656,0,0
3,0,1,1,31.16,37.12,75,12.998,18,2,9,1,0,0,1,0,0,18,0,-5.959999999999997,23.37,0,0
3,0,1,1,30.34,34.85,70,11.0014,19,2,9,1,0,0,1,0,0,19,0,-4.510000000000002,21.238000000000003,0,0
3,0,1,1,29.52,35.605,84,11.0014,20,2,9,1,0,0,0,0,0,20,0,-6.084999999999997,24.796799999999998,0,0
3,0,1,1,29.52,34.85,79,0.0,21,2,9,1,0,0,0,0,0,21,0,-5.330000000000002,23.3208,0,0
3,0,1,1,29.52,34.85,79,0.0,22,2,9,1,0,0,0,0,0,22,0,-5.330000000000002,23.3208,0,0
3,0,1,1,28.7,33.335,84,6.0032,23,2,9,1,0,0,0,0,0,23,0,-4.635000000000002,24.107999999999997,0,0
3,0,1,2,28.7,33.335,84,6.0032,0,3,9,1,0,0,0,0,1,0,0,-4.635000000000002,24.107999999999997,0,0
3,0,1,2,28.7,33.335,84,0.0,1,3,9,1,0,0,0,0,1,1,0,-4.635000000000002,24.107999999999997,0,0
3,0,1,1,29.52,34.85,79,0.0,2,3,9,1,0,0,0,0,1,2,0,-5.330000000000002,23.3208,0,0
3,0,1,1,28.7,33.335,84,7.0015,3,3,9,1,0,0,0,0,1,3,0,-4.635000000000002,24.107999999999997,0,0
3,0,1,2,28.7,33.335,84,6.0032,4,3,9,1,0,0,0,0,1,4,0,-4.635000000000002,24.107999999999997,0,0
3,0,1,2,28.7,33.335,84,12.998,5,3,9,1,0,0,0,0,1,5,0,-4.635000000000002,24.107999999999997,0,0
3,0,1,2,28.7,33.335,84,6.0032,6,3,9,1,0,0,0,0,0,6,0,-4.635000000000002,24.107999999999997,0,0
3,0,1,2,28.7,33.335,84,7.0015,7,3,9,1,0,1,0,0,0,7,0,-4.635000000000002,24.107999999999997,0,0
3,0,1,3,28.7,33.335,79,0.0,8,3,9,1,0,1,0,0,0,8,0,-4.635000000000002,22.673,0,1
3,0,1,3,27.06,29.545,94,8.9981,9,3,9,1,0,1,0,0,0,9,0,-2.485000000000003,25.4364,0,1
3,0,1,3,27.06,29.545,94,8.9981,10,3,9,1,0,0,0,0,0,10,0,-2.485000000000003,25.4364,0,1
3,0,1,3,28.7,33.335,84,11.0014,11,3,9,1,0,0,0,0,0,11,0,-4.635000000000002,24.107999999999997,0,1
3,0,1,2,29.52,34.85,79,15.0013,12,3,9,1,0,0,0,0,0,12,0,-5.330000000000002,23.3208,0,0
3,0,1,2,29.52,34.85,79,7.0015,13,3,9,1,0,0,0,0,0,13,0,-5.330000000000002,23.3208,0,0
3,0,1,1,30.34,35.605,74,6.0032,14,3,9,1,0,0,0,0,0,14,0,-5.264999999999997,22.4516,0,0
3,0,1,1,30.34,34.85,66,12.998,15,3,9,1,0,0,0,0,0,15,0,-4.510000000000002,20.0244,0,0
3,0,1,1,30.34,34.85,70,15.0013,16,3,9,1,0,0,0,0,0,16,0,-4.510000000000002,21.238000000000003,0,0
3,0,1,1,30.34,34.85,70,16.9979,17,3,9,1,0,0,1,0,0,17,0,-4.510000000000002,21.238000000000003,0,0
3,0,1,1,29.52,34.09,70,16.9979,18,3,9,1,0,0,1,0,0,18,0,-4.570000000000004,20.664,0,0
3,0,1,1,27.88,31.82,74,16.9979,19,3,9,1,0,0,1,0,0,19,0,-3.9400000000000013,20.6312,0,0
3,0,1,1,27.06,30.305,78,15.0013,20,3,9,1,0,0,0,0,0,20,0,-3.245000000000001,21.1068,0,0
3,0,1,1,26.24,28.79,89,11.0014,21,3,9,1,0,0,0,0,0,21,0,-2.5500000000000007,23.353599999999997,0,0
3,0,1,1,26.24,28.79,89,11.0014,22,3,9,1,0,0,0,0,0,22,0,-2.5500000000000007,23.353599999999997,0,0
3,0,1,1,26.24,28.79,89,11.0014,23,3,9,1,0,0,0,0,0,23,0,-2.5500000000000007,23.353599999999997,0,0
3,0,1,1,26.24,28.79,89,8.9981,0,4,9,1,0,0,0,0,1,0,0,-2.5500000000000007,23.353599999999997,0,0
3,0,1,1,25.42,28.03,88,7.0015,1,4,9,1,0,0,0,0,1,1,0,-2.6099999999999994,22.369600000000002,0,0
3,0,1,1,25.42,28.79,83,6.0032,2,4,9,1,0,0,0,0,1,2,0,-3.3699999999999974,21.0986,0,0
3,0,1,1,25.42,28.79,83,6.0032,3,4,9,1,0,0,0,0,1,3,0,-3.3699999999999974,21.0986,0,0
3,0,1,1,25.42,28.03,88,0.0,4,4,9,1,0,0,0,0,1,4,0,-2.6099999999999994,22.369600000000002,0,0
3,0,1,1,25.42,28.03,88,0.0,5,4,9,1,0,0,0,0,1,5,0,-2.6099999999999994,22.369600000000002,0,0
3,0,1,1,25.42,28.03,88,7.0015,6,4,9,1,0,0,0,0,0,6,0,-2.6099999999999994,22.369600000000002,0,0
3,0,1,1,26.24,28.79,89,7.0015,7,4,9,1,0,1,0,0,0,7,0,-2.5500000000000007,23.353599999999997,0,0
3,0,1,1,27.06,30.305,83,7.0015,8,4,9,1,0,1,0,0,0,8,0,-3.245000000000001,22.4598,0,0
3,0,1,1,28.7,33.335,79,8.9981,9,4,9,1,0,1,0,0,0,9,0,-4.635000000000002,22.673,0,0
3,0,1,1,29.52,34.85,74,8.9981,10,4,9,1,0,0,0,0,0,10,0,-5.330000000000002,21.8448,0,0
3,0,1,1,31.16,35.605,62,8.9981,11,4,9,1,0,0,0,0,0,11,0,-4.444999999999997,19.319200000000002,0,0
3,0,1,1,31.98,37.12,59,11.0014,12,4,9,1,0,0,0,0,0,12,0,-5.139999999999997,18.868199999999998,0,0
3,0,1,1,32.8,38.635,59,16.9979,13,4,9,1,0,0,0,0,0,13,0,-5.835000000000001,19.351999999999997,0,0
3,0,1,1,32.8,38.635,59,16.9979,14,4,9,1,0,0,0,0,0,14,0,-5.835000000000001,19.351999999999997,0,0
3,0,1,1,32.8,37.88,55,16.9979,15,4,9,1,0,0,0,0,0,15,0,-5.080000000000005,18.04,0,0
3,0,1,1,32.8,37.88,55,19.0012,16,4,9,1,0,0,0,0,0,16,0,-5.080000000000005,18.04,0,0
3,0,1,1,31.98,37.12,59,22.0028,17,4,9,1,0,0,1,0,0,17,0,-5.139999999999997,18.868199999999998,0,0
3,0,1,1,31.16,35.605,62,19.9995,18,4,9,1,0,0,1,0,0,18,0,-4.444999999999997,19.319200000000002,0,0
3,0,1,1,30.34,34.09,62,19.0012,19,4,9,1,0,0,1,0,0,19,0,-3.7500000000000036,18.8108,0,0
3,0,1,1,29.52,34.09,66,15.0013,20,4,9,1,0,0,0,0,0,20,0,-4.570000000000004,19.4832,0,0
3,0,1,1,28.7,33.335,74,11.0014,21,4,9,1,0,0,0,0,0,21,0,-4.635000000000002,21.237999999999996,0,0
3,0,1,1,28.7,33.335,74,15.0013,22,4,9,1,0,0,0,0,0,22,0,-4.635000000000002,21.237999999999996,0,0
3,0,1,1,27.06,29.545,89,16.9979,23,4,9,1,0,0,0,0,0,23,0,-2.485000000000003,24.083399999999997,0,0
3,0,0,1,27.06,29.545,89,16.9979,0,5,9,1,1,0,0,0,1,0,0,-2.485000000000003,24.083399999999997,0,0
3,0,0,2,27.06,29.545,89,19.0012,1,5,9,1,1,0,0,0,1,0,1,-2.485000000000003,24.083399999999997,0,0
3,0,0,1,27.06,29.545,89,22.0028,2,5,9,1,1,0,0,0,1,0,2,-2.485000000000003,24.083399999999997,0,0
3,0,0,2,27.06,29.545,89,15.0013,3,5,9,1,1,0,0,0,1,0,3,-2.485000000000003,24.083399999999997,0,0
3,0,0,2,27.06,29.545,94,15.0013,4,5,9,1,1,0,0,0,1,0,4,-2.485000000000003,25.4364,0,0
3,0,0,2,27.06,29.545,94,16.9979,5,5,9,1,1,0,0,0,1,0,5,-2.485000000000003,25.4364,0,0
3,0,0,2,27.06,29.545,89,19.0012,6,5,9,1,1,0,0,0,0,0,6,-2.485000000000003,24.083399999999997,0,0
3,0,0,1,27.06,29.545,89,19.0012,7,5,9,1,1,0,0,0,0,0,7,-2.485000000000003,24.083399999999997,0,0
3,0,0,1,28.7,33.335,79,22.0028,8,5,9,1,1,0,0,0,0,0,8,-4.635000000000002,22.673,0,0
3,0,0,1,28.7,33.335,74,26.0027,9,5,9,1,1,0,0,0,0,0,9,-4.635000000000002,21.237999999999996,0,0
3,0,0,1,30.34,34.85,70,26.0027,10,5,9,1,1,0,0,0,0,0,10,-4.510000000000002,21.238000000000003,0,0
3,0,0,1,31.16,35.605,62,30.0026,11,5,9,1,1,0,0,1,0,0,11,-4.444999999999997,19.319200000000002,0,0
3,0,0,1,32.8,37.88,55,32.9975,12,5,9,1,1,0,0,1,0,0,12,-5.080000000000005,18.04,0,0
3,0,0,1,33.62,38.635,52,35.0008,13,5,9,1,1,0,0,1,0,0,13,-5.015000000000001,17.4824,0,0
3,0,0,1,33.62,38.635,52,30.0026,14,5,9,1,1,0,0,1,0,0,14,-5.015000000000001,17.4824,0,0
3,0,0,3,22.96,26.515,88,16.9979,15,5,9,1,1,0,0,1,0,0,15,-3.5549999999999997,20.2048,0,1
3,0,0,3,22.96,26.515,88,12.998,16,5,9,1,1,0,0,1,0,0,16,-3.5549999999999997,20.2048,0,1
3,0,0,3,23.78,27.275,83,12.998,17,5,9,1,1,0,0,0,0,0,17,-3.4949999999999974,19.7374,0,1
3,0,0,3,23.78,27.275,83,8.9981,18,5,9,1,1,0,0,0,0,0,18,-3.4949999999999974,19.7374,0,1
3,0,0,3,23.78,27.275,88,7.0015,19,5,9,1,1,0,0,0,0,0,19,-3.4949999999999974,20.926400000000005,0,1
3,0,0,2,23.78,27.275,88,6.0032,20,5,9,1,1,0,0,0,0,0,20,-3.4949999999999974,20.926400000000005,0,0
3,0,0,2,24.6,28.03,83,11.0014,21,5,9,1,1,0,0,0,0,0,21,-3.4299999999999997,20.418000000000003,0,0
3,0,0,2,23.78,27.275,78,19.9995,22,5,9,1,1,0,0,0,0,0,22,-3.4949999999999974,18.5484,0,0
3,0,0,2,23.78,27.275,73,11.0014,23,5,9,1,1,0,0,0,0,0,23,-3.4949999999999974,17.3594,0,0
3,0,0,2,22.96,26.515,73,12.998,0,6,9,1,1,0,0,0,1,0,0,-3.5549999999999997,16.760800000000003,0,0
3,0,0,1,22.96,26.515,73,15.0013,1,6,9,1,1,0,0,0,1,0,1,-3.5549999999999997,16.760800000000003,0,0
3,0,0,1,22.14,25.76,77,19.0012,2,6,9,1,1,0,0,0,1,0,2,-3.620000000000001,17.0478,0,0
3,0,0,1,22.14,25.76,73,15.0013,3,6,9,1,1,0,0,0,1,0,3,-3.620000000000001,16.1622,0,0
3,0,0,1,21.32,25.0,77,16.9979,4,6,9,1,1,0,0,0,1,0,4,-3.6799999999999997,16.4164,0,0
3,0,0,1,21.32,25.0,77,12.998,5,6,9,1,1,0,0,0,1,0,5,-3.6799999999999997,16.4164,0,0
3,0,0,1,21.32,25.0,77,12.998,6,6,9,1,1,0,0,0,0,0,6,-3.6799999999999997,16.4164,0,0
3,0,0,1,22.14,25.76,73,11.0014,7,6,9,1,1,0,0,0,0,0,7,-3.620000000000001,16.1622,0,0
3,0,0,1,23.78,27.275,68,15.0013,8,6,9,1,1,0,0,0,0,0,8,-3.4949999999999974,16.1704,0,0
3,0,0,1,25.42,30.305,61,16.9979,9,6,9,1,1,0,0,0,0,0,9,-4.884999999999998,15.506200000000002,0,0
3,0,0,1,26.24,31.06,57,19.9995,10,6,9,1,1,0,0,0,0,0,10,-4.82,14.956799999999998,0,0
3,0,0,1,27.06,31.06,47,16.9979,11,6,9,1,1,0,0,1,0,0,11,-4.0,12.7182,0,0
3,0,0,1,27.06,31.06,47,0.0,12,6,9,1,1,0,0,1,0,0,12,-4.0,12.7182,0,0
3,0,0,1,27.88,31.82,39,0.0,13,6,9,1,1,0,0,1,0,0,13,-3.9400000000000013,10.873199999999999,0,0
3,0,0,1,29.52,32.575,30,19.0012,14,6,9,1,1,0,0,1,0,0,14,-3.0550000000000033,8.856,0,0
3,0,0,1,29.52,32.575,32,16.9979,15,6,9,1,1,0,0,1,0,0,15,-3.0550000000000033,9.4464,0,0
3,0,0,1,27.88,31.82,36,19.0012,16,6,9,1,1,0,0,1,0,0,16,-3.9400000000000013,10.0368,0,0
3,0,0,1,28.7,31.82,37,16.9979,17,6,9,1,1,0,0,0,0,0,17,-3.120000000000001,10.618999999999998,0,0
3,0,0,1,27.06,31.06,36,16.9979,18,6,9,1,1,0,0,0,0,0,18,-4.0,9.7416,0,0
3,0,0,1,27.06,31.06,36,16.9979,19,6,9,1,1,0,0,0,0,0,19,-4.0,9.7416,0,0
3,0,0,1,25.42,31.06,41,19.0012,20,6,9,1,1,0,0,0,0,0,20,-5.639999999999997,10.4222,0,0
3,0,0,1,24.6,31.06,46,15.0013,21,6,9,1,1,0,0,0,0,0,21,-6.459999999999997,11.316,0,0
3,0,0,1,23.78,27.275,49,16.9979,22,6,9,1,1,0,0,0,0,0,22,-3.4949999999999974,11.6522,0,0
3,0,0,1,22.96,26.515,52,19.0012,23,6,9,1,1,0,0,0,0,0,23,-3.5549999999999997,11.939200000000001,0,0
3,0,1,1,22.96,26.515,52,19.0012,0,0,9,1,0,0,0,0,1,0,0,-3.5549999999999997,11.939200000000001,0,0
3,0,1,1,22.14,25.76,60,12.998,1,0,9,1,0,0,0,0,1,1,0,-3.620000000000001,13.284,0,0
3,0,1,1,22.14,25.76,60,23.9994,2,0,9,1,0,0,0,0,1,2,0,-3.620000000000001,13.284,0,0
3,0,1,1,21.32,25.0,68,19.0012,3,0,9,1,0,0,0,0,1,3,0,-3.6799999999999997,14.4976,0,0
3,0,1,1,21.32,25.0,68,19.0012,4,0,9,1,0,0,0,0,1,4,0,-3.6799999999999997,14.4976,0,0
3,0,1,1,20.5,24.24,72,16.9979,5,0,9,1,0,0,0,0,1,5,0,-3.7399999999999984,14.76,0,0
3,0,1,1,20.5,24.24,72,8.9981,6,0,9,1,0,0,0,0,0,6,0,-3.7399999999999984,14.76,0,0
3,0,1,1,21.32,25.0,68,15.0013,7,0,9,1,0,1,0,0,0,7,0,-3.6799999999999997,14.4976,0,0
3,0,1,1,22.96,26.515,60,19.0012,8,0,9,1,0,1,0,0,0,8,0,-3.5549999999999997,13.776000000000002,0,0
3,0,1,1,24.6,31.06,53,19.9995,9,0,9,1,0,1,0,0,0,9,0,-6.459999999999997,13.038000000000002,0,0
3,0,1,1,25.42,31.06,50,19.0012,10,0,9,1,0,0,0,0,0,10,0,-5.639999999999997,12.71,0,0
3,0,1,1,25.42,31.06,43,19.9995,11,0,9,1,0,0,0,0,0,11,0,-5.639999999999997,10.930600000000002,0,0
3,0,1,1,26.24,31.06,44,26.0027,12,0,9,1,0,0,0,0,0,12,0,-4.82,11.5456,0,0
3,0,1,1,26.24,31.06,38,15.0013,13,0,9,1,0,0,0,0,0,13,0,-4.82,9.9712,0,0
3,0,1,1,27.06,31.06,36,19.0012,14,0,9,1,0,0,0,0,0,14,0,-4.0,9.7416,0,0
3,0,1,1,27.06,31.06,31,26.0027,15,0,9,1,0,0,0,0,0,15,0,-4.0,8.3886,0,0
3,0,1,1,27.06,31.06,34,22.0028,16,0,9,1,0,0,0,0,0,16,0,-4.0,9.2004,0,0
3,0,1,1,27.06,31.06,34,22.0028,17,0,9,1,0,0,1,0,0,17,0,-4.0,9.2004,0,0
3,0,1,1,25.42,31.06,35,19.9995,18,0,9,1,0,0,1,0,0,18,0,-5.639999999999997,8.897,0,0
3,0,1,1,25.42,31.06,38,19.9995,19,0,9,1,0,0,1,0,0,19,0,-5.639999999999997,9.659600000000001,0,0
3,0,1,1,24.6,31.06,40,12.998,20,0,9,1,0,0,0,0,0,20,0,-6.459999999999997,9.84,0,0
3,0,1,1,22.96,26.515,49,11.0014,21,0,9,1,0,0,0,0,0,21,0,-3.5549999999999997,11.250399999999999,0,0
3,0,1,1,22.14,25.76,52,8.9981,22,0,9,1,0,0,0,0,0,22,0,-3.620000000000001,11.5128,0,0
3,0,1,1,22.14,25.76,52,0.0,23,0,9,1,0,0,0,0,0,23,0,-3.620000000000001,11.5128,0,0
3,0,1,1,21.32,25.0,59,7.0015,0,1,9,1,0,0,0,0,1,0,0,-3.6799999999999997,12.578800000000001,0,0
3,0,1,1,20.5,24.24,63,0.0,1,1,9,1,0,0,0,0,1,1,0,-3.7399999999999984,12.915,0,0
3,0,1,1,19.68,23.485,77,11.0014,2,1,9,1,0,0,0,0,1,2,0,-3.8049999999999997,15.153599999999999,0,0
3,0,1,1,19.68,23.485,67,8.9981,3,1,9,1,0,0,0,0,1,3,0,-3.8049999999999997,13.185599999999999,0,0
3,0,1,1,19.68,23.485,72,7.0015,4,1,9,1,0,0,0,0,1,4,0,-3.8049999999999997,14.1696,0,0
3,0,1,1,18.86,22.725,72,6.0032,5,1,9,1,0,0,0,0,1,5,0,-3.865000000000002,13.5792,0,0
3,0,1,1,18.86,22.725,77,7.0015,6,1,9,1,0,0,0,0,0,6,0,-3.865000000000002,14.5222,0,0
3,0,1,1,20.5,24.24,72,7.0015,7,1,9,1,0,1,0,0,0,7,0,-3.7399999999999984,14.76,0,0
3,0,1,1,22.14,25.76,68,6.0032,8,1,9,1,0,1,0,0,0,8,0,-3.620000000000001,15.0552,0,0
3,0,1,1,24.6,31.06,49,0.0,9,1,9,1,0,1,0,0,0,9,0,-6.459999999999997,12.054,0,0
3,0,1,1,25.42,31.06,38,0.0,10,1,9,1,0,0,0,0,0,10,0,-5.639999999999997,9.659600000000001,0,0
3,0,1,1,26.24,31.06,33,6.0032,11,1,9,1,0,0,0,0,0,11,0,-4.82,8.6592,0,0
3,0,1,1,26.24,31.06,33,0.0,12,1,9,1,0,0,0,0,0,12,0,-4.82,8.6592,0,0
3,0,1,1,27.06,31.06,29,6.0032,13,1,9,1,0,0,0,0,0,13,0,-4.0,7.8474,0,0
3,0,1,1,27.88,31.06,30,6.0032,14,1,9,1,0,0,0,0,0,14,0,-3.1799999999999997,8.363999999999999,0,0
3,0,1,1,28.7,31.82,28,7.0015,15,1,9,1,0,0,0,0,0,15,0,-3.120000000000001,8.036,0,0
3,0,1,1,28.7,31.82,28,8.9981,16,1,9,1,0,0,0,0,0,16,0,-3.120000000000001,8.036,0,0
3,0,1,1,28.7,31.82,28,0.0,17,1,9,1,0,0,1,0,0,17,0,-3.120000000000001,8.036,0,0
3,0,1,1,26.24,31.06,36,11.0014,18,1,9,1,0,0,1,0,0,18,0,-4.82,9.4464,0,0
3,0,1,1,25.42,31.06,41,12.998,19,1,9,1,0,0,1,0,0,19,0,-5.639999999999997,10.4222,0,0
3,0,1,1,23.78,27.275,56,8.9981,20,1,9,1,0,0,0,0,0,20,0,-3.4949999999999974,13.3168,0,0
3,0,1,1,22.96,26.515,60,7.0015,21,1,9,1,0,0,0,0,0,21,0,-3.5549999999999997,13.776000000000002,0,0
3,0,1,1,22.96,26.515,64,7.0015,22,1,9,1,0,0,0,0,0,22,0,-3.5549999999999997,14.6944,0,0
3,0,1,1,22.14,25.76,68,7.0015,23,1,9,1,0,0,0,0,0,23,0,-3.620000000000001,15.0552,0,0
3,0,1,1,21.32,25.0,72,7.0015,0,2,9,1,0,0,0,0,1,0,0,-3.6799999999999997,15.3504,0,0
3,0,1,1,21.32,25.0,72,7.0015,1,2,9,1,0,0,0,0,1,1,0,-3.6799999999999997,15.3504,0,0
3,0,1,1,21.32,25.0,72,6.0032,2,2,9,1,0,0,0,0,1,2,0,-3.6799999999999997,15.3504,0,0
3,0,1,1,20.5,24.24,77,6.0032,3,2,9,1,0,0,0,0,1,3,0,-3.7399999999999984,15.785,0,0
3,0,1,1,20.5,24.24,72,6.0032,4,2,9,1,0,0,0,0,1,4,0,-3.7399999999999984,14.76,0,0
3,0,1,1,20.5,24.24,72,6.0032,5,2,9,1,0,0,0,0,1,5,0,-3.7399999999999984,14.76,0,0
3,0,1,1,20.5,24.24,72,6.0032,6,2,9,1,0,0,0,0,0,6,0,-3.7399999999999984,14.76,0,0
3,0,1,1,21.32,25.0,72,0.0,7,2,9,1,0,1,0,0,0,7,0,-3.6799999999999997,15.3504,0,0
3,0,1,1,22.96,26.515,64,7.0015,8,2,9,1,0,1,0,0,0,8,0,-3.5549999999999997,14.6944,0,0
3,0,1,1,24.6,30.305,64,8.9981,9,2,9,1,0,1,0,0,0,9,0,-5.704999999999998,15.744000000000002,0,0
3,0,1,1,25.42,30.305,61,8.9981,10,2,9,1,0,0,0,0,0,10,0,-4.884999999999998,15.506200000000002,0,0
3,0,1,1,27.06,31.06,50,12.998,11,2,9,1,0,0,0,0,0,11,0,-4.0,13.53,0,0
3,0,1,1,27.88,31.82,36,8.9981,12,2,9,1,0,0,0,0,0,12,0,-3.9400000000000013,10.0368,0,0
3,0,1,1,28.7,31.82,34,8.9981,13,2,9,1,0,0,0,0,0,13,0,-3.120000000000001,9.758,0,0
3,0,1,1,28.7,31.82,37,11.0014,14,2,9,1,0,0,0,0,0,14,0,-3.120000000000001,10.618999999999998,0,0
3,0,1,1,29.52,32.575,37,8.9981,15,2,9,1,0,0,0,0,0,15,0,-3.0550000000000033,10.9224,0,0
3,0,1,1,29.52,32.575,37,11.0014,16,2,9,1,0,0,0,0,0,16,0,-3.0550000000000033,10.9224,0,0
3,0,1,1,28.7,31.82,41,19.9995,17,2,9,1,0,0,1,0,0,17,0,-3.120000000000001,11.767000000000001,0,0
3,0,1,1,27.06,31.06,44,16.9979,18,2,9,1,0,0,1,0,0,18,0,-4.0,11.906399999999998,0,0
3,0,1,1,26.24,31.06,50,12.998,19,2,9,1,0,0,1,0,0,19,0,-4.82,13.12,0,0
3,0,1,1,25.42,31.06,57,8.9981,20,2,9,1,0,0,0,0,0,20,0,-5.639999999999997,14.4894,0,0
3,0,1,1,24.6,30.305,60,8.9981,21,2,9,1,0,0,0,0,0,21,0,-5.704999999999998,14.76,0,0
3,0,1,1,22.96,26.515,64,6.0032,22,2,9,1,0,0,0,0,0,22,0,-3.5549999999999997,14.6944,0,0
3,0,1,1,22.96,26.515,68,7.0015,23,2,9,1,0,0,0,0,0,23,0,-3.5549999999999997,15.6128,0,0
3,0,1,1,22.96,26.515,73,6.0032,0,3,9,1,0,0,0,0,1,0,0,-3.5549999999999997,16.760800000000003,0,0
3,0,1,1,22.14,25.76,77,6.0032,1,3,9,1,0,0,0,0,1,1,0,-3.620000000000001,17.0478,0,0
3,0,1,1,22.14,25.76,77,0.0,2,3,9,1,0,0,0,0,1,2,0,-3.620000000000001,17.0478,0,0
3,0,1,1,21.32,25.0,83,0.0,3,3,9,1,0,0,0,0,1,3,0,-3.6799999999999997,17.6956,0,0
3,0,1,1,21.32,25.0,83,0.0,4,3,9,1,0,0,0,0,1,4,0,-3.6799999999999997,17.6956,0,0
3,0,1,1,21.32,25.0,83,0.0,5,3,9,1,0,0,0,0,1,5,0,-3.6799999999999997,17.6956,0,0
3,0,1,1,20.5,24.24,82,0.0,6,3,9,1,0,0,0,0,0,6,0,-3.7399999999999984,16.81,0,0
3,0,1,1,22.14,25.76,77,0.0,7,3,9,1,0,1,0,0,0,7,0,-3.620000000000001,17.0478,0,0
3,0,1,1,22.96,26.515,73,0.0,8,3,9,1,0,1,0,0,0,8,0,-3.5549999999999997,16.760800000000003,0,0
3,0,1,1,24.6,30.305,64,6.0032,9,3,9,1,0,1,0,0,0,9,0,-5.704999999999998,15.744000000000002,0,0
3,0,1,1,26.24,31.06,61,6.0032,10,3,9,1,0,0,0,0,0,10,0,-4.82,16.0064,0,0
3,0,1,1,27.06,31.06,50,11.0014,11,3,9,1,0,0,0,0,0,11,0,-4.0,13.53,0,0
3,0,1,1,27.88,31.82,44,7.0015,12,3,9,1,0,0,0,0,0,12,0,-3.9400000000000013,12.2672,0,0
3,0,1,1,28.7,31.82,42,0.0,13,3,9,1,0,0,0,0,0,13,0,-3.120000000000001,12.053999999999998,0,0
3,0,1,1,29.52,32.575,39,8.9981,14,3,9,1,0,0,0,0,0,14,0,-3.0550000000000033,11.5128,0,0
3,0,1,1,29.52,32.575,42,7.0015,15,3,9,1,0,0,0,0,0,15,0,-3.0550000000000033,12.398399999999999,0,0
3,0,1,1,29.52,32.575,39,6.0032,16,3,9,1,0,0,0,0,0,16,0,-3.0550000000000033,11.5128,0,0
3,0,1,1,29.52,32.575,42,12.998,17,3,9,1,0,0,1,0,0,17,0,-3.0550000000000033,12.398399999999999,0,0
3,0,1,1,27.88,31.82,57,16.9979,18,3,9,1,0,0,1,0,0,18,0,-3.9400000000000013,15.891599999999999,0,0
3,0,1,1,26.24,30.305,65,8.9981,19,3,9,1,0,0,1,0,0,19,0,-4.065000000000001,17.055999999999997,0,0
3,0,1,1,25.42,30.305,69,7.0015,20,3,9,1,0,0,0,0,0,20,0,-4.884999999999998,17.5398,0,0
3,0,1,1,25.42,30.305,65,7.0015,21,3,9,1,0,0,0,0,0,21,0,-4.884999999999998,16.523000000000003,0,0
3,0,1,1,24.6,29.545,69,8.9981,22,3,9,1,0,0,0,0,0,22,0,-4.945,16.974,0,0
3,0,1,1,23.78,27.275,73,7.0015,23,3,9,1,0,0,0,0,0,23,0,-3.4949999999999974,17.3594,0,0
3,0,1,1,22.96,26.515,73,6.0032,0,4,9,1,0,0,0,0,1,0,0,-3.5549999999999997,16.760800000000003,0,0
3,0,1,1,22.96,26.515,73,6.0032,1,4,9,1,0,0,0,0,1,1,0,-3.5549999999999997,16.760800000000003,0,0
3,0,1,1,22.96,26.515,73,0.0,2,4,9,1,0,0,0,0,1,2,0,-3.5549999999999997,16.760800000000003,0,0
3,0,1,1,22.14,25.76,77,0.0,3,4,9,1,0,0,0,0,1,3,0,-3.620000000000001,17.0478,0,0
3,0,1,1,22.14,25.76,77,0.0,4,4,9,1,0,0,0,0,1,4,0,-3.620000000000001,17.0478,0,0
3,0,1,1,22.14,25.76,83,0.0,5,4,9,1,0,0,0,0,1,5,0,-3.620000000000001,18.3762,0,0
3,0,1,1,22.14,25.76,88,0.0,6,4,9,1,0,0,0,0,0,6,0,-3.620000000000001,19.4832,0,0
3,0,1,2,22.96,26.515,88,0.0,7,4,9,1,0,1,0,0,0,7,0,-3.5549999999999997,20.2048,0,0
3,0,1,2,24.6,28.79,78,11.0014,8,4,9,1,0,1,0,0,0,8,0,-4.189999999999998,19.188000000000002,0,0
3,0,1,2,25.42,29.545,78,11.0014,9,4,9,1,0,1,0,0,0,9,0,-4.125,19.827600000000004,0,0
3,0,1,2,27.88,31.82,65,0.0,10,4,9,1,0,0,0,0,0,10,0,-3.9400000000000013,18.122,0,0
3,0,1,2,27.88,31.82,61,7.0015,11,4,9,1,0,0,0,0,0,11,0,-3.9400000000000013,17.0068,0,0
3,0,1,2,28.7,32.575,54,12.998,12,4,9,1,0,0,0,0,0,12,0,-3.8750000000000036,15.498,0,0
3,0,1,2,28.7,32.575,54,12.998,13,4,9,1,0,0,0,0,0,13,0,-3.8750000000000036,15.498,0,0
3,0,1,2,29.52,32.575,45,11.0014,14,4,9,1,0,0,0,0,0,14,0,-3.0550000000000033,13.284,0,0
3,0,1,2,29.52,33.335,48,8.9981,15,4,9,1,0,0,0,0,0,15,0,-3.8150000000000013,14.1696,0,0
3,0,1,2,29.52,33.335,51,0.0,16,4,9,1,0,0,0,0,0,16,0,-3.8150000000000013,15.0552,0,0
3,0,1,1,29.52,33.335,51,12.998,17,4,9,1,0,0,1,0,0,17,0,-3.8150000000000013,15.0552,0,0
3,0,1,1,29.52,32.575,45,15.0013,18,4,9,1,0,0,1,0,0,18,0,-3.0550000000000033,13.284,0,0
3,0,1,1,27.88,31.82,57,11.0014,19,4,9,1,0,0,1,0,0,19,0,-3.9400000000000013,15.891599999999999,0,0
3,0,1,1,27.06,31.06,61,7.0015,20,4,9,1,0,0,0,0,0,20,0,-4.0,16.5066,0,0
3,0,1,1,26.24,30.305,73,15.0013,21,4,9,1,0,0,0,0,0,21,0,-4.065000000000001,19.1552,0,0
3,0,1,1,25.42,28.79,83,12.998,22,4,9,1,0,0,0,0,0,22,0,-3.3699999999999974,21.0986,0,0
3,0,1,1,25.42,29.545,78,6.0032,23,4,9,1,0,0,0,0,0,23,0,-4.125,19.827600000000004,0,0
3,0,0,1,24.6,28.03,83,7.0015,0,5,9,1,1,0,0,0,1,0,0,-3.4299999999999997,20.418000000000003,0,0
3,0,0,1,24.6,29.545,73,0.0,1,5,9,1,1,0,0,0,1,0,1,-4.945,17.958000000000002,0,0
3,0,0,1,23.78,27.275,78,7.0015,2,5,9,1,1,0,0,0,1,0,2,-3.4949999999999974,18.5484,0,0
3,0,0,1,24.6,29.545,73,16.9979,3,5,9,1,1,0,0,0,1,0,3,-4.945,17.958000000000002,0,0
3,0,0,2,24.6,29.545,69,23.9994,4,5,9,1,1,0,0,0,1,0,4,-4.945,16.974,0,0
3,0,0,1,23.78,27.275,60,35.0008,5,5,9,1,1,0,0,0,1,0,5,-3.4949999999999974,14.268000000000002,0,0
3,0,0,1,22.14,25.76,49,27.9993,6,5,9,1,1,0,0,0,0,0,6,-3.620000000000001,10.848600000000001,0,0
3,0,0,1,22.14,25.76,52,19.0012,7,5,9,1,1,0,0,0,0,0,7,-3.620000000000001,11.5128,0,0
3,0,0,1,22.96,26.515,49,27.9993,8,5,9,1,1,0,0,0,0,0,8,-3.5549999999999997,11.250399999999999,0,0
3,0,0,1,24.6,31.06,43,27.9993,9,5,9,1,1,0,0,0,0,0,9,-6.459999999999997,10.578,0,0
3,0,0,1,25.42,31.06,41,26.0027,10,5,9,1,1,0,0,0,0,0,10,-5.639999999999997,10.4222,0,0
3,0,0,1,26.24,31.06,38,26.0027,11,5,9,1,1,0,0,1,0,0,11,-4.82,9.9712,0,0
3,0,0,1,27.06,31.06,36,23.9994,12,5,9,1,1,0,0,1,0,0,12,-4.0,9.7416,0,0
3,0,0,1,27.88,31.82,36,12.998,13,5,9,1,1,0,0,1,0,0,13,-3.9400000000000013,10.0368,0,0
3,0,0,1,27.88,31.82,34,22.0028,14,5,9,1,1,0,0,1,0,0,14,-3.9400000000000013,9.479199999999999,0,0
3,0,0,2,27.88,31.82,34,19.0012,15,5,9,1,1,0,0,1,0,0,15,-3.9400000000000013,9.479199999999999,0,0
3,0,0,2,27.06,31.06,36,15.0013,16,5,9,1,1,0,0,1,0,0,16,-4.0,9.7416,0,0
3,0,0,2,27.06,31.06,36,16.9979,17,5,9,1,1,0,0,0,0,0,17,-4.0,9.7416,0,0
3,0,0,2,26.24,31.06,36,19.0012,18,5,9,1,1,0,0,0,0,0,18,-4.82,9.4464,0,0
3,0,0,1,25.42,31.06,41,11.0014,19,5,9,1,1,0,0,0,0,0,19,-5.639999999999997,10.4222,0,0
3,0,0,1,24.6,31.06,43,6.0032,20,5,9,1,1,0,0,0,0,0,20,-6.459999999999997,10.578,0,0
3,0,0,1,22.96,26.515,52,7.0015,21,5,9,1,1,0,0,0,0,0,21,-3.5549999999999997,11.939200000000001,0,0
3,0,0,1,22.96,26.515,52,0.0,22,5,9,1,1,0,0,0,0,0,22,-3.5549999999999997,11.939200000000001,0,0
3,0,0,1,22.14,25.76,60,0.0,23,5,9,1,1,0,0,0,0,0,23,-3.620000000000001,13.284,0,0
3,0,0,1,22.14,25.76,64,0.0,0,6,9,1,1,0,0,0,1,0,0,-3.620000000000001,14.1696,0,0
3,0,0,1,22.14,25.76,64,0.0,1,6,9,1,1,0,0,0,1,0,1,-3.620000000000001,14.1696,0,0
3,0,0,1,21.32,25.0,63,0.0,2,6,9,1,1,0,0,0,1,0,2,-3.6799999999999997,13.431600000000001,0,0
3,0,0,1,20.5,24.24,68,0.0,3,6,9,1,1,0,0,0,1,0,3,-3.7399999999999984,13.94,0,0
3,0,0,1,20.5,24.24,72,0.0,4,6,9,1,1,0,0,0,1,0,4,-3.7399999999999984,14.76,0,0
3,0,0,1,20.5,24.24,72,0.0,5,6,9,1,1,0,0,0,1,0,5,-3.7399999999999984,14.76,0,0
3,0,0,1,20.5,24.24,72,0.0,6,6,9,1,1,0,0,0,0,0,6,-3.7399999999999984,14.76,0,0
3,0,0,1,20.5,24.24,77,7.0015,7,6,9,1,1,0,0,0,0,0,7,-3.7399999999999984,15.785,0,0
3,0,0,1,22.14,25.76,64,11.0014,8,6,9,1,1,0,0,0,0,0,8,-3.620000000000001,14.1696,0,0
3,0,0,1,23.78,27.275,60,8.9981,9,6,9,1,1,0,0,0,0,0,9,-3.4949999999999974,14.268000000000002,0,0
3,0,0,1,25.42,31.06,50,7.0015,10,6,9,1,1,0,0,0,0,0,10,-5.639999999999997,12.71,0,0
3,0,0,1,26.24,31.06,47,11.0014,11,6,9,1,1,0,0,1,0,0,11,-4.82,12.332799999999999,0,0
3,0,0,1,27.06,31.06,44,11.0014,12,6,9,1,1,0,0,1,0,0,12,-4.0,11.906399999999998,0,0
3,0,0,1,26.24,31.06,41,11.0014,13,6,9,1,1,0,0,1,0,0,13,-4.82,10.7584,0,0
3,0,0,1,27.06,31.06,39,8.9981,14,6,9,1,1,0,0,1,0,0,14,-4.0,10.5534,0,0
3,0,0,1,26.24,31.06,41,11.0014,15,6,9,1,1,0,0,1,0,0,15,-4.82,10.7584,0,0
3,0,0,1,26.24,31.06,44,11.0014,16,6,9,1,1,0,0,1,0,0,16,-4.82,11.5456,0,0
3,0,0,1,27.06,31.06,41,0.0,17,6,9,1,1,0,0,0,0,0,17,-4.0,11.0946,0,0
3,0,0,1,25.42,31.06,50,11.0014,18,6,9,1,1,0,0,0,0,0,18,-5.639999999999997,12.71,0,0
3,0,0,1,25.42,31.06,50,8.9981,19,6,9,1,1,0,0,0,0,0,19,-5.639999999999997,12.71,0,0
3,0,0,1,24.6,31.06,53,7.0015,20,6,9,1,1,0,0,0,0,0,20,-6.459999999999997,13.038000000000002,0,0
3,0,0,1,24.6,31.06,56,7.0015,21,6,9,1,1,0,0,0,0,0,21,-6.459999999999997,13.776000000000002,0,0
3,0,0,1,22.96,26.515,68,6.0032,22,6,9,1,1,0,0,0,0,0,22,-3.5549999999999997,15.6128,0,0
3,0,0,1,22.14,25.76,68,7.0015,23,6,9,1,1,0,0,0,0,0,23,-3.620000000000001,15.0552,0,0
3,0,1,1,22.14,25.76,68,11.0014,0,0,9,1,0,0,0,0,1,0,0,-3.620000000000001,15.0552,0,0
3,0,1,1,21.32,25.0,72,6.0032,1,0,9,1,0,0,0,0,1,1,0,-3.6799999999999997,15.3504,0,0
3,0,1,1,21.32,25.0,72,0.0,2,0,9,1,0,0,0,0,1,2,0,-3.6799999999999997,15.3504,0,0
3,0,1,1,20.5,24.24,77,6.0032,3,0,9,1,0,0,0,0,1,3,0,-3.7399999999999984,15.785,0,0
3,0,1,1,20.5,24.24,77,0.0,4,0,9,1,0,0,0,0,1,4,0,-3.7399999999999984,15.785,0,0
3,0,1,1,19.68,23.485,82,6.0032,5,0,9,1,0,0,0,0,1,5,0,-3.8049999999999997,16.1376,0,0
3,0,1,1,19.68,23.485,82,0.0,6,0,9,1,0,0,0,0,0,6,0,-3.8049999999999997,16.1376,0,0
3,0,1,1,21.32,25.0,77,0.0,7,0,9,1,0,1,0,0,0,7,0,-3.6799999999999997,16.4164,0,0
3,0,1,1,22.14,25.76,77,6.0032,8,0,9,1,0,1,0,0,0,8,0,-3.620000000000001,17.0478,0,0
3,0,1,1,23.78,27.275,68,8.9981,9,0,9,1,0,1,0,0,0,9,0,-3.4949999999999974,16.1704,0,0
3,0,1,2,25.42,30.305,65,12.998,10,0,9,1,0,0,0,0,0,10,0,-4.884999999999998,16.523000000000003,0,0
3,0,1,2,25.42,30.305,69,15.0013,11,0,9,1,0,0,0,0,0,11,0,-4.884999999999998,17.5398,0,0
3,0,1,2,25.42,30.305,69,12.998,12,0,9,1,0,0,0,0,0,12,0,-4.884999999999998,17.5398,0,0
3,0,1,1,26.24,30.305,65,16.9979,13,0,9,1,0,0,0,0,0,13,0,-4.065000000000001,17.055999999999997,0,0
3,0,1,2,26.24,30.305,65,16.9979,14,0,9,1,0,0,0,0,0,14,0,-4.065000000000001,17.055999999999997,0,0
3,0,1,2,26.24,30.305,65,16.9979,15,0,9,1,0,0,0,0,0,15,0,-4.065000000000001,17.055999999999997,0,0
3,0,1,2,26.24,30.305,69,16.9979,16,0,9,1,0,0,0,0,0,16,0,-4.065000000000001,18.1056,0,0
3,0,1,2,26.24,30.305,65,15.0013,17,0,9,1,0,0,1,0,0,17,0,-4.065000000000001,17.055999999999997,0,0
3,0,1,2,25.42,29.545,73,11.0014,18,0,9,1,0,0,1,0,0,18,0,-4.125,18.5566,0,0
3,0,1,2,25.42,29.545,73,7.0015,19,0,9,1,0,0,1,0,0,19,0,-4.125,18.5566,0,0
3,0,1,2,25.42,29.545,73,8.9981,20,0,9,1,0,0,0,0,0,20,0,-4.125,18.5566,0,0
3,0,1,3,25.42,28.79,83,15.0013,21,0,9,1,0,0,0,0,0,21,0,-3.3699999999999974,21.0986,0,1
3,0,1,3,25.42,28.79,83,16.9979,22,0,9,1,0,0,0,0,0,22,0,-3.3699999999999974,21.0986,0,1
3,0,1,3,24.6,25.76,94,16.9979,23,0,9,1,0,0,0,0,0,23,0,-1.1600000000000001,23.124000000000002,0,1
3,0,1,3,24.6,25.76,94,16.9979,0,1,9,1,0,0,0,0,1,0,0,-1.1600000000000001,23.124000000000002,0,1
3,0,1,3,24.6,25.76,94,12.998,1,1,9,1,0,0,0,0,1,1,0,-1.1600000000000001,23.124000000000002,0,1
3,0,1,3,24.6,25.76,94,12.998,2,1,9,1,0,0,0,0,1,2,0,-1.1600000000000001,23.124000000000002,0,1
3,0,1,2,25.42,27.275,94,19.0012,3,1,9,1,0,0,0,0,1,3,0,-1.8549999999999969,23.8948,0,0
3,0,1,2,25.42,27.275,94,23.9994,4,1,9,1,0,0,0,0,1,4,0,-1.8549999999999969,23.8948,0,0
3,0,1,2,26.24,28.79,89,22.0028,5,1,9,1,0,0,0,0,1,5,0,-2.5500000000000007,23.353599999999997,0,0
3,0,1,2,26.24,28.79,89,22.0028,6,1,9,1,0,0,0,0,0,6,0,-2.5500000000000007,23.353599999999997,0,0
3,0,1,2,26.24,28.79,89,30.0026,7,1,9,1,0,1,0,0,0,7,0,-2.5500000000000007,23.353599999999997,0,0
3,0,1,2,27.06,30.305,83,36.9974,8,1,9,1,0,1,0,0,0,8,0,-3.245000000000001,22.4598,0,0
3,0,1,2,27.06,30.305,83,39.0007,9,1,9,1,0,1,0,0,0,9,0,-3.245000000000001,22.4598,0,0
3,0,1,3,27.88,31.82,79,43.0006,10,1,9,1,0,0,0,0,0,10,0,-3.9400000000000013,22.025199999999998,0,1
3,0,1,2,27.88,31.82,79,43.0006,11,1,9,1,0,0,0,0,0,11,0,-3.9400000000000013,22.025199999999998,0,0
3,0,1,3,27.88,31.82,83,30.0026,12,1,9,1,0,0,0,0,0,12,0,-3.9400000000000013,23.1404,0,1
3,0,1,2,28.7,33.335,74,39.0007,13,1,9,1,0,0,0,0,0,13,0,-4.635000000000002,21.237999999999996,0,0
3,0,1,3,24.6,25.76,94,31.0009,14,1,9,1,0,0,0,0,0,14,0,-1.1600000000000001,23.124000000000002,0,1
3,0,1,3,24.6,27.275,88,16.9979,15,1,9,1,0,0,0,0,0,15,0,-2.674999999999997,21.648000000000003,0,1
3,0,1,3,24.6,27.275,88,19.9995,16,1,9,1,0,0,0,0,0,16,0,-2.674999999999997,21.648000000000003,0,1
3,0,1,3,24.6,27.275,88,12.998,17,1,9,1,0,0,1,0,0,17,0,-2.674999999999997,21.648000000000003,0,1
3,0,1,2,24.6,27.275,88,11.0014,18,1,9,1,0,0,1,0,0,18,0,-2.674999999999997,21.648000000000003,0,0
3,0,1,2,24.6,27.275,88,19.9995,19,1,9,1,0,0,1,0,0,19,0,-2.674999999999997,21.648000000000003,0,0
3,0,1,2,24.6,27.275,88,12.998,20,1,9,1,0,0,0,0,0,20,0,-2.674999999999997,21.648000000000003,0,0
3,0,1,2,24.6,27.275,88,12.998,21,1,9,1,0,0,0,0,0,21,0,-2.674999999999997,21.648000000000003,0,0
3,0,1,3,23.78,27.275,83,31.0009,22,1,9,1,0,0,0,0,0,22,0,-3.4949999999999974,19.7374,0,1
3,0,1,2,22.96,26.515,83,15.0013,23,1,9,1,0,0,0,0,0,23,0,-3.5549999999999997,19.0568,0,0
3,0,1,2,22.96,26.515,68,19.0012,0,2,9,1,0,0,0,0,1,0,0,-3.5549999999999997,15.6128,0,0
3,0,1,2,22.14,25.76,68,16.9979,1,2,9,1,0,0,0,0,1,1,0,-3.620000000000001,15.0552,0,0
3,0,1,2,22.14,25.76,64,22.0028,2,2,9,1,0,0,0,0,1,2,0,-3.620000000000001,14.1696,0,0
3,0,1,2,21.32,25.0,63,16.9979,3,2,9,1,0,0,0,0,1,3,0,-3.6799999999999997,13.431600000000001,0,0
3,0,1,2,21.32,25.0,68,23.9994,4,2,9,1,0,0,0,0,1,4,0,-3.6799999999999997,14.4976,0,0
3,0,1,2,21.32,25.0,68,19.0012,5,2,9,1,0,0,0,0,1,5,0,-3.6799999999999997,14.4976,0,0
3,0,1,1,21.32,25.0,63,16.9979,6,2,9,1,0,0,0,0,0,6,0,-3.6799999999999997,13.431600000000001,0,0
3,0,1,1,21.32,25.0,63,15.0013,7,2,9,1,0,1,0,0,0,7,0,-3.6799999999999997,13.431600000000001,0,0
3,0,1,1,21.32,25.0,59,15.0013,8,2,9,1,0,1,0,0,0,8,0,-3.6799999999999997,12.578800000000001,0,0
3,0,1,1,22.14,25.76,60,16.9979,9,2,9,1,0,1,0,0,0,9,0,-3.620000000000001,13.284,0,0
3,0,1,1,22.96,26.515,52,12.998,10,2,9,1,0,0,0,0,0,10,0,-3.5549999999999997,11.939200000000001,0,0
3,0,1,1,24.6,31.06,43,16.9979,11,2,9,1,0,0,0,0,0,11,0,-6.459999999999997,10.578,0,0
3,0,1,1,24.6,31.06,43,16.9979,12,2,9,1,0,0,0,0,0,12,0,-6.459999999999997,10.578,0,0
3,0,1,1,24.6,31.06,40,16.9979,13,2,9,1,0,0,0,0,0,13,0,-6.459999999999997,9.84,0,0
3,0,1,1,25.42,31.06,38,16.9979,14,2,9,1,0,0,0,0,0,14,0,-5.639999999999997,9.659600000000001,0,0
3,0,1,1,25.42,31.06,35,0.0,15,2,9,1,0,0,0,0,0,15,0,-5.639999999999997,8.897,0,0
3,0,1,1,25.42,31.06,35,0.0,16,2,9,1,0,0,0,0,0,16,0,-5.639999999999997,8.897,0,0
3,0,1,1,24.6,31.06,38,15.0013,17,2,9,1,0,0,1,0,0,17,0,-6.459999999999997,9.348,0,0
3,0,1,1,23.78,27.275,40,19.0012,18,2,9,1,0,0,1,0,0,18,0,-3.4949999999999974,9.512,0,0
3,0,1,1,22.96,26.515,43,15.0013,19,2,9,1,0,0,1,0,0,19,0,-3.5549999999999997,9.872800000000002,0,0
3,0,1,1,21.32,25.0,48,11.0014,20,2,9,1,0,0,0,0,0,20,0,-3.6799999999999997,10.233600000000001,0,0
3,0,1,1,20.5,24.24,59,11.0014,21,2,9,1,0,0,0,0,0,21,0,-3.7399999999999984,12.095,0,0
3,0,1,1,20.5,24.24,63,6.0032,22,2,9,1,0,0,0,0,0,22,0,-3.7399999999999984,12.915,0,0
3,0,1,1,19.68,23.485,67,6.0032,23,2,9,1,0,0,0,0,0,23,0,-3.8049999999999997,13.185599999999999,0,0
4,0,1,1,18.86,22.725,72,7.0015,0,0,10,1,0,0,0,0,1,0,0,-3.865000000000002,13.5792,0,0
4,0,1,1,18.04,21.97,77,6.0032,1,0,10,1,0,0,0,0,1,1,0,-3.9299999999999997,13.890799999999999,0,0
4,0,1,1,18.86,22.725,72,0.0,2,0,10,1,0,0,0,0,1,2,0,-3.865000000000002,13.5792,0,0
4,0,1,1,18.04,21.97,77,0.0,3,0,10,1,0,0,0,0,1,3,0,-3.9299999999999997,13.890799999999999,0,0
4,0,1,1,17.22,21.21,82,7.0015,4,0,10,1,0,0,0,0,1,4,0,-3.990000000000002,14.1204,0,0
4,0,1,1,18.04,21.97,77,0.0,5,0,10,1,0,0,0,0,1,5,0,-3.9299999999999997,13.890799999999999,0,0
4,0,1,1,18.04,21.97,77,7.0015,6,0,10,1,0,0,0,0,0,6,0,-3.9299999999999997,13.890799999999999,0,0
4,0,1,1,18.04,21.97,77,11.0014,7,0,10,1,0,1,0,0,0,7,0,-3.9299999999999997,13.890799999999999,0,0
4,0,1,2,18.86,22.725,77,7.0015,8,0,10,1,0,1,0,0,0,8,0,-3.865000000000002,14.5222,0,0
4,0,1,2,21.32,25.0,63,0.0,9,0,10,1,0,1,0,0,0,9,0,-3.6799999999999997,13.431600000000001,0,0
4,0,1,1,22.14,25.76,56,0.0,10,0,10,1,0,0,0,0,0,10,0,-3.620000000000001,12.398400000000002,0,0
4,0,1,1,23.78,27.275,46,0.0,11,0,10,1,0,0,0,0,0,11,0,-3.4949999999999974,10.9388,0,0
4,0,1,2,24.6,31.06,43,11.0014,12,0,10,1,0,0,0,0,0,12,0,-6.459999999999997,10.578,0,0
4,0,1,2,24.6,31.06,43,11.0014,13,0,10,1,0,0,0,0,0,13,0,-6.459999999999997,10.578,0,0
4,0,1,2,24.6,31.06,43,7.0015,14,0,10,1,0,0,0,0,0,14,0,-6.459999999999997,10.578,0,0
4,0,1,2,25.42,31.06,43,8.9981,15,0,10,1,0,0,0,0,0,15,0,-5.639999999999997,10.930600000000002,0,0
4,0,1,2,25.42,31.06,46,16.9979,16,0,10,1,0,0,0,0,0,16,0,-5.639999999999997,11.693200000000001,0,0
4,0,1,3,22.96,26.515,60,16.9979,17,0,10,1,0,0,1,0,0,17,0,-3.5549999999999997,13.776000000000002,0,1
4,0,1,3,22.96,26.515,64,7.0015,18,0,10,1,0,0,1,0,0,18,0,-3.5549999999999997,14.6944,0,1
4,0,1,2,22.14,25.76,68,7.0015,19,0,10,1,0,0,1,0,0,19,0,-3.620000000000001,15.0552,0,0
4,0,1,3,22.14,25.76,68,0.0,20,0,10,1,0,0,0,0,0,20,0,-3.620000000000001,15.0552,0,1
4,0,1,2,22.14,25.76,73,8.9981,21,0,10,1,0,0,0,0,0,21,0,-3.620000000000001,16.1622,0,0
4,0,1,3,22.14,25.76,77,6.0032,22,0,10,1,0,0,0,0,0,22,0,-3.620000000000001,17.0478,0,1
4,0,1,3,22.14,25.76,77,0.0,23,0,10,1,0,0,0,0,0,23,0,-3.620000000000001,17.0478,0,1
4,0,1,2,22.96,26.515,73,0.0,0,1,10,1,0,0,0,0,1,0,0,-3.5549999999999997,16.760800000000003,0,0
4,0,1,2,22.14,25.76,77,7.0015,1,1,10,1,0,0,0,0,1,1,0,-3.620000000000001,17.0478,0,0
4,0,1,2,22.14,25.76,77,7.0015,2,1,10,1,0,0,0,0,1,2,0,-3.620000000000001,17.0478,0,0
4,0,1,2,22.14,25.76,88,12.998,3,1,10,1,0,0,0,0,1,3,0,-3.620000000000001,19.4832,0,0
4,0,1,2,22.96,26.515,83,6.0032,4,1,10,1,0,0,0,0,1,4,0,-3.5549999999999997,19.0568,0,0
4,0,1,2,22.96,26.515,83,8.9981,5,1,10,1,0,0,0,0,1,5,0,-3.5549999999999997,19.0568,0,0
4,0,1,3,23.78,27.275,83,7.0015,6,1,10,1,0,0,0,0,0,6,0,-3.4949999999999974,19.7374,0,1
4,0,1,3,23.78,27.275,83,7.0015,7,1,10,1,0,1,0,0,0,7,0,-3.4949999999999974,19.7374,0,1
4,0,1,3,24.6,27.275,88,0.0,8,1,10,1,0,1,0,0,0,8,0,-2.674999999999997,21.648000000000003,0,1
4,0,1,3,23.78,27.275,88,8.9981,9,1,10,1,0,1,0,0,0,9,0,-3.4949999999999974,20.926400000000005,0,1
4,0,1,3,23.78,27.275,88,8.9981,10,1,10,1,0,0,0,0,0,10,0,-3.4949999999999974,20.926400000000005,0,1
4,0,1,3,23.78,27.275,94,8.9981,11,1,10,1,0,0,0,0,0,11,0,-3.4949999999999974,22.3532,0,1
4,0,1,2,24.6,27.275,88,12.998,12,1,10,1,0,0,0,0,0,12,0,-2.674999999999997,21.648000000000003,0,0
4,0,1,2,24.6,27.275,88,8.9981,13,1,10,1,0,0,0,0,0,13,0,-2.674999999999997,21.648000000000003,0,0
4,0,1,3,24.6,27.275,88,8.9981,14,1,10,1,0,0,0,0,0,14,0,-2.674999999999997,21.648000000000003,0,1
4,0,1,3,25.42,28.79,83,8.9981,15,1,10,1,0,0,0,0,0,15,0,-3.3699999999999974,21.0986,0,1
4,0,1,3,25.42,28.03,88,8.9981,16,1,10,1,0,0,0,0,0,16,0,-2.6099999999999994,22.369600000000002,0,1
4,0,1,3,25.42,28.03,88,7.0015,17,1,10,1,0,0,1,0,0,17,0,-2.6099999999999994,22.369600000000002,0,1
4,0,1,3,25.42,27.275,94,6.0032,18,1,10,1,0,0,1,0,0,18,0,-1.8549999999999969,23.8948,0,1
4,0,1,3,25.42,27.275,94,0.0,19,1,10,1,0,0,1,0,0,19,0,-1.8549999999999969,23.8948,0,1
4,0,1,3,25.42,27.275,94,8.9981,20,1,10,1,0,0,0,0,0,20,0,-1.8549999999999969,23.8948,0,1
4,0,1,3,25.42,27.275,94,7.0015,21,1,10,1,0,0,0,0,0,21,0,-1.8549999999999969,23.8948,0,1
4,0,1,2,25.42,27.275,94,7.0015,22,1,10,1,0,0,0,0,0,22,0,-1.8549999999999969,23.8948,0,0
4,0,1,2,25.42,27.275,94,0.0,23,1,10,1,0,0,0,0,0,23,0,-1.8549999999999969,23.8948,0,0
4,0,1,3,25.42,27.275,94,0.0,0,2,10,1,0,0,0,0,1,0,0,-1.8549999999999969,23.8948,0,1
4,0,1,2,25.42,27.275,94,0.0,1,2,10,1,0,0,0,0,1,1,0,-1.8549999999999969,23.8948,0,0
4,0,1,2,25.42,27.275,94,0.0,2,2,10,1,0,0,0,0,1,2,0,-1.8549999999999969,23.8948,0,0
4,0,1,2,24.6,25.76,94,0.0,3,2,10,1,0,0,0,0,1,3,0,-1.1600000000000001,23.124000000000002,0,0
4,0,1,2,24.6,25.0,100,0.0,4,2,10,1,0,0,0,0,1,4,0,-0.3999999999999986,24.6,0,0
4,0,1,2,25.42,27.275,94,7.0015,5,2,10,1,0,0,0,0,1,5,0,-1.8549999999999969,23.8948,0,0
4,0,1,2,24.6,25.76,94,8.9981,6,2,10,1,0,0,0,0,0,6,0,-1.1600000000000001,23.124000000000002,0,0
4,0,1,2,24.6,25.76,94,12.998,7,2,10,1,0,1,0,0,0,7,0,-1.1600000000000001,23.124000000000002,0,0
4,0,1,2,25.42,28.03,88,7.0015,8,2,10,1,0,1,0,0,0,8,0,-2.6099999999999994,22.369600000000002,0,0
4,0,1,2,25.42,28.79,83,12.998,9,2,10,1,0,1,0,0,0,9,0,-3.3699999999999974,21.0986,0,0
4,0,1,1,27.06,30.305,78,11.0014,10,2,10,1,0,0,0,0,0,10,0,-3.245000000000001,21.1068,0,0
4,0,1,1,27.06,30.305,78,11.0014,11,2,10,1,0,0,0,0,0,11,0,-3.245000000000001,21.1068,0,0
4,0,1,2,28.7,32.575,70,7.0015,12,2,10,1,0,0,0,0,0,12,0,-3.8750000000000036,20.09,0,0
4,0,1,2,28.7,33.335,74,7.0015,13,2,10,1,0,0,0,0,0,13,0,-4.635000000000002,21.237999999999996,0,0
4,0,1,2,29.52,34.09,70,11.0014,14,2,10,1,0,0,0,0,0,14,0,-4.570000000000004,20.664,0,0
4,0,1,2,29.52,34.09,62,11.0014,15,2,10,1,0,0,0,0,0,15,0,-4.570000000000004,18.3024,0,0
4,0,1,2,29.52,33.335,58,0.0,16,2,10,1,0,0,0,0,0,16,0,-3.8150000000000013,17.1216,0,0
4,0,1,1,28.7,32.575,65,0.0,17,2,10,1,0,0,1,0,0,17,0,-3.8750000000000036,18.655,0,0
4,0,1,1,28.7,32.575,65,0.0,18,2,10,1,0,0,1,0,0,18,0,-3.8750000000000036,18.655,0,0
4,0,1,1,28.7,32.575,65,0.0,19,2,10,1,0,0,1,0,0,19,0,-3.8750000000000036,18.655,0,0
4,0,1,1,28.7,32.575,65,0.0,20,2,10,1,0,0,0,0,0,20,0,-3.8750000000000036,18.655,0,0
4,0,1,2,27.06,31.06,74,0.0,21,2,10,1,0,0,0,0,0,21,0,-4.0,20.0244,0,0
4,0,1,1,27.06,31.06,74,0.0,22,2,10,1,0,0,0,0,0,22,0,-4.0,20.0244,0,0
4,0,1,2,27.06,30.305,78,0.0,23,2,10,1,0,0,0,0,0,23,0,-3.245000000000001,21.1068,0,0
4,0,1,3,26.24,28.79,89,0.0,0,3,10,1,0,0,0,0,1,0,0,-2.5500000000000007,23.353599999999997,0,1
4,0,1,2,25.42,27.275,94,0.0,1,3,10,1,0,0,0,0,1,1,0,-1.8549999999999969,23.8948,0,0
4,0,1,1,26.24,28.79,89,0.0,2,3,10,1,0,0,0,0,1,2,0,-2.5500000000000007,23.353599999999997,0,0
4,0,1,2,25.42,28.03,88,0.0,3,3,10,1,0,0,0,0,1,3,0,-2.6099999999999994,22.369600000000002,0,0
4,0,1,2,26.24,28.79,89,0.0,4,3,10,1,0,0,0,0,1,4,0,-2.5500000000000007,23.353599999999997,0,0
4,0,1,3,26.24,28.79,89,7.0015,5,3,10,1,0,0,0,0,1,5,0,-2.5500000000000007,23.353599999999997,0,1
4,0,1,3,25.42,27.275,94,6.0032,6,3,10,1,0,0,0,0,0,6,0,-1.8549999999999969,23.8948,0,1
4,0,1,2,26.24,28.79,89,6.0032,7,3,10,1,0,1,0,0,0,7,0,-2.5500000000000007,23.353599999999997,0,0
4,0,1,1,26.24,28.79,89,0.0,8,3,10,1,0,1,0,0,0,8,0,-2.5500000000000007,23.353599999999997,0,0
4,0,1,2,26.24,28.79,89,12.998,9,3,10,1,0,1,0,0,0,9,0,-2.5500000000000007,23.353599999999997,0,0
4,0,1,2,27.06,30.305,83,8.9981,10,3,10,1,0,0,0,0,0,10,0,-3.245000000000001,22.4598,0,0
4,0,1,2,28.7,32.575,70,7.0015,11,3,10,1,0,0,0,0,0,11,0,-3.8750000000000036,20.09,0,0
4,0,1,2,29.52,33.335,54,12.998,12,3,10,1,0,0,0,0,0,12,0,-3.8150000000000013,15.9408,0,0
4,0,1,2,29.52,33.335,58,22.0028,13,3,10,1,0,0,0,0,0,13,0,-3.8150000000000013,17.1216,0,0
4,0,1,1,28.7,32.575,61,16.9979,14,3,10,1,0,0,0,0,0,14,0,-3.8750000000000036,17.507,0,0
4,0,1,1,29.52,33.335,54,19.0012,15,3,10,1,0,0,0,0,0,15,0,-3.8150000000000013,15.9408,0,0
4,0,1,1,28.7,32.575,54,19.0012,16,3,10,1,0,0,0,0,0,16,0,-3.8750000000000036,15.498,0,0
4,0,1,1,28.7,32.575,51,15.0013,17,3,10,1,0,0,1,0,0,17,0,-3.8750000000000036,14.637,0,0
4,0,1,1,27.06,31.06,57,7.0015,18,3,10,1,0,0,1,0,0,18,0,-4.0,15.424199999999999,0,0
4,0,1,1,27.06,31.06,57,7.0015,19,3,10,1,0,0,1,0,0,19,0,-4.0,15.424199999999999,0,0
4,0,1,1,26.24,30.305,65,7.0015,20,3,10,1,0,0,0,0,0,20,0,-4.065000000000001,17.055999999999997,0,0
4,0,1,1,25.42,30.305,69,0.0,21,3,10,1,0,0,0,0,0,21,0,-4.884999999999998,17.5398,0,0
4,0,1,1,26.24,31.06,47,8.9981,22,3,10,1,0,0,0,0,0,22,0,-4.82,12.332799999999999,0,0
4,0,1,1,24.6,31.06,56,6.0032,23,3,10,1,0,0,0,0,0,23,0,-6.459999999999997,13.776000000000002,0,0
4,0,1,1,22.96,26.515,73,0.0,0,4,10,1,0,0,0,0,1,0,0,-3.5549999999999997,16.760800000000003,0,0
4,0,1,1,22.14,25.76,68,7.0015,1,4,10,1,0,0,0,0,1,1,0,-3.620000000000001,15.0552,0,0
4,0,1,1,22.14,25.76,73,6.0032,2,4,10,1,0,0,0,0,1,2,0,-3.620000000000001,16.1622,0,0
4,0,1,1,22.14,25.76,73,0.0,3,4,10,1,0,0,0,0,1,3,0,-3.620000000000001,16.1622,0,0
4,0,1,1,22.14,25.76,77,0.0,4,4,10,1,0,0,0,0,1,4,0,-3.620000000000001,17.0478,0,0
4,0,1,1,21.32,25.0,77,0.0,5,4,10,1,0,0,0,0,1,5,0,-3.6799999999999997,16.4164,0,0
4,0,1,1,21.32,25.0,83,0.0,6,4,10,1,0,0,0,0,0,6,0,-3.6799999999999997,17.6956,0,0
4,0,1,1,21.32,25.0,83,7.0015,7,4,10,1,0,1,0,0,0,7,0,-3.6799999999999997,17.6956,0,0
4,0,1,1,23.78,27.275,64,0.0,8,4,10,1,0,1,0,0,0,8,0,-3.4949999999999974,15.2192,0,0
4,0,1,1,24.6,30.305,60,6.0032,9,4,10,1,0,1,0,0,0,9,0,-5.704999999999998,14.76,0,0
4,0,1,1,27.06,31.06,54,0.0,10,4,10,1,0,0,0,0,0,10,0,-4.0,14.612400000000001,0,0
4,0,1,1,28.7,32.575,48,12.998,11,4,10,1,0,0,0,0,0,11,0,-3.8750000000000036,13.776,0,0
4,0,1,1,29.52,32.575,42,11.0014,12,4,10,1,0,0,0,0,0,12,0,-3.0550000000000033,12.398399999999999,0,0
4,0,1,1,28.7,32.575,48,0.0,13,4,10,1,0,0,0,0,0,13,0,-3.8750000000000036,13.776,0,0
4,0,1,1,30.34,32.575,37,15.0013,14,4,10,1,0,0,0,0,0,14,0,-2.235000000000003,11.2258,0,0
4,0,1,1,29.52,32.575,39,16.9979,15,4,10,1,0,0,0,0,0,15,0,-3.0550000000000033,11.5128,0,0
4,0,1,1,29.52,32.575,37,0.0,16,4,10,1,0,0,0,0,0,16,0,-3.0550000000000033,10.9224,0,0
4,0,1,1,28.7,31.82,42,11.0014,17,4,10,1,0,0,1,0,0,17,0,-3.120000000000001,12.053999999999998,0,0
4,0,1,1,26.24,31.06,57,8.9981,18,4,10,1,0,0,1,0,0,18,0,-4.82,14.956799999999998,0,0
4,0,1,1,25.42,29.545,73,11.0014,19,4,10,1,0,0,1,0,0,19,0,-4.125,18.5566,0,0
4,0,1,1,24.6,28.79,78,8.9981,20,4,10,1,0,0,0,0,0,20,0,-4.189999999999998,19.188000000000002,0,0
4,0,1,1,24.6,29.545,69,15.0013,21,4,10,1,0,0,0,0,0,21,0,-4.945,16.974,0,0
4,0,1,1,24.6,29.545,73,19.0012,22,4,10,1,0,0,0,0,0,22,0,-4.945,17.958000000000002,0,0
4,0,1,1,23.78,27.275,78,15.0013,23,4,10,1,0,0,0,0,0,23,0,-3.4949999999999974,18.5484,0,0
4,0,0,1,22.96,26.515,83,11.0014,0,5,10,1,1,0,0,0,1,0,0,-3.5549999999999997,19.0568,0,0
4,0,0,1,22.96,26.515,83,16.9979,1,5,10,1,1,0,0,0,1,0,1,-3.5549999999999997,19.0568,0,0
4,0,0,1,22.96,26.515,78,12.998,2,5,10,1,1,0,0,0,1,0,2,-3.5549999999999997,17.9088,0,0
4,0,0,1,22.14,25.76,77,15.0013,3,5,10,1,1,0,0,0,1,0,3,-3.620000000000001,17.0478,0,0
4,0,0,1,22.14,25.76,83,16.9979,4,5,10,1,1,0,0,0,1,0,4,-3.620000000000001,18.3762,0,0
4,0,0,1,22.14,25.76,83,12.998,5,5,10,1,1,0,0,0,1,0,5,-3.620000000000001,18.3762,0,0
4,0,0,1,22.14,25.76,88,16.9979,6,5,10,1,1,0,0,0,0,0,6,-3.620000000000001,19.4832,0,0
4,0,0,1,22.14,25.76,83,19.9995,7,5,10,1,1,0,0,0,0,0,7,-3.620000000000001,18.3762,0,0
4,0,0,1,22.96,26.515,83,12.998,8,5,10,1,1,0,0,0,0,0,8,-3.5549999999999997,19.0568,0,0
4,0,0,1,24.6,29.545,73,12.998,9,5,10,1,1,0,0,0,0,0,9,-4.945,17.958000000000002,0,0
4,0,0,1,25.42,30.305,69,19.0012,10,5,10,1,1,0,0,0,0,0,10,-4.884999999999998,17.5398,0,0
4,0,0,1,26.24,30.305,65,16.9979,11,5,10,1,1,0,0,1,0,0,11,-4.065000000000001,17.055999999999997,0,0
4,0,0,1,28.7,32.575,54,7.0015,12,5,10,1,1,0,0,1,0,0,12,-3.8750000000000036,15.498,0,0
4,0,0,2,26.24,31.06,57,35.0008,13,5,10,1,1,0,0,1,0,0,13,-4.82,14.956799999999998,0,0
4,0,0,2,24.6,31.06,56,27.9993,14,5,10,1,1,0,0,1,0,0,14,-6.459999999999997,13.776000000000002,0,0
4,0,0,1,24.6,31.06,46,27.9993,15,5,10,1,1,0,0,1,0,0,15,-6.459999999999997,11.316,0,0
4,0,0,1,24.6,31.06,43,35.0008,16,5,10,1,1,0,0,1,0,0,16,-6.459999999999997,10.578,0,0
4,0,0,1,22.14,25.76,49,26.0027,17,5,10,1,1,0,0,0,0,0,17,-3.620000000000001,10.848600000000001,0,0
4,0,0,1,21.32,25.0,48,27.9993,18,5,10,1,1,0,0,0,0,0,18,-3.6799999999999997,10.233600000000001,0,0
4,0,0,1,19.68,23.485,55,15.0013,19,5,10,1,1,0,0,0,0,0,19,-3.8049999999999997,10.824000000000002,0,0
4,0,0,1,19.68,23.485,55,16.9979,20,5,10,1,1,0,0,0,0,0,20,-3.8049999999999997,10.824000000000002,0,0
4,0,0,1,18.86,22.725,59,8.9981,21,5,10,1,1,0,0,0,0,0,21,-3.865000000000002,11.1274,0,0
4,0,0,1,18.04,21.97,62,8.9981,22,5,10,1,1,0,0,0,0,0,22,-3.9299999999999997,11.184800000000001,0,0
4,0,0,1,18.04,21.97,62,8.9981,23,5,10,1,1,0,0,0,0,0,23,-3.9299999999999997,11.184800000000001,0,0
4,0,0,1,18.04,21.97,62,11.0014,0,6,10,1,1,0,0,0,1,0,0,-3.9299999999999997,11.184800000000001,0,0
4,0,0,1,18.04,21.97,54,15.0013,1,6,10,1,1,0,0,0,1,0,1,-3.9299999999999997,9.7416,0,0
4,0,0,1,17.22,21.21,62,8.9981,2,6,10,1,1,0,0,0,1,0,2,-3.990000000000002,10.6764,0,0
4,0,0,2,18.04,21.97,62,8.9981,3,6,10,1,1,0,0,0,1,0,3,-3.9299999999999997,11.184800000000001,0,0
4,0,0,2,18.04,21.97,54,16.9979,4,6,10,1,1,0,0,0,1,0,4,-3.9299999999999997,9.7416,0,0
4,0,0,2,18.04,21.97,54,8.9981,5,6,10,1,1,0,0,0,1,0,5,-3.9299999999999997,9.7416,0,0
4,0,0,2,18.04,21.97,54,12.998,6,6,10,1,1,0,0,0,0,0,6,-3.9299999999999997,9.7416,0,0
4,0,0,3,17.22,21.21,58,11.0014,7,6,10,1,1,0,0,0,0,0,7,-3.990000000000002,9.9876,0,1
4,0,0,3,17.22,21.21,67,8.9981,8,6,10,1,1,0,0,0,0,0,8,-3.990000000000002,11.5374,0,1
4,0,0,3,16.4,20.455,71,8.9981,9,6,10,1,1,0,0,0,0,0,9,-4.055,11.643999999999998,0,1
4,0,0,2,17.22,21.21,67,12.998,10,6,10,1,1,0,0,0,0,0,10,-3.990000000000002,11.5374,0,0
4,0,0,2,17.22,21.21,71,7.0015,11,6,10,1,1,0,0,1,0,0,11,-3.990000000000002,12.226199999999999,0,0
4,0,0,2,17.22,21.21,71,0.0,12,6,10,1,1,0,0,1,0,0,12,-3.990000000000002,12.226199999999999,0,0
4,0,0,2,18.04,21.97,72,6.0032,13,6,10,1,1,0,0,1,0,0,13,-3.9299999999999997,12.9888,0,0
4,0,0,2,18.04,21.97,67,0.0,14,6,10,1,1,0,0,1,0,0,14,-3.9299999999999997,12.086799999999998,0,0
4,0,0,3,17.22,21.21,77,8.9981,15,6,10,1,1,0,0,1,0,0,15,-3.990000000000002,13.259399999999998,0,1
4,0,0,3,16.4,20.455,82,11.0014,16,6,10,1,1,0,0,1,0,0,16,-4.055,13.448,0,1
4,0,0,3,16.4,20.455,82,15.0013,17,6,10,1,1,0,0,0,0,0,17,-4.055,13.448,0,1
4,0,0,3,16.4,20.455,82,12.998,18,6,10,1,1,0,0,0,0,0,18,-4.055,13.448,0,1
4,0,0,2,16.4,20.455,82,7.0015,19,6,10,1,1,0,0,0,0,0,19,-4.055,13.448,0,0
4,0,0,1,16.4,20.455,82,8.9981,20,6,10,1,1,0,0,0,0,0,20,-4.055,13.448,0,0
4,0,0,1,15.58,19.695,87,7.0015,21,6,10,1,1,0,0,0,0,0,21,-4.115,13.5546,0,0
4,0,0,1,15.58,19.695,87,8.9981,22,6,10,1,1,0,0,0,0,0,22,-4.115,13.5546,0,0
4,0,0,1,14.76,17.425,93,8.9981,23,6,10,1,1,0,0,0,0,0,23,-2.665000000000001,13.7268,0,0
4,1,0,1,15.58,19.695,76,19.0012,0,0,10,1,0,0,0,0,1,0,0,-4.115,11.8408,0,0
4,1,0,1,13.94,16.665,87,11.0014,1,0,10,1,0,0,0,0,1,0,0,-2.7249999999999996,12.1278,0,0
4,1,0,1,13.94,16.665,81,12.998,2,0,10,1,0,0,0,0,1,0,0,-2.7249999999999996,11.2914,0,0
4,1,0,1,13.94,17.425,81,7.0015,3,0,10,1,0,0,0,0,1,0,0,-3.485000000000001,11.2914,0,0
4,1,0,1,13.12,16.665,87,8.9981,4,0,10,1,0,0,0,0,1,0,0,-3.545,11.414399999999999,0,0
4,1,0,1,13.94,15.91,76,15.0013,5,0,10,1,0,0,0,0,1,0,0,-1.9700000000000006,10.5944,0,0
4,1,0,1,13.94,17.425,76,7.0015,6,0,10,1,0,0,0,0,0,0,0,-3.485000000000001,10.5944,0,0
4,1,0,2,13.94,16.665,76,11.0014,7,0,10,1,0,0,0,0,0,0,0,-2.7249999999999996,10.5944,0,0
4,1,0,2,14.76,17.425,71,15.0013,8,0,10,1,0,0,0,0,0,0,0,-2.665000000000001,10.4796,0,0
4,1,0,2,15.58,19.695,66,11.0014,9,0,10,1,0,0,0,0,0,0,0,-4.115,10.2828,0,0
4,1,0,2,15.58,19.695,68,8.9981,10,0,10,1,0,0,0,0,0,0,0,-4.115,10.5944,0,0
4,1,0,2,16.4,20.455,62,6.0032,11,0,10,1,0,0,0,0,0,0,0,-4.055,10.168,0,0
4,1,0,2,17.22,21.21,63,11.0014,12,0,10,1,0,0,0,0,0,0,0,-3.990000000000002,10.8486,0,0
4,1,0,2,17.22,21.21,62,12.998,13,0,10,1,0,0,0,0,0,0,0,-3.990000000000002,10.6764,0,0
4,1,0,2,17.22,21.21,58,7.0015,14,0,10,1,0,0,0,0,0,0,0,-3.990000000000002,9.9876,0,0
4,1,0,3,17.22,21.21,58,12.998,15,0,10,1,0,0,0,0,0,0,0,-3.990000000000002,9.9876,0,1
4,1,0,3,17.22,21.21,58,12.998,16,0,10,1,0,0,0,0,0,0,0,-3.990000000000002,9.9876,0,1
4,1,0,2,17.22,21.21,66,16.9979,17,0,10,1,0,0,0,0,0,0,0,-3.990000000000002,11.3652,0,0
4,1,0,2,17.22,21.21,66,19.0012,18,0,10,1,0,0,0,0,0,0,0,-3.990000000000002,11.3652,0,0
4,1,0,2,16.4,20.455,71,16.9979,19,0,10,1,0,0,0,0,0,0,0,-4.055,11.643999999999998,0,0
4,1,0,3,16.4,20.455,71,15.0013,20,0,10,1,0,0,0,0,0,0,0,-4.055,11.643999999999998,0,1
4,1,0,2,16.4,20.455,76,15.0013,21,0,10,1,0,0,0,0,0,0,0,-4.055,12.463999999999999,0,0
4,1,0,3,16.4,20.455,76,16.9979,22,0,10,1,0,0,0,0,0,0,0,-4.055,12.463999999999999,0,1
4,1,0,2,16.4,20.455,71,15.0013,23,0,10,1,0,0,0,0,0,0,0,-4.055,11.643999999999998,0,0
4,0,1,2,15.58,19.695,82,15.0013,0,1,10,1,0,0,0,0,1,0,0,-4.115,12.775599999999999,0,0
4,0,1,3,14.76,17.425,87,15.0013,1,1,10,1,0,0,0,0,1,1,0,-2.665000000000001,12.841199999999999,0,1
4,0,1,3,14.76,16.665,87,16.9979,2,1,10,1,0,0,0,0,1,2,0,-1.9049999999999994,12.841199999999999,0,1
4,0,1,3,14.76,16.665,87,19.0012,3,1,10,1,0,0,0,0,1,3,0,-1.9049999999999994,12.841199999999999,0,1
4,0,1,3,14.76,17.425,87,11.0014,4,1,10,1,0,0,0,0,1,4,0,-2.665000000000001,12.841199999999999,0,1
4,0,1,2,15.58,19.695,82,12.998,5,1,10,1,0,0,0,0,1,5,0,-4.115,12.775599999999999,0,0
4,0,1,2,15.58,19.695,82,16.9979,6,1,10,1,0,0,0,0,0,6,0,-4.115,12.775599999999999,0,0
4,0,1,1,15.58,19.695,83,16.9979,7,1,10,1,0,1,0,0,0,7,0,-4.115,12.931400000000002,0,0
4,0,1,2,17.22,21.21,80,12.998,8,1,10,1,0,1,0,0,0,8,0,-3.990000000000002,13.776,0,0
4,0,1,2,17.22,21.21,77,15.0013,9,1,10,1,0,1,0,0,0,9,0,-3.990000000000002,13.259399999999998,0,0
4,0,1,2,18.04,21.97,75,15.0013,10,1,10,1,0,0,0,0,0,10,0,-3.9299999999999997,13.53,0,0
4,0,1,2,19.68,23.485,69,12.998,11,1,10,1,0,0,0,0,0,11,0,-3.8049999999999997,13.5792,0,0
4,0,1,2,19.68,23.485,69,12.998,12,1,10,1,0,0,0,0,0,12,0,-3.8049999999999997,13.5792,0,0
4,0,1,2,20.5,24.24,67,8.9981,13,1,10,1,0,0,0,0,0,13,0,-3.7399999999999984,13.735,0,0
4,0,1,2,22.14,25.76,64,12.998,14,1,10,1,0,0,0,0,0,14,0,-3.620000000000001,14.1696,0,0
4,0,1,2,21.32,25.0,63,11.0014,15,1,10,1,0,0,0,0,0,15,0,-3.6799999999999997,13.431600000000001,0,0
4,0,1,2,20.5,24.24,72,11.0014,16,1,10,1,0,0,0,0,0,16,0,-3.7399999999999984,14.76,0,0
4,0,1,2,21.32,25.0,68,11.0014,17,1,10,1,0,0,1,0,0,17,0,-3.6799999999999997,14.4976,0,0
4,0,1,2,20.5,24.24,72,15.0013,18,1,10,1,0,0,1,0,0,18,0,-3.7399999999999984,14.76,0,0
4,0,1,2,20.5,24.24,72,11.0014,19,1,10,1,0,0,1,0,0,19,0,-3.7399999999999984,14.76,0,0
4,0,1,2,20.5,24.24,72,11.0014,20,1,10,1,0,0,0,0,0,20,0,-3.7399999999999984,14.76,0,0
4,0,1,2,19.68,23.485,77,8.9981,21,1,10,1,0,0,0,0,0,21,0,-3.8049999999999997,15.153599999999999,0,0
4,0,1,2,19.68,23.485,77,6.0032,22,1,10,1,0,0,0,0,0,22,0,-3.8049999999999997,15.153599999999999,0,0
4,0,1,2,19.68,23.485,77,6.0032,23,1,10,1,0,0,0,0,0,23,0,-3.8049999999999997,15.153599999999999,0,0
4,0,1,2,18.86,22.725,88,6.0032,0,2,10,1,0,0,0,0,1,0,0,-3.865000000000002,16.596799999999998,0,0
4,0,1,2,18.86,22.725,88,0.0,1,2,10,1,0,0,0,0,1,1,0,-3.865000000000002,16.596799999999998,0,0
4,0,1,2,18.86,22.725,88,0.0,2,2,10,1,0,0,0,0,1,2,0,-3.865000000000002,16.596799999999998,0,0
4,0,1,2,18.86,22.725,88,0.0,3,2,10,1,0,0,0,0,1,3,0,-3.865000000000002,16.596799999999998,0,0
4,0,1,2,18.86,22.725,88,7.0015,4,2,10,1,0,0,0,0,1,4,0,-3.865000000000002,16.596799999999998,0,0
4,0,1,2,18.86,22.725,88,6.0032,5,2,10,1,0,0,0,0,1,5,0,-3.865000000000002,16.596799999999998,0,0
4,0,1,2,18.86,22.725,88,6.0032,6,2,10,1,0,0,0,0,0,6,0,-3.865000000000002,16.596799999999998,0,0
4,0,1,1,18.86,22.725,82,7.0015,7,2,10,1,0,1,0,0,0,7,0,-3.865000000000002,15.4652,0,0
4,0,1,1,20.5,24.24,77,11.0014,8,2,10,1,0,1,0,0,0,8,0,-3.7399999999999984,15.785,0,0
4,0,1,1,22.14,25.76,60,19.0012,9,2,10,1,0,1,0,0,0,9,0,-3.620000000000001,13.284,0,0
4,0,1,1,22.96,26.515,52,19.9995,10,2,10,1,0,0,0,0,0,10,0,-3.5549999999999997,11.939200000000001,0,0
4,0,1,1,22.14,25.76,52,12.998,11,2,10,1,0,0,0,0,0,11,0,-3.620000000000001,11.5128,0,0
4,0,1,1,22.14,25.76,56,15.0013,12,2,10,1,0,0,0,0,0,12,0,-3.620000000000001,12.398400000000002,0,0
4,0,1,1,22.96,26.515,49,0.0,13,2,10,1,0,0,0,0,0,13,0,-3.5549999999999997,11.250399999999999,0,0
4,0,1,1,24.6,31.06,40,11.0014,14,2,10,1,0,0,0,0,0,14,0,-6.459999999999997,9.84,0,0
4,0,1,1,24.6,31.06,40,11.0014,15,2,10,1,0,0,0,0,0,15,0,-6.459999999999997,9.84,0,0
4,0,1,1,24.6,31.06,40,15.0013,16,2,10,1,0,0,0,0,0,16,0,-6.459999999999997,9.84,0,0
4,0,1,1,23.78,27.275,43,15.0013,17,2,10,1,0,0,1,0,0,17,0,-3.4949999999999974,10.2254,0,0
4,0,1,2,22.96,26.515,49,11.0014,18,2,10,1,0,0,1,0,0,18,0,-3.5549999999999997,11.250399999999999,0,0
4,0,1,2,22.96,26.515,46,39.0007,19,2,10,1,0,0,1,0,0,19,0,-3.5549999999999997,10.5616,0,0
4,0,1,1,21.32,25.0,48,32.9975,20,2,10,1,0,0,0,0,0,20,0,-3.6799999999999997,10.233600000000001,0,0
4,0,1,1,20.5,24.24,51,23.9994,21,2,10,1,0,0,0,0,0,21,0,-3.7399999999999984,10.455,0,0
4,0,1,1,18.86,22.725,55,19.9995,22,2,10,1,0,0,0,0,0,22,0,-3.865000000000002,10.373,0,0
4,0,1,1,18.04,21.97,58,12.998,23,2,10,1,0,0,0,0,0,23,0,-3.9299999999999997,10.463199999999999,0,0
4,0,1,1,18.04,21.97,51,8.9981,0,3,10,1,0,0,0,0,1,0,0,-3.9299999999999997,9.2004,0,0
4,0,1,1,18.04,21.97,47,12.998,1,3,10,1,0,0,0,0,1,1,0,-3.9299999999999997,8.4788,0,0
4,0,1,1,17.22,21.21,50,8.9981,2,3,10,1,0,0,0,0,1,2,0,-3.990000000000002,8.61,0,0
4,0,1,1,17.22,21.21,47,19.9995,3,3,10,1,0,0,0,0,1,3,0,-3.990000000000002,8.093399999999999,0,0
4,0,1,1,16.4,20.455,50,16.9979,4,3,10,1,0,0,0,0,1,4,0,-4.055,8.2,0,0
4,0,1,1,14.76,17.425,50,11.0014,5,3,10,1,0,0,0,0,1,5,0,-2.665000000000001,7.38,0,0
4,0,1,1,14.76,17.425,50,11.0014,6,3,10,1,0,0,0,0,0,6,0,-2.665000000000001,7.38,0,0
4,0,1,1,14.76,16.665,50,16.9979,7,3,10,1,0,1,0,0,0,7,0,-1.9049999999999994,7.38,0,0
4,0,1,1,15.58,19.695,46,26.0027,8,3,10,1,0,1,0,0,0,8,0,-4.115,7.166799999999999,0,0
4,0,1,1,16.4,20.455,43,26.0027,9,3,10,1,0,1,0,0,0,9,0,-4.055,7.052,0,0
4,0,1,1,18.04,21.97,41,23.9994,10,3,10,1,0,0,0,0,0,10,0,-3.9299999999999997,7.3964,0,0
4,0,1,1,18.86,22.725,36,0.0,11,3,10,1,0,0,0,0,0,11,0,-3.865000000000002,6.7896,0,0
4,0,1,1,18.86,22.725,36,0.0,12,3,10,1,0,0,0,0,0,12,0,-3.865000000000002,6.7896,0,0
4,0,1,1,20.5,24.24,31,7.0015,13,3,10,1,0,0,0,0,0,13,0,-3.7399999999999984,6.355,0,0
4,0,1,1,21.32,25.0,32,6.0032,14,3,10,1,0,0,0,0,0,14,0,-3.6799999999999997,6.8224,0,0
4,0,1,1,21.32,25.0,34,11.0014,15,3,10,1,0,0,0,0,0,15,0,-3.6799999999999997,7.2488,0,0
4,0,1,1,20.5,24.24,36,8.9981,16,3,10,1,0,0,0,0,0,16,0,-3.7399999999999984,7.38,0,0
4,0,1,1,20.5,24.24,39,19.0012,17,3,10,1,0,0,1,0,0,17,0,-3.7399999999999984,7.995,0,0
4,0,1,1,18.86,22.725,44,11.0014,18,3,10,1,0,0,1,0,0,18,0,-3.865000000000002,8.298399999999999,0,0
4,0,1,1,18.04,21.97,51,8.9981,19,3,10,1,0,0,1,0,0,19,0,-3.9299999999999997,9.2004,0,0
4,0,1,1,17.22,21.21,62,11.0014,20,3,10,1,0,0,0,0,0,20,0,-3.990000000000002,10.6764,0,0
4,0,1,1,17.22,21.21,62,8.9981,21,3,10,1,0,0,0,0,0,21,0,-3.990000000000002,10.6764,0,0
4,0,1,1,16.4,20.455,66,11.0014,22,3,10,1,0,0,0,0,0,22,0,-4.055,10.823999999999998,0,0
4,0,1,1,17.22,21.21,58,6.0032,23,3,10,1,0,0,0,0,0,23,0,-3.990000000000002,9.9876,0,0
4,0,1,1,16.4,20.455,66,7.0015,0,4,10,1,0,0,0,0,1,0,0,-4.055,10.823999999999998,0,0
4,0,1,1,16.4,20.455,66,6.0032,1,4,10,1,0,0,0,0,1,1,0,-4.055,10.823999999999998,0,0
4,0,1,1,16.4,20.455,66,6.0032,2,4,10,1,0,0,0,0,1,2,0,-4.055,10.823999999999998,0,0
4,0,1,1,14.76,18.18,76,6.0032,3,4,10,1,0,0,0,0,1,3,0,-3.42,11.2176,0,0
4,0,1,1,14.76,18.18,76,7.0015,4,4,10,1,0,0,0,0,1,4,0,-3.42,11.2176,0,0
4,0,1,1,14.76,18.18,81,6.0032,5,4,10,1,0,0,0,0,1,5,0,-3.42,11.955599999999999,0,0
4,0,1,1,13.94,17.425,81,6.0032,6,4,10,1,0,0,0,0,0,6,0,-3.485000000000001,11.2914,0,0
4,0,1,1,14.76,18.18,81,6.0032,7,4,10,1,0,1,0,0,0,7,0,-3.42,11.955599999999999,0,0
4,0,1,1,17.22,21.21,71,6.0032,8,4,10,1,0,1,0,0,0,8,0,-3.990000000000002,12.226199999999999,0,0
4,0,1,1,20.5,24.24,39,19.9995,9,4,10,1,0,1,0,0,0,9,0,-3.7399999999999984,7.995,0,0
4,0,1,1,21.32,25.0,36,19.9995,10,4,10,1,0,0,0,0,0,10,0,-3.6799999999999997,7.6752,0,0
4,0,1,1,22.14,25.76,37,23.9994,11,4,10,1,0,0,0,0,0,11,0,-3.620000000000001,8.1918,0,0
4,0,1,1,22.14,25.76,39,31.0009,12,4,10,1,0,0,0,0,0,12,0,-3.620000000000001,8.6346,0,0
4,0,1,1,22.96,26.515,37,26.0027,13,4,10,1,0,0,0,0,0,13,0,-3.5549999999999997,8.4952,0,0
4,0,1,1,22.96,26.515,37,31.0009,14,4,10,1,0,0,0,0,0,14,0,-3.5549999999999997,8.4952,0,0
4,0,1,1,21.32,25.0,42,30.0026,15,4,10,1,0,0,0,0,0,15,0,-3.6799999999999997,8.9544,0,0
4,0,1,1,18.86,22.725,41,23.9994,16,4,10,1,0,0,0,0,0,16,0,-3.865000000000002,7.7326,0,0
4,0,1,1,18.86,22.725,38,26.0027,17,4,10,1,0,0,1,0,0,17,0,-3.865000000000002,7.166799999999999,0,0
4,0,1,1,18.04,21.97,38,19.9995,18,4,10,1,0,0,1,0,0,18,0,-3.9299999999999997,6.8552,0,0
4,0,1,1,17.22,21.21,41,15.0013,19,4,10,1,0,0,1,0,0,19,0,-3.990000000000002,7.0602,0,0
4,0,1,1,17.22,21.21,47,8.9981,20,4,10,1,0,0,0,0,0,20,0,-3.990000000000002,8.093399999999999,0,0
4,0,1,1,16.4,20.455,54,12.998,21,4,10,1,0,0,0,0,0,21,0,-4.055,8.856,0,0
4,0,1,1,16.4,20.455,47,19.9995,22,4,10,1,0,0,0,0,0,22,0,-4.055,7.707999999999999,0,0
4,0,1,1,14.76,17.425,57,12.998,23,4,10,1,0,0,0,0,0,23,0,-2.665000000000001,8.4132,0,0
4,0,0,1,14.76,18.18,57,6.0032,0,5,10,1,1,0,0,0,1,0,0,-3.42,8.4132,0,0
4,0,0,1,13.94,16.665,53,8.9981,1,5,10,1,1,0,0,0,1,0,1,-2.7249999999999996,7.388199999999999,0,0
4,0,0,1,13.94,16.665,53,12.998,2,5,10,1,1,0,0,0,1,0,2,-2.7249999999999996,7.388199999999999,0,0
4,0,0,1,13.12,15.15,66,15.0013,3,5,10,1,1,0,0,0,1,0,3,-2.030000000000001,8.6592,0,0
4,0,0,1,12.3,15.15,65,11.0014,4,5,10,1,1,0,0,0,1,0,4,-2.8499999999999996,7.995,0,0
4,0,0,1,12.3,14.395,61,12.998,5,5,10,1,1,0,0,0,1,0,5,-2.094999999999999,7.503000000000001,0,0
4,0,0,1,12.3,14.395,61,12.998,6,5,10,1,1,0,0,0,0,0,6,-2.094999999999999,7.503000000000001,0,0
4,0,0,1,12.3,15.15,61,11.0014,7,5,10,1,1,0,0,0,0,0,7,-2.8499999999999996,7.503000000000001,0,0
4,0,0,1,13.94,17.425,53,7.0015,8,5,10,1,1,0,0,0,0,0,8,-3.485000000000001,7.388199999999999,0,0
4,0,0,1,14.76,18.18,50,6.0032,9,5,10,1,1,0,0,0,0,0,9,-3.42,7.38,0,0
4,0,0,1,16.4,20.455,43,0.0,10,5,10,1,1,0,0,0,0,0,10,-4.055,7.052,0,0
4,0,0,1,17.22,21.21,35,8.9981,11,5,10,1,1,0,0,1,0,0,11,-3.990000000000002,6.026999999999999,0,0
4,0,0,1,18.04,21.97,35,0.0,12,5,10,1,1,0,0,1,0,0,12,-3.9299999999999997,6.314,0,0
4,0,0,1,18.86,22.725,36,12.998,13,5,10,1,1,0,0,1,0,0,13,-3.865000000000002,6.7896,0,0
4,0,0,1,19.68,23.485,33,12.998,14,5,10,1,1,0,0,1,0,0,14,-3.8049999999999997,6.4944,0,0
4,0,0,1,20.5,24.24,36,12.998,15,5,10,1,1,0,0,1,0,0,15,-3.7399999999999984,7.38,0,0
4,0,0,1,20.5,24.24,31,12.998,16,5,10,1,1,0,0,1,0,0,16,-3.7399999999999984,6.355,0,0
4,0,0,1,18.86,22.725,38,11.0014,17,5,10,1,1,0,0,0,0,0,17,-3.865000000000002,7.166799999999999,0,0
4,0,0,1,18.86,22.725,44,8.9981,18,5,10,1,1,0,0,0,0,0,18,-3.865000000000002,8.298399999999999,0,0
4,0,0,1,18.04,21.97,44,11.0014,19,5,10,1,1,0,0,0,0,0,19,-3.9299999999999997,7.9376,0,0
4,0,0,1,16.4,20.455,54,6.0032,20,5,10,1,1,0,0,0,0,0,20,-4.055,8.856,0,0
4,0,0,1,16.4,20.455,58,12.998,21,5,10,1,1,0,0,0,0,0,21,-4.055,9.511999999999999,0,0
4,0,0,1,16.4,20.455,62,0.0,22,5,10,1,1,0,0,0,0,0,22,-4.055,10.168,0,0
4,0,0,1,17.22,21.21,58,19.9995,23,5,10,1,1,0,0,0,0,0,23,-3.990000000000002,9.9876,0,0
4,0,0,1,16.4,20.455,71,16.9979,0,6,10,1,1,0,0,0,1,0,0,-4.055,11.643999999999998,0,0
4,0,0,1,17.22,21.21,77,19.0012,1,6,10,1,1,0,0,0,1,0,1,-3.990000000000002,13.259399999999998,0,0
4,0,0,1,16.4,20.455,76,6.0032,2,6,10,1,1,0,0,0,1,0,2,-4.055,12.463999999999999,0,0
4,0,0,1,17.22,21.21,77,19.9995,3,6,10,1,1,0,0,0,1,0,3,-3.990000000000002,13.259399999999998,0,0
4,0,0,1,17.22,21.21,77,19.0012,4,6,10,1,1,0,0,0,1,0,4,-3.990000000000002,13.259399999999998,0,0
4,0,0,1,16.4,20.455,82,12.998,5,6,10,1,1,0,0,0,1,0,5,-4.055,13.448,0,0
4,0,0,1,16.4,20.455,82,11.0014,6,6,10,1,1,0,0,0,0,0,6,-4.055,13.448,0,0
4,0,0,1,17.22,21.21,82,15.0013,7,6,10,1,1,0,0,0,0,0,7,-3.990000000000002,14.1204,0,0
4,0,0,1,18.04,21.97,77,12.998,8,6,10,1,1,0,0,0,0,0,8,-3.9299999999999997,13.890799999999999,0,0
4,0,0,2,19.68,23.485,67,19.0012,9,6,10,1,1,0,0,0,0,0,9,-3.8049999999999997,13.185599999999999,0,0
4,0,0,1,22.14,25.76,56,12.998,10,6,10,1,1,0,0,0,0,0,10,-3.620000000000001,12.398400000000002,0,0
4,0,0,1,22.96,26.515,52,19.9995,11,6,10,1,1,0,0,1,0,0,11,-3.5549999999999997,11.939200000000001,0,0
4,0,0,1,25.42,31.06,46,22.0028,12,6,10,1,1,0,0,1,0,0,12,-5.639999999999997,11.693200000000001,0,0
4,0,0,1,26.24,31.06,41,30.0026,13,6,10,1,1,0,0,1,0,0,13,-4.82,10.7584,0,0
4,0,0,1,27.06,31.06,39,27.9993,14,6,10,1,1,0,0,1,0,0,14,-4.0,10.5534,0,0
4,0,0,1,27.06,31.06,39,27.9993,15,6,10,1,1,0,0,1,0,0,15,-4.0,10.5534,0,0
4,0,0,1,26.24,31.06,41,19.9995,16,6,10,1,1,0,0,1,0,0,16,-4.82,10.7584,0,0
4,0,0,1,26.24,31.06,44,12.998,17,6,10,1,1,0,0,0,0,0,17,-4.82,11.5456,0,0
4,0,0,1,23.78,27.275,60,16.9979,18,6,10,1,1,0,0,0,0,0,18,-3.4949999999999974,14.268000000000002,0,0
4,0,0,1,22.96,26.515,64,15.0013,19,6,10,1,1,0,0,0,0,0,19,-3.5549999999999997,14.6944,0,0
4,0,0,1,22.14,25.76,73,15.0013,20,6,10,1,1,0,0,0,0,0,20,-3.620000000000001,16.1622,0,0
4,0,0,1,22.96,26.515,73,30.0026,21,6,10,1,1,0,0,0,0,0,21,-3.5549999999999997,16.760800000000003,0,0
4,0,0,1,22.96,26.515,73,26.0027,22,6,10,1,1,0,0,0,0,0,22,-3.5549999999999997,16.760800000000003,0,0
4,0,0,2,22.96,26.515,68,19.0012,23,6,10,1,1,0,0,0,0,0,23,-3.5549999999999997,15.6128,0,0
4,0,1,2,22.96,26.515,73,16.9979,0,0,10,1,0,0,0,0,1,0,0,-3.5549999999999997,16.760800000000003,0,0
4,0,1,2,23.78,27.275,64,26.0027,1,0,10,1,0,0,0,0,1,1,0,-3.4949999999999974,15.2192,0,0
4,0,1,2,23.78,27.275,64,23.9994,2,0,10,1,0,0,0,0,1,2,0,-3.4949999999999974,15.2192,0,0
4,0,1,2,22.96,26.515,73,16.9979,3,0,10,1,0,0,0,0,1,3,0,-3.5549999999999997,16.760800000000003,0,0
4,0,1,2,22.96,26.515,68,15.0013,4,0,10,1,0,0,0,0,1,4,0,-3.5549999999999997,15.6128,0,0
4,0,1,2,22.96,26.515,73,19.0012,5,0,10,1,0,0,0,0,1,5,0,-3.5549999999999997,16.760800000000003,0,0
4,0,1,2,22.96,26.515,73,19.9995,6,0,10,1,0,0,0,0,0,6,0,-3.5549999999999997,16.760800000000003,0,0
4,0,1,2,23.78,27.275,68,22.0028,7,0,10,1,0,1,0,0,0,7,0,-3.4949999999999974,16.1704,0,0
4,0,1,2,24.6,30.305,64,26.0027,8,0,10,1,0,1,0,0,0,8,0,-5.704999999999998,15.744000000000002,0,0
4,0,1,3,24.6,29.545,69,26.0027,9,0,10,1,0,1,0,0,0,9,0,-4.945,16.974,0,1
4,0,1,2,24.6,29.545,73,26.0027,10,0,10,1,0,0,0,0,0,10,0,-4.945,17.958000000000002,0,0
4,0,1,2,24.6,29.545,73,26.0027,11,0,10,1,0,0,0,0,0,11,0,-4.945,17.958000000000002,0,0
4,0,1,3,24.6,28.79,78,22.0028,12,0,10,1,0,0,0,0,0,12,0,-4.189999999999998,19.188000000000002,0,1
4,0,1,2,22.96,26.515,88,15.0013,13,0,10,1,0,0,0,0,0,13,0,-3.5549999999999997,20.2048,0,0
4,0,1,2,24.6,28.79,78,19.0012,14,0,10,1,0,0,0,0,0,14,0,-4.189999999999998,19.188000000000002,0,0
4,0,1,1,24.6,28.79,78,22.0028,15,0,10,1,0,0,0,0,0,15,0,-4.189999999999998,19.188000000000002,0,0
4,0,1,1,22.96,26.515,64,19.9995,16,0,10,1,0,0,0,0,0,16,0,-3.5549999999999997,14.6944,0,0
4,0,1,1,22.96,26.515,64,16.9979,17,0,10,1,0,0,1,0,0,17,0,-3.5549999999999997,14.6944,0,0
4,0,1,3,22.14,25.76,77,8.9981,18,0,10,1,0,0,1,0,0,18,0,-3.620000000000001,17.0478,0,1
4,0,1,3,21.32,25.0,83,6.0032,19,0,10,1,0,0,1,0,0,19,0,-3.6799999999999997,17.6956,0,1
4,0,1,2,21.32,25.0,72,26.0027,20,0,10,1,0,0,0,0,0,20,0,-3.6799999999999997,15.3504,0,0
4,0,1,1,21.32,25.0,59,22.0028,21,0,10,1,0,0,0,0,0,21,0,-3.6799999999999997,12.578800000000001,0,0
4,0,1,1,20.5,24.24,59,19.0012,22,0,10,1,0,0,0,0,0,22,0,-3.7399999999999984,12.095,0,0
4,0,1,1,18.86,22.725,63,15.0013,23,0,10,1,0,0,0,0,0,23,0,-3.865000000000002,11.8818,0,0
4,0,1,1,18.86,22.725,63,26.0027,0,1,10,1,0,0,0,0,1,0,0,-3.865000000000002,11.8818,0,0
4,0,1,1,18.04,21.97,67,12.998,1,1,10,1,0,0,0,0,1,1,0,-3.9299999999999997,12.086799999999998,0,0
4,0,1,1,18.04,21.97,67,8.9981,2,1,10,1,0,0,0,0,1,2,0,-3.9299999999999997,12.086799999999998,0,0
4,0,1,1,17.22,21.21,67,7.0015,3,1,10,1,0,0,0,0,1,3,0,-3.990000000000002,11.5374,0,0
4,0,1,1,17.22,21.21,67,11.0014,4,1,10,1,0,0,0,0,1,4,0,-3.990000000000002,11.5374,0,0
4,0,1,1,17.22,21.21,67,16.9979,5,1,10,1,0,0,0,0,1,5,0,-3.990000000000002,11.5374,0,0
4,0,1,1,17.22,21.21,67,11.0014,6,1,10,1,0,0,0,0,0,6,0,-3.990000000000002,11.5374,0,0
4,0,1,1,17.22,21.21,67,6.0032,7,1,10,1,0,1,0,0,0,7,0,-3.990000000000002,11.5374,0,0
4,0,1,1,18.04,21.97,62,0.0,8,1,10,1,0,1,0,0,0,8,0,-3.9299999999999997,11.184800000000001,0,0
4,0,1,1,19.68,23.485,55,16.9979,9,1,10,1,0,1,0,0,0,9,0,-3.8049999999999997,10.824000000000002,0,0
4,0,1,1,20.5,24.24,48,19.0012,10,1,10,1,0,0,0,0,0,10,0,-3.7399999999999984,9.84,0,0
4,0,1,1,20.5,24.24,45,27.9993,11,1,10,1,0,0,0,0,0,11,0,-3.7399999999999984,9.225,0,0
4,0,1,2,21.32,25.0,45,22.0028,12,1,10,1,0,0,0,0,0,12,0,-3.6799999999999997,9.594,0,0
4,0,1,1,21.32,25.0,45,19.0012,13,1,10,1,0,0,0,0,0,13,0,-3.6799999999999997,9.594,0,0
4,0,1,1,22.14,25.76,39,16.9979,14,1,10,1,0,0,0,0,0,14,0,-3.620000000000001,8.6346,0,0
4,0,1,1,22.14,25.76,41,22.0028,15,1,10,1,0,0,0,0,0,15,0,-3.620000000000001,9.0774,0,0
4,0,1,1,22.14,25.76,39,19.0012,16,1,10,1,0,0,0,0,0,16,0,-3.620000000000001,8.6346,0,0
4,0,1,1,21.32,25.0,39,12.998,17,1,10,1,0,0,1,0,0,17,0,-3.6799999999999997,8.3148,0,0
4,0,1,1,20.5,24.24,42,11.0014,18,1,10,1,0,0,1,0,0,18,0,-3.7399999999999984,8.61,0,0
4,0,1,1,19.68,23.485,48,0.0,19,1,10,1,0,0,1,0,0,19,0,-3.8049999999999997,9.4464,0,0
4,0,1,1,18.86,22.725,55,0.0,20,1,10,1,0,0,0,0,0,20,0,-3.865000000000002,10.373,0,0
4,0,1,1,18.86,22.725,63,0.0,21,1,10,1,0,0,0,0,0,21,0,-3.865000000000002,11.8818,0,0
4,0,1,1,16.4,20.455,71,6.0032,22,1,10,1,0,0,0,0,0,22,0,-4.055,11.643999999999998,0,0
4,0,1,1,16.4,20.455,71,0.0,23,1,10,1,0,0,0,0,0,23,0,-4.055,11.643999999999998,0,0
4,0,1,1,15.58,19.695,76,0.0,0,2,10,1,0,0,0,0,1,0,0,-4.115,11.8408,0,0
4,0,1,1,15.58,19.695,76,0.0,1,2,10,1,0,0,0,0,1,1,0,-4.115,11.8408,0,0
4,0,1,1,15.58,19.695,76,0.0,2,2,10,1,0,0,0,0,1,2,0,-4.115,11.8408,0,0
4,0,1,1,14.76,18.94,87,0.0,3,2,10,1,0,0,0,0,1,3,0,-4.1800000000000015,12.841199999999999,0,0
4,0,1,1,14.76,18.18,81,6.0032,4,2,10,1,0,0,0,0,1,4,0,-3.42,11.955599999999999,0,0
4,0,1,2,14.76,18.94,81,0.0,5,2,10,1,0,0,0,0,1,5,0,-4.1800000000000015,11.955599999999999,0,0
4,0,1,1,15.58,19.695,82,0.0,6,2,10,1,0,0,0,0,0,6,0,-4.115,12.775599999999999,0,0
4,0,1,1,14.76,18.18,81,7.0015,7,2,10,1,0,1,0,0,0,7,0,-3.42,11.955599999999999,0,0
4,0,1,2,16.4,20.455,76,0.0,8,2,10,1,0,1,0,0,0,8,0,-4.055,12.463999999999999,0,0
4,0,1,2,17.22,21.21,77,0.0,9,2,10,1,0,1,0,0,0,9,0,-3.990000000000002,13.259399999999998,0,0
4,0,1,2,18.86,22.725,67,0.0,10,2,10,1,0,0,0,0,0,10,0,-3.865000000000002,12.636199999999999,0,0
4,0,1,2,20.5,24.24,51,6.0032,11,2,10,1,0,0,0,0,0,11,0,-3.7399999999999984,10.455,0,0
4,0,1,2,21.32,25.0,48,11.0014,12,2,10,1,0,0,0,0,0,12,0,-3.6799999999999997,10.233600000000001,0,0
4,0,1,2,22.14,25.76,49,8.9981,13,2,10,1,0,0,0,0,0,13,0,-3.620000000000001,10.848600000000001,0,0
4,0,1,2,22.96,26.515,43,11.0014,14,2,10,1,0,0,0,0,0,14,0,-3.5549999999999997,9.872800000000002,0,0
4,0,1,2,23.78,27.275,43,15.0013,15,2,10,1,0,0,0,0,0,15,0,-3.4949999999999974,10.2254,0,0
4,0,1,1,22.96,26.515,52,12.998,16,2,10,1,0,0,0,0,0,16,0,-3.5549999999999997,11.939200000000001,0,0
4,0,1,1,22.14,25.76,56,7.0015,17,2,10,1,0,0,1,0,0,17,0,-3.620000000000001,12.398400000000002,0,0
4,0,1,1,21.32,25.0,59,11.0014,18,2,10,1,0,0,1,0,0,18,0,-3.6799999999999997,12.578800000000001,0,0
4,0,1,1,20.5,24.24,72,12.998,19,2,10,1,0,0,1,0,0,19,0,-3.7399999999999984,14.76,0,0
4,0,1,1,20.5,24.24,72,8.9981,20,2,10,1,0,0,0,0,0,20,0,-3.7399999999999984,14.76,0,0
4,0,1,1,18.86,22.725,82,12.998,21,2,10,1,0,0,0,0,0,21,0,-3.865000000000002,15.4652,0,0
4,0,1,1,18.86,22.725,88,16.9979,22,2,10,1,0,0,0,0,0,22,0,-3.865000000000002,16.596799999999998,0,0
4,0,1,1,18.86,22.725,88,15.0013,23,2,10,1,0,0,0,0,0,23,0,-3.865000000000002,16.596799999999998,0,0
4,0,1,1,18.86,22.725,88,12.998,0,3,10,1,0,0,0,0,1,0,0,-3.865000000000002,16.596799999999998,0,0
4,0,1,1,18.86,22.725,82,15.0013,1,3,10,1,0,0,0,0,1,1,0,-3.865000000000002,15.4652,0,0
4,0,1,1,18.86,22.725,82,12.998,2,3,10,1,0,0,0,0,1,2,0,-3.865000000000002,15.4652,0,0
4,0,1,1,18.04,21.97,88,15.0013,3,3,10,1,0,0,0,0,1,3,0,-3.9299999999999997,15.8752,0,0
4,0,1,1,18.04,21.97,88,15.0013,4,3,10,1,0,0,0,0,1,4,0,-3.9299999999999997,15.8752,0,0
4,0,1,1,18.04,21.97,82,15.0013,5,3,10,1,0,0,0,0,1,5,0,-3.9299999999999997,14.7928,0,0
4,0,1,1,18.04,21.97,88,19.9995,6,3,10,1,0,0,0,0,0,6,0,-3.9299999999999997,15.8752,0,0
4,0,1,1,18.04,21.97,88,16.9979,7,3,10,1,0,1,0,0,0,7,0,-3.9299999999999997,15.8752,0,0
4,0,1,1,18.86,22.725,82,16.9979,8,3,10,1,0,1,0,0,0,8,0,-3.865000000000002,15.4652,0,0
4,0,1,2,20.5,24.24,77,11.0014,9,3,10,1,0,1,0,0,0,9,0,-3.7399999999999984,15.785,0,0
4,0,1,2,21.32,25.0,68,15.0013,10,3,10,1,0,0,0,0,0,10,0,-3.6799999999999997,14.4976,0,0
4,0,1,2,22.96,26.515,56,15.0013,11,3,10,1,0,0,0,0,0,11,0,-3.5549999999999997,12.8576,0,0
4,0,1,2,24.6,31.06,53,16.9979,12,3,10,1,0,0,0,0,0,12,0,-6.459999999999997,13.038000000000002,0,0
4,0,1,1,25.42,31.06,53,23.9994,13,3,10,1,0,0,0,0,0,13,0,-5.639999999999997,13.4726,0,0
4,0,1,2,25.42,31.06,50,19.9995,14,3,10,1,0,0,0,0,0,14,0,-5.639999999999997,12.71,0,0
4,0,1,2,24.6,30.305,60,12.998,15,3,10,1,0,0,0,0,0,15,0,-5.704999999999998,14.76,0,0
4,0,1,1,24.6,31.06,56,19.0012,16,3,10,1,0,0,0,0,0,16,0,-6.459999999999997,13.776000000000002,0,0
4,0,1,2,23.78,27.275,64,22.0028,17,3,10,1,0,0,1,0,0,17,0,-3.4949999999999974,15.2192,0,0
4,0,1,2,22.96,26.515,64,22.0028,18,3,10,1,0,0,1,0,0,18,0,-3.5549999999999997,14.6944,0,0
4,0,1,2,22.96,26.515,68,19.9995,19,3,10,1,0,0,1,0,0,19,0,-3.5549999999999997,15.6128,0,0
4,0,1,2,22.96,26.515,68,16.9979,20,3,10,1,0,0,0,0,0,20,0,-3.5549999999999997,15.6128,0,0
4,0,1,2,22.14,25.76,77,12.998,21,3,10,1,0,0,0,0,0,21,0,-3.620000000000001,17.0478,0,0
4,0,1,2,22.14,25.76,83,12.998,22,3,10,1,0,0,0,0,0,22,0,-3.620000000000001,18.3762,0,0
4,0,1,2,22.14,25.76,83,0.0,23,3,10,1,0,0,0,0,0,23,0,-3.620000000000001,18.3762,0,0
4,0,1,2,22.96,26.515,83,7.0015,0,4,10,1,0,0,0,0,1,0,0,-3.5549999999999997,19.0568,0,0
4,0,1,3,22.14,25.76,88,0.0,1,4,10,1,0,0,0,0,1,1,0,-3.620000000000001,19.4832,0,1
4,0,1,2,22.14,25.76,88,0.0,2,4,10,1,0,0,0,0,1,2,0,-3.620000000000001,19.4832,0,0
4,0,1,2,22.96,26.515,83,0.0,3,4,10,1,0,0,0,0,1,3,0,-3.5549999999999997,19.0568,0,0
4,0,1,2,22.96,26.515,83,0.0,4,4,10,1,0,0,0,0,1,4,0,-3.5549999999999997,19.0568,0,0
4,0,1,2,22.14,25.76,88,0.0,5,4,10,1,0,0,0,0,1,5,0,-3.620000000000001,19.4832,0,0
4,0,1,3,22.14,25.76,94,11.0014,6,4,10,1,0,0,0,0,0,6,0,-3.620000000000001,20.8116,0,1
4,0,1,3,22.14,25.76,94,0.0,7,4,10,1,0,1,0,0,0,7,0,-3.620000000000001,20.8116,0,1
4,0,1,2,22.14,25.76,94,7.0015,8,4,10,1,0,1,0,0,0,8,0,-3.620000000000001,20.8116,0,0
4,0,1,2,22.14,25.76,94,7.0015,9,4,10,1,0,1,0,0,0,9,0,-3.620000000000001,20.8116,0,0
4,0,1,2,23.78,27.275,88,12.998,10,4,10,1,0,0,0,0,0,10,0,-3.4949999999999974,20.926400000000005,0,0
4,0,1,1,24.6,28.03,83,12.998,11,4,10,1,0,0,0,0,0,11,0,-3.4299999999999997,20.418000000000003,0,0
4,0,1,1,26.24,30.305,69,15.0013,12,4,10,1,0,0,0,0,0,12,0,-4.065000000000001,18.1056,0,0
4,0,1,1,25.42,29.545,73,15.0013,13,4,10,1,0,0,0,0,0,13,0,-4.125,18.5566,0,0
4,0,1,1,27.06,31.06,61,16.9979,14,4,10,1,0,0,0,0,0,14,0,-4.0,16.5066,0,0
4,0,1,1,26.24,30.305,65,19.9995,15,4,10,1,0,0,0,0,0,15,0,-4.065000000000001,17.055999999999997,0,0
4,0,1,3,25.42,30.305,69,23.9994,16,4,10,1,0,0,0,0,0,16,0,-4.884999999999998,17.5398,0,1
4,0,1,3,25.42,30.305,69,23.9994,17,4,10,1,0,0,1,0,0,17,0,-4.884999999999998,17.5398,0,1
4,0,1,1,22.96,26.515,83,7.0015,18,4,10,1,0,0,1,0,0,18,0,-3.5549999999999997,19.0568,0,0
4,0,1,1,22.14,25.76,88,11.0014,19,4,10,1,0,0,1,0,0,19,0,-3.620000000000001,19.4832,0,0
4,0,1,1,21.32,25.0,77,12.998,20,4,10,1,0,0,0,0,0,20,0,-3.6799999999999997,16.4164,0,0
4,0,1,1,20.5,24.24,77,0.0,21,4,10,1,0,0,0,0,0,21,0,-3.7399999999999984,15.785,0,0
4,0,1,1,20.5,24.24,77,6.0032,22,4,10,1,0,0,0,0,0,22,0,-3.7399999999999984,15.785,0,0
4,0,1,1,18.86,22.725,88,7.0015,23,4,10,1,0,0,0,0,0,23,0,-3.865000000000002,16.596799999999998,0,0
4,0,1,1,14.76,18.18,57,6.0032,0,3,11,1,0,0,0,0,1,0,0,-3.42,8.4132,0,0
4,0,1,1,12.3,15.91,75,7.0015,1,3,11,1,0,0,0,0,1,1,0,-3.6099999999999994,9.225,0,0
4,0,1,1,13.12,16.665,66,8.9981,2,3,11,1,0,0,0,0,1,2,0,-3.545,8.6592,0,0
4,0,1,1,13.94,16.665,61,8.9981,3,3,11,1,0,0,0,0,1,3,0,-2.7249999999999996,8.5034,0,0
4,0,1,2,13.94,17.425,66,7.0015,4,3,11,1,0,0,0,0,1,4,0,-3.485000000000001,9.2004,0,0
4,0,1,1,13.94,16.665,66,8.9981,5,3,11,1,0,0,0,0,1,5,0,-2.7249999999999996,9.2004,0,0
4,0,1,1,13.94,16.665,61,11.0014,6,3,11,1,0,0,0,0,0,6,0,-2.7249999999999996,8.5034,0,0
4,0,1,2,14.76,17.425,57,11.0014,7,3,11,1,0,1,0,0,0,7,0,-2.665000000000001,8.4132,0,0
4,0,1,2,14.76,18.94,56,7.0015,8,3,11,1,0,1,0,0,0,8,0,-4.1800000000000015,8.2656,0,0
4,0,1,3,14.76,18.18,57,7.0015,9,3,11,1,0,1,0,0,0,9,0,-3.42,8.4132,0,1
4,0,1,3,14.76,17.425,62,12.998,10,3,11,1,0,0,0,0,0,10,0,-2.665000000000001,9.1512,0,1
4,0,1,3,14.76,17.425,62,12.998,11,3,11,1,0,0,0,0,0,11,0,-2.665000000000001,9.1512,0,1
4,0,1,3,15.58,19.695,62,11.0014,12,3,11,1,0,0,0,0,0,12,0,-4.115,9.659600000000001,0,1
4,0,1,2,16.4,20.455,58,11.0014,13,3,11,1,0,0,0,0,0,13,0,-4.055,9.511999999999999,0,0
4,0,1,2,16.4,20.455,50,15.0013,14,3,11,1,0,0,0,0,0,14,0,-4.055,8.2,0,0
4,0,1,2,16.4,20.455,54,11.0014,15,3,11,1,0,0,0,0,0,15,0,-4.055,8.856,0,0
4,0,1,2,16.4,20.455,54,11.0014,16,3,11,1,0,0,0,0,0,16,0,-4.055,8.856,0,0
4,0,1,3,16.4,20.455,50,15.0013,17,3,11,1,0,0,1,0,0,17,0,-4.055,8.2,0,1
4,0,1,2,16.4,20.455,50,11.0014,18,3,11,1,0,0,1,0,0,18,0,-4.055,8.2,0,0
4,0,1,2,16.4,20.455,50,11.0014,19,3,11,1,0,0,1,0,0,19,0,-4.055,8.2,0,0
4,0,1,2,15.58,19.695,54,16.9979,20,3,11,1,0,0,0,0,0,20,0,-4.115,8.4132,0,0
4,0,1,2,15.58,19.695,54,8.9981,21,3,11,1,0,0,0,0,0,21,0,-4.115,8.4132,0,0
4,0,1,1,14.76,17.425,57,11.0014,22,3,11,1,0,0,0,0,0,22,0,-2.665000000000001,8.4132,0,0
4,0,1,1,13.94,16.665,57,11.0014,23,3,11,1,0,0,0,0,0,23,0,-2.7249999999999996,7.945799999999999,0,0
4,0,1,1,13.94,16.665,57,11.0014,0,4,11,1,0,0,0,0,1,0,0,-2.7249999999999996,7.945799999999999,0,0
4,0,1,1,13.12,15.91,66,11.0014,1,4,11,1,0,0,0,0,1,1,0,-2.790000000000001,8.6592,0,0
4,0,1,1,13.12,15.91,66,11.0014,2,4,11,1,0,0,0,0,1,2,0,-2.790000000000001,8.6592,0,0
4,0,1,1,12.3,15.15,70,11.0014,3,4,11,1,0,0,0,0,1,3,0,-2.8499999999999996,8.61,0,0
4,0,1,1,12.3,15.91,70,7.0015,4,4,11,1,0,0,0,0,1,4,0,-3.6099999999999994,8.61,0,0
4,0,1,2,13.12,15.91,66,11.0014,5,4,11,1,0,0,0,0,1,5,0,-2.790000000000001,8.6592,0,0
4,0,1,1,12.3,15.15,70,11.0014,6,4,11,1,0,0,0,0,0,6,0,-2.8499999999999996,8.61,0,0
4,0,1,2,12.3,15.15,70,8.9981,7,4,11,1,0,1,0,0,0,7,0,-2.8499999999999996,8.61,0,0
4,0,1,1,13.12,16.665,57,7.0015,8,4,11,1,0,1,0,0,0,8,0,-3.545,7.478399999999999,0,0
4,0,1,1,13.94,17.425,53,7.0015,9,4,11,1,0,1,0,0,0,9,0,-3.485000000000001,7.388199999999999,0,0
4,0,1,1,15.58,19.695,46,19.9995,10,4,11,1,0,0,0,0,0,10,0,-4.115,7.166799999999999,0,0
4,0,1,1,17.22,21.21,41,27.9993,11,4,11,1,0,0,0,0,0,11,0,-3.990000000000002,7.0602,0,0
4,0,1,1,17.22,21.21,41,23.9994,12,4,11,1,0,0,0,0,0,12,0,-3.990000000000002,7.0602,0,0
4,0,1,1,16.4,20.455,43,23.9994,13,4,11,1,0,0,0,0,0,13,0,-4.055,7.052,0,0
4,0,1,2,16.4,20.455,40,32.9975,14,4,11,1,0,0,0,0,0,14,0,-4.055,6.56,0,0
4,0,1,2,16.4,20.455,40,27.9993,15,4,11,1,0,0,0,0,0,15,0,-4.055,6.56,0,0
4,0,1,1,15.58,19.695,40,22.0028,16,4,11,1,0,0,0,0,0,16,0,-4.115,6.232,0,0
4,0,1,1,15.58,19.695,40,22.0028,17,4,11,1,0,0,1,0,0,17,0,-4.115,6.232,0,0
4,0,1,2,15.58,19.695,43,22.0028,18,4,11,1,0,0,1,0,0,18,0,-4.115,6.699400000000001,0,0
4,0,1,2,15.58,19.695,43,19.9995,19,4,11,1,0,0,1,0,0,19,0,-4.115,6.699400000000001,0,0
4,0,1,2,14.76,16.665,46,27.9993,20,4,11,1,0,0,0,0,0,20,0,-1.9049999999999994,6.7896,0,0
4,0,1,2,14.76,16.665,46,23.9994,21,4,11,1,0,0,0,0,0,21,0,-1.9049999999999994,6.7896,0,0
4,0,1,1,14.76,16.665,46,16.9979,22,4,11,1,0,0,0,0,0,22,0,-1.9049999999999994,6.7896,0,0
4,0,1,1,13.94,15.15,53,19.9995,23,4,11,1,0,0,0,0,0,23,0,-1.2100000000000009,7.388199999999999,0,0
4,0,0,1,13.94,16.665,53,11.0014,0,5,11,1,1,0,0,0,1,0,0,-2.7249999999999996,7.388199999999999,0,0
4,0,0,2,13.94,15.15,49,22.0028,1,5,11,1,1,0,0,0,1,0,1,-1.2100000000000009,6.8306,0,0
4,0,0,2,13.94,15.91,49,16.9979,2,5,11,1,1,0,0,0,1,0,2,-1.9700000000000006,6.8306,0,0
4,0,0,2,13.94,15.91,49,16.9979,3,5,11,1,1,0,0,0,1,0,3,-1.9700000000000006,6.8306,0,0
4,0,0,2,13.12,15.15,49,19.9995,4,5,11,1,1,0,0,0,1,0,4,-2.030000000000001,6.4288,0,0
4,0,0,2,13.12,15.15,49,16.9979,5,5,11,1,1,0,0,0,1,0,5,-2.030000000000001,6.4288,0,0
4,0,0,2,13.12,15.91,49,12.998,6,5,11,1,1,0,0,0,0,0,6,-2.790000000000001,6.4288,0,0
4,0,0,2,13.12,15.15,49,16.9979,7,5,11,1,1,0,0,0,0,0,7,-2.030000000000001,6.4288,0,0
4,0,0,2,13.94,15.15,46,19.9995,8,5,11,1,1,0,0,0,0,0,8,-1.2100000000000009,6.4124,0,0
4,0,0,2,13.94,15.15,49,19.9995,9,5,11,1,1,0,0,0,0,0,9,-1.2100000000000009,6.8306,0,0
4,0,0,1,14.76,16.665,46,26.0027,10,5,11,1,1,0,0,0,0,0,10,-1.9049999999999994,6.7896,0,0
4,0,0,2,14.76,16.665,46,26.0027,11,5,11,1,1,0,0,1,0,0,11,-1.9049999999999994,6.7896,0,0
4,0,0,2,14.76,15.91,46,31.0009,12,5,11,1,1,0,0,1,0,0,12,-1.1500000000000004,6.7896,0,0
4,0,0,2,14.76,16.665,46,23.9994,13,5,11,1,1,0,0,1,0,0,13,-1.9049999999999994,6.7896,0,0
4,0,0,2,14.76,16.665,50,22.0028,14,5,11,1,1,0,0,1,0,0,14,-1.9049999999999994,7.38,0,0
4,0,0,2,14.76,15.91,46,30.0026,15,5,11,1,1,0,0,1,0,0,15,-1.1500000000000004,6.7896,0,0
4,0,0,2,14.76,16.665,46,22.0028,16,5,11,1,1,0,0,1,0,0,16,-1.9049999999999994,6.7896,0,0
4,0,0,2,14.76,16.665,46,19.9995,17,5,11,1,1,0,0,0,0,0,17,-1.9049999999999994,6.7896,0,0
4,0,0,2,14.76,16.665,46,19.0012,18,5,11,1,1,0,0,0,0,0,18,-1.9049999999999994,6.7896,0,0
4,0,0,1,14.76,17.425,50,11.0014,19,5,11,1,1,0,0,0,0,0,19,-2.665000000000001,7.38,0,0
4,0,0,1,13.94,16.665,53,8.9981,20,5,11,1,1,0,0,0,0,0,20,-2.7249999999999996,7.388199999999999,0,0
4,0,0,1,13.94,17.425,53,7.0015,21,5,11,1,1,0,0,0,0,0,21,-3.485000000000001,7.388199999999999,0,0
4,0,0,1,13.12,16.665,57,7.0015,22,5,11,1,1,0,0,0,0,0,22,-3.545,7.478399999999999,0,0
4,0,0,1,13.12,16.665,57,7.0015,23,5,11,1,1,0,0,0,0,0,23,-3.545,7.478399999999999,0,0
4,0,0,1,12.3,15.91,61,7.0015,0,6,11,1,1,0,0,0,1,0,0,-3.6099999999999994,7.503000000000001,0,0
4,0,0,1,10.66,14.395,81,6.0032,1,6,11,1,1,0,0,0,1,0,1,-3.7349999999999994,8.6346,0,0
4,0,0,1,12.3,16.665,65,0.0,2,6,11,1,1,0,0,0,1,0,2,-4.364999999999998,7.995,0,0
4,0,0,1,11.48,14.395,61,7.0015,3,6,11,1,1,0,0,0,1,0,3,-2.914999999999999,7.0028,0,0
4,0,0,1,10.66,13.635,65,8.9981,4,6,11,1,1,0,0,0,1,0,4,-2.9749999999999996,6.928999999999999,0,0
4,0,0,1,10.66,13.635,65,7.0015,5,6,11,1,1,0,0,0,1,0,5,-2.9749999999999996,6.928999999999999,0,0
4,0,0,1,11.48,14.395,61,8.9981,6,6,11,1,1,0,0,0,0,0,6,-2.914999999999999,7.0028,0,0
4,0,0,1,10.66,13.635,65,7.0015,7,6,11,1,1,0,0,0,0,0,7,-2.9749999999999996,6.928999999999999,0,0
4,0,0,1,12.3,15.15,56,8.9981,8,6,11,1,1,0,0,0,0,0,8,-2.8499999999999996,6.888000000000001,0,0
4,0,0,1,13.12,16.665,53,0.0,9,6,11,1,1,0,0,0,0,0,9,-3.545,6.9536,0,0
4,0,0,1,13.94,16.665,49,12.998,10,6,11,1,1,0,0,0,0,0,10,-2.7249999999999996,6.8306,0,0
4,0,0,1,15.58,19.695,46,15.0013,11,6,11,1,1,0,0,1,0,0,11,-4.115,7.166799999999999,0,0
4,0,0,1,15.58,19.695,46,15.0013,12,6,11,1,1,0,0,1,0,0,12,-4.115,7.166799999999999,0,0
4,0,0,1,16.4,20.455,43,15.0013,13,6,11,1,1,0,0,1,0,0,13,-4.055,7.052,0,0
4,0,0,1,16.4,20.455,40,12.998,14,6,11,1,1,0,0,1,0,0,14,-4.055,6.56,0,0
4,0,0,1,16.4,20.455,40,15.0013,15,6,11,1,1,0,0,1,0,0,15,-4.055,6.56,0,0
4,0,0,1,16.4,20.455,40,22.0028,16,6,11,1,1,0,0,1,0,0,16,-4.055,6.56,0,0
4,0,0,1,14.76,17.425,43,12.998,17,6,11,1,1,0,0,0,0,0,17,-2.665000000000001,6.346799999999999,0,0
4,0,0,1,14.76,17.425,43,15.0013,18,6,11,1,1,0,0,0,0,0,18,-2.665000000000001,6.346799999999999,0,0
4,0,0,1,14.76,16.665,43,16.9979,19,6,11,1,1,0,0,0,0,0,19,-1.9049999999999994,6.346799999999999,0,0
4,0,0,1,13.12,14.395,53,23.9994,20,6,11,1,1,0,0,0,0,0,20,-1.2750000000000004,6.9536,0,0
4,0,0,1,12.3,13.635,52,19.9995,21,6,11,1,1,0,0,0,0,0,21,-1.334999999999999,6.396,0,0
4,0,0,1,12.3,14.395,52,19.0012,22,6,11,1,1,0,0,0,0,0,22,-2.094999999999999,6.396,0,0
4,0,0,2,12.3,15.15,56,11.0014,23,6,11,1,1,0,0,0,0,0,23,-2.8499999999999996,6.888000000000001,0,0
4,0,1,2,12.3,14.395,56,12.998,0,0,11,1,0,0,0,0,1,0,0,-2.094999999999999,6.888000000000001,0,0
4,0,1,2,12.3,15.15,56,11.0014,1,0,11,1,0,0,0,0,1,1,0,-2.8499999999999996,6.888000000000001,0,0
4,0,1,2,12.3,15.15,56,11.0014,2,0,11,1,0,0,0,0,1,2,0,-2.8499999999999996,6.888000000000001,0,0
4,0,1,2,12.3,14.395,56,15.0013,3,0,11,1,0,0,0,0,1,3,0,-2.094999999999999,6.888000000000001,0,0
4,0,1,2,12.3,14.395,52,16.9979,4,0,11,1,0,0,0,0,1,4,0,-2.094999999999999,6.396,0,0
4,0,1,2,12.3,13.635,52,22.0028,5,0,11,1,0,0,0,0,1,5,0,-1.334999999999999,6.396,0,0
4,0,1,2,12.3,14.395,49,19.0012,6,0,11,1,0,0,0,0,0,6,0,-2.094999999999999,6.027,0,0
4,0,1,2,12.3,14.395,49,16.9979,7,0,11,1,0,1,0,0,0,7,0,-2.094999999999999,6.027,0,0
4,0,1,2,12.3,14.395,49,15.0013,8,0,11,1,0,1,0,0,0,8,0,-2.094999999999999,6.027,0,0
4,0,1,2,12.3,14.395,52,19.0012,9,0,11,1,0,1,0,0,0,9,0,-2.094999999999999,6.396,0,0
4,0,1,1,13.12,15.15,49,19.0012,10,0,11,1,0,0,0,0,0,10,0,-2.030000000000001,6.4288,0,0
4,0,1,1,13.94,15.91,46,15.0013,11,0,11,1,0,0,0,0,0,11,0,-1.9700000000000006,6.4124,0,0
4,0,1,1,14.76,16.665,43,22.0028,12,0,11,1,0,0,0,0,0,12,0,-1.9049999999999994,6.346799999999999,0,0
4,0,1,1,14.76,16.665,40,16.9979,13,0,11,1,0,0,0,0,0,13,0,-1.9049999999999994,5.904,0,0
4,0,1,1,15.58,19.695,40,11.0014,14,0,11,1,0,0,0,0,0,14,0,-4.115,6.232,0,0
4,0,1,1,15.58,19.695,40,19.0012,15,0,11,1,0,0,0,0,0,15,0,-4.115,6.232,0,0
4,0,1,1,14.76,16.665,43,19.0012,16,0,11,1,0,0,0,0,0,16,0,-1.9049999999999994,6.346799999999999,0,0
4,0,1,1,13.94,15.91,46,15.0013,17,0,11,1,0,0,1,0,0,17,0,-1.9700000000000006,6.4124,0,0
4,0,1,1,13.94,15.91,46,15.0013,18,0,11,1,0,0,1,0,0,18,0,-1.9700000000000006,6.4124,0,0
4,0,1,1,13.12,15.91,49,11.0014,19,0,11,1,0,0,1,0,0,19,0,-2.790000000000001,6.4288,0,0
4,0,1,1,13.12,15.15,49,16.9979,20,0,11,1,0,0,0,0,0,20,0,-2.030000000000001,6.4288,0,0
4,0,1,1,12.3,14.395,52,19.0012,21,0,11,1,0,0,0,0,0,21,0,-2.094999999999999,6.396,0,0
4,0,1,1,11.48,13.635,56,12.998,22,0,11,1,0,0,0,0,0,22,0,-2.1549999999999994,6.4288,0,0
4,0,1,1,10.66,13.635,60,8.9981,23,0,11,1,0,0,0,0,0,23,0,-2.9749999999999996,6.396,0,0
4,0,1,1,9.84,12.88,60,7.0015,0,1,11,1,0,0,0,0,1,0,0,-3.040000000000001,5.904,0,0
4,0,1,1,9.84,12.12,60,11.0014,1,1,11,1,0,0,0,0,1,1,0,-2.2799999999999994,5.904,0,0
4,0,1,1,9.84,12.88,65,6.0032,2,1,11,1,0,0,0,0,1,2,0,-3.040000000000001,6.396,0,0
4,0,1,1,9.02,12.12,64,7.0015,3,1,11,1,0,0,0,0,1,3,0,-3.0999999999999996,5.7728,0,0
4,0,1,1,9.02,12.88,69,6.0032,4,1,11,1,0,0,0,0,1,4,0,-3.860000000000001,6.2238,0,0
4,0,1,2,9.02,11.365,64,12.998,5,1,11,1,0,0,0,0,1,5,0,-2.3450000000000006,5.7728,0,0
4,0,1,1,9.02,11.365,69,8.9981,6,1,11,1,0,0,0,0,0,6,0,-2.3450000000000006,6.2238,0,0
4,0,1,1,8.2,10.605,69,11.0014,7,1,11,1,0,1,0,0,0,7,0,-2.405000000000001,5.6579999999999995,0,0
4,0,1,1,9.02,11.365,69,11.0014,8,1,11,1,0,1,0,0,0,8,0,-2.3450000000000006,6.2238,0,0
4,0,1,1,10.66,12.88,60,11.0014,9,1,11,1,0,1,0,0,0,9,0,-2.2200000000000006,6.396,0,0
4,0,1,1,12.3,14.395,49,12.998,10,1,11,1,0,0,0,0,0,10,0,-2.094999999999999,6.027,0,0
4,0,1,1,13.12,16.665,45,8.9981,11,1,11,1,0,0,0,0,0,11,0,-3.545,5.904,0,0
4,0,1,1,13.12,16.665,45,8.9981,12,1,11,1,0,0,0,0,0,12,0,-3.545,5.904,0,0
4,0,1,1,13.94,16.665,46,8.9981,13,1,11,1,0,0,0,0,0,13,0,-2.7249999999999996,6.4124,0,0
4,0,1,1,14.76,18.18,40,7.0015,14,1,11,1,0,0,0,0,0,14,0,-3.42,5.904,0,0
4,0,1,1,13.94,15.91,46,16.9979,15,1,11,1,0,0,0,0,0,15,0,-1.9700000000000006,6.4124,0,0
4,0,1,1,13.94,16.665,46,11.0014,16,1,11,1,0,0,0,0,0,16,0,-2.7249999999999996,6.4124,0,0
4,0,1,1,13.12,15.15,53,15.0013,17,1,11,1,0,0,1,0,0,17,0,-2.030000000000001,6.9536,0,0
4,0,1,1,13.12,15.15,57,19.9995,18,1,11,1,0,0,1,0,0,18,0,-2.030000000000001,7.478399999999999,0,0
4,0,1,1,12.3,14.395,56,15.0013,19,1,11,1,0,0,1,0,0,19,0,-2.094999999999999,6.888000000000001,0,0
4,0,1,1,12.3,14.395,61,15.0013,20,1,11,1,0,0,0,0,0,20,0,-2.094999999999999,7.503000000000001,0,0
4,0,1,2,12.3,14.395,56,16.9979,21,1,11,1,0,0,0,0,0,21,0,-2.094999999999999,6.888000000000001,0,0
4,0,1,2,12.3,14.395,56,15.0013,22,1,11,1,0,0,0,0,0,22,0,-2.094999999999999,6.888000000000001,0,0
4,0,1,1,12.3,14.395,56,15.0013,23,1,11,1,0,0,0,0,0,23,0,-2.094999999999999,6.888000000000001,0,0
4,0,1,2,12.3,14.395,56,19.0012,0,2,11,1,0,0,0,0,1,0,0,-2.094999999999999,6.888000000000001,0,0
4,0,1,2,11.48,13.635,61,16.9979,1,2,11,1,0,0,0,0,1,1,0,-2.1549999999999994,7.0028,0,0
4,0,1,2,11.48,12.88,56,19.9995,2,2,11,1,0,0,0,0,1,2,0,-1.4000000000000004,6.4288,0,0
4,0,1,2,11.48,12.88,52,22.0028,3,2,11,1,0,0,0,0,1,3,0,-1.4000000000000004,5.969600000000001,0,0
4,0,1,2,11.48,12.88,52,19.9995,4,2,11,1,0,0,0,0,1,4,0,-1.4000000000000004,5.969600000000001,0,0
4,0,1,2,11.48,12.88,52,22.0028,5,2,11,1,0,0,0,0,1,5,0,-1.4000000000000004,5.969600000000001,0,0
4,0,1,2,10.66,12.12,56,19.0012,6,2,11,1,0,0,0,0,0,6,0,-1.459999999999999,5.969600000000001,0,0
4,0,1,2,10.66,11.365,56,19.9995,7,2,11,1,0,1,0,0,0,7,0,-0.7050000000000001,5.969600000000001,0,0
4,0,1,2,10.66,12.12,60,19.0012,8,2,11,1,0,1,0,0,0,8,0,-1.459999999999999,6.396,0,0
4,0,1,2,10.66,12.12,60,19.0012,9,2,11,1,0,1,0,0,0,9,0,-1.459999999999999,6.396,0,0
4,0,1,2,11.48,12.88,56,19.9995,10,2,11,1,0,0,0,0,0,10,0,-1.4000000000000004,6.4288,0,0
4,0,1,2,13.12,14.395,51,23.9994,11,2,11,1,0,0,0,0,0,11,0,-1.2750000000000004,6.6912,0,0
4,0,1,2,13.12,15.15,53,19.0012,12,2,11,1,0,0,0,0,0,12,0,-2.030000000000001,6.9536,0,0
4,0,1,2,13.12,15.15,53,16.9979,13,2,11,1,0,0,0,0,0,13,0,-2.030000000000001,6.9536,0,0
4,0,1,2,13.12,14.395,53,23.9994,14,2,11,1,0,0,0,0,0,14,0,-1.2750000000000004,6.9536,0,0
4,0,1,2,13.12,15.15,53,19.9995,15,2,11,1,0,0,0,0,0,15,0,-2.030000000000001,6.9536,0,0
4,0,1,2,13.12,14.395,53,23.9994,16,2,11,1,0,0,0,0,0,16,0,-1.2750000000000004,6.9536,0,0
4,0,1,2,13.12,14.395,53,26.0027,17,2,11,1,0,0,1,0,0,17,0,-1.2750000000000004,6.9536,0,0
4,0,1,2,13.12,14.395,53,23.9994,18,2,11,1,0,0,1,0,0,18,0,-1.2750000000000004,6.9536,0,0
4,0,1,2,12.3,13.635,56,19.9995,19,2,11,1,0,0,1,0,0,19,0,-1.334999999999999,6.888000000000001,0,0
4,0,1,2,13.12,15.15,49,22.0028,20,2,11,1,0,0,0,0,0,20,0,-2.030000000000001,6.4288,0,0
4,0,1,2,13.12,15.15,49,19.9995,21,2,11,1,0,0,0,0,0,21,0,-2.030000000000001,6.4288,0,0
4,0,1,3,12.3,14.395,56,16.9979,22,2,11,1,0,0,0,0,0,22,0,-2.094999999999999,6.888000000000001,0,1
4,0,1,3,11.48,13.635,65,15.0013,23,2,11,1,0,0,0,0,0,23,0,-2.1549999999999994,7.462000000000001,0,1
4,0,1,3,11.48,13.635,61,15.0013,0,3,11,1,0,0,0,0,1,0,0,-2.1549999999999994,7.0028,0,1
4,0,1,3,12.3,13.635,52,23.9994,1,3,11,1,0,0,0,0,1,1,0,-1.334999999999999,6.396,0,1
4,0,1,2,12.3,14.395,49,15.0013,2,3,11,1,0,0,0,0,1,2,0,-2.094999999999999,6.027,0,0
4,0,1,2,12.3,14.395,45,19.0012,4,3,11,1,0,0,0,0,1,4,0,-2.094999999999999,5.535,0,0
4,0,1,2,12.3,14.395,42,15.0013,5,3,11,1,0,0,0,0,1,5,0,-2.094999999999999,5.166,0,0
4,0,1,1,12.3,14.395,39,15.0013,6,3,11,1,0,0,0,0,0,6,0,-2.094999999999999,4.797000000000001,0,0
4,0,1,1,11.48,12.88,36,26.0027,7,3,11,1,0,1,0,0,0,7,0,-1.4000000000000004,4.1328000000000005,0,0
4,0,1,1,12.3,14.395,33,19.0012,8,3,11,1,0,1,0,0,0,8,0,-2.094999999999999,4.059,0,0
4,0,1,1,13.12,14.395,31,23.9994,9,3,11,1,0,1,0,0,0,9,0,-1.2750000000000004,4.0672,0,0
4,0,1,1,13.12,15.15,31,22.0028,10,3,11,1,0,0,0,0,0,10,0,-2.030000000000001,4.0672,0,0
4,0,1,1,14.76,16.665,29,26.0027,11,3,11,1,0,0,0,0,0,11,0,-1.9049999999999994,4.2804,0,0
4,0,1,1,16.4,20.455,24,32.9975,12,3,11,1,0,0,0,0,0,12,0,-4.055,3.9359999999999995,0,0
4,0,1,1,18.04,21.97,18,27.9993,13,3,11,1,0,0,0,0,0,13,0,-3.9299999999999997,3.2472,0,0
4,0,1,1,18.04,21.97,18,27.9993,14,3,11,1,0,0,0,0,0,14,0,-3.9299999999999997,3.2472,0,0
4,0,1,1,18.04,21.97,18,27.9993,15,3,11,1,0,0,0,0,0,15,0,-3.9299999999999997,3.2472,0,0
4,0,1,1,17.22,21.21,16,26.0027,16,3,11,1,0,0,0,0,0,16,0,-3.990000000000002,2.7552,0,0
4,0,1,1,16.4,20.455,20,19.9995,17,3,11,1,0,0,1,0,0,17,0,-4.055,3.28,0,0
4,0,1,1,16.4,20.455,24,27.9993,18,3,11,1,0,0,1,0,0,18,0,-4.055,3.9359999999999995,0,0
4,0,1,1,15.58,19.695,27,23.9994,19,3,11,1,0,0,1,0,0,19,0,-4.115,4.2066,0,0
4,0,1,1,15.58,19.695,29,31.0009,20,3,11,1,0,0,0,0,0,20,0,-4.115,4.5182,0,0
4,0,1,1,14.76,16.665,37,26.0027,21,3,11,1,0,0,0,0,0,21,0,-1.9049999999999994,5.4612,0,0
4,0,1,1,13.94,15.15,42,19.9995,22,3,11,1,0,0,0,0,0,22,0,-1.2100000000000009,5.8548,0,0
4,0,1,1,13.94,15.15,46,23.9994,23,3,11,1,0,0,0,0,0,23,0,-1.2100000000000009,6.4124,0,0
4,0,1,1,13.94,15.15,49,22.0028,0,4,11,1,0,0,0,0,1,0,0,-1.2100000000000009,6.8306,0,0
4,0,1,1,13.12,15.15,53,19.0012,1,4,11,1,0,0,0,0,1,1,0,-2.030000000000001,6.9536,0,0
4,0,1,1,13.12,15.15,53,16.9979,2,4,11,1,0,0,0,0,1,2,0,-2.030000000000001,6.9536,0,0
4,0,1,1,13.12,14.395,53,27.9993,3,4,11,1,0,0,0,0,1,3,0,-1.2750000000000004,6.9536,0,0
4,0,1,1,13.12,14.395,53,23.9994,4,4,11,1,0,0,0,0,1,4,0,-1.2750000000000004,6.9536,0,0
4,0,1,1,12.3,14.395,56,12.998,5,4,11,1,0,0,0,0,1,5,0,-2.094999999999999,6.888000000000001,0,0
4,0,1,1,10.66,13.635,65,7.0015,6,4,11,1,0,0,0,0,0,6,0,-2.9749999999999996,6.928999999999999,0,0
4,0,1,1,10.66,13.635,65,8.9981,7,4,11,1,0,1,0,0,0,7,0,-2.9749999999999996,6.928999999999999,0,0
4,0,1,1,13.12,15.91,57,11.0014,8,4,11,1,0,1,0,0,0,8,0,-2.790000000000001,7.478399999999999,0,0
4,0,1,1,13.94,15.15,53,27.9993,9,4,11,1,0,1,0,0,0,9,0,-1.2100000000000009,7.388199999999999,0,0
4,0,1,1,14.76,16.665,50,22.0028,10,4,11,1,0,0,0,0,0,10,0,-1.9049999999999994,7.38,0,0
4,0,1,1,16.4,20.455,47,19.9995,11,4,11,1,0,0,0,0,0,11,0,-4.055,7.707999999999999,0,0
4,0,1,1,18.04,21.97,41,22.0028,12,4,11,1,0,0,0,0,0,12,0,-3.9299999999999997,7.3964,0,0
4,0,1,1,18.86,22.725,38,19.9995,13,4,11,1,0,0,0,0,0,13,0,-3.865000000000002,7.166799999999999,0,0
4,0,1,1,18.86,22.725,38,12.998,14,4,11,1,0,0,0,0,0,14,0,-3.865000000000002,7.166799999999999,0,0
4,0,1,1,18.86,22.725,36,15.0013,15,4,11,1,0,0,0,0,0,15,0,-3.865000000000002,6.7896,0,0
4,0,1,1,18.86,22.725,38,11.0014,16,4,11,1,0,0,0,0,0,16,0,-3.865000000000002,7.166799999999999,0,0
4,0,1,1,17.22,21.21,44,8.9981,17,4,11,1,0,0,1,0,0,17,0,-3.990000000000002,7.5767999999999995,0,0
4,0,1,1,17.22,21.21,44,7.0015,18,4,11,1,0,0,1,0,0,18,0,-3.990000000000002,7.5767999999999995,0,0
4,0,1,1,13.94,17.425,71,6.0032,19,4,11,1,0,0,1,0,0,19,0,-3.485000000000001,9.8974,0,0
4,0,1,1,14.76,17.425,66,8.9981,20,4,11,1,0,0,0,0,0,20,0,-2.665000000000001,9.7416,0,0
4,0,1,1,13.94,18.18,76,0.0,21,4,11,1,0,0,0,0,0,21,0,-4.24,10.5944,0,0
4,0,1,1,13.94,17.425,71,7.0015,22,4,11,1,0,0,0,0,0,22,0,-3.485000000000001,9.8974,0,0
4,0,1,1,13.12,16.665,81,6.0032,23,4,11,1,0,0,0,0,0,23,0,-3.545,10.6272,0,0
4,0,0,1,13.12,16.665,76,6.0032,0,5,11,1,1,0,0,0,1,0,0,-3.545,9.9712,0,0
4,0,0,1,12.3,15.91,81,6.0032,1,5,11,1,1,0,0,0,1,0,1,-3.6099999999999994,9.963000000000001,0,0
4,0,0,1,13.12,17.425,81,0.0,2,5,11,1,1,0,0,0,1,0,2,-4.3050000000000015,10.6272,0,0
4,0,0,1,12.3,16.665,81,0.0,3,5,11,1,1,0,0,0,1,0,3,-4.364999999999998,9.963000000000001,0,0
4,0,0,1,10.66,13.635,87,7.0015,4,5,11,1,1,0,0,0,1,0,4,-2.9749999999999996,9.2742,0,0
4,0,0,1,11.48,15.91,87,0.0,5,5,11,1,1,0,0,0,1,0,5,-4.43,9.9876,0,0
4,0,0,1,9.84,12.88,93,6.0032,6,5,11,1,1,0,0,0,0,0,6,-3.040000000000001,9.1512,0,0
4,0,0,1,10.66,13.635,87,7.0015,7,5,11,1,1,0,0,0,0,0,7,-2.9749999999999996,9.2742,0,0
4,0,0,1,13.12,17.425,76,0.0,8,5,11,1,1,0,0,0,0,0,8,-4.3050000000000015,9.9712,0,0
4,0,0,1,14.76,17.425,66,12.998,9,5,11,1,1,0,0,0,0,0,9,-2.665000000000001,9.7416,0,0
4,0,0,1,16.4,20.455,58,0.0,10,5,11,1,1,0,0,0,0,0,10,-4.055,9.511999999999999,0,0
4,0,0,1,16.4,20.455,58,7.0015,11,5,11,1,1,0,0,1,0,0,11,-4.055,9.511999999999999,0,0
4,0,0,1,19.68,23.485,48,0.0,12,5,11,1,1,0,0,1,0,0,12,-3.8049999999999997,9.4464,0,0
4,0,0,1,21.32,25.0,39,0.0,13,5,11,1,1,0,0,1,0,0,13,-3.6799999999999997,8.3148,0,0
4,0,0,1,22.14,25.76,37,0.0,14,5,11,1,1,0,0,1,0,0,14,-3.620000000000001,8.1918,0,0
4,0,0,1,21.32,25.0,45,0.0,15,5,11,1,1,0,0,1,0,0,15,-3.6799999999999997,9.594,0,0
4,0,0,1,22.14,25.76,37,0.0,16,5,11,1,1,0,0,1,0,0,16,-3.620000000000001,8.1918,0,0
4,0,0,1,20.5,24.24,45,12.998,17,5,11,1,1,0,0,0,0,0,17,-3.7399999999999984,9.225,0,0
4,0,0,1,18.04,21.97,54,8.9981,18,5,11,1,1,0,0,0,0,0,18,-3.9299999999999997,9.7416,0,0
4,0,0,1,18.86,22.725,51,6.0032,19,5,11,1,1,0,0,0,0,0,19,-3.865000000000002,9.6186,0,0
4,0,0,1,18.04,21.97,54,0.0,20,5,11,1,1,0,0,0,0,0,20,-3.9299999999999997,9.7416,0,0
4,0,0,1,16.4,20.455,66,0.0,21,5,11,1,1,0,0,0,0,0,21,-4.055,10.823999999999998,0,0
4,0,0,1,15.58,19.695,71,6.0032,22,5,11,1,1,0,0,0,0,0,22,-4.115,11.0618,0,0
4,0,0,1,14.76,18.18,71,7.0015,23,5,11,1,1,0,0,0,0,0,23,-3.42,10.4796,0,0
4,0,0,1,13.94,17.425,81,6.0032,0,6,11,1,1,0,0,0,1,0,0,-3.485000000000001,11.2914,0,0
4,0,0,1,13.94,17.425,76,6.0032,1,6,11,1,1,0,0,0,1,0,1,-3.485000000000001,10.5944,0,0
4,0,0,1,13.12,16.665,87,7.0015,2,6,11,1,1,0,0,0,1,0,2,-3.545,11.414399999999999,0,0
4,0,0,1,13.94,18.18,81,0.0,3,6,11,1,1,0,0,0,1,0,3,-4.24,11.2914,0,0
4,0,0,1,13.12,16.665,81,7.0015,4,6,11,1,1,0,0,0,1,0,4,-3.545,10.6272,0,0
4,0,0,1,12.3,15.15,87,8.9981,5,6,11,1,1,0,0,0,1,0,5,-2.8499999999999996,10.701,0,0
4,0,0,1,12.3,15.91,87,6.0032,6,6,11,1,1,0,0,0,0,0,6,-3.6099999999999994,10.701,0,0
4,0,0,1,12.3,15.91,89,6.0032,7,6,11,1,1,0,0,0,0,0,7,-3.6099999999999994,10.947000000000001,0,0
4,0,0,1,13.12,16.665,87,7.0015,8,6,11,1,1,0,0,0,0,0,8,-3.545,11.414399999999999,0,0
4,0,0,1,14.76,18.94,77,0.0,9,6,11,1,1,0,0,0,0,0,9,-4.1800000000000015,11.3652,0,0
4,0,0,1,16.4,20.455,69,7.0015,10,6,11,1,1,0,0,0,0,0,10,-4.055,11.315999999999999,0,0
4,0,0,1,18.86,22.725,59,8.9981,11,6,11,1,1,0,0,1,0,0,11,-3.865000000000002,11.1274,0,0
4,0,0,1,20.5,24.24,48,6.0032,12,6,11,1,1,0,0,1,0,0,12,-3.7399999999999984,9.84,0,0
4,0,0,1,22.14,25.76,45,7.0015,13,6,11,1,1,0,0,1,0,0,13,-3.620000000000001,9.963000000000001,0,0
4,0,0,1,24.6,31.06,33,11.0014,14,6,11,1,1,0,0,1,0,0,14,-6.459999999999997,8.118,0,0
4,0,0,1,22.96,26.515,37,15.0013,15,6,11,1,1,0,0,1,0,0,15,-3.5549999999999997,8.4952,0,0
4,0,0,1,22.14,25.76,42,15.0013,16,6,11,1,1,0,0,1,0,0,16,-3.620000000000001,9.2988,0,0
4,0,0,1,22.14,25.76,45,11.0014,17,6,11,1,1,0,0,0,0,0,17,-3.620000000000001,9.963000000000001,0,0
4,0,0,1,21.32,25.0,45,8.9981,18,6,11,1,1,0,0,0,0,0,18,-3.6799999999999997,9.594,0,0
4,0,0,1,19.68,23.485,55,8.9981,19,6,11,1,1,0,0,0,0,0,19,-3.8049999999999997,10.824000000000002,0,0
4,0,0,1,18.04,21.97,62,11.0014,20,6,11,1,1,0,0,0,0,0,20,-3.9299999999999997,11.184800000000001,0,0
4,0,0,1,18.04,21.97,67,15.0013,21,6,11,1,1,0,0,0,0,0,21,-3.9299999999999997,12.086799999999998,0,0
4,0,0,1,17.22,21.21,71,12.998,22,6,11,1,1,0,0,0,0,0,22,-3.990000000000002,12.226199999999999,0,0
4,0,0,1,17.22,21.21,71,12.998,23,6,11,1,1,0,0,0,0,0,23,-3.990000000000002,12.226199999999999,0,0
4,1,0,1,17.22,21.21,71,7.0015,0,0,11,1,0,0,0,0,1,0,0,-3.990000000000002,12.226199999999999,0,0
4,1,0,1,16.4,20.455,76,11.0014,1,0,11,1,0,0,0,0,1,0,0,-4.055,12.463999999999999,0,0
4,1,0,1,16.4,20.455,76,8.9981,2,0,11,1,0,0,0,0,1,0,0,-4.055,12.463999999999999,0,0
4,1,0,1,16.4,20.455,76,8.9981,3,0,11,1,0,0,0,0,1,0,0,-4.055,12.463999999999999,0,0
4,1,0,1,16.4,20.455,76,6.0032,4,0,11,1,0,0,0,0,1,0,0,-4.055,12.463999999999999,0,0
4,1,0,1,15.58,19.695,87,0.0,5,0,11,1,0,0,0,0,1,0,0,-4.115,13.5546,0,0
4,1,0,1,15.58,19.695,87,7.0015,6,0,11,1,0,0,0,0,0,0,0,-4.115,13.5546,0,0
4,1,0,1,16.4,20.455,87,0.0,7,0,11,1,0,0,0,0,0,0,0,-4.055,14.267999999999999,0,0
4,1,0,1,17.22,21.21,82,11.0014,8,0,11,1,0,0,0,0,0,0,0,-3.990000000000002,14.1204,0,0
4,1,0,1,18.04,21.97,88,7.0015,9,0,11,1,0,0,0,0,0,0,0,-3.9299999999999997,15.8752,0,0
4,1,0,1,19.68,23.485,77,11.0014,10,0,11,1,0,0,0,0,0,0,0,-3.8049999999999997,15.153599999999999,0,0
4,1,0,1,21.32,25.0,72,11.0014,11,0,11,1,0,0,0,0,0,0,0,-3.6799999999999997,15.3504,0,0
4,1,0,1,22.96,26.515,64,15.0013,12,0,11,1,0,0,0,0,0,0,0,-3.5549999999999997,14.6944,0,0
4,1,0,1,24.6,30.305,60,15.0013,13,0,11,1,0,0,0,0,0,0,0,-5.704999999999998,14.76,0,0
4,1,0,1,23.78,27.275,60,19.0012,14,0,11,1,0,0,0,0,0,0,0,-3.4949999999999974,14.268000000000002,0,0
4,1,0,1,22.96,26.515,64,16.9979,15,0,11,1,0,0,0,0,0,0,0,-3.5549999999999997,14.6944,0,0
4,1,0,1,22.96,26.515,64,11.0014,16,0,11,1,0,0,0,0,0,0,0,-3.5549999999999997,14.6944,0,0
4,1,0,1,22.96,26.515,64,19.0012,17,0,11,1,0,0,0,0,0,0,0,-3.5549999999999997,14.6944,0,0
4,1,0,1,21.32,25.0,72,8.9981,18,0,11,1,0,0,0,0,0,0,0,-3.6799999999999997,15.3504,0,0
4,1,0,1,22.14,25.76,73,19.0012,19,0,11,1,0,0,0,0,0,0,0,-3.620000000000001,16.1622,0,0
4,1,0,2,21.32,25.0,77,19.0012,20,0,11,1,0,0,0,0,0,0,0,-3.6799999999999997,16.4164,0,0
4,1,0,3,22.14,25.76,73,15.0013,21,0,11,1,0,0,0,0,0,0,0,-3.620000000000001,16.1622,0,1
4,1,0,1,21.32,25.0,77,16.9979,22,0,11,1,0,0,0,0,0,0,0,-3.6799999999999997,16.4164,0,0
4,1,0,2,22.14,25.76,77,15.0013,23,0,11,1,0,0,0,0,0,0,0,-3.620000000000001,17.0478,0,0
4,0,1,2,21.32,25.0,83,19.0012,0,1,11,1,0,0,0,0,1,0,0,-3.6799999999999997,17.6956,0,0
4,0,1,3,18.04,21.97,88,43.0006,1,1,11,1,0,0,0,0,1,1,0,-3.9299999999999997,15.8752,0,1
4,0,1,3,14.76,15.91,87,30.0026,2,1,11,1,0,0,0,0,1,2,0,-1.1500000000000004,12.841199999999999,0,1
4,0,1,3,14.76,16.665,87,23.9994,3,1,11,1,0,0,0,0,1,3,0,-1.9049999999999994,12.841199999999999,0,1
4,0,1,2,14.76,16.665,81,26.0027,4,1,11,1,0,0,0,0,1,4,0,-1.9049999999999994,11.955599999999999,0,0
4,0,1,2,13.94,15.91,87,19.0012,5,1,11,1,0,0,0,0,1,5,0,-1.9700000000000006,12.1278,0,0
4,0,1,3,13.12,14.395,81,31.0009,6,1,11,1,0,0,0,0,0,6,0,-1.2750000000000004,10.6272,0,1
4,0,1,3,13.12,15.15,87,16.9979,7,1,11,1,0,1,0,0,0,7,0,-2.030000000000001,11.414399999999999,0,1
4,0,1,3,13.12,15.15,87,16.9979,8,1,11,1,0,1,0,0,0,8,0,-2.030000000000001,11.414399999999999,0,1
4,0,1,3,13.12,15.15,81,22.0028,9,1,11,1,0,1,0,0,0,9,0,-2.030000000000001,10.6272,0,1
4,0,1,3,12.3,13.635,75,26.0027,10,1,11,1,0,0,0,0,0,10,0,-1.334999999999999,9.225,0,1
4,0,1,1,13.12,15.15,70,16.9979,11,1,11,1,0,0,0,0,0,11,0,-2.030000000000001,9.184,0,0
4,0,1,1,13.94,15.91,61,19.0012,12,1,11,1,0,0,0,0,0,12,0,-1.9700000000000006,8.5034,0,0
4,0,1,1,13.94,15.91,53,16.9979,13,1,11,1,0,0,0,0,0,13,0,-1.9700000000000006,7.388199999999999,0,0
4,0,1,1,15.58,19.695,46,26.0027,14,1,11,1,0,0,0,0,0,14,0,-4.115,7.166799999999999,0,0
4,0,1,1,16.4,20.455,40,19.9995,15,1,11,1,0,0,0,0,0,15,0,-4.055,6.56,0,0
4,0,1,1,15.58,19.695,40,19.9995,16,1,11,1,0,0,0,0,0,16,0,-4.115,6.232,0,0
4,0,1,1,13.94,15.15,49,23.9994,17,1,11,1,0,0,1,0,0,17,0,-1.2100000000000009,6.8306,0,0
4,0,1,1,13.94,15.91,49,19.0012,18,1,11,1,0,0,1,0,0,18,0,-1.9700000000000006,6.8306,0,0
4,0,1,1,13.12,14.395,49,23.9994,19,1,11,1,0,0,1,0,0,19,0,-1.2750000000000004,6.4288,0,0
4,0,1,1,12.3,13.635,49,23.9994,20,1,11,1,0,0,0,0,0,20,0,-1.334999999999999,6.027,0,0
4,0,1,1,12.3,13.635,49,23.9994,21,1,11,1,0,0,0,0,0,21,0,-1.334999999999999,6.027,0,0
4,0,1,1,10.66,11.365,56,22.0028,22,1,11,1,0,0,0,0,0,22,0,-0.7050000000000001,5.969600000000001,0,0
4,0,1,1,10.66,11.365,56,19.9995,23,1,11,1,0,0,0,0,0,23,0,-0.7050000000000001,5.969600000000001,0,0
4,0,1,1,10.66,12.12,56,19.0012,0,2,11,1,0,0,0,0,1,0,0,-1.459999999999999,5.969600000000001,0,0
4,0,1,1,9.84,10.605,60,19.9995,1,2,11,1,0,0,0,0,1,1,0,-0.7650000000000006,5.904,0,0
4,0,1,1,9.84,10.605,60,19.9995,2,2,11,1,0,0,0,0,1,2,0,-0.7650000000000006,5.904,0,0
4,0,1,1,9.84,11.365,65,15.0013,3,2,11,1,0,0,0,0,1,3,0,-1.5250000000000004,6.396,0,0
4,0,1,1,9.02,11.365,69,12.998,4,2,11,1,0,0,0,0,1,4,0,-2.3450000000000006,6.2238,0,0
4,0,1,1,9.02,11.365,69,12.998,5,2,11,1,0,0,0,0,1,5,0,-2.3450000000000006,6.2238,0,0
4,0,1,1,9.84,11.365,65,12.998,6,2,11,1,0,0,0,0,0,6,0,-1.5250000000000004,6.396,0,0
4,0,1,1,9.84,10.605,65,19.0012,7,2,11,1,0,1,0,0,0,7,0,-0.7650000000000006,6.396,0,0
4,0,1,1,11.48,12.88,56,19.9995,8,2,11,1,0,1,0,0,0,8,0,-1.4000000000000004,6.4288,0,0
4,0,1,1,12.3,13.635,52,26.0027,9,2,11,1,0,1,0,0,0,9,0,-1.334999999999999,6.396,0,0
4,0,1,1,13.12,14.395,45,23.9994,10,2,11,1,0,0,0,0,0,10,0,-1.2750000000000004,5.904,0,0
4,0,1,1,13.12,15.15,49,16.9979,11,2,11,1,0,0,0,0,0,11,0,-2.030000000000001,6.4288,0,0
4,0,1,1,13.94,16.665,46,0.0,12,2,11,1,0,0,0,0,0,12,0,-2.7249999999999996,6.4124,0,0
4,0,1,1,14.76,16.665,43,16.9979,13,2,11,1,0,0,0,0,0,13,0,-1.9049999999999994,6.346799999999999,0,0
4,0,1,1,14.76,17.425,43,8.9981,14,2,11,1,0,0,0,0,0,14,0,-2.665000000000001,6.346799999999999,0,0
4,0,1,1,14.76,16.665,43,19.0012,15,2,11,1,0,0,0,0,0,15,0,-1.9049999999999994,6.346799999999999,0,0
4,0,1,1,13.94,17.425,46,7.0015,16,2,11,1,0,0,0,0,0,16,0,-3.485000000000001,6.4124,0,0
4,0,1,1,13.12,15.91,49,12.998,17,2,11,1,0,0,1,0,0,17,0,-2.790000000000001,6.4288,0,0
4,0,1,1,13.12,15.91,53,11.0014,18,2,11,1,0,0,1,0,0,18,0,-2.790000000000001,6.9536,0,0
4,0,1,1,12.3,15.15,52,11.0014,19,2,11,1,0,0,1,0,0,19,0,-2.8499999999999996,6.396,0,0
4,0,1,1,12.3,15.91,52,6.0032,20,2,11,1,0,0,0,0,0,20,0,-3.6099999999999994,6.396,0,0
4,0,1,1,12.3,16.665,56,0.0,21,2,11,1,0,0,0,0,0,21,0,-4.364999999999998,6.888000000000001,0,0
4,0,1,1,11.48,15.91,61,0.0,22,2,11,1,0,0,0,0,0,22,0,-4.43,7.0028,0,0
4,0,1,1,9.84,12.12,70,8.9981,23,2,11,1,0,0,0,0,0,23,0,-2.2799999999999994,6.888,0,0
4,0,1,2,10.66,15.15,65,0.0,0,3,11,1,0,0,0,0,1,0,0,-4.49,6.928999999999999,0,0
4,0,1,2,10.66,13.635,65,7.0015,1,3,11,1,0,0,0,0,1,1,0,-2.9749999999999996,6.928999999999999,0,0
4,0,1,2,10.66,12.88,70,11.0014,2,3,11,1,0,0,0,0,1,2,0,-2.2200000000000006,7.462000000000001,0,0
4,0,1,2,10.66,14.395,70,6.0032,3,3,11,1,0,0,0,0,1,3,0,-3.7349999999999994,7.462000000000001,0,0
4,0,1,2,11.48,14.395,65,8.9981,4,3,11,1,0,0,0,0,1,4,0,-2.914999999999999,7.462000000000001,0,0
4,0,1,2,12.3,14.395,61,15.0013,5,3,11,1,0,0,0,0,1,5,0,-2.094999999999999,7.503000000000001,0,0
4,0,1,2,12.3,14.395,65,16.9979,6,3,11,1,0,0,0,0,0,6,0,-2.094999999999999,7.995,0,0
4,0,1,2,12.3,14.395,65,12.998,7,3,11,1,0,1,0,0,0,7,0,-2.094999999999999,7.995,0,0
4,0,1,2,12.3,14.395,61,15.0013,8,3,11,1,0,1,0,0,0,8,0,-2.094999999999999,7.503000000000001,0,0
4,0,1,2,13.12,15.91,61,12.998,9,3,11,1,0,1,0,0,0,9,0,-2.790000000000001,8.0032,0,0
4,0,1,2,13.12,16.665,66,8.9981,10,3,11,1,0,0,0,0,0,10,0,-3.545,8.6592,0,0
4,0,1,2,13.94,16.665,61,8.9981,11,3,11,1,0,0,0,0,0,11,0,-2.7249999999999996,8.5034,0,0
4,0,1,2,14.76,18.18,62,7.0015,12,3,11,1,0,0,0,0,0,12,0,-3.42,9.1512,0,0
4,0,1,2,15.58,19.695,54,7.0015,13,3,11,1,0,0,0,0,0,13,0,-4.115,8.4132,0,0
4,0,1,2,15.58,19.695,54,11.0014,14,3,11,1,0,0,0,0,0,14,0,-4.115,8.4132,0,0
4,0,1,2,15.58,19.695,58,11.0014,15,3,11,1,0,0,0,0,0,15,0,-4.115,9.0364,0,0
4,0,1,2,14.76,17.425,57,12.998,16,3,11,1,0,0,0,0,0,16,0,-2.665000000000001,8.4132,0,0
4,0,1,2,14.76,17.425,57,15.0013,17,3,11,1,0,0,1,0,0,17,0,-2.665000000000001,8.4132,0,0
4,0,1,2,14.76,17.425,57,12.998,18,3,11,1,0,0,1,0,0,18,0,-2.665000000000001,8.4132,0,0
4,0,1,2,13.94,16.665,61,8.9981,19,3,11,1,0,0,1,0,0,19,0,-2.7249999999999996,8.5034,0,0
4,0,1,1,13.94,17.425,61,7.0015,20,3,11,1,0,0,0,0,0,20,0,-3.485000000000001,8.5034,0,0
4,0,1,2,13.12,16.665,66,7.0015,21,3,11,1,0,0,0,0,0,21,0,-3.545,8.6592,0,0
4,0,1,2,13.12,15.91,66,11.0014,22,3,11,1,0,0,0,0,0,22,0,-2.790000000000001,8.6592,0,0
4,0,1,2,13.12,15.91,61,11.0014,23,3,11,1,0,0,0,0,0,23,0,-2.790000000000001,8.0032,0,0
4,0,1,2,13.12,16.665,66,7.0015,0,4,11,1,0,0,0,0,1,0,0,-3.545,8.6592,0,0
4,0,1,2,12.3,15.91,65,6.0032,1,4,11,1,0,0,0,0,1,1,0,-3.6099999999999994,7.995,0,0
4,0,1,2,12.3,15.15,70,11.0014,2,4,11,1,0,0,0,0,1,2,0,-2.8499999999999996,8.61,0,0
4,0,1,2,12.3,15.15,65,8.9981,3,4,11,1,0,0,0,0,1,3,0,-2.8499999999999996,7.995,0,0
4,0,1,2,12.3,15.91,65,7.0015,4,4,11,1,0,0,0,0,1,4,0,-3.6099999999999994,7.995,0,0
4,0,1,2,12.3,15.91,65,6.0032,5,4,11,1,0,0,0,0,1,5,0,-3.6099999999999994,7.995,0,0
4,0,1,2,12.3,15.91,61,6.0032,6,4,11,1,0,0,0,0,0,6,0,-3.6099999999999994,7.503000000000001,0,0
4,0,1,2,12.3,15.15,61,11.0014,7,4,11,1,0,1,0,0,0,7,0,-2.8499999999999996,7.503000000000001,0,0
4,0,1,2,13.12,16.665,57,8.9981,8,4,11,1,0,1,0,0,0,8,0,-3.545,7.478399999999999,0,0
4,0,1,1,13.94,17.425,53,7.0015,9,4,11,1,0,1,0,0,0,9,0,-3.485000000000001,7.388199999999999,0,0
4,0,1,1,13.94,16.665,53,12.998,10,4,11,1,0,0,0,0,0,10,0,-2.7249999999999996,7.388199999999999,0,0
4,0,1,1,15.58,19.695,43,15.0013,11,4,11,1,0,0,0,0,0,11,0,-4.115,6.699400000000001,0,0
4,0,1,1,16.4,20.455,43,19.0012,12,4,11,1,0,0,0,0,0,12,0,-4.055,7.052,0,0
4,0,1,1,17.22,21.21,38,12.998,13,4,11,1,0,0,0,0,0,13,0,-3.990000000000002,6.543599999999999,0,0
4,0,1,1,17.22,21.21,35,7.0015,14,4,11,1,0,0,0,0,0,14,0,-3.990000000000002,6.026999999999999,0,0
4,0,1,1,17.22,21.21,38,8.9981,15,4,11,1,0,0,0,0,0,15,0,-3.990000000000002,6.543599999999999,0,0
4,0,1,1,17.22,21.21,35,19.0012,16,4,11,1,0,0,0,0,0,16,0,-3.990000000000002,6.026999999999999,0,0
4,0,1,1,14.76,17.425,46,12.998,17,4,11,1,0,0,1,0,0,17,0,-2.665000000000001,6.7896,0,0
4,0,1,1,13.94,16.665,53,11.0014,18,4,11,1,0,0,1,0,0,18,0,-2.7249999999999996,7.388199999999999,0,0
4,0,1,1,14.76,17.425,46,15.0013,19,4,11,1,0,0,1,0,0,19,0,-2.665000000000001,6.7896,0,0
4,0,1,1,14.76,16.665,46,16.9979,20,4,11,1,0,0,0,0,0,20,0,-1.9049999999999994,6.7896,0,0
4,0,1,1,13.94,16.665,49,12.998,21,4,11,1,0,0,0,0,0,21,0,-2.7249999999999996,6.8306,0,0
4,0,1,1,13.12,15.15,53,16.9979,22,4,11,1,0,0,0,0,0,22,0,-2.030000000000001,6.9536,0,0
4,0,1,1,13.12,15.15,53,15.0013,23,4,11,1,0,0,0,0,0,23,0,-2.030000000000001,6.9536,0,0
4,0,0,1,12.3,15.15,52,11.0014,0,5,11,1,1,0,0,0,1,0,0,-2.8499999999999996,6.396,0,0
4,0,0,1,10.66,12.88,60,12.998,1,5,11,1,1,0,0,0,1,0,1,-2.2200000000000006,6.396,0,0
4,0,0,1,10.66,12.88,65,12.998,2,5,11,1,1,0,0,0,1,0,2,-2.2200000000000006,6.928999999999999,0,0
4,0,0,1,10.66,12.88,65,12.998,3,5,11,1,1,0,0,0,1,0,3,-2.2200000000000006,6.928999999999999,0,0
4,0,0,1,9.84,11.365,70,12.998,4,5,11,1,1,0,0,0,1,0,4,-1.5250000000000004,6.888,0,0
4,0,0,1,9.84,12.12,70,11.0014,5,5,11,1,1,0,0,0,1,0,5,-2.2799999999999994,6.888,0,0
4,0,0,1,9.84,11.365,70,15.0013,6,5,11,1,1,0,0,0,0,0,6,-1.5250000000000004,6.888,0,0
4,0,0,1,9.84,11.365,70,12.998,7,5,11,1,1,0,0,0,0,0,7,-1.5250000000000004,6.888,0,0
4,0,0,1,10.66,12.88,65,15.0013,8,5,11,1,1,0,0,0,0,0,8,-2.2200000000000006,6.928999999999999,0,0
4,0,0,1,13.94,15.91,49,15.0013,9,5,11,1,1,0,0,0,0,0,9,-1.9700000000000006,6.8306,0,0
4,0,0,1,14.76,16.665,46,16.9979,10,5,11,1,1,0,0,0,0,0,10,-1.9049999999999994,6.7896,0,0
4,0,0,1,15.58,19.695,43,12.998,11,5,11,1,1,0,0,1,0,0,11,-4.115,6.699400000000001,0,0
4,0,0,1,16.4,20.455,40,11.0014,12,5,11,1,1,0,0,1,0,0,12,-4.055,6.56,0,0
4,0,0,1,17.22,21.21,38,16.9979,13,5,11,1,1,0,0,1,0,0,13,-3.990000000000002,6.543599999999999,0,0
4,0,0,1,17.22,21.21,38,12.998,14,5,11,1,1,0,0,1,0,0,14,-3.990000000000002,6.543599999999999,0,0
4,0,0,1,17.22,21.21,35,19.9995,15,5,11,1,1,0,0,1,0,0,15,-3.990000000000002,6.026999999999999,0,0
4,0,0,1,16.4,20.455,40,15.0013,16,5,11,1,1,0,0,1,0,0,16,-4.055,6.56,0,0
4,0,0,1,15.58,19.695,40,11.0014,17,5,11,1,1,0,0,0,0,0,17,-4.115,6.232,0,0
4,0,0,1,14.76,18.18,50,7.0015,18,5,11,1,1,0,0,0,0,0,18,-3.42,7.38,0,0
4,0,0,1,13.94,17.425,53,6.0032,19,5,11,1,1,0,0,0,0,0,19,-3.485000000000001,7.388199999999999,0,0
4,0,0,2,13.94,17.425,66,6.0032,20,5,11,1,1,0,0,0,0,0,20,-3.485000000000001,9.2004,0,0
4,0,0,2,13.12,16.665,57,7.0015,21,5,11,1,1,0,0,0,0,0,21,-3.545,7.478399999999999,0,0
4,0,0,2,13.12,16.665,57,7.0015,22,5,11,1,1,0,0,0,0,0,22,-3.545,7.478399999999999,0,0
4,0,0,2,12.3,15.91,70,7.0015,23,5,11,1,1,0,0,0,0,0,23,-3.6099999999999994,8.61,0,0
4,0,0,2,12.3,15.15,70,11.0014,0,6,11,1,1,0,0,0,1,0,0,-2.8499999999999996,8.61,0,0
4,0,0,1,12.3,14.395,70,12.998,1,6,11,1,1,0,0,0,1,0,1,-2.094999999999999,8.61,0,0
4,0,0,1,11.48,14.395,81,7.0015,2,6,11,1,1,0,0,0,1,0,2,-2.914999999999999,9.2988,0,0
4,0,0,2,12.3,15.15,81,11.0014,3,6,11,1,1,0,0,0,1,0,3,-2.8499999999999996,9.963000000000001,0,0
4,0,0,2,12.3,14.395,81,12.998,4,6,11,1,1,0,0,0,1,0,4,-2.094999999999999,9.963000000000001,0,0
4,0,0,1,11.48,14.395,81,8.9981,5,6,11,1,1,0,0,0,1,0,5,-2.914999999999999,9.2988,0,0
4,0,0,1,11.48,13.635,81,11.0014,6,6,11,1,1,0,0,0,0,0,6,-2.1549999999999994,9.2988,0,0
4,0,0,1,11.48,13.635,81,12.998,7,6,11,1,1,0,0,0,0,0,7,-2.1549999999999994,9.2988,0,0
4,0,0,1,12.3,14.395,75,16.9979,8,6,11,1,1,0,0,0,0,0,8,-2.094999999999999,9.225,0,0
4,0,0,1,13.12,15.15,70,16.9979,9,6,11,1,1,0,0,0,0,0,9,-2.030000000000001,9.184,0,0
4,0,0,1,13.94,15.15,66,19.9995,10,6,11,1,1,0,0,0,0,0,10,-1.2100000000000009,9.2004,0,0
4,0,0,1,15.58,19.695,62,19.0012,11,6,11,1,1,0,0,1,0,0,11,-4.115,9.659600000000001,0,0
4,0,0,1,16.4,20.455,62,19.0012,12,6,11,1,1,0,0,1,0,0,12,-4.055,10.168,0,0
4,0,0,1,16.4,20.455,62,22.0028,13,6,11,1,1,0,0,1,0,0,13,-4.055,10.168,0,0
4,0,0,1,16.4,20.455,62,19.9995,14,6,11,1,1,0,0,1,0,0,14,-4.055,10.168,0,0
4,0,0,1,17.22,21.21,54,19.0012,15,6,11,1,1,0,0,1,0,0,15,-3.990000000000002,9.298799999999998,0,0
4,0,0,2,16.4,20.455,62,22.0028,16,6,11,1,1,0,0,1,0,0,16,-4.055,10.168,0,0
4,0,0,2,15.58,19.695,66,16.9979,17,6,11,1,1,0,0,0,0,0,17,-4.115,10.2828,0,0
4,0,0,1,14.76,17.425,66,15.0013,18,6,11,1,1,0,0,0,0,0,18,-2.665000000000001,9.7416,0,0
4,0,0,1,14.76,17.425,66,11.0014,19,6,11,1,1,0,0,0,0,0,19,-2.665000000000001,9.7416,0,0
4,0,0,1,14.76,17.425,66,11.0014,20,6,11,1,1,0,0,0,0,0,20,-2.665000000000001,9.7416,0,0
4,0,0,1,14.76,16.665,66,16.9979,21,6,11,1,1,0,0,0,0,0,21,-1.9049999999999994,9.7416,0,0
4,0,0,2,14.76,16.665,66,16.9979,22,6,11,1,1,0,0,0,0,0,22,-1.9049999999999994,9.7416,0,0
4,0,0,1,14.76,17.425,66,15.0013,23,6,11,1,1,0,0,0,0,0,23,-2.665000000000001,9.7416,0,0
4,0,1,1,14.76,17.425,66,15.0013,0,0,11,1,0,0,0,0,1,0,0,-2.665000000000001,9.7416,0,0
4,0,1,2,14.76,17.425,66,15.0013,1,0,11,1,0,0,0,0,1,1,0,-2.665000000000001,9.7416,0,0
4,0,1,2,14.76,16.665,66,16.9979,2,0,11,1,0,0,0,0,1,2,0,-1.9049999999999994,9.7416,0,0
4,0,1,2,14.76,17.425,66,15.0013,3,0,11,1,0,0,0,0,1,3,0,-2.665000000000001,9.7416,0,0
4,0,1,2,14.76,17.425,66,15.0013,4,0,11,1,0,0,0,0,1,4,0,-2.665000000000001,9.7416,0,0
4,0,1,2,14.76,17.425,66,15.0013,5,0,11,1,0,0,0,0,1,5,0,-2.665000000000001,9.7416,0,0
4,0,1,2,14.76,16.665,66,16.9979,6,0,11,1,0,0,0,0,0,6,0,-1.9049999999999994,9.7416,0,0
4,0,1,2,14.76,16.665,66,19.9995,7,0,11,1,0,1,0,0,0,7,0,-1.9049999999999994,9.7416,0,0
4,0,1,2,14.76,16.665,66,19.9995,8,0,11,1,0,1,0,0,0,8,0,-1.9049999999999994,9.7416,0,0
4,0,1,2,14.76,16.665,66,16.9979,9,0,11,1,0,1,0,0,0,9,0,-1.9049999999999994,9.7416,0,0
4,0,1,2,14.76,16.665,66,16.9979,10,0,11,1,0,0,0,0,0,10,0,-1.9049999999999994,9.7416,0,0
4,0,1,2,15.58,19.695,66,16.9979,11,0,11,1,0,0,0,0,0,11,0,-4.115,10.2828,0,0
4,0,1,2,16.4,20.455,62,19.0012,12,0,11,1,0,0,0,0,0,12,0,-4.055,10.168,0,0
4,0,1,1,18.04,21.97,54,16.9979,13,0,11,1,0,0,0,0,0,13,0,-3.9299999999999997,9.7416,0,0
4,0,1,1,18.04,21.97,54,16.9979,14,0,11,1,0,0,0,0,0,14,0,-3.9299999999999997,9.7416,0,0
4,0,1,1,18.04,21.97,54,12.998,15,0,11,1,0,0,0,0,0,15,0,-3.9299999999999997,9.7416,0,0
4,0,1,1,17.22,21.21,58,16.9979,16,0,11,1,0,0,0,0,0,16,0,-3.990000000000002,9.9876,0,0
4,0,1,2,17.22,21.21,58,12.998,17,0,11,1,0,0,1,0,0,17,0,-3.990000000000002,9.9876,0,0
4,0,1,2,16.4,20.455,58,16.9979,18,0,11,1,0,0,1,0,0,18,0,-4.055,9.511999999999999,0,0
4,0,1,2,16.4,20.455,58,19.0012,19,0,11,1,0,0,1,0,0,19,0,-4.055,9.511999999999999,0,0
4,0,1,2,15.58,19.695,62,16.9979,20,0,11,1,0,0,0,0,0,20,0,-4.115,9.659600000000001,0,0
4,0,1,2,15.58,19.695,54,15.0013,21,0,11,1,0,0,0,0,0,21,0,-4.115,8.4132,0,0
4,0,1,1,13.94,17.425,66,7.0015,22,0,11,1,0,0,0,0,0,22,0,-3.485000000000001,9.2004,0,0
4,0,1,1,13.94,17.425,66,7.0015,23,0,11,1,0,0,0,0,0,23,0,-3.485000000000001,9.2004,0,0
4,0,0,1,10.66,15.15,81,0.0,0,5,12,1,1,0,0,0,1,0,0,-4.49,8.6346,0,0
4,0,0,1,10.66,15.15,81,0.0,1,5,12,1,1,0,0,0,1,0,1,-4.49,8.6346,0,0
4,0,0,2,10.66,15.15,81,0.0,2,5,12,1,1,0,0,0,1,0,2,-4.49,8.6346,0,0
4,0,0,2,10.66,13.635,81,8.9981,3,5,12,1,1,0,0,0,1,0,3,-2.9749999999999996,8.6346,0,0
4,0,0,1,10.66,14.395,81,6.0032,4,5,12,1,1,0,0,0,1,0,4,-3.7349999999999994,8.6346,0,0
4,0,0,1,9.84,12.88,87,6.0032,5,5,12,1,1,0,0,0,1,0,5,-3.040000000000001,8.5608,0,0
4,0,0,1,9.84,12.12,87,8.9981,6,5,12,1,1,0,0,0,0,0,6,-2.2799999999999994,8.5608,0,0
4,0,0,2,9.84,12.12,87,8.9981,7,5,12,1,1,0,0,0,0,0,7,-2.2799999999999994,8.5608,0,0
4,0,0,2,9.84,12.12,87,8.9981,8,5,12,1,1,0,0,0,0,0,8,-2.2799999999999994,8.5608,0,0
4,0,0,2,10.66,12.12,93,16.9979,9,5,12,1,1,0,0,0,0,0,9,-1.459999999999999,9.9138,0,0
4,0,0,2,11.48,13.635,89,11.0014,10,5,12,1,1,0,0,0,0,0,10,-2.1549999999999994,10.2172,0,0
4,0,0,2,13.12,16.665,76,7.0015,11,5,12,1,1,0,0,1,0,0,11,-3.545,9.9712,0,0
4,0,0,2,13.12,16.665,81,6.0032,12,5,12,1,1,0,0,1,0,0,12,-3.545,10.6272,0,0
4,0,0,2,13.94,18.18,76,0.0,13,5,12,1,1,0,0,1,0,0,13,-4.24,10.5944,0,0
4,0,0,2,14.76,18.94,71,0.0,14,5,12,1,1,0,0,1,0,0,14,-4.1800000000000015,10.4796,0,0
4,0,0,2,16.4,20.455,62,0.0,15,5,12,1,1,0,0,1,0,0,15,-4.055,10.168,0,0
4,0,0,2,15.58,19.695,66,0.0,16,5,12,1,1,0,0,1,0,0,16,-4.115,10.2828,0,0
4,0,0,2,13.94,17.425,76,7.0015,17,5,12,1,1,0,0,0,0,0,17,-3.485000000000001,10.5944,0,0
4,0,0,2,13.94,18.18,76,0.0,18,5,12,1,1,0,0,0,0,0,18,-4.24,10.5944,0,0
4,0,0,2,13.12,17.425,81,0.0,19,5,12,1,1,0,0,0,0,0,19,-4.3050000000000015,10.6272,0,0
4,0,0,1,13.12,17.425,81,0.0,20,5,12,1,1,0,0,0,0,0,20,-4.3050000000000015,10.6272,0,0
4,0,0,2,12.3,16.665,87,0.0,21,5,12,1,1,0,0,0,0,0,21,-4.364999999999998,10.701,0,0
4,0,0,2,12.3,16.665,87,0.0,22,5,12,1,1,0,0,0,0,0,22,-4.364999999999998,10.701,0,0
4,0,0,2,13.12,17.425,81,0.0,23,5,12,1,1,0,0,0,0,0,23,-4.3050000000000015,10.6272,0,0
4,0,0,2,12.3,15.91,87,6.0032,0,6,12,1,1,0,0,0,1,0,0,-3.6099999999999994,10.701,0,0
4,0,0,2,12.3,15.91,87,6.0032,1,6,12,1,1,0,0,0,1,0,1,-3.6099999999999994,10.701,0,0
4,0,0,2,12.3,16.665,87,0.0,2,6,12,1,1,0,0,0,1,0,2,-4.364999999999998,10.701,0,0
4,0,0,2,10.66,15.15,93,0.0,3,6,12,1,1,0,0,0,1,0,3,-4.49,9.9138,0,0
4,0,0,2,10.66,15.15,93,0.0,4,6,12,1,1,0,0,0,1,0,4,-4.49,9.9138,0,0
4,0,0,2,10.66,15.15,93,0.0,5,6,12,1,1,0,0,0,1,0,5,-4.49,9.9138,0,0
4,0,0,2,9.84,12.12,93,8.9981,6,6,12,1,1,0,0,0,0,0,6,-2.2799999999999994,9.1512,0,0
4,0,0,2,9.84,12.12,93,8.9981,7,6,12,1,1,0,0,0,0,0,7,-2.2799999999999994,9.1512,0,0
4,0,0,2,10.66,14.395,93,6.0032,8,6,12,1,1,0,0,0,0,0,8,-3.7349999999999994,9.9138,0,0
4,0,0,2,11.48,13.635,93,11.0014,9,6,12,1,1,0,0,0,0,0,9,-2.1549999999999994,10.676400000000001,0,0
4,0,0,2,12.3,16.665,87,0.0,10,6,12,1,1,0,0,0,0,0,10,-4.364999999999998,10.701,0,0
4,0,0,2,13.12,15.91,81,11.0014,11,6,12,1,1,0,0,1,0,0,11,-2.790000000000001,10.6272,0,0
4,0,0,2,13.94,16.665,81,11.0014,12,6,12,1,1,0,0,1,0,0,12,-2.7249999999999996,11.2914,0,0
4,0,0,1,16.4,20.455,71,15.0013,13,6,12,1,1,0,0,1,0,0,13,-4.055,11.643999999999998,0,0
4,0,0,1,18.04,21.97,62,16.9979,14,6,12,1,1,0,0,1,0,0,14,-3.9299999999999997,11.184800000000001,0,0
4,0,0,1,18.04,21.97,67,8.9981,15,6,12,1,1,0,0,1,0,0,15,-3.9299999999999997,12.086799999999998,0,0
4,0,0,2,18.04,21.97,67,7.0015,16,6,12,1,1,0,0,1,0,0,16,-3.9299999999999997,12.086799999999998,0,0
4,0,0,3,16.4,20.455,76,12.998,17,6,12,1,1,0,0,0,0,0,17,-4.055,12.463999999999999,0,1
4,0,0,2,18.04,21.97,72,7.0015,18,6,12,1,1,0,0,0,0,0,18,-3.9299999999999997,12.9888,0,0
4,0,0,2,16.4,20.455,82,12.998,19,6,12,1,1,0,0,0,0,0,19,-4.055,13.448,0,0
4,0,0,2,17.22,21.21,82,12.998,20,6,12,1,1,0,0,0,0,0,20,-3.990000000000002,14.1204,0,0
4,0,0,2,18.04,21.97,77,15.0013,21,6,12,1,1,0,0,0,0,0,21,-3.9299999999999997,13.890799999999999,0,0
4,0,0,2,18.04,21.97,77,12.998,22,6,12,1,1,0,0,0,0,0,22,-3.9299999999999997,13.890799999999999,0,0
4,0,0,2,17.22,21.21,82,8.9981,23,6,12,1,1,0,0,0,0,0,23,-3.990000000000002,14.1204,0,0
4,0,1,2,17.22,21.21,82,11.0014,0,0,12,1,0,0,0,0,1,0,0,-3.990000000000002,14.1204,0,0
4,0,1,1,16.4,20.455,82,8.9981,1,0,12,1,0,0,0,0,1,1,0,-4.055,13.448,0,0
4,0,1,1,17.22,21.21,77,11.0014,2,0,12,1,0,0,0,0,1,2,0,-3.990000000000002,13.259399999999998,0,0
4,0,1,1,15.58,19.695,87,0.0,3,0,12,1,0,0,0,0,1,3,0,-4.115,13.5546,0,0
4,0,1,1,14.76,18.94,93,0.0,4,0,12,1,0,0,0,0,1,4,0,-4.1800000000000015,13.7268,0,0
4,0,1,1,13.94,17.425,93,6.0032,5,0,12,1,0,0,0,0,1,5,0,-3.485000000000001,12.964199999999998,0,0
4,0,1,1,14.76,18.94,93,0.0,6,0,12,1,0,0,0,0,0,6,0,-4.1800000000000015,13.7268,0,0
4,0,1,2,13.94,18.18,93,0.0,7,0,12,1,0,1,0,0,0,7,0,-4.24,12.964199999999998,0,0
4,0,1,1,14.76,18.94,93,0.0,8,0,12,1,0,1,0,0,0,8,0,-4.1800000000000015,13.7268,0,0
4,0,1,1,16.4,20.455,87,6.0032,9,0,12,1,0,1,0,0,0,9,0,-4.055,14.267999999999999,0,0
4,0,1,1,18.04,21.97,77,8.9981,10,0,12,1,0,0,0,0,0,10,0,-3.9299999999999997,13.890799999999999,0,0
4,0,1,1,19.68,23.485,77,8.9981,11,0,12,1,0,0,0,0,0,11,0,-3.8049999999999997,15.153599999999999,0,0
4,0,1,1,21.32,25.0,68,11.0014,12,0,12,1,0,0,0,0,0,12,0,-3.6799999999999997,14.4976,0,0
4,0,1,1,23.78,27.275,56,6.0032,13,0,12,1,0,0,0,0,0,13,0,-3.4949999999999974,13.3168,0,0
4,0,1,1,24.6,31.06,53,0.0,14,0,12,1,0,0,0,0,0,14,0,-6.459999999999997,13.038000000000002,0,0
4,0,1,1,24.6,31.06,56,0.0,15,0,12,1,0,0,0,0,0,15,0,-6.459999999999997,13.776000000000002,0,0
4,0,1,1,24.6,31.06,53,8.9981,16,0,12,1,0,0,0,0,0,16,0,-6.459999999999997,13.038000000000002,0,0
4,0,1,1,21.32,25.0,63,7.0015,17,0,12,1,0,0,1,0,0,17,0,-3.6799999999999997,13.431600000000001,0,0
4,0,1,1,20.5,24.24,68,6.0032,18,0,12,1,0,0,1,0,0,18,0,-3.7399999999999984,13.94,0,0
4,0,1,1,20.5,24.24,68,6.0032,19,0,12,1,0,0,1,0,0,19,0,-3.7399999999999984,13.94,0,0
4,0,1,2,18.86,22.725,77,0.0,20,0,12,1,0,0,0,0,0,20,0,-3.865000000000002,14.5222,0,0
4,0,1,1,18.04,21.97,82,12.998,21,0,12,1,0,0,0,0,0,21,0,-3.9299999999999997,14.7928,0,0
4,0,1,1,17.22,21.21,82,7.0015,22,0,12,1,0,0,0,0,0,22,0,-3.990000000000002,14.1204,0,0
4,0,1,1,17.22,21.21,82,7.0015,23,0,12,1,0,0,0,0,0,23,0,-3.990000000000002,14.1204,0,0
4,0,1,1,17.22,21.21,88,7.0015,0,1,12,1,0,0,0,0,1,0,0,-3.990000000000002,15.153599999999999,0,0
4,0,1,1,17.22,21.21,82,7.0015,1,1,12,1,0,0,0,0,1,1,0,-3.990000000000002,14.1204,0,0
4,0,1,1,17.22,21.21,88,6.0032,2,1,12,1,0,0,0,0,1,2,0,-3.990000000000002,15.153599999999999,0,0
4,0,1,2,16.4,20.455,87,8.9981,3,1,12,1,0,0,0,0,1,3,0,-4.055,14.267999999999999,0,0
4,0,1,2,16.4,20.455,87,8.9981,4,1,12,1,0,0,0,0,1,4,0,-4.055,14.267999999999999,0,0
4,0,1,2,18.04,21.97,88,0.0,5,1,12,1,0,0,0,0,1,5,0,-3.9299999999999997,15.8752,0,0
4,0,1,2,14.76,18.94,93,0.0,6,1,12,1,0,0,0,0,0,6,0,-4.1800000000000015,13.7268,0,0
4,0,1,1,17.22,21.21,88,8.9981,7,1,12,1,0,1,0,0,0,7,0,-3.990000000000002,15.153599999999999,0,0
4,0,1,2,18.04,21.97,88,11.0014,8,1,12,1,0,1,0,0,0,8,0,-3.9299999999999997,15.8752,0,0
4,0,1,1,18.86,22.725,82,7.0015,9,1,12,1,0,1,0,0,0,9,0,-3.865000000000002,15.4652,0,0
4,0,1,1,18.86,22.725,82,12.998,10,1,12,1,0,0,0,0,0,10,0,-3.865000000000002,15.4652,0,0
4,0,1,1,19.68,23.485,77,12.998,11,1,12,1,0,0,0,0,0,11,0,-3.8049999999999997,15.153599999999999,0,0
4,0,1,1,21.32,25.0,68,12.998,12,1,12,1,0,0,0,0,0,12,0,-3.6799999999999997,14.4976,0,0
4,0,1,2,22.14,25.76,64,11.0014,13,1,12,1,0,0,0,0,0,13,0,-3.620000000000001,14.1696,0,0
4,0,1,2,23.78,27.275,56,15.0013,14,1,12,1,0,0,0,0,0,14,0,-3.4949999999999974,13.3168,0,0
4,0,1,2,24.6,31.06,49,16.9979,15,1,12,1,0,0,0,0,0,15,0,-6.459999999999997,12.054,0,0
4,0,1,1,23.78,27.275,49,19.0012,16,1,12,1,0,0,0,0,0,16,0,-3.4949999999999974,11.6522,0,0
4,0,1,1,21.32,25.0,59,15.0013,17,1,12,1,0,0,1,0,0,17,0,-3.6799999999999997,12.578800000000001,0,0
4,0,1,1,20.5,24.24,63,15.0013,18,1,12,1,0,0,1,0,0,18,0,-3.7399999999999984,12.915,0,0
4,0,1,1,19.68,23.485,67,15.0013,19,1,12,1,0,0,1,0,0,19,0,-3.8049999999999997,13.185599999999999,0,0
4,0,1,2,20.5,24.24,63,15.0013,20,1,12,1,0,0,0,0,0,20,0,-3.7399999999999984,12.915,0,0
4,0,1,2,20.5,24.24,63,16.9979,21,1,12,1,0,0,0,0,0,21,0,-3.7399999999999984,12.915,0,0
4,0,1,2,20.5,24.24,63,19.9995,22,1,12,1,0,0,0,0,0,22,0,-3.7399999999999984,12.915,0,0
4,0,1,1,19.68,23.485,67,16.9979,23,1,12,1,0,0,0,0,0,23,0,-3.8049999999999997,13.185599999999999,0,0
4,0,1,1,20.5,24.24,59,19.0012,0,2,12,1,0,0,0,0,1,0,0,-3.7399999999999984,12.095,0,0
4,0,1,1,21.32,25.0,55,22.0028,1,2,12,1,0,0,0,0,1,1,0,-3.6799999999999997,11.725999999999999,0,0
4,0,1,1,18.86,22.725,67,11.0014,2,2,12,1,0,0,0,0,1,2,0,-3.865000000000002,12.636199999999999,0,0
4,0,1,1,19.68,23.485,67,8.9981,3,2,12,1,0,0,0,0,1,3,0,-3.8049999999999997,13.185599999999999,0,0
4,0,1,1,20.5,24.24,63,30.0026,4,2,12,1,0,0,0,0,1,4,0,-3.7399999999999984,12.915,0,0
4,0,1,1,20.5,24.24,59,19.0012,5,2,12,1,0,0,0,0,1,5,0,-3.7399999999999984,12.095,0,0
4,0,1,3,19.68,23.485,55,26.0027,6,2,12,1,0,0,0,0,0,6,0,-3.8049999999999997,10.824000000000002,0,1
4,0,1,3,18.86,22.725,59,19.9995,7,2,12,1,0,1,0,0,0,7,0,-3.865000000000002,11.1274,0,1
4,0,1,2,18.04,21.97,58,19.0012,8,2,12,1,0,1,0,0,0,8,0,-3.9299999999999997,10.463199999999999,0,0
4,0,1,2,18.04,21.97,51,15.0013,9,2,12,1,0,1,0,0,0,9,0,-3.9299999999999997,9.2004,0,0
4,0,1,2,18.04,21.97,47,23.9994,10,2,12,1,0,0,0,0,0,10,0,-3.9299999999999997,8.4788,0,0
4,0,1,1,18.04,21.97,44,19.0012,11,2,12,1,0,0,0,0,0,11,0,-3.9299999999999997,7.9376,0,0
4,0,1,1,18.04,21.97,41,19.0012,12,2,12,1,0,0,0,0,0,12,0,-3.9299999999999997,7.3964,0,0
4,0,1,1,18.86,22.725,41,19.0012,13,2,12,1,0,0,0,0,0,13,0,-3.865000000000002,7.7326,0,0
4,0,1,1,19.68,23.485,33,32.9975,14,2,12,1,0,0,0,0,0,14,0,-3.8049999999999997,6.4944,0,0
4,0,1,1,19.68,23.485,33,19.0012,15,2,12,1,0,0,0,0,0,15,0,-3.8049999999999997,6.4944,0,0
4,0,1,1,18.86,22.725,33,19.0012,16,2,12,1,0,0,0,0,0,16,0,-3.865000000000002,6.2238,0,0
4,0,1,1,18.04,21.97,35,19.0012,17,2,12,1,0,0,1,0,0,17,0,-3.9299999999999997,6.314,0,0
4,0,1,1,17.22,21.21,35,30.0026,18,2,12,1,0,0,1,0,0,18,0,-3.990000000000002,6.026999999999999,0,0
4,0,1,1,15.58,19.695,43,23.9994,19,2,12,1,0,0,1,0,0,19,0,-4.115,6.699400000000001,0,0
4,0,1,1,13.94,15.15,46,26.0027,20,2,12,1,0,0,0,0,0,20,0,-1.2100000000000009,6.4124,0,0
4,0,1,1,13.94,15.15,46,27.9993,21,2,12,1,0,0,0,0,0,21,0,-1.2100000000000009,6.4124,0,0
4,0,1,1,13.12,14.395,45,26.0027,22,2,12,1,0,0,0,0,0,22,0,-1.2750000000000004,5.904,0,0
4,0,1,1,12.3,13.635,49,26.0027,23,2,12,1,0,0,0,0,0,23,0,-1.334999999999999,6.027,0,0
4,0,1,1,10.66,12.12,48,19.0012,0,3,12,1,0,0,0,0,1,0,0,-1.459999999999999,5.1168000000000005,0,0
4,0,1,1,10.66,12.12,48,19.0012,1,3,12,1,0,0,0,0,1,1,0,-1.459999999999999,5.1168000000000005,0,0
4,0,1,1,9.84,10.605,52,19.0012,2,3,12,1,0,0,0,0,1,2,0,-0.7650000000000006,5.1168000000000005,0,0
4,0,1,1,9.02,11.365,55,12.998,3,3,12,1,0,0,0,0,1,3,0,-2.3450000000000006,4.960999999999999,0,0
4,0,1,1,9.02,10.605,55,19.9995,4,3,12,1,0,0,0,0,1,4,0,-1.5850000000000009,4.960999999999999,0,0
4,0,1,1,9.02,10.605,55,19.0012,5,3,12,1,0,0,0,0,1,5,0,-1.5850000000000009,4.960999999999999,0,0
4,0,1,1,9.02,10.605,55,19.9995,6,3,12,1,0,0,0,0,0,6,0,-1.5850000000000009,4.960999999999999,0,0
4,0,1,1,9.02,10.605,51,19.9995,7,3,12,1,0,1,0,0,0,7,0,-1.5850000000000009,4.6002,0,0
4,0,1,1,9.02,10.605,51,19.9995,8,3,12,1,0,1,0,0,0,8,0,-1.5850000000000009,4.6002,0,0
4,0,1,1,9.84,11.365,48,12.998,9,3,12,1,0,1,0,0,0,9,0,-1.5250000000000004,4.7232,0,0
4,0,1,1,9.84,11.365,52,12.998,10,3,12,1,0,0,0,0,0,10,0,-1.5250000000000004,5.1168000000000005,0,0
4,0,1,1,10.66,12.88,48,11.0014,11,3,12,1,0,0,0,0,0,11,0,-2.2200000000000006,5.1168000000000005,0,0
4,0,1,1,11.48,15.91,41,0.0,12,3,12,1,0,0,0,0,0,12,0,-4.43,4.7068,0,0
4,0,1,1,12.3,16.665,39,0.0,13,3,12,1,0,0,0,0,0,13,0,-4.364999999999998,4.797000000000001,0,0
4,0,1,1,12.3,15.91,42,6.0032,14,3,12,1,0,0,0,0,0,14,0,-3.6099999999999994,5.166,0,0
4,0,1,1,13.12,17.425,39,0.0,15,3,12,1,0,0,0,0,0,15,0,-4.3050000000000015,5.1168,0,0
4,0,1,1,13.12,17.425,42,0.0,16,3,12,1,0,0,0,0,0,16,0,-4.3050000000000015,5.5104,0,0
4,0,1,1,12.3,15.91,45,7.0015,17,3,12,1,0,0,1,0,0,17,0,-3.6099999999999994,5.535,0,0
4,0,1,1,11.48,13.635,45,11.0014,18,3,12,1,0,0,1,0,0,18,0,-2.1549999999999994,5.166,0,0
4,0,1,1,10.66,12.88,60,12.998,19,3,12,1,0,0,1,0,0,19,0,-2.2200000000000006,6.396,0,0
4,0,1,2,9.84,12.88,60,7.0015,20,3,12,1,0,0,0,0,0,20,0,-3.040000000000001,5.904,0,0
4,0,1,2,9.84,12.12,60,8.9981,21,3,12,1,0,0,0,0,0,21,0,-2.2799999999999994,5.904,0,0
4,0,1,1,9.84,12.12,65,11.0014,22,3,12,1,0,0,0,0,0,22,0,-2.2799999999999994,6.396,0,0
4,0,1,1,9.84,12.12,65,11.0014,23,3,12,1,0,0,0,0,0,23,0,-2.2799999999999994,6.396,0,0
4,0,1,1,9.84,12.88,70,7.0015,0,4,12,1,0,0,0,0,1,0,0,-3.040000000000001,6.888,0,0
4,0,1,2,9.84,11.365,70,12.998,1,4,12,1,0,0,0,0,1,1,0,-1.5250000000000004,6.888,0,0
4,0,1,2,10.66,13.635,70,8.9981,2,4,12,1,0,0,0,0,1,2,0,-2.9749999999999996,7.462000000000001,0,0
4,0,1,2,10.66,12.88,81,12.998,3,4,12,1,0,0,0,0,1,3,0,-2.2200000000000006,8.6346,0,0
4,0,1,1,10.66,13.635,75,7.0015,4,4,12,1,0,0,0,0,1,4,0,-2.9749999999999996,7.995,0,0
4,0,1,2,10.66,13.635,81,7.0015,5,4,12,1,0,0,0,0,1,5,0,-2.9749999999999996,8.6346,0,0
4,0,1,2,11.48,13.635,75,11.0014,6,4,12,1,0,0,0,0,0,6,0,-2.1549999999999994,8.61,0,0
4,0,1,3,11.48,13.635,81,11.0014,7,4,12,1,0,1,0,0,0,7,0,-2.1549999999999994,9.2988,0,1
4,0,1,2,12.3,14.395,75,12.998,8,4,12,1,0,1,0,0,0,8,0,-2.094999999999999,9.225,0,0
4,0,1,2,12.3,15.15,81,8.9981,9,4,12,1,0,1,0,0,0,9,0,-2.8499999999999996,9.963000000000001,0,0
4,0,1,2,13.12,15.91,76,11.0014,10,4,12,1,0,0,0,0,0,10,0,-2.790000000000001,9.9712,0,0
4,0,1,2,13.12,15.91,76,12.998,11,4,12,1,0,0,0,0,0,11,0,-2.790000000000001,9.9712,0,0
4,0,1,2,13.94,16.665,71,12.998,12,4,12,1,0,0,0,0,0,12,0,-2.7249999999999996,9.8974,0,0
4,0,1,2,14.76,17.425,66,8.9981,13,4,12,1,0,0,0,0,0,13,0,-2.665000000000001,9.7416,0,0
4,0,1,2,14.76,17.425,71,11.0014,14,4,12,1,0,0,0,0,0,14,0,-2.665000000000001,10.4796,0,0
4,0,1,2,14.76,17.425,71,11.0014,15,4,12,1,0,0,0,0,0,15,0,-2.665000000000001,10.4796,0,0
4,0,1,1,14.76,17.425,76,8.9981,16,4,12,1,0,0,0,0,0,16,0,-2.665000000000001,11.2176,0,0
4,0,1,2,15.58,19.695,66,0.0,17,4,12,1,0,0,1,0,0,17,0,-4.115,10.2828,0,0
4,0,1,2,15.58,19.695,71,7.0015,18,4,12,1,0,0,1,0,0,18,0,-4.115,11.0618,0,0
4,0,1,2,15.58,19.695,76,0.0,19,4,12,1,0,0,1,0,0,19,0,-4.115,11.8408,0,0
4,0,1,3,15.58,19.695,76,7.0015,20,4,12,1,0,0,0,0,0,20,0,-4.115,11.8408,0,1
4,0,1,2,14.76,18.18,93,7.0015,21,4,12,1,0,0,0,0,0,21,0,-3.42,13.7268,0,0
4,0,1,2,14.76,18.18,93,6.0032,22,4,12,1,0,0,0,0,0,22,0,-3.42,13.7268,0,0
4,0,1,2,14.76,18.18,93,6.0032,23,4,12,1,0,0,0,0,0,23,0,-3.42,13.7268,0,0
4,0,0,2,14.76,18.18,93,6.0032,0,5,12,1,1,0,0,0,1,0,0,-3.42,13.7268,0,0
4,0,0,2,14.76,17.425,93,8.9981,1,5,12,1,1,0,0,0,1,0,1,-2.665000000000001,13.7268,0,0
4,0,0,2,14.76,17.425,93,8.9981,2,5,12,1,1,0,0,0,1,0,2,-2.665000000000001,13.7268,0,0
4,0,0,2,14.76,18.18,93,7.0015,3,5,12,1,1,0,0,0,1,0,3,-3.42,13.7268,0,0
4,0,0,2,14.76,18.94,93,0.0,4,5,12,1,1,0,0,0,1,0,4,-4.1800000000000015,13.7268,0,0
4,0,0,2,14.76,18.18,93,7.0015,5,5,12,1,1,0,0,0,1,0,5,-3.42,13.7268,0,0
4,0,0,2,14.76,18.18,93,7.0015,6,5,12,1,1,0,0,0,0,0,6,-3.42,13.7268,0,0
4,0,0,2,14.76,18.18,100,6.0032,7,5,12,1,1,0,0,0,0,0,7,-3.42,14.76,0,0
4,0,0,2,15.58,19.695,94,6.0032,8,5,12,1,1,0,0,0,0,0,8,-4.115,14.645199999999999,0,0
4,0,0,2,15.58,19.695,94,0.0,9,5,12,1,1,0,0,0,0,0,9,-4.115,14.645199999999999,0,0
4,0,0,2,16.4,20.455,87,8.9981,10,5,12,1,1,0,0,0,0,0,10,-4.055,14.267999999999999,0,0
4,0,0,2,16.4,20.455,87,7.0015,11,5,12,1,1,0,0,1,0,0,11,-4.055,14.267999999999999,0,0
4,0,0,2,16.4,20.455,87,15.0013,12,5,12,1,1,0,0,1,0,0,12,-4.055,14.267999999999999,0,0
4,0,0,2,16.4,20.455,87,11.0014,13,5,12,1,1,0,0,1,0,0,13,-4.055,14.267999999999999,0,0
4,0,0,2,16.4,20.455,87,19.0012,14,5,12,1,1,0,0,1,0,0,14,-4.055,14.267999999999999,0,0
4,0,0,1,17.22,21.21,82,11.0014,15,5,12,1,1,0,0,1,0,0,15,-3.990000000000002,14.1204,0,0
4,0,0,1,17.22,21.21,82,11.0014,16,5,12,1,1,0,0,1,0,0,16,-3.990000000000002,14.1204,0,0
4,0,0,1,15.58,19.695,87,8.9981,17,5,12,1,1,0,0,0,0,0,17,-4.115,13.5546,0,0
4,0,0,1,16.4,20.455,87,7.0015,18,5,12,1,1,0,0,0,0,0,18,-4.055,14.267999999999999,0,0
4,0,0,1,16.4,20.455,87,0.0,19,5,12,1,1,0,0,0,0,0,19,-4.055,14.267999999999999,0,0
4,0,0,2,14.76,18.94,100,0.0,20,5,12,1,1,0,0,0,0,0,20,-4.1800000000000015,14.76,0,0
4,0,0,2,14.76,18.94,100,0.0,21,5,12,1,1,0,0,0,0,0,21,-4.1800000000000015,14.76,0,0
4,0,0,2,15.58,19.695,94,7.0015,22,5,12,1,1,0,0,0,0,0,22,-4.115,14.645199999999999,0,0
4,0,0,2,16.4,20.455,94,0.0,23,5,12,1,1,0,0,0,0,0,23,-4.055,15.415999999999999,0,0
4,0,0,2,16.4,20.455,87,8.9981,0,6,12,1,1,0,0,0,1,0,0,-4.055,14.267999999999999,0,0
4,0,0,2,16.4,20.455,87,7.0015,1,6,12,1,1,0,0,0,1,0,1,-4.055,14.267999999999999,0,0
4,0,0,2,16.4,20.455,87,7.0015,2,6,12,1,1,0,0,0,1,0,2,-4.055,14.267999999999999,0,0
4,0,0,2,16.4,20.455,87,7.0015,3,6,12,1,1,0,0,0,1,0,3,-4.055,14.267999999999999,0,0
4,0,0,2,16.4,20.455,94,7.0015,4,6,12,1,1,0,0,0,1,0,4,-4.055,15.415999999999999,0,0
4,0,0,2,16.4,20.455,87,7.0015,5,6,12,1,1,0,0,0,1,0,5,-4.055,14.267999999999999,0,0
4,0,0,3,16.4,20.455,94,7.0015,6,6,12,1,1,0,0,0,0,0,6,-4.055,15.415999999999999,0,1
4,0,0,3,16.4,20.455,87,15.0013,7,6,12,1,1,0,0,0,0,0,7,-4.055,14.267999999999999,0,1
4,0,0,3,16.4,20.455,87,11.0014,8,6,12,1,1,0,0,0,0,0,8,-4.055,14.267999999999999,0,1
4,0,0,2,16.4,20.455,87,16.9979,9,6,12,1,1,0,0,0,0,0,9,-4.055,14.267999999999999,0,0
4,0,0,2,16.4,20.455,87,19.0012,10,6,12,1,1,0,0,0,0,0,10,-4.055,14.267999999999999,0,0
4,0,0,2,16.4,20.455,87,19.9995,11,6,12,1,1,0,0,1,0,0,11,-4.055,14.267999999999999,0,0
4,0,0,2,16.4,20.455,82,19.9995,12,6,12,1,1,0,0,1,0,0,12,-4.055,13.448,0,0
4,0,0,2,15.58,19.695,87,19.0012,13,6,12,1,1,0,0,1,0,0,13,-4.115,13.5546,0,0
4,0,0,2,15.58,19.695,87,12.998,14,6,12,1,1,0,0,1,0,0,14,-4.115,13.5546,0,0
4,0,0,3,14.76,17.425,93,11.0014,15,6,12,1,1,0,0,1,0,0,15,-2.665000000000001,13.7268,0,1
4,0,0,3,14.76,17.425,93,11.0014,16,6,12,1,1,0,0,1,0,0,16,-2.665000000000001,13.7268,0,1
4,0,0,3,14.76,17.425,93,8.9981,17,6,12,1,1,0,0,0,0,0,17,-2.665000000000001,13.7268,0,1
4,0,0,3,14.76,18.18,93,6.0032,18,6,12,1,1,0,0,0,0,0,18,-3.42,13.7268,0,1
4,0,0,3,15.58,19.695,94,6.0032,19,6,12,1,1,0,0,0,0,0,19,-4.115,14.645199999999999,0,1
4,0,0,3,14.76,18.18,100,6.0032,20,6,12,1,1,0,0,0,0,0,20,-3.42,14.76,0,1
4,0,0,2,14.76,18.18,100,7.0015,21,6,12,1,1,0,0,0,0,0,21,-3.42,14.76,0,0
4,0,0,3,14.76,18.18,93,7.0015,22,6,12,1,1,0,0,0,0,0,22,-3.42,13.7268,0,1
4,0,0,3,14.76,18.18,100,6.0032,23,6,12,1,1,0,0,0,0,0,23,-3.42,14.76,0,1
4,0,1,3,14.76,18.18,100,6.0032,0,0,12,1,0,0,0,0,1,0,0,-3.42,14.76,0,1
4,0,1,2,14.76,18.94,100,0.0,1,0,12,1,0,0,0,0,1,1,0,-4.1800000000000015,14.76,0,0
4,0,1,2,15.58,19.695,94,7.0015,2,0,12,1,0,0,0,0,1,2,0,-4.115,14.645199999999999,0,0
4,0,1,2,15.58,19.695,94,7.0015,3,0,12,1,0,0,0,0,1,3,0,-4.115,14.645199999999999,0,0
4,0,1,2,15.58,19.695,94,7.0015,4,0,12,1,0,0,0,0,1,4,0,-4.115,14.645199999999999,0,0
4,0,1,2,15.58,19.695,94,7.0015,5,0,12,1,0,0,0,0,1,5,0,-4.115,14.645199999999999,0,0
4,0,1,2,15.58,19.695,94,11.0014,6,0,12,1,0,0,0,0,0,6,0,-4.115,14.645199999999999,0,0
4,0,1,2,15.58,19.695,94,16.9979,7,0,12,1,0,1,0,0,0,7,0,-4.115,14.645199999999999,0,0
4,0,1,2,17.22,21.21,100,16.9979,8,0,12,1,0,1,0,0,0,8,0,-3.990000000000002,17.22,0,0
4,0,1,2,17.22,21.21,100,15.0013,9,0,12,1,0,1,0,0,0,9,0,-3.990000000000002,17.22,0,0
4,0,1,2,18.04,21.97,94,15.0013,10,0,12,1,0,0,0,0,0,10,0,-3.9299999999999997,16.9576,0,0
4,0,1,3,18.86,22.725,94,15.0013,11,0,12,1,0,0,0,0,0,11,0,-3.865000000000002,17.7284,0,1
4,0,1,3,18.04,21.97,100,15.0013,12,0,12,1,0,0,0,0,0,12,0,-3.9299999999999997,18.04,0,1
4,0,1,3,18.04,21.97,100,15.0013,13,0,12,1,0,0,0,0,0,13,0,-3.9299999999999997,18.04,0,1
4,0,1,2,20.5,24.24,94,15.0013,14,0,12,1,0,0,0,0,0,14,0,-3.7399999999999984,19.27,0,0
4,0,1,2,20.5,24.24,87,11.0014,15,0,12,1,0,0,0,0,0,15,0,-3.7399999999999984,17.835,0,0
4,0,1,2,20.5,24.24,88,7.0015,16,0,12,1,0,0,0,0,0,16,0,-3.7399999999999984,18.04,0,0
4,0,1,2,19.68,23.485,82,19.0012,17,0,12,1,0,0,1,0,0,17,0,-3.8049999999999997,16.1376,0,0
4,0,1,2,18.86,22.725,88,19.0012,18,0,12,1,0,0,1,0,0,18,0,-3.865000000000002,16.596799999999998,0,0
4,0,1,1,21.32,25.0,77,19.0012,19,0,12,1,0,0,1,0,0,19,0,-3.6799999999999997,16.4164,0,0
4,0,1,1,18.86,22.725,88,16.9979,20,0,12,1,0,0,0,0,0,20,0,-3.865000000000002,16.596799999999998,0,0
4,0,1,2,18.86,22.725,94,12.998,21,0,12,1,0,0,0,0,0,21,0,-3.865000000000002,17.7284,0,0
4,0,1,2,20.5,24.24,82,15.0013,22,0,12,1,0,0,0,0,0,22,0,-3.7399999999999984,16.81,0,0
4,0,1,1,18.86,22.725,88,16.9979,23,0,12,1,0,0,0,0,0,23,0,-3.865000000000002,16.596799999999998,0,0
4,0,1,3,18.86,22.725,77,31.0009,0,1,12,1,0,0,0,0,1,0,0,-3.865000000000002,14.5222,0,1
4,0,1,1,17.22,21.21,71,30.0026,1,1,12,1,0,0,0,0,1,1,0,-3.990000000000002,12.226199999999999,0,0
4,0,1,2,16.4,20.455,66,22.0028,2,1,12,1,0,0,0,0,1,2,0,-4.055,10.823999999999998,0,0
4,0,1,3,14.76,16.665,76,19.0012,3,1,12,1,0,0,0,0,1,3,0,-1.9049999999999994,11.2176,0,1
4,0,1,2,13.94,15.91,76,19.0012,4,1,12,1,0,0,0,0,1,4,0,-1.9700000000000006,10.5944,0,0
4,0,1,3,13.94,15.15,71,22.0028,5,1,12,1,0,0,0,0,1,5,0,-1.2100000000000009,9.8974,0,1
4,0,1,2,13.94,15.15,71,19.9995,6,1,12,1,0,0,0,0,0,6,0,-1.2100000000000009,9.8974,0,0
4,0,1,1,13.94,15.15,66,27.9993,7,1,12,1,0,1,0,0,0,7,0,-1.2100000000000009,9.2004,0,0
4,0,1,2,13.94,15.15,61,19.9995,8,1,12,1,0,1,0,0,0,8,0,-1.2100000000000009,8.5034,0,0
4,0,1,1,13.94,15.15,61,26.0027,9,1,12,1,0,1,0,0,0,9,0,-1.2100000000000009,8.5034,0,0
4,0,1,1,14.76,16.665,57,22.0028,10,1,12,1,0,0,0,0,0,10,0,-1.9049999999999994,8.4132,0,0
4,0,1,2,14.76,16.665,53,23.9994,11,1,12,1,0,0,0,0,0,11,0,-1.9049999999999994,7.8228,0,0
4,0,1,2,14.76,15.91,53,30.0026,12,1,12,1,0,0,0,0,0,12,0,-1.1500000000000004,7.8228,0,0
4,0,1,2,15.58,19.695,50,15.0013,13,1,12,1,0,0,0,0,0,13,0,-4.115,7.79,0,0
4,0,1,2,15.58,19.695,50,15.0013,14,1,12,1,0,0,0,0,0,14,0,-4.115,7.79,0,0
4,0,1,2,15.58,19.695,50,15.0013,15,1,12,1,0,0,0,0,0,15,0,-4.115,7.79,0,0
4,0,1,2,15.58,19.695,50,15.0013,16,1,12,1,0,0,0,0,0,16,0,-4.115,7.79,0,0
4,0,1,1,13.12,15.15,53,15.0013,17,1,12,1,0,0,1,0,0,17,0,-2.030000000000001,6.9536,0,0
4,0,1,1,13.12,15.15,53,15.0013,18,1,12,1,0,0,1,0,0,18,0,-2.030000000000001,6.9536,0,0
4,0,1,1,13.12,15.15,53,15.0013,19,1,12,1,0,0,1,0,0,19,0,-2.030000000000001,6.9536,0,0
4,0,1,1,13.12,15.15,53,15.0013,20,1,12,1,0,0,0,0,0,20,0,-2.030000000000001,6.9536,0,0
4,0,1,1,13.12,15.91,53,12.998,21,1,12,1,0,0,0,0,0,21,0,-2.790000000000001,6.9536,0,0
4,0,1,1,12.3,14.395,56,15.0013,22,1,12,1,0,0,0,0,0,22,0,-2.094999999999999,6.888000000000001,0,0
4,0,1,1,12.3,14.395,52,15.0013,23,1,12,1,0,0,0,0,0,23,0,-2.094999999999999,6.396,0,0
4,0,1,1,12.3,15.15,52,11.0014,0,2,12,1,0,0,0,0,1,0,0,-2.8499999999999996,6.396,0,0
4,0,1,1,11.48,13.635,61,15.0013,1,2,12,1,0,0,0,0,1,1,0,-2.1549999999999994,7.0028,0,0
4,0,1,1,11.48,13.635,56,11.0014,2,2,12,1,0,0,0,0,1,2,0,-2.1549999999999994,6.4288,0,0
4,0,1,1,10.66,13.635,60,8.9981,3,2,12,1,0,0,0,0,1,3,0,-2.9749999999999996,6.396,0,0
4,0,1,1,10.66,15.15,60,0.0,4,2,12,1,0,0,0,0,1,4,0,-4.49,6.396,0,0
4,0,1,1,10.66,12.88,60,12.998,5,2,12,1,0,0,0,0,1,5,0,-2.2200000000000006,6.396,0,0
4,0,1,2,10.66,12.12,60,16.9979,6,2,12,1,0,0,0,0,0,6,0,-1.459999999999999,6.396,0,0
4,0,1,2,10.66,12.88,60,12.998,7,2,12,1,0,1,0,0,0,7,0,-2.2200000000000006,6.396,0,0
4,0,1,2,10.66,12.88,65,11.0014,8,2,12,1,0,1,0,0,0,8,0,-2.2200000000000006,6.928999999999999,0,0
4,0,1,2,11.48,14.395,61,8.9981,9,2,12,1,0,1,0,0,0,9,0,-2.914999999999999,7.0028,0,0
4,0,1,2,12.3,15.15,56,11.0014,10,2,12,1,0,0,0,0,0,10,0,-2.8499999999999996,6.888000000000001,0,0
4,0,1,2,13.12,15.15,49,15.0013,11,2,12,1,0,0,0,0,0,11,0,-2.030000000000001,6.4288,0,0
4,0,1,2,13.94,18.18,42,0.0,12,2,12,1,0,0,0,0,0,12,0,-4.24,5.8548,0,0
4,0,1,2,13.94,18.18,42,0.0,13,2,12,1,0,0,0,0,0,13,0,-4.24,5.8548,0,0
4,0,1,2,13.94,18.18,46,0.0,14,2,12,1,0,0,0,0,0,14,0,-4.24,6.4124,0,0
4,0,1,2,13.94,17.425,46,7.0015,15,2,12,1,0,0,0,0,0,15,0,-3.485000000000001,6.4124,0,0
4,0,1,2,13.94,16.665,46,8.9981,16,2,12,1,0,0,0,0,0,16,0,-2.7249999999999996,6.4124,0,0
4,0,1,2,13.12,15.15,53,15.0013,17,2,12,1,0,0,1,0,0,17,0,-2.030000000000001,6.9536,0,0
4,0,1,2,13.12,15.15,49,15.0013,18,2,12,1,0,0,1,0,0,18,0,-2.030000000000001,6.4288,0,0
4,0,1,2,12.3,14.395,56,15.0013,19,2,12,1,0,0,1,0,0,19,0,-2.094999999999999,6.888000000000001,0,0
4,0,1,1,12.3,14.395,52,19.0012,20,2,12,1,0,0,0,0,0,20,0,-2.094999999999999,6.396,0,0
4,0,1,2,12.3,14.395,52,16.9979,21,2,12,1,0,0,0,0,0,21,0,-2.094999999999999,6.396,0,0
4,0,1,2,12.3,14.395,52,15.0013,22,2,12,1,0,0,0,0,0,22,0,-2.094999999999999,6.396,0,0
4,0,1,2,11.48,13.635,56,15.0013,23,2,12,1,0,0,0,0,0,23,0,-2.1549999999999994,6.4288,0,0
4,0,1,2,11.48,13.635,52,15.0013,0,3,12,1,0,0,0,0,1,0,0,-2.1549999999999994,5.969600000000001,0,0
4,0,1,2,11.48,12.88,52,19.0012,1,3,12,1,0,0,0,0,1,1,0,-1.4000000000000004,5.969600000000001,0,0
4,0,1,2,10.66,12.12,56,16.9979,2,3,12,1,0,0,0,0,1,2,0,-1.459999999999999,5.969600000000001,0,0
4,0,1,2,10.66,12.12,56,19.0012,3,3,12,1,0,0,0,0,1,3,0,-1.459999999999999,5.969600000000001,0,0
4,0,1,2,10.66,12.88,56,12.998,4,3,12,1,0,0,0,0,1,4,0,-2.2200000000000006,5.969600000000001,0,0
4,0,1,2,10.66,12.88,56,11.0014,5,3,12,1,0,0,0,0,1,5,0,-2.2200000000000006,5.969600000000001,0,0
4,0,1,1,10.66,12.12,56,16.9979,6,3,12,1,0,0,0,0,0,6,0,-1.459999999999999,5.969600000000001,0,0
4,0,1,1,9.84,11.365,60,15.0013,7,3,12,1,0,1,0,0,0,7,0,-1.5250000000000004,5.904,0,0
4,0,1,1,9.84,11.365,60,12.998,8,3,12,1,0,1,0,0,0,8,0,-1.5250000000000004,5.904,0,0
4,0,1,1,11.48,13.635,52,16.9979,9,3,12,1,0,1,0,0,0,9,0,-2.1549999999999994,5.969600000000001,0,0
4,0,1,1,13.12,15.15,45,19.0012,10,3,12,1,0,0,0,0,0,10,0,-2.030000000000001,5.904,0,0
4,0,1,1,13.94,15.91,42,16.9979,11,3,12,1,0,0,0,0,0,11,0,-1.9700000000000006,5.8548,0,0
4,0,1,1,14.76,16.665,40,16.9979,12,3,12,1,0,0,0,0,0,12,0,-1.9049999999999994,5.904,0,0
4,0,1,1,14.76,17.425,34,12.998,13,3,12,1,0,0,0,0,0,13,0,-2.665000000000001,5.0184,0,0
4,0,1,1,14.76,17.425,34,11.0014,14,3,12,1,0,0,0,0,0,14,0,-2.665000000000001,5.0184,0,0
4,0,1,1,14.76,17.425,34,8.9981,15,3,12,1,0,0,0,0,0,15,0,-2.665000000000001,5.0184,0,0
4,0,1,1,13.94,17.425,39,7.0015,16,3,12,1,0,0,0,0,0,16,0,-3.485000000000001,5.436599999999999,0,0
4,0,1,1,13.12,16.665,42,7.0015,17,3,12,1,0,0,1,0,0,17,0,-3.545,5.5104,0,0
4,0,1,1,13.12,16.665,42,7.0015,18,3,12,1,0,0,1,0,0,18,0,-3.545,5.5104,0,0
4,0,1,1,12.3,15.15,45,11.0014,19,3,12,1,0,0,1,0,0,19,0,-2.8499999999999996,5.535,0,0
4,0,1,1,12.3,16.665,45,0.0,20,3,12,1,0,0,0,0,0,20,0,-4.364999999999998,5.535,0,0
4,0,1,1,11.48,15.91,48,0.0,21,3,12,1,0,0,0,0,0,21,0,-4.43,5.5104,0,0
4,0,1,1,10.66,14.395,60,6.0032,22,3,12,1,0,0,0,0,0,22,0,-3.7349999999999994,6.396,0,0
4,0,1,1,10.66,15.15,60,0.0,23,3,12,1,0,0,0,0,0,23,0,-4.49,6.396,0,0
4,0,1,1,9.02,12.88,64,6.0032,0,4,12,1,0,0,0,0,1,0,0,-3.860000000000001,5.7728,0,0
4,0,1,1,9.02,12.88,69,6.0032,1,4,12,1,0,0,0,0,1,1,0,-3.860000000000001,6.2238,0,0
4,0,1,1,9.02,13.635,69,0.0,2,4,12,1,0,0,0,0,1,2,0,-4.615,6.2238,0,0
4,0,1,1,8.2,11.365,69,7.0015,3,4,12,1,0,0,0,0,1,3,0,-3.165000000000001,5.6579999999999995,0,0
4,0,1,1,8.2,11.365,75,6.0032,4,4,12,1,0,0,0,0,1,4,0,-3.165000000000001,6.15,0,0
4,0,1,1,8.2,11.365,69,7.0015,5,4,12,1,0,0,0,0,1,5,0,-3.165000000000001,5.6579999999999995,0,0
4,0,1,1,6.56,9.09,80,7.0015,6,4,12,1,0,0,0,0,0,6,0,-2.5300000000000002,5.247999999999999,0,0
4,0,1,1,8.2,10.605,72,7.0015,7,4,12,1,0,1,0,0,0,7,0,-2.405000000000001,5.904,0,0
4,0,1,1,8.2,11.365,69,6.0032,8,4,12,1,0,1,0,0,0,8,0,-3.165000000000001,5.6579999999999995,0,0
4,0,1,1,9.84,12.12,75,8.9981,9,4,12,1,0,1,0,0,0,9,0,-2.2799999999999994,7.38,0,0
4,0,1,1,10.66,12.88,81,12.998,10,4,12,1,0,0,0,0,0,10,0,-2.2200000000000006,8.6346,0,0
4,0,1,1,13.12,15.15,65,12.998,11,4,12,1,0,0,0,0,0,11,0,-2.030000000000001,8.527999999999999,0,0
4,0,1,1,14.76,17.425,50,12.998,12,4,12,1,0,0,0,0,0,12,0,-2.665000000000001,7.38,0,0
4,0,1,1,14.76,17.425,50,15.0013,13,4,12,1,0,0,0,0,0,13,0,-2.665000000000001,7.38,0,0
4,0,1,1,16.4,20.455,43,12.998,14,4,12,1,0,0,0,0,0,14,0,-4.055,7.052,0,0
4,0,1,1,16.4,20.455,47,11.0014,15,4,12,1,0,0,0,0,0,15,0,-4.055,7.707999999999999,0,0
4,0,1,1,15.58,19.695,54,12.998,16,4,12,1,0,0,0,0,0,16,0,-4.115,8.4132,0,0
4,0,1,1,13.94,16.665,57,11.0014,17,4,12,1,0,0,1,0,0,17,0,-2.7249999999999996,7.945799999999999,0,0
4,0,1,1,14.76,17.425,46,8.9981,18,4,12,1,0,0,1,0,0,18,0,-2.665000000000001,6.7896,0,0
4,0,1,1,13.94,17.425,53,6.0032,19,4,12,1,0,0,1,0,0,19,0,-3.485000000000001,7.388199999999999,0,0
4,0,1,1,13.12,16.665,61,8.9981,20,4,12,1,0,0,0,0,0,20,0,-3.545,8.0032,0,0
4,0,1,1,12.3,15.15,75,11.0014,21,4,12,1,0,0,0,0,0,21,0,-2.8499999999999996,9.225,0,0
4,0,1,1,11.48,14.395,75,7.0015,22,4,12,1,0,0,0,0,0,22,0,-2.914999999999999,8.61,0,0
4,0,1,1,11.48,15.15,75,6.0032,23,4,12,1,0,0,0,0,0,23,0,-3.67,8.61,0,0
4,0,0,1,12.3,16.665,70,0.0,0,5,12,1,1,0,0,0,1,0,0,-4.364999999999998,8.61,0,0
4,0,0,2,10.66,14.395,81,6.0032,1,5,12,1,1,0,0,0,1,0,1,-3.7349999999999994,8.6346,0,0
4,0,0,1,10.66,15.15,81,0.0,2,5,12,1,1,0,0,0,1,0,2,-4.49,8.6346,0,0
4,0,0,2,9.84,14.395,81,0.0,3,5,12,1,1,0,0,0,1,0,3,-4.555,7.9704,0,0
4,0,0,2,9.84,12.88,87,7.0015,4,5,12,1,1,0,0,0,1,0,4,-3.040000000000001,8.5608,0,0
4,0,0,2,10.66,15.15,75,0.0,5,5,12,1,1,0,0,0,1,0,5,-4.49,7.995,0,0
4,0,0,2,9.84,14.395,75,0.0,6,5,12,1,1,0,0,0,0,0,6,-4.555,7.38,0,0
4,0,0,2,9.84,12.88,75,6.0032,7,5,12,1,1,0,0,0,0,0,7,-3.040000000000001,7.38,0,0
4,0,0,2,10.66,14.395,75,6.0032,8,5,12,1,1,0,0,0,0,0,8,-3.7349999999999994,7.995,0,0
4,0,0,1,10.66,13.635,75,7.0015,9,5,12,1,1,0,0,0,0,0,9,-2.9749999999999996,7.995,0,0
4,0,0,1,13.12,15.91,61,11.0014,10,5,12,1,1,0,0,0,0,0,10,-2.790000000000001,8.0032,0,0
4,0,0,1,13.94,17.425,61,6.0032,11,5,12,1,1,0,0,1,0,0,11,-3.485000000000001,8.5034,0,0
4,0,0,1,15.58,19.695,50,6.0032,12,5,12,1,1,0,0,1,0,0,12,-4.115,7.79,0,0
4,0,0,1,15.58,19.695,54,16.9979,13,5,12,1,1,0,0,1,0,0,13,-4.115,8.4132,0,0
4,0,0,1,16.4,20.455,50,11.0014,14,5,12,1,1,0,0,1,0,0,14,-4.055,8.2,0,0
4,0,0,1,17.22,21.21,47,0.0,15,5,12,1,1,0,0,1,0,0,15,-3.990000000000002,8.093399999999999,0,0
4,0,0,1,16.4,20.455,50,8.9981,16,5,12,1,1,0,0,1,0,0,16,-4.055,8.2,0,0
4,0,0,1,16.4,20.455,50,15.0013,17,5,12,1,1,0,0,0,0,0,17,-4.055,8.2,0,0
4,0,0,1,15.58,19.695,58,11.0014,18,5,12,1,1,0,0,0,0,0,18,-4.115,9.0364,0,0
4,0,0,1,14.76,17.425,62,8.9981,19,5,12,1,1,0,0,0,0,0,19,-2.665000000000001,9.1512,0,0
4,0,0,2,14.76,17.425,57,12.998,20,5,12,1,1,0,0,0,0,0,20,-2.665000000000001,8.4132,0,0
4,0,0,1,14.76,17.425,62,8.9981,21,5,12,1,1,0,0,0,0,0,21,-2.665000000000001,9.1512,0,0
4,0,0,1,14.76,17.425,62,12.998,22,5,12,1,1,0,0,0,0,0,22,-2.665000000000001,9.1512,0,0
4,0,0,2,14.76,17.425,62,8.9981,23,5,12,1,1,0,0,0,0,0,23,-2.665000000000001,9.1512,0,0
4,0,0,2,14.76,18.94,62,0.0,0,6,12,1,1,0,0,0,1,0,0,-4.1800000000000015,9.1512,0,0
4,0,0,3,13.94,17.425,76,7.0015,1,6,12,1,1,0,0,0,1,0,1,-3.485000000000001,10.5944,0,1
4,0,0,2,13.94,17.425,87,6.0032,2,6,12,1,1,0,0,0,1,0,2,-3.485000000000001,12.1278,0,0
4,0,0,2,13.94,16.665,87,12.998,3,6,12,1,1,0,0,0,1,0,3,-2.7249999999999996,12.1278,0,0
4,0,0,2,13.94,18.18,87,0.0,4,6,12,1,1,0,0,0,1,0,4,-4.24,12.1278,0,0
4,0,0,2,13.94,18.18,87,0.0,5,6,12,1,1,0,0,0,1,0,5,-4.24,12.1278,0,0
4,0,0,2,13.94,18.18,87,0.0,6,6,12,1,1,0,0,0,0,0,6,-4.24,12.1278,0,0
4,0,0,2,13.94,17.425,87,6.0032,7,6,12,1,1,0,0,0,0,0,7,-3.485000000000001,12.1278,0,0
4,0,0,2,14.76,17.425,87,8.9981,8,6,12,1,1,0,0,0,0,0,8,-2.665000000000001,12.841199999999999,0,0
4,0,0,2,14.76,17.425,87,8.9981,9,6,12,1,1,0,0,0,0,0,9,-2.665000000000001,12.841199999999999,0,0
4,0,0,2,14.76,17.425,87,8.9981,10,6,12,1,1,0,0,0,0,0,10,-2.665000000000001,12.841199999999999,0,0
4,0,0,2,14.76,17.425,87,8.9981,11,6,12,1,1,0,0,1,0,0,11,-2.665000000000001,12.841199999999999,0,0
4,0,0,2,15.58,19.695,82,12.998,12,6,12,1,1,0,0,1,0,0,12,-4.115,12.775599999999999,0,0
4,0,0,2,15.58,19.695,76,12.998,13,6,12,1,1,0,0,1,0,0,13,-4.115,11.8408,0,0
4,0,0,2,15.58,19.695,76,8.9981,14,6,12,1,1,0,0,1,0,0,14,-4.115,11.8408,0,0
4,0,0,2,15.58,19.695,82,7.0015,15,6,12,1,1,0,0,1,0,0,15,-4.115,12.775599999999999,0,0
4,0,0,2,15.58,19.695,82,7.0015,16,6,12,1,1,0,0,1,0,0,16,-4.115,12.775599999999999,0,0
4,0,0,2,15.58,19.695,82,7.0015,17,6,12,1,1,0,0,0,0,0,17,-4.115,12.775599999999999,0,0
4,0,0,3,15.58,19.695,82,7.0015,18,6,12,1,1,0,0,0,0,0,18,-4.115,12.775599999999999,0,1
4,0,0,1,14.76,17.425,93,8.9981,19,6,12,1,1,0,0,0,0,0,19,-2.665000000000001,13.7268,0,0
4,0,0,2,15.58,19.695,82,0.0,20,6,12,1,1,0,0,0,0,0,20,-4.115,12.775599999999999,0,0
4,0,0,2,14.76,18.94,93,0.0,21,6,12,1,1,0,0,0,0,0,21,-4.1800000000000015,13.7268,0,0
4,0,0,2,16.4,20.455,82,12.998,22,6,12,1,1,0,0,0,0,0,22,-4.055,13.448,0,0
4,0,0,2,14.76,17.425,93,8.9981,23,6,12,1,1,0,0,0,0,0,23,-2.665000000000001,13.7268,0,0
4,0,1,2,15.58,19.695,87,0.0,0,0,12,1,0,0,0,0,1,0,0,-4.115,13.5546,0,0
4,0,1,2,15.58,19.695,87,7.0015,1,0,12,1,0,0,0,0,1,1,0,-4.115,13.5546,0,0
4,0,1,2,15.58,19.695,94,0.0,2,0,12,1,0,0,0,0,1,2,0,-4.115,14.645199999999999,0,0
4,0,1,2,14.76,18.94,93,0.0,3,0,12,1,0,0,0,0,1,3,0,-4.1800000000000015,13.7268,0,0
4,0,1,3,14.76,18.94,100,0.0,4,0,12,1,0,0,0,0,1,4,0,-4.1800000000000015,14.76,0,1
4,0,1,2,15.58,19.695,87,0.0,5,0,12,1,0,0,0,0,1,5,0,-4.115,13.5546,0,0
4,0,1,2,14.76,17.425,93,8.9981,6,0,12,1,0,0,0,0,0,6,0,-2.665000000000001,13.7268,0,0
4,0,1,2,14.76,17.425,93,8.9981,7,0,12,1,0,1,0,0,0,7,0,-2.665000000000001,13.7268,0,0
4,0,1,2,15.58,19.695,87,7.0015,8,0,12,1,0,1,0,0,0,8,0,-4.115,13.5546,0,0
4,0,1,2,16.4,20.455,87,0.0,9,0,12,1,0,1,0,0,0,9,0,-4.055,14.267999999999999,0,0
4,0,1,2,15.58,19.695,87,6.0032,10,0,12,1,0,0,0,0,0,10,0,-4.115,13.5546,0,0
4,0,1,2,16.4,20.455,87,6.0032,11,0,12,1,0,0,0,0,0,11,0,-4.055,14.267999999999999,0,0
4,0,1,2,16.4,20.455,87,0.0,12,0,12,1,0,0,0,0,0,12,0,-4.055,14.267999999999999,0,0
4,0,1,2,16.4,20.455,87,8.9981,13,0,12,1,0,0,0,0,0,13,0,-4.055,14.267999999999999,0,0
4,0,1,2,16.4,20.455,87,6.0032,14,0,12,1,0,0,0,0,0,14,0,-4.055,14.267999999999999,0,0
4,0,1,2,17.22,21.21,88,0.0,15,0,12,1,0,0,0,0,0,15,0,-3.990000000000002,15.153599999999999,0,0
4,0,1,3,16.4,20.455,94,16.9979,16,0,12,1,0,0,0,0,0,16,0,-4.055,15.415999999999999,0,1
4,0,1,2,16.4,20.455,94,16.9979,17,0,12,1,0,0,1,0,0,17,0,-4.055,15.415999999999999,0,0
4,0,1,2,16.4,20.455,94,6.0032,18,0,12,1,0,0,1,0,0,18,0,-4.055,15.415999999999999,0,0
4,0,1,2,17.22,21.21,88,8.9981,19,0,12,1,0,0,1,0,0,19,0,-3.990000000000002,15.153599999999999,0,0
4,0,1,2,17.22,21.21,94,16.9979,20,0,12,1,0,0,0,0,0,20,0,-3.990000000000002,16.186799999999998,0,0
4,0,1,2,17.22,21.21,94,8.9981,21,0,12,1,0,0,0,0,0,21,0,-3.990000000000002,16.186799999999998,0,0
4,0,1,2,17.22,21.21,94,8.9981,22,0,12,1,0,0,0,0,0,22,0,-3.990000000000002,16.186799999999998,0,0
4,0,1,3,17.22,21.21,94,15.0013,23,0,12,1,0,0,0,0,0,23,0,-3.990000000000002,16.186799999999998,0,1
4,0,1,2,18.04,21.97,94,8.9981,0,1,12,1,0,0,0,0,1,0,0,-3.9299999999999997,16.9576,0,0
4,0,1,2,18.04,21.97,94,8.9981,1,1,12,1,0,0,0,0,1,1,0,-3.9299999999999997,16.9576,0,0
4,0,1,2,18.04,21.97,88,15.0013,2,1,12,1,0,0,0,0,1,2,0,-3.9299999999999997,15.8752,0,0
4,0,1,1,17.22,21.21,88,12.998,3,1,12,1,0,0,0,0,1,3,0,-3.990000000000002,15.153599999999999,0,0
4,0,1,1,17.22,21.21,82,11.0014,4,1,12,1,0,0,0,0,1,4,0,-3.990000000000002,14.1204,0,0
4,0,1,1,15.58,19.695,87,6.0032,5,1,12,1,0,0,0,0,1,5,0,-4.115,13.5546,0,0
4,0,1,1,14.76,17.425,93,11.0014,6,1,12,1,0,0,0,0,0,6,0,-2.665000000000001,13.7268,0,0
4,0,1,1,14.76,17.425,93,8.9981,7,1,12,1,0,1,0,0,0,7,0,-2.665000000000001,13.7268,0,0
4,0,1,1,15.58,19.695,94,0.0,8,1,12,1,0,1,0,0,0,8,0,-4.115,14.645199999999999,0,0
4,0,1,1,16.4,20.455,87,6.0032,9,1,12,1,0,1,0,0,0,9,0,-4.055,14.267999999999999,0,0
4,0,1,1,18.04,21.97,77,6.0032,10,1,12,1,0,0,0,0,0,10,0,-3.9299999999999997,13.890799999999999,0,0
4,0,1,1,19.68,23.485,63,15.0013,11,1,12,1,0,0,0,0,0,11,0,-3.8049999999999997,12.398399999999999,0,0
4,0,1,3,19.68,23.485,48,16.9979,12,1,12,1,0,0,0,0,0,12,0,-3.8049999999999997,9.4464,0,1
4,0,1,1,20.5,24.24,42,19.0012,13,1,12,1,0,0,0,0,0,13,0,-3.7399999999999984,8.61,0,0
4,0,1,1,18.86,22.725,47,30.0026,14,1,12,1,0,0,0,0,0,14,0,-3.865000000000002,8.8642,0,0
4,0,1,1,18.86,22.725,44,32.9975,15,1,12,1,0,0,0,0,0,15,0,-3.865000000000002,8.298399999999999,0,0
4,0,1,1,18.04,21.97,41,31.0009,16,1,12,1,0,0,0,0,0,16,0,-3.9299999999999997,7.3964,0,0
4,0,1,1,16.4,20.455,47,30.0026,17,1,12,1,0,0,1,0,0,17,0,-4.055,7.707999999999999,0,0
4,0,1,1,15.58,19.695,46,22.0028,18,1,12,1,0,0,1,0,0,18,0,-4.115,7.166799999999999,0,0
4,0,1,1,15.58,19.695,46,26.0027,19,1,12,1,0,0,1,0,0,19,0,-4.115,7.166799999999999,0,0
4,0,1,1,14.76,16.665,50,16.9979,20,1,12,1,0,0,0,0,0,20,0,-1.9049999999999994,7.38,0,0
4,0,1,1,14.76,17.425,50,15.0013,21,1,12,1,0,0,0,0,0,21,0,-2.665000000000001,7.38,0,0
4,0,1,1,13.94,16.665,49,0.0,22,1,12,1,0,0,0,0,0,22,0,-2.7249999999999996,6.8306,0,0
4,0,1,1,13.94,17.425,49,6.0032,23,1,12,1,0,0,0,0,0,23,0,-3.485000000000001,6.8306,0,0
4,0,1,1,12.3,15.91,61,0.0,0,2,12,1,0,0,0,0,1,0,0,-3.6099999999999994,7.503000000000001,0,0
4,0,1,1,12.3,15.91,65,6.0032,1,2,12,1,0,0,0,0,1,1,0,-3.6099999999999994,7.995,0,0
4,0,1,1,11.48,15.15,65,6.0032,2,2,12,1,0,0,0,0,1,2,0,-3.67,7.462000000000001,0,0
4,0,1,1,10.66,13.635,75,8.9981,3,2,12,1,0,0,0,0,1,3,0,-2.9749999999999996,7.995,0,0
4,0,1,1,9.84,12.12,75,8.9981,4,2,12,1,0,0,0,0,1,4,0,-2.2799999999999994,7.38,0,0
4,0,1,1,10.66,14.395,75,6.0032,5,2,12,1,0,0,0,0,1,5,0,-3.7349999999999994,7.995,0,0
4,0,1,1,9.84,12.88,75,6.0032,6,2,12,1,0,0,0,0,0,6,0,-3.040000000000001,7.38,0,0
4,0,1,1,10.66,13.635,75,8.9981,7,2,12,1,0,1,0,0,0,7,0,-2.9749999999999996,7.995,0,0
4,0,1,1,9.84,12.88,87,7.0015,8,2,12,1,0,1,0,0,0,8,0,-3.040000000000001,8.5608,0,0
4,0,1,1,11.48,14.395,75,7.0015,9,2,12,1,0,1,0,0,0,9,0,-2.914999999999999,8.61,0,0
4,0,1,1,13.12,16.665,70,7.0015,10,2,12,1,0,0,0,0,0,10,0,-3.545,9.184,0,0
4,0,1,1,16.4,20.455,54,15.0013,11,2,12,1,0,0,0,0,0,11,0,-4.055,8.856,0,0
4,0,1,1,16.4,20.455,54,19.0012,12,2,12,1,0,0,0,0,0,12,0,-4.055,8.856,0,0
4,0,1,1,17.22,21.21,50,12.998,13,2,12,1,0,0,0,0,0,13,0,-3.990000000000002,8.61,0,0
4,0,1,1,17.22,21.21,50,12.998,14,2,12,1,0,0,0,0,0,14,0,-3.990000000000002,8.61,0,0
4,0,1,1,17.22,21.21,50,19.0012,15,2,12,1,0,0,0,0,0,15,0,-3.990000000000002,8.61,0,0
4,0,1,1,17.22,21.21,50,23.9994,16,2,12,1,0,0,0,0,0,16,0,-3.990000000000002,8.61,0,0
4,0,1,1,16.4,20.455,50,26.0027,17,2,12,1,0,0,1,0,0,17,0,-4.055,8.2,0,0
4,0,1,1,15.58,19.695,50,23.9994,18,2,12,1,0,0,1,0,0,18,0,-4.115,7.79,0,0
4,0,1,1,15.58,19.695,50,26.0027,19,2,12,1,0,0,1,0,0,19,0,-4.115,7.79,0,0
4,0,1,1,14.76,17.425,57,15.0013,20,2,12,1,0,0,0,0,0,20,0,-2.665000000000001,8.4132,0,0
4,0,1,1,13.94,15.91,61,15.0013,21,2,12,1,0,0,0,0,0,21,0,-1.9700000000000006,8.5034,0,0
4,0,1,1,13.94,17.425,61,6.0032,22,2,12,1,0,0,0,0,0,22,0,-3.485000000000001,8.5034,0,0
4,0,1,1,13.12,16.665,66,8.9981,23,2,12,1,0,0,0,0,0,23,0,-3.545,8.6592,0,0
