datetime,season,holiday,workingday,weather,temp,atemp,humidity,windspeed,wind_was_zero,hour,month
2011-01-01 00:00:00,1,0,0,1,9.84,14.395,81,8.360373710138203,1,0,1
2011-01-01 01:00:00,1,0,0,1,9.02,13.635,80,8.526699807019424,1,1,1
2011-01-01 02:00:00,1,0,0,1,9.02,13.635,80,8.49489169059808,1,2,1
2011-01-01 03:00:00,1,0,0,1,9.84,14.395,75,8.29935827086356,1,3,1
2011-01-01 04:00:00,1,0,0,1,9.84,14.395,75,8.28616199432007,1,4,1
2011-01-01 05:00:00,1,0,0,2,9.84,12.88,75,6.0032,0,5,1
2011-01-01 06:00:00,1,0,0,1,9.02,13.635,80,8.503724702146247,1,6,1
2011-01-01 07:00:00,1,0,0,1,8.2,12.88,86,8.401507756384364,1,7,1
2011-01-01 08:00:00,1,0,0,1,9.84,14.395,75,9.065650839538364,1,8,1
2011-01-01 09:00:00,1,0,0,1,13.12,17.425,76,10.898049229062524,1,9,1
2011-01-01 10:00:00,1,0,0,1,15.58,19.695,76,16.9979,0,10,1
2011-01-01 11:00:00,1,0,0,1,14.76,16.665,81,19.0012,0,11,1
2011-01-01 12:00:00,1,0,0,1,17.22,21.21,77,19.0012,0,12,1
2011-01-01 13:00:00,1,0,0,2,18.86,22.725,72,19.9995,0,13,1
2011-01-01 14:00:00,1,0,0,2,18.86,22.725,72,19.0012,0,14,1
2011-01-01 15:00:00,1,0,0,2,18.04,21.97,77,19.9995,0,15,1
2011-01-01 16:00:00,1,0,0,2,17.22,21.21,82,19.9995,0,16,1
2011-01-01 17:00:00,1,0,0,2,18.04,21.97,82,19.0012,0,17,1
2011-01-01 18:00:00,1,0,0,3,17.22,21.21,88,16.9979,0,18,1
2011-01-01 19:00:00,1,0,0,3,17.22,21.21,88,16.9979,0,19,1
2011-01-01 20:00:00,1,0,0,2,16.4,20.455,87,16.9979,0,20,1
2011-01-01 21:00:00,1,0,0,2,16.4,20.455,87,12.998,0,21,1
2011-01-01 22:00:00,1,0,0,2,16.4,20.455,94,15.0013,0,22,1
2011-01-01 23:00:00,1,0,0,2,18.86,22.725,88,19.9995,0,23,1
2011-01-02 00:00:00,1,0,0,2,18.86,22.725,88,19.9995,0,0,1
2011-01-02 01:00:00,1,0,0,2,18.04,21.97,94,16.9979,0,1,1
2011-01-02 02:00:00,1,0,0,2,17.22,21.21,100,19.0012,0,2,1
2011-01-02 03:00:00,1,0,0,2,18.86,22.725,94,12.998,0,3,1
2011-01-02 04:00:00,1,0,0,2,18.86,22.725,94,12.998,0,4,1
2011-01-02 06:00:00,1,0,0,3,17.22,21.21,77,19.9995,0,6,1
2011-01-02 07:00:00,1,0,0,2,16.4,20.455,76,12.998,0,7,1
2011-01-02 08:00:00,1,0,0,3,16.4,20.455,71,15.0013,0,8,1
2011-01-02 09:00:00,1,0,0,2,15.58,19.695,76,15.0013,0,9,1
2011-01-02 10:00:00,1,0,0,2,14.76,17.425,81,15.0013,0,10,1
2011-01-02 11:00:00,1,0,0,2,14.76,16.665,71,16.9979,0,11,1
2011-01-02 12:00:00,1,0,0,2,14.76,16.665,66,19.9995,0,12,1
2011-01-02 13:00:00,1,0,0,2,14.76,17.425,66,8.9981,0,13,1
2011-01-02 14:00:00,1,0,0,3,14.76,17.425,76,12.998,0,14,1
2011-01-02 15:00:00,1,0,0,3,13.94,16.665,81,11.0014,0,15,1
2011-01-02 16:00:00,1,0,0,3,13.94,16.665,71,11.0014,0,16,1
2011-01-02 17:00:00,1,0,0,1,13.94,16.665,57,12.998,0,17,1
2011-01-02 18:00:00,1,0,0,2,14.76,16.665,46,22.0028,0,18,1
2011-01-02 19:00:00,1,0,0,1,13.12,14.395,42,30.0026,0,19,1
2011-01-02 20:00:00,1,0,0,1,12.3,13.635,39,23.9994,0,20,1
2011-01-02 21:00:00,1,0,0,1,10.66,11.365,44,22.0028,0,21,1
2011-01-02 22:00:00,1,0,0,1,9.84,10.605,44,19.9995,0,22,1
2011-01-02 23:00:00,1,0,0,1,9.02,11.365,47,11.0014,0,23,1
2011-01-03 00:00:00,1,0,1,1,9.02,9.85,44,23.9994,0,0,1
2011-01-03 01:00:00,1,0,1,1,8.2,8.335,44,27.9993,0,1,1
2011-01-03 04:00:00,1,0,1,1,6.56,6.82,47,26.0027,0,4,1
2011-01-03 05:00:00,1,0,1,1,6.56,6.82,47,19.0012,0,5,1
2011-01-03 06:00:00,1,0,1,1,5.74,5.305,50,26.0027,0,6,1
2011-01-03 07:00:00,1,0,1,1,5.74,6.82,50,12.998,0,7,1
2011-01-03 08:00:00,1,0,1,1,5.74,6.06,50,19.0012,0,8,1
2011-01-03 09:00:00,1,0,1,1,6.56,6.82,43,26.0027,0,9,1
2011-01-03 10:00:00,1,0,1,1,7.38,8.335,43,16.9979,0,10,1
2011-01-03 11:00:00,1,0,1,1,8.2,9.09,40,22.0028,0,11,1
2011-01-03 12:00:00,1,0,1,1,9.02,10.605,35,19.9995,0,12,1
2011-01-03 13:00:00,1,0,1,1,9.84,10.605,35,19.0012,0,13,1
2011-01-03 14:00:00,1,0,1,1,10.66,12.12,30,19.0012,0,14,1
2011-01-03 15:00:00,1,0,1,1,10.66,12.12,30,16.9979,0,15,1
2011-01-03 16:00:00,1,0,1,1,10.66,12.12,30,16.9979,0,16,1
2011-01-03 17:00:00,1,0,1,1,9.84,11.365,30,15.0013,0,17,1
2011-01-03 18:00:00,1,0,1,1,9.84,12.88,32,7.0015,0,18,1
2011-01-03 19:00:00,1,0,1,1,8.2,12.88,47,8.36093177742204,1,19,1
2011-01-03 20:00:00,1,0,1,1,8.2,11.365,47,7.0015,0,20,1
2011-01-03 21:00:00,1,0,1,1,7.38,9.85,64,8.9981,0,21,1
2011-01-03 22:00:00,1,0,1,1,5.74,7.575,69,8.9981,0,22,1
2011-01-03 23:00:00,1,0,1,1,7.38,10.605,55,7.0015,0,23,1
2011-01-04 00:00:00,1,0,1,1,6.56,9.09,55,7.0015,0,0,1
2011-01-04 01:00:00,1,0,1,1,6.56,9.09,59,7.0015,0,1,1
2011-01-04 02:00:00,1,0,1,1,5.74,7.575,63,8.9981,0,2,1
2011-01-04 04:00:00,1,0,1,1,5.74,9.09,63,6.0032,0,4,1
2011-01-04 05:00:00,1,0,1,1,4.92,7.575,68,7.0015,0,5,1
2011-01-04 06:00:00,1,0,1,1,4.92,7.575,74,7.0015,0,6,1
2011-01-04 07:00:00,1,0,1,1,4.92,7.575,74,8.9981,0,7,1
2011-01-04 08:00:00,1,0,1,1,5.74,7.575,69,11.0014,0,8,1
2011-01-04 09:00:00,1,0,1,1,6.56,7.575,64,15.0013,0,9,1
2011-01-04 10:00:00,1,0,1,2,6.56,6.82,69,22.0028,0,10,1
2011-01-04 11:00:00,1,0,1,1,9.02,10.605,51,19.9995,0,11,1
2011-01-04 12:00:00,1,0,1,1,9.02,11.365,51,11.0014,0,12,1
2011-01-04 13:00:00,1,0,1,1,9.84,11.365,56,12.998,0,13,1
2011-01-04 14:00:00,1,0,1,1,10.66,12.88,52,15.0013,0,14,1
2011-01-04 15:00:00,1,0,1,1,11.48,13.635,52,16.9979,0,15,1
2011-01-04 16:00:00,1,0,1,1,12.3,14.395,49,16.9979,0,16,1
2011-01-04 17:00:00,1,0,1,1,11.48,13.635,48,15.0013,0,17,1
2011-01-04 18:00:00,1,0,1,1,10.66,12.88,48,12.998,0,18,1
2011-01-04 19:00:00,1,0,1,1,9.84,12.88,48,7.0015,0,19,1
2011-01-04 20:00:00,1,0,1,1,9.84,12.88,48,7.0015,0,20,1
2011-01-04 21:00:00,1,0,1,1,9.02,13.635,64,8.780894521204786,1,21,1
2011-01-04 22:00:00,1,0,1,1,9.02,12.88,64,6.0032,0,22,1
2011-01-04 23:00:00,1,0,1,1,8.2,11.365,69,6.0032,0,23,1
2011-01-05 00:00:00,1,0,1,1,8.2,12.88,64,8.063432502994427,1,0,1
2011-01-05 01:00:00,1,0,1,1,6.56,9.85,74,6.0032,0,1,1
2011-01-05 02:00:00,1,0,1,1,6.56,9.85,74,6.0032,0,2,1
2011-01-05 04:00:00,1,0,1,1,9.84,11.365,48,15.0013,0,4,1
2011-01-05 05:00:00,1,0,1,1,9.02,11.365,47,11.0014,0,5,1
2011-01-05 06:00:00,1,0,1,1,8.2,9.85,47,15.0013,0,6,1
2011-01-05 07:00:00,1,0,1,1,7.38,9.09,43,12.998,0,7,1
2011-01-05 08:00:00,1,0,1,1,8.2,9.09,40,19.9995,0,8,1
2011-01-05 09:00:00,1,0,1,1,9.02,9.85,37,22.0028,0,9,1
2011-01-05 10:00:00,1,0,1,1,9.02,9.85,37,22.0028,0,10,1
2011-01-05 11:00:00,1,0,1,1,10.66,11.365,33,22.0028,0,11,1
2011-01-05 12:00:00,1,0,1,1,10.66,11.365,33,22.0028,0,12,1
2011-01-05 13:00:00,1,0,1,1,11.48,12.88,30,19.9995,0,13,1
2011-01-05 14:00:00,1,0,1,1,12.3,14.395,28,12.998,0,14,1
2011-01-05 15:00:00,1,0,1,1,12.3,14.395,28,12.998,0,15,1
2011-01-05 16:00:00,1,0,1,1,12.3,15.91,28,6.0032,0,16,1
2011-01-05 17:00:00,1,0,1,1,9.84,11.365,38,12.998,0,17,1
2011-01-05 18:00:00,1,0,1,1,9.84,12.12,38,8.9981,0,18,1
2011-01-05 19:00:00,1,0,1,1,9.84,12.88,38,7.0015,0,19,1
2011-01-05 20:00:00,1,0,1,1,9.02,11.365,47,11.0014,0,20,1
2011-01-05 21:00:00,1,0,1,1,8.2,9.85,51,12.998,0,21,1
2011-01-05 22:00:00,1,0,1,1,7.38,9.85,55,8.9981,0,22,1
2011-01-05 23:00:00,1,0,1,1,8.2,12.88,47,8.015434647866144,1,23,1
2011-01-06 00:00:00,1,0,1,1,7.38,12.12,55,7.889428386028346,1,0,1
2011-01-06 01:00:00,1,0,1,1,6.56,11.365,64,7.927752064802728,1,1,1
2011-01-06 02:00:00,1,0,1,1,6.56,11.365,64,7.885971577399285,1,2,1
2011-01-06 04:00:00,1,0,1,2,6.56,9.85,64,6.0032,0,4,1
2011-01-06 05:00:00,1,0,1,2,5.74,9.09,69,6.0032,0,5,1
2011-01-06 06:00:00,1,0,1,2,5.74,8.335,63,7.0015,0,6,1
2011-01-06 07:00:00,1,0,1,2,6.56,11.365,59,7.9813433821445186,1,7,1
2011-01-06 08:00:00,1,0,1,1,6.56,11.365,59,8.661812318293002,1,8,1
2011-01-06 09:00:00,1,0,1,2,7.38,12.12,51,8.365098883704187,1,9,1
2011-01-06 10:00:00,1,0,1,1,8.2,12.88,47,8.882504067091865,1,10,1
2011-01-06 11:00:00,1,0,1,1,9.02,12.88,44,6.0032,0,11,1
2011-01-06 12:00:00,1,0,1,1,10.66,14.395,35,12.752076881964085,1,12,1
2011-01-06 13:00:00,1,0,1,1,10.66,13.635,35,7.0015,0,13,1
2011-01-06 14:00:00,1,0,1,1,11.48,13.635,36,11.0014,0,14,1
2011-01-06 15:00:00,1,0,1,1,11.48,13.635,36,18.15004813119872,1,15,1
2011-01-06 16:00:00,1,0,1,1,10.66,12.88,38,11.0014,0,16,1
2011-01-06 17:00:00,1,0,1,1,9.02,11.365,51,11.0014,0,17,1
2011-01-06 18:00:00,1,0,1,1,9.02,11.365,51,8.9981,0,18,1
2011-01-06 19:00:00,1,0,1,1,9.02,12.88,55,6.0032,0,19,1
2011-01-06 20:00:00,1,0,1,1,8.2,10.605,51,11.0014,0,20,1
2011-01-06 21:00:00,1,0,1,2,9.02,10.605,55,15.0013,0,21,1
2011-01-06 22:00:00,1,0,1,2,9.02,10.605,51,19.0012,0,22,1
2011-01-06 23:00:00,1,0,1,2,8.2,9.85,59,12.998,0,23,1
2011-01-07 00:00:00,1,0,1,2,8.2,9.85,64,12.998,0,0,1
2011-01-07 01:00:00,1,0,1,2,8.2,9.85,69,15.0013,0,1,1
2011-01-07 02:00:00,1,0,1,2,8.2,9.85,69,15.0013,0,2,1
2011-01-07 04:00:00,1,0,1,2,8.2,10.605,69,8.9981,0,4,1
2011-01-07 05:00:00,1,0,1,3,9.02,13.635,55,13.154224088833022,1,5,1
2011-01-07 06:00:00,1,0,1,2,8.2,12.88,69,8.312237696276906,1,6,1
2011-01-07 07:00:00,1,0,1,1,8.2,10.605,69,8.9981,0,7,1
2011-01-07 08:00:00,1,0,1,1,8.2,9.85,51,16.9979,0,8,1
2011-01-07 09:00:00,1,0,1,1,8.2,9.09,47,19.9995,0,9,1
2011-01-07 10:00:00,1,0,1,1,9.02,9.85,37,22.0028,0,10,1
2011-01-07 11:00:00,1,0,1,2,8.2,9.85,40,15.0013,0,11,1
2011-01-07 12:00:00,1,0,1,2,8.2,9.85,37,16.9979,0,12,1
2011-01-07 13:00:00,1,0,1,2,8.2,9.09,37,19.0012,0,13,1
2011-01-07 14:00:00,1,0,1,2,8.2,9.85,40,16.9979,0,14,1
2011-01-07 15:00:00,1,0,1,2,8.2,10.605,37,11.0014,0,15,1
2011-01-07 16:00:00,1,0,1,2,8.2,10.605,37,11.0014,0,16,1
2011-01-07 17:00:00,1,0,1,2,8.2,12.88,37,7.80911632205796,1,17,1
2011-01-07 18:00:00,1,0,1,1,8.2,11.365,40,6.0032,0,18,1
2011-01-07 19:00:00,1,0,1,1,6.56,9.85,55,6.0032,0,19,1
2011-01-07 20:00:00,1,0,1,1,7.38,10.605,47,7.0015,0,20,1
2011-01-07 21:00:00,1,0,1,1,7.38,9.85,47,8.9981,0,21,1
2011-01-07 22:00:00,1,0,1,2,7.38,9.85,43,11.0014,0,22,1
2011-01-07 23:00:00,1,0,1,2,7.38,9.85,51,11.0014,0,23,1
2011-01-08 00:00:00,1,0,0,2,7.38,9.85,51,11.0014,0,0,1
2011-01-08 01:00:00,1,0,0,2,7.38,10.605,55,6.0032,0,1,1
2011-01-08 02:00:00,1,0,0,2,7.38,12.12,55,7.612652395337898,1,2,1
2011-01-08 03:00:00,1,0,0,3,7.38,9.85,55,11.0014,0,3,1
2011-01-08 04:00:00,1,0,0,3,7.38,9.85,55,11.0014,0,4,1
2011-01-08 05:00:00,1,0,0,2,6.56,8.335,74,11.0014,0,5,1
2011-01-08 06:00:00,1,0,0,2,6.56,8.335,74,11.0014,0,6,1
2011-01-08 07:00:00,1,0,0,2,6.56,9.09,74,7.0015,0,7,1
2011-01-08 08:00:00,1,0,0,3,6.56,9.09,93,7.0015,0,8,1
2011-01-08 09:00:00,1,0,0,3,6.56,9.09,93,7.0015,0,9,1
2011-01-08 10:00:00,1,0,0,2,7.38,9.85,80,11.0014,0,10,1
2011-01-08 11:00:00,1,0,0,2,8.2,9.09,69,26.0027,0,11,1
2011-01-08 12:00:00,1,0,0,2,8.2,9.09,59,23.9994,0,12,1
2011-01-08 13:00:00,1,0,0,1,8.2,9.09,44,22.0028,0,13,1
2011-01-08 14:00:00,1,0,0,1,8.2,8.335,32,32.9975,0,14,1
2011-01-08 15:00:00,1,0,0,1,8.2,8.335,32,30.0026,0,15,1
2011-01-08 16:00:00,1,0,0,1,7.38,6.82,29,30.0026,0,16,1
2011-01-08 17:00:00,1,0,0,1,6.56,6.06,37,36.9974,0,17,1
2011-01-08 18:00:00,1,0,0,1,5.74,6.06,39,19.9995,0,18,1
2011-01-08 19:00:00,1,0,0,1,5.74,6.06,36,16.9979,0,19,1
2011-01-08 20:00:00,1,0,0,1,4.92,6.06,36,16.9979,0,20,1
2011-01-08 21:00:00,1,0,0,1,4.92,5.305,39,23.9994,0,21,1
2011-01-08 22:00:00,1,0,0,1,4.92,5.305,36,26.0027,0,22,1
2011-01-08 23:00:00,1,0,0,1,4.1,3.03,39,30.0026,0,23,1
2011-01-09 00:00:00,1,0,0,1,4.1,3.79,42,26.0027,0,0,1
2011-01-09 01:00:00,1,0,0,1,4.1,3.03,42,31.0009,0,1,1
2011-01-09 02:00:00,1,0,0,1,4.1,3.03,46,31.0009,0,2,1
2011-01-09 03:00:00,1,0,0,1,4.1,3.79,46,27.9993,0,3,1
2011-01-09 04:00:00,1,0,0,1,3.28,4.545,53,12.998,0,4,1
2011-01-09 05:00:00,1,0,0,1,3.28,4.545,53,12.998,0,5,1
2011-01-09 06:00:00,1,0,0,1,4.1,4.545,49,19.0012,0,6,1
2011-01-09 07:00:00,1,0,0,1,3.28,4.545,53,12.998,0,7,1
2011-01-09 08:00:00,1,0,0,1,4.1,4.545,49,19.0012,0,8,1
2011-01-09 09:00:00,1,0,0,1,4.92,3.79,46,35.0008,0,9,1
2011-01-09 10:00:00,1,0,0,1,5.74,5.305,43,26.0027,0,10,1
2011-01-09 11:00:00,1,0,0,1,6.56,6.06,40,35.0008,0,11,1
2011-01-09 12:00:00,1,0,0,1,7.38,6.82,37,30.0026,0,12,1
2011-01-09 13:00:00,1,0,0,1,8.2,8.335,34,30.0026,0,13,1
2011-01-09 14:00:00,1,0,0,1,9.02,9.09,32,31.0009,0,14,1
2011-01-09 15:00:00,1,0,0,1,9.02,9.85,35,23.9994,0,15,1
2011-01-09 16:00:00,1,0,0,1,8.2,8.335,34,30.0026,0,16,1
2011-01-09 17:00:00,1,0,0,1,7.38,7.575,37,26.0027,0,17,1
2011-01-09 18:00:00,1,0,0,1,6.56,6.82,40,22.0028,0,18,1
2011-01-09 19:00:00,1,0,0,1,6.56,6.82,43,22.0028,0,19,1
2011-01-09 20:00:00,1,0,0,1,5.74,6.06,46,16.9979,0,20,1
2011-01-09 21:00:00,1,0,0,1,5.74,5.305,46,27.9993,0,21,1
2011-01-09 22:00:00,1,0,0,1,5.74,6.06,46,19.9995,0,22,1
2011-01-09 23:00:00,1,0,0,1,4.92,6.82,50,12.998,0,23,1
2011-01-10 00:00:00,1,0,1,1,4.92,6.06,50,19.0012,0,0,1
2011-01-10 01:00:00,1,0,1,1,4.92,6.06,50,19.0012,0,1,1
2011-01-10 02:00:00,1,0,1,1,4.92,6.06,50,15.0013,0,2,1
2011-01-10 03:00:00,1,0,1,1,4.92,6.06,50,15.0013,0,3,1
2011-01-10 04:00:00,1,0,1,1,4.1,6.06,54,8.9981,0,4,1
2011-01-10 05:00:00,1,0,1,1,4.1,5.305,54,16.9979,0,5,1
2011-01-10 06:00:00,1,0,1,1,4.92,6.06,50,19.0012,0,6,1
2011-01-10 07:00:00,1,0,1,1,4.92,6.06,50,15.0013,0,7,1
2011-01-10 08:00:00,1,0,1,2,4.92,6.06,50,19.0012,0,8,1
2011-01-10 09:00:00,1,0,1,2,5.74,6.06,50,16.9979,0,9,1
2011-01-10 10:00:00,1,0,1,2,5.74,6.06,50,19.9995,0,10,1
2011-01-10 11:00:00,1,0,1,2,6.56,6.82,47,19.0012,0,11,1
2011-01-10 12:00:00,1,0,1,2,8.2,9.09,40,19.0012,0,12,1
2011-01-10 13:00:00,1,0,1,2,8.2,9.09,40,19.0012,0,13,1
2011-01-10 14:00:00,1,0,1,2,8.2,9.85,40,15.0013,0,14,1
2011-01-10 15:00:00,1,0,1,2,8.2,9.85,40,15.0013,0,15,1
2011-01-10 16:00:00,1,0,1,1,8.2,10.605,40,8.9981,0,16,1
2011-01-10 17:00:00,1,0,1,1,8.2,11.365,40,7.0015,0,17,1
2011-01-10 18:00:00,1,0,1,1,8.2,9.85,40,15.0013,0,18,1
2011-01-10 19:00:00,1,0,1,1,6.56,8.335,47,11.0014,0,19,1
2011-01-10 20:00:00,1,0,1,1,6.56,8.335,50,11.0014,0,20,1
2011-01-10 21:00:00,1,0,1,1,5.74,6.82,59,12.998,0,21,1
2011-01-10 22:00:00,1,0,1,1,5.74,7.575,59,11.0014,0,22,1
2011-01-10 23:00:00,1,0,1,1,5.74,7.575,59,11.0014,0,23,1
2011-01-11 00:00:00,1,0,1,1,5.74,8.335,59,7.0015,0,0,1
2011-01-11 01:00:00,1,0,1,1,5.74,7.575,59,11.0014,0,1,1
2011-01-11 02:00:00,1,0,1,2,6.56,7.575,55,12.998,0,2,1
2011-01-11 05:00:00,1,0,1,2,6.56,9.09,55,8.9981,0,5,1
2011-01-11 06:00:00,1,0,1,2,6.56,9.09,55,8.9981,0,6,1
2011-01-11 07:00:00,1,0,1,2,6.56,11.365,55,7.799506550616982,1,7,1
2011-01-11 08:00:00,1,0,1,2,7.38,10.605,51,6.0032,0,8,1
2011-01-11 09:00:00,1,0,1,2,7.38,9.85,51,11.0014,0,9,1
2011-01-11 10:00:00,1,0,1,2,8.2,10.605,51,11.0014,0,10,1
2011-01-11 11:00:00,1,0,1,2,8.2,10.605,47,8.9981,0,11,1
2011-01-11 12:00:00,1,0,1,2,8.2,11.365,51,7.0015,0,12,1
2011-01-11 13:00:00,1,0,1,2,8.2,11.365,59,6.0032,0,13,1
2011-01-11 14:00:00,1,0,1,2,8.2,11.365,59,6.0032,0,14,1
2011-01-11 15:00:00,1,0,1,2,6.56,9.85,80,6.0032,0,15,1
2011-01-11 16:00:00,1,0,1,2,6.56,7.575,86,15.0013,0,16,1
2011-01-11 17:00:00,1,0,1,2,6.56,7.575,86,15.0013,0,17,1
2011-01-11 18:00:00,1,0,1,3,6.56,9.09,93,7.0015,0,18,1
2011-01-11 19:00:00,1,0,1,3,6.56,11.365,93,7.22125365071928,1,19,1
2011-01-11 20:00:00,1,0,1,3,6.56,7.575,93,12.998,0,20,1
2011-01-11 21:00:00,1,0,1,3,6.56,9.85,86,6.0032,0,21,1
2011-01-11 22:00:00,1,0,1,3,6.56,9.09,93,7.0015,0,22,1
2011-01-11 23:00:00,1,0,1,3,6.56,9.85,93,6.0032,0,23,1
2011-01-12 00:00:00,1,0,1,2,6.56,9.85,86,6.0032,0,0,1
2011-01-12 01:00:00,1,0,1,2,6.56,9.09,86,7.0015,0,1,1
2011-01-12 02:00:00,1,0,1,1,5.74,7.575,86,8.9981,0,2,1
2011-01-12 05:00:00,1,0,1,1,5.74,7.575,86,11.0014,0,5,1
2011-01-12 06:00:00,1,0,1,1,4.92,7.575,93,8.9981,0,6,1
2011-01-12 07:00:00,1,0,1,1,5.74,7.575,69,8.9981,0,7,1
2011-01-12 08:00:00,1,0,1,1,6.56,8.335,59,11.0014,0,8,1
2011-01-12 09:00:00,1,0,1,1,6.56,6.82,59,22.0028,0,9,1
2011-01-12 10:00:00,1,0,1,1,7.38,9.09,55,15.0013,0,10,1
2011-01-12 11:00:00,1,0,1,1,8.2,9.09,51,26.0027,0,11,1
2011-01-12 12:00:00,1,0,1,1,8.2,7.575,47,39.0007,0,12,1
2011-01-12 13:00:00,1,0,1,1,9.02,9.85,44,23.9994,0,13,1
2011-01-12 14:00:00,1,0,1,1,8.2,9.09,47,22.0028,0,14,1
2011-01-12 15:00:00,1,0,1,1,8.2,8.335,47,27.9993,0,15,1
2011-01-12 16:00:00,1,0,1,1,9.02,9.85,44,22.0028,0,16,1
2011-01-12 17:00:00,1,0,1,1,8.2,9.09,47,23.9994,0,17,1
2011-01-12 18:00:00,1,0,1,1,8.2,7.575,47,35.0008,0,18,1
2011-01-12 19:00:00,1,0,1,1,7.38,7.575,47,27.9993,0,19,1
2011-01-12 20:00:00,1,0,1,1,6.56,6.82,50,22.0028,0,20,1
2011-01-12 21:00:00,1,0,1,1,6.56,6.82,55,22.0028,0,21,1
2011-01-12 22:00:00,1,0,1,1,6.56,6.06,55,30.0026,0,22,1
2011-01-12 23:00:00,1,0,1,1,5.74,5.305,59,27.9993,0,23,1
2011-01-13 00:00:00,1,0,1,1,5.74,6.06,59,19.0012,0,0,1
2011-01-13 01:00:00,1,0,1,1,5.74,6.06,50,19.0012,0,1,1
2011-01-13 02:00:00,1,0,1,1,5.74,6.06,50,23.9994,0,2,1
2011-01-13 03:00:00,1,0,1,1,5.74,6.06,50,22.0028,0,3,1
2011-01-13 04:00:00,1,0,1,1,5.74,6.06,50,16.9979,0,4,1
2011-01-13 05:00:00,1,0,1,1,5.74,6.06,50,19.9995,0,5,1
2011-01-13 06:00:00,1,0,1,1,4.92,7.575,54,8.9981,0,6,1
2011-01-13 07:00:00,1,0,1,1,4.92,7.575,54,8.9981,0,7,1
2011-01-13 08:00:00,1,0,1,1,5.74,6.82,50,12.998,0,8,1
2011-01-13 09:00:00,1,0,1,1,5.74,6.06,50,22.0028,0,9,1
2011-01-13 10:00:00,1,0,1,2,6.56,6.82,50,23.9994,0,10,1
2011-01-13 11:00:00,1,0,1,2,8.2,8.335,44,30.0026,0,11,1
2011-01-13 12:00:00,1,0,1,1,8.2,8.335,44,27.9993,0,12,1
2011-01-13 13:00:00,1,0,1,1,9.02,9.85,41,30.0026,0,13,1
2011-01-13 14:00:00,1,0,1,1,9.02,9.85,41,26.0027,0,14,1
2011-01-13 15:00:00,1,0,1,1,9.84,10.605,38,19.9995,0,15,1
2011-01-13 16:00:00,1,0,1,1,9.84,10.605,38,23.9994,0,16,1
2011-01-13 17:00:00,1,0,1,1,8.2,9.09,40,19.0012,0,17,1
2011-01-13 18:00:00,1,0,1,1,8.2,9.09,40,22.0028,0,18,1
2011-01-13 19:00:00,1,0,1,1,6.56,7.575,47,16.9979,0,19,1
2011-01-13 20:00:00,1,0,1,1,6.56,7.575,47,15.0013,0,20,1
2011-01-13 21:00:00,1,0,1,1,5.74,6.06,46,19.9995,0,21,1
2011-01-13 22:00:00,1,0,1,1,5.74,6.06,46,22.0028,0,22,1
2011-01-13 23:00:00,1,0,1,1,4.92,6.82,50,12.998,0,23,1
2011-01-14 00:00:00,1,0,1,1,4.92,6.82,50,12.998,0,0,1
2011-01-14 01:00:00,1,0,1,1,4.1,6.06,54,11.0014,0,1,1
2011-01-14 02:00:00,1,0,1,1,4.1,6.06,54,8.9981,0,2,1
2011-01-14 03:00:00,1,0,1,1,4.1,6.82,54,7.0015,0,3,1
2011-01-14 05:00:00,1,0,1,1,4.1,6.82,54,6.0032,0,5,1
2011-01-14 06:00:00,1,0,1,1,4.1,9.09,54,8.268441290631563,1,6,1
2011-01-14 07:00:00,1,0,1,1,4.1,6.06,74,11.0014,0,7,1
2011-01-14 08:00:00,1,0,1,1,4.92,8.335,68,11.223789553923204,1,8,1
2011-01-14 09:00:00,1,0,1,1,5.74,7.575,69,8.9981,0,9,1
2011-01-14 10:00:00,1,0,1,1,7.38,9.09,55,12.998,0,10,1
2011-01-14 11:00:00,1,0,1,1,7.38,8.335,51,19.0012,0,11,1
2011-01-14 12:00:00,1,0,1,1,8.2,9.85,44,16.9979,0,12,1
2011-01-14 13:00:00,1,0,1,1,9.02,9.85,37,26.0027,0,13,1
2011-01-14 14:00:00,1,0,1,1,9.02,10.605,41,19.0012,0,14,1
2011-01-14 15:00:00,1,0,1,1,9.84,12.12,38,11.0014,0,15,1
2011-01-14 16:00:00,1,0,1,1,9.02,12.12,41,7.0015,0,16,1
2011-01-14 17:00:00,1,0,1,1,9.02,11.365,41,11.0014,0,17,1
2011-01-14 18:00:00,1,0,1,1,8.2,12.88,47,8.69046242511342,1,18,1
2011-01-14 19:00:00,1,0,1,1,6.56,9.85,59,6.0032,0,19,1
2011-01-14 20:00:00,1,0,1,1,7.38,12.12,59,9.05412538083346,1,20,1
2011-01-14 21:00:00,1,0,1,1,6.56,11.365,69,8.530945236374237,1,21,1
2011-01-14 22:00:00,1,0,1,2,6.56,11.365,69,9.073565778898327,1,22,1
2011-01-14 23:00:00,1,0,1,2,7.38,12.12,55,9.22389927102645,1,23,1
2011-01-15 00:00:00,1,0,0,1,7.38,12.12,55,7.889428386028346,1,0,1
2011-01-15 01:00:00,1,0,0,2,6.56,9.85,59,6.0032,0,1,1
2011-01-15 02:00:00,1,0,0,2,6.56,9.85,59,6.0032,0,2,1
2011-01-15 03:00:00,1,0,0,2,6.56,11.365,59,7.196540897440859,1,3,1
2011-01-15 04:00:00,1,0,0,2,6.56,11.365,59,7.243602441154547,1,4,1
2011-01-15 05:00:00,1,0,0,1,6.56,11.365,59,7.46579977442451,1,5,1
2011-01-15 06:00:00,1,0,0,1,5.74,8.335,63,7.0015,0,6,1
2011-01-15 07:00:00,1,0,0,1,5.74,10.605,63,8.155544707484829,1,7,1
2011-01-15 08:00:00,1,0,0,1,5.74,7.575,63,8.9981,0,8,1
2011-01-15 09:00:00,1,0,0,1,6.56,9.09,64,8.9981,0,9,1
2011-01-15 10:00:00,1,0,0,1,7.38,9.85,59,11.0014,0,10,1
2011-01-15 11:00:00,1,0,0,1,8.2,9.85,55,15.0013,0,11,1
2011-01-15 12:00:00,1,0,0,1,9.84,11.365,48,15.0013,0,12,1
2011-01-15 13:00:00,1,0,0,1,11.48,12.88,38,19.9995,0,13,1
2011-01-15 14:00:00,1,0,0,1,12.3,14.395,39,19.0012,0,14,1
2011-01-15 15:00:00,1,0,0,2,13.12,15.91,36,12.998,0,15,1
2011-01-15 16:00:00,1,0,0,2,13.94,16.665,34,12.998,0,16,1
2011-01-15 17:00:00,1,0,0,2,13.12,15.15,36,19.0012,0,17,1
2011-01-15 18:00:00,1,0,0,2,12.3,14.395,45,16.9979,0,18,1
2011-01-15 19:00:00,1,0,0,2,13.12,15.15,39,16.9979,0,19,1
2011-01-15 20:00:00,1,0,0,2,13.12,15.15,39,16.9979,0,20,1
2011-01-15 21:00:00,1,0,0,2,13.12,15.15,39,15.0013,0,21,1
2011-01-15 22:00:00,1,0,0,2,12.3,15.91,42,7.0015,0,22,1
2011-01-15 23:00:00,1,0,0,1,12.3,14.395,45,19.0012,0,23,1
2011-01-16 00:00:00,1,0,0,1,10.66,15.15,56,10.372786310513526,1,0,1
2011-01-16 01:00:00,1,0,0,1,10.66,13.635,56,8.9981,0,1,1
2011-01-16 02:00:00,1,0,0,1,10.66,14.395,56,6.0032,0,2,1
2011-01-16 03:00:00,1,0,0,1,9.02,13.635,69,8.419227224927878,1,3,1
2011-01-16 04:00:00,1,0,0,1,10.66,12.88,56,11.0014,0,4,1
2011-01-16 05:00:00,1,0,0,2,10.66,12.88,56,11.0014,0,5,1
2011-01-16 06:00:00,1,0,0,2,10.66,12.88,56,11.0014,0,6,1
2011-01-16 07:00:00,1,0,0,2,9.84,10.605,56,19.9995,0,7,1
2011-01-16 08:00:00,1,0,0,1,9.02,10.605,55,19.0012,0,8,1
2011-01-16 09:00:00,1,0,0,1,9.02,10.605,51,16.9979,0,9,1
2011-01-16 10:00:00,1,0,0,1,9.02,10.605,51,19.0012,0,10,1
2011-01-16 11:00:00,1,0,0,1,9.84,11.365,44,16.9979,0,11,1
2011-01-16 12:00:00,1,0,0,1,9.84,10.605,41,19.0012,0,12,1
2011-01-16 13:00:00,1,0,0,1,10.66,11.365,35,19.9995,0,13,1
2011-01-16 14:00:00,1,0,0,1,11.48,13.635,36,16.9979,0,14,1
2011-01-16 15:00:00,1,0,0,1,10.66,12.12,38,16.9979,0,15,1
2011-01-16 16:00:00,1,0,0,1,9.84,11.365,38,15.0013,0,16,1
2011-01-16 17:00:00,1,0,0,1,9.02,10.605,37,16.9979,0,17,1
2011-01-16 18:00:00,1,0,0,1,8.2,10.605,40,11.0014,0,18,1
2011-01-16 19:00:00,1,0,0,1,7.38,9.85,47,8.9981,0,19,1
2011-01-16 20:00:00,1,0,0,1,7.38,9.85,47,11.0014,0,20,1
2011-01-16 21:00:00,1,0,0,1,7.38,9.85,51,11.0014,0,21,1
2011-01-16 22:00:00,1,0,0,2,8.2,10.605,49,8.9981,0,22,1
2011-01-16 23:00:00,1,0,0,2,8.2,11.365,40,7.0015,0,23,1
2011-01-17 00:00:00,1,1,0,2,8.2,9.85,47,15.0013,0,0,1
2011-01-17 01:00:00,1,1,0,2,8.2,9.85,44,12.998,0,1,1
2011-01-17 02:00:00,1,1,0,2,7.38,8.335,43,16.9979,0,2,1
2011-01-17 03:00:00,1,1,0,2,7.38,9.09,43,12.998,0,3,1
2011-01-17 04:00:00,1,1,0,2,7.38,9.85,43,8.9981,0,4,1
2011-01-17 05:00:00,1,1,0,2,7.38,9.85,43,11.0014,0,5,1
2011-01-17 06:00:00,1,1,0,2,7.38,9.09,43,12.998,0,6,1
2011-01-17 07:00:00,1,1,0,2,6.56,9.09,50,8.9981,0,7,1
2011-01-17 08:00:00,1,1,0,2,6.56,7.575,47,15.0013,0,8,1
2011-01-17 09:00:00,1,1,0,2,6.56,7.575,47,15.0013,0,9,1
2011-01-17 10:00:00,1,1,0,2,6.56,7.575,50,16.9979,0,10,1
2011-01-17 11:00:00,1,1,0,2,6.56,7.575,55,12.998,0,11,1
2011-01-17 12:00:00,1,1,0,2,7.38,9.85,47,8.9981,0,12,1
2011-01-17 13:00:00,1,1,0,2,7.38,9.85,47,8.9981,0,13,1
2011-01-17 14:00:00,1,1,0,2,7.38,10.605,43,7.0015,0,14,1
2011-01-17 15:00:00,1,1,0,2,8.2,10.605,47,11.0014,0,15,1
2011-01-17 16:00:00,1,1,0,2,8.2,10.605,47,11.0014,0,16,1
2011-01-17 17:00:00,1,1,0,1,8.2,9.85,51,12.998,0,17,1
2011-01-17 18:00:00,1,1,0,2,7.38,8.335,55,16.9979,0,18,1
2011-01-17 19:00:00,1,1,0,3,7.38,9.09,59,12.998,0,19,1
2011-01-17 20:00:00,1,1,0,3,6.56,7.575,80,12.998,0,20,1
2011-01-17 21:00:00,1,1,0,3,6.56,7.575,80,12.998,0,21,1
2011-01-17 22:00:00,1,1,0,3,5.74,6.06,93,16.9979,0,22,1
2011-01-17 23:00:00,1,1,0,3,6.56,6.82,86,19.0012,0,23,1
2011-01-18 12:00:00,1,0,1,2,8.2,9.09,86,22.0028,0,12,1
2011-01-18 13:00:00,1,0,1,2,8.2,9.85,86,15.0013,0,13,1
2011-01-18 14:00:00,1,0,1,2,9.02,11.365,80,11.0014,0,14,1
2011-01-18 15:00:00,1,0,1,2,9.02,11.365,87,11.0014,0,15,1
2011-01-18 16:00:00,1,0,1,2,9.02,11.365,87,12.998,0,16,1
2011-01-18 17:00:00,1,0,1,2,9.02,11.365,82,12.998,0,17,1
2011-01-18 18:00:00,1,0,1,2,9.02,11.365,80,11.0014,0,18,1
2011-01-18 19:00:00,1,0,1,2,9.02,11.365,80,8.9981,0,19,1
2011-01-18 20:00:00,1,0,1,2,9.02,13.635,87,9.535763400089051,1,20,1
2011-01-18 21:00:00,1,0,1,2,9.02,12.12,93,7.0015,0,21,1
2011-01-18 22:00:00,1,0,1,2,9.02,12.88,93,6.0032,0,22,1
2011-01-18 23:00:00,1,0,1,2,9.02,13.635,93,9.446318705216775,1,23,1
2011-01-19 00:00:00,1,0,1,2,9.02,13.635,93,8.495935255681031,1,0,1
2011-01-19 01:00:00,1,0,1,3,9.02,11.365,93,8.9981,0,1,1
2011-01-19 02:00:00,1,0,1,3,9.02,11.365,93,8.9981,0,2,1
2011-01-19 04:00:00,1,0,1,3,9.02,11.365,93,8.9981,0,4,1
2011-01-19 05:00:00,1,0,1,2,9.02,12.88,93,6.0032,0,5,1
2011-01-19 06:00:00,1,0,1,2,9.02,12.88,93,6.0032,0,6,1
2011-01-19 07:00:00,1,0,1,2,9.84,12.88,92,7.0015,0,7,1
2011-01-19 08:00:00,1,0,1,2,9.84,12.88,93,7.0015,0,8,1
2011-01-19 09:00:00,1,0,1,2,9.84,12.88,93,7.0015,0,9,1
2011-01-19 10:00:00,1,0,1,2,10.66,13.635,93,8.9981,0,10,1
2011-01-19 11:00:00,1,0,1,2,11.48,15.15,87,6.0032,0,11,1
2011-01-19 12:00:00,1,0,1,2,12.3,15.91,81,6.0032,0,12,1
2011-01-19 13:00:00,1,0,1,1,16.4,20.455,62,19.0012,0,13,1
2011-01-19 14:00:00,1,0,1,1,16.4,20.455,58,16.9979,0,14,1
2011-01-19 15:00:00,1,0,1,1,16.4,20.455,54,19.0012,0,15,1
2011-01-19 16:00:00,1,0,1,1,15.58,19.695,58,26.0027,0,16,1
2011-01-19 17:00:00,1,0,1,1,14.76,16.665,57,22.0028,0,17,1
2011-01-19 18:00:00,1,0,1,1,13.94,15.91,61,19.0012,0,18,1
2011-01-19 19:00:00,1,0,1,1,13.12,14.395,57,27.9993,0,19,1
2011-01-19 20:00:00,1,0,1,1,13.12,15.15,49,19.9995,0,20,1
2011-01-19 21:00:00,1,0,1,1,13.12,14.395,49,27.9993,0,21,1
2011-01-19 22:00:00,1,0,1,1,12.3,15.15,52,11.0014,0,22,1
2011-01-19 23:00:00,1,0,1,1,12.3,13.635,52,31.0009,0,23,1
2011-02-01 00:00:00,1,0,1,2,6.56,9.09,64,7.0015,0,0,2
2011-02-01 01:00:00,1,0,1,2,6.56,9.09,69,7.0015,0,1,2
2011-02-01 02:00:00,1,0,1,2,6.56,11.365,69,9.415212323070152,1,2,2
2011-02-01 03:00:00,1,0,1,2,6.56,11.365,69,9.413032253606877,1,3,2
2011-02-01 05:00:00,1,0,1,3,5.74,10.605,93,8.89472107849583,1,5,2
2011-02-01 06:00:00,1,0,1,3,5.74,10.605,93,8.707291990532863,1,6,2
2011-02-01 07:00:00,1,0,1,3,6.56,11.365,93,7.488094605271162,1,7,2
2011-02-01 08:00:00,1,0,1,3,6.56,11.365,93,7.123000164627403,1,8,2
2011-02-01 09:00:00,1,0,1,2,6.56,11.365,93,10.573907232084155,1,9,2
2011-02-01 10:00:00,1,0,1,2,6.56,11.365,93,10.758131596061295,1,10,2
2011-02-01 11:00:00,1,0,1,2,7.38,12.12,86,10.425772511159009,1,11,2
2011-02-01 12:00:00,1,0,1,2,8.2,12.88,86,10.81581067530534,1,12,2
2011-02-01 13:00:00,1,0,1,2,8.2,12.88,86,10.99805454067811,1,13,2
2011-02-01 14:00:00,1,0,1,2,9.02,12.88,80,6.0032,0,14,2
2011-02-01 15:00:00,1,0,1,2,9.84,14.395,75,11.787586594051588,1,15,2
2011-02-01 16:00:00,1,0,1,2,9.84,12.12,75,8.9981,0,16,2
2011-02-01 17:00:00,1,0,1,2,9.84,14.395,75,11.735617786072376,1,17,2
2011-02-01 18:00:00,1,0,1,2,9.84,12.88,81,7.0015,0,18,2
2011-02-01 19:00:00,1,0,1,2,9.84,12.12,81,8.9981,0,19,2
2011-02-01 20:00:00,1,0,1,2,9.02,11.365,87,8.9981,0,20,2
2011-02-01 21:00:00,1,0,1,2,9.02,11.365,87,8.9981,0,21,2
2011-02-01 22:00:00,1,0,1,2,9.02,12.88,87,6.0032,0,22,2
2011-02-01 23:00:00,1,0,1,3,8.2,9.85,93,12.998,0,23,2
2011-02-02 00:00:00,1,0,1,3,9.02,12.12,93,7.0015,0,0,2
2011-02-02 01:00:00,1,0,1,3,9.02,11.365,93,12.998,0,1,2
2011-02-02 02:00:00,1,0,1,3,9.02,11.365,93,8.9981,0,2,2
2011-02-02 03:00:00,1,0,1,3,9.02,11.365,93,8.9981,0,3,2
2011-02-02 04:00:00,1,0,1,3,9.02,10.605,93,19.0012,0,4,2
2011-02-02 05:00:00,1,0,1,3,9.02,12.12,93,7.0015,0,5,2
2011-02-02 06:00:00,1,0,1,3,9.02,12.12,93,7.0015,0,6,2
2011-02-02 07:00:00,1,0,1,3,9.02,10.605,93,15.0013,0,7,2
2011-02-02 08:00:00,1,0,1,3,9.02,10.605,93,15.0013,0,8,2
2011-02-02 09:00:00,1,0,1,2,9.84,12.88,93,6.0032,0,9,2
2011-02-02 10:00:00,1,0,1,2,9.02,13.635,100,11.326808064872955,1,10,2
2011-02-02 11:00:00,1,0,1,2,9.84,11.365,93,12.998,0,11,2
2011-02-02 12:00:00,1,0,1,2,9.84,11.365,93,15.0013,0,12,2
2011-02-02 13:00:00,1,0,1,1,13.94,16.665,93,11.0014,0,13,2
2011-02-02 14:00:00,1,0,1,1,15.58,19.695,82,26.0027,0,14,2
2011-02-02 15:00:00,1,0,1,1,15.58,19.695,76,22.0028,0,15,2
2011-02-02 16:00:00,1,0,1,1,14.76,16.665,71,19.9995,0,16,2
2011-02-02 17:00:00,1,0,1,1,14.76,15.91,53,35.0008,0,17,2
2011-02-02 18:00:00,1,0,1,1,13.94,14.395,42,36.9974,0,18,2
2011-02-02 19:00:00,1,0,1,1,11.48,12.12,45,32.9975,0,19,2
2011-02-02 20:00:00,1,0,1,1,9.84,9.85,48,36.9974,0,20,2
2011-02-02 21:00:00,1,0,1,1,9.02,9.85,47,22.0028,0,21,2
2011-02-02 22:00:00,1,0,1,1,9.02,10.605,44,16.9979,0,22,2
2011-02-02 23:00:00,1,0,1,1,8.2,8.335,44,30.0026,0,23,2
2011-02-03 00:00:00,1,0,1,1,8.2,8.335,40,30.0026,0,0,2
2011-02-03 01:00:00,1,0,1,1,8.2,7.575,44,35.0008,0,1,2
2011-02-03 02:00:00,1,0,1,1,7.38,8.335,43,16.9979,0,2,2
2011-02-03 03:00:00,1,0,1,1,7.38,8.335,43,16.9979,0,3,2
2011-02-03 05:00:00,1,0,1,1,6.56,6.82,50,19.9995,0,5,2
2011-02-03 06:00:00,1,0,1,1,6.56,6.82,43,23.9994,0,6,2
2011-02-03 07:00:00,1,0,1,1,5.74,6.06,50,22.0028,0,7,2
2011-02-03 08:00:00,1,0,1,1,5.74,6.06,50,23.9994,0,8,2
2011-02-03 09:00:00,1,0,1,1,6.56,6.82,47,19.9995,0,9,2
2011-02-03 10:00:00,1,0,1,1,7.38,7.575,43,22.0028,0,10,2
2011-02-03 11:00:00,1,0,1,1,7.38,6.82,43,30.0026,0,11,2
2011-02-03 12:00:00,1,0,1,1,8.2,9.09,40,23.9994,0,12,2
2011-02-03 13:00:00,1,0,1,1,8.2,8.335,40,27.9993,0,13,2
2011-02-03 14:00:00,1,0,1,1,9.02,9.85,37,26.0027,0,14,2
2011-02-03 15:00:00,1,0,1,1,9.02,9.85,37,22.0028,0,15,2
2011-02-03 16:00:00,1,0,1,1,9.02,10.605,37,16.9979,0,16,2
2011-02-03 17:00:00,1,0,1,1,8.2,9.85,40,12.998,0,17,2
2011-02-03 18:00:00,1,0,1,1,8.2,10.605,40,11.0014,0,18,2
2011-02-03 19:00:00,1,0,1,1,8.2,12.88,40,7.738568837226932,1,19,2
2011-02-03 20:00:00,1,0,1,1,8.2,11.365,47,6.0032,0,20,2
2011-02-03 21:00:00,1,0,1,1,7.38,10.605,55,7.0015,0,21,2
2011-02-03 22:00:00,1,0,1,1,7.38,10.605,51,6.0032,0,22,2
2011-02-03 23:00:00,1,0,1,1,8.2,11.365,47,7.0015,0,23,2
2011-02-04 00:00:00,1,0,1,2,8.2,12.88,44,8.193737395872317,1,0,2
2011-02-04 01:00:00,1,0,1,2,6.56,11.365,59,7.334308928076788,1,1,2
2011-02-04 02:00:00,1,0,1,2,5.74,8.335,63,7.0015,0,2,2
2011-02-04 03:00:00,1,0,1,2,5.74,8.335,63,7.0015,0,3,2
2011-02-04 05:00:00,1,0,1,2,5.74,7.575,63,8.9981,0,5,2
2011-02-04 06:00:00,1,0,1,2,6.56,11.365,55,7.784960448828709,1,6,2
2011-02-04 07:00:00,1,0,1,1,5.74,10.605,59,8.406303051054195,1,7,2
2011-02-04 08:00:00,1,0,1,1,5.74,7.575,74,8.9981,0,8,2
2011-02-04 09:00:00,1,0,1,2,6.56,9.09,80,8.9981,0,9,2
2011-02-04 10:00:00,1,0,1,2,8.2,10.605,51,8.9981,0,10,2
2011-02-04 11:00:00,1,0,1,1,9.02,11.365,51,11.0014,0,11,2
2011-02-04 12:00:00,1,0,1,2,9.84,12.12,48,11.0014,0,12,2
2011-02-04 13:00:00,1,0,1,2,10.66,12.88,50,15.0013,0,13,2
2011-02-04 14:00:00,1,0,1,2,11.48,13.635,45,11.0014,0,14,2
2011-02-04 15:00:00,1,0,1,2,11.48,13.635,48,16.9979,0,15,2
2011-02-04 16:00:00,1,0,1,2,12.3,14.395,42,15.0013,0,16,2
2011-02-04 17:00:00,1,0,1,2,10.66,13.635,56,8.9981,0,17,2
2011-02-04 18:00:00,1,0,1,2,9.84,12.88,60,7.0015,0,18,2
2011-02-04 19:00:00,1,0,1,2,9.84,12.12,65,8.9981,0,19,2
2011-02-04 20:00:00,1,0,1,2,9.84,12.12,65,11.0014,0,20,2
2011-02-04 21:00:00,1,0,1,2,9.84,12.12,70,11.0014,0,21,2
2011-02-04 22:00:00,1,0,1,2,9.84,12.12,65,11.0014,0,22,2
2011-02-04 23:00:00,1,0,1,2,9.84,12.12,70,8.9981,0,23,2
2011-02-05 00:00:00,1,0,0,2,9.84,12.12,70,11.0014,0,0,2
2011-02-05 01:00:00,1,0,0,2,9.84,12.12,65,11.0014,0,1,2
2011-02-05 02:00:00,1,0,0,2,9.84,12.12,75,11.0014,0,2,2
2011-02-05 03:00:00,1,0,0,2,9.84,12.12,75,11.0014,0,3,2
2011-02-05 04:00:00,1,0,0,3,9.02,11.365,93,8.9981,0,4,2
2011-02-05 05:00:00,1,0,0,3,8.2,11.365,100,6.0032,0,5,2
2011-02-05 06:00:00,1,0,0,3,8.2,12.88,100,7.049940117877433,1,6,2
2011-02-05 07:00:00,1,0,0,3,9.02,12.88,93,6.0032,0,7,2
2011-02-05 08:00:00,1,0,0,3,8.2,11.365,100,6.0032,0,8,2
2011-02-05 09:00:00,1,0,0,3,8.2,11.365,100,6.0032,0,9,2
2011-02-05 10:00:00,1,0,0,3,8.2,10.605,100,8.9981,0,10,2
2011-02-05 11:00:00,1,0,0,3,9.02,11.365,100,8.9981,0,11,2
2011-02-05 12:00:00,1,0,0,3,9.02,11.365,100,11.0014,0,12,2
2011-02-05 13:00:00,1,0,0,3,9.02,11.365,100,11.0014,0,13,2
2011-02-05 14:00:00,1,0,0,3,9.02,13.635,100,9.773477923813614,1,14,2
2011-02-05 15:00:00,1,0,0,3,9.02,13.635,100,10.015262445959761,1,15,2
2011-02-05 16:00:00,1,0,0,3,9.02,11.365,100,8.9981,0,16,2
2011-02-05 17:00:00,1,0,0,2,9.84,10.605,100,19.0012,0,17,2
2011-02-05 18:00:00,1,0,0,2,11.48,12.12,93,30.0026,0,18,2
2011-02-05 19:00:00,1,0,0,2,11.48,12.12,93,30.0026,0,19,2
2011-02-05 20:00:00,1,0,0,1,12.3,14.395,87,16.9979,0,20,2
2011-02-05 21:00:00,1,0,0,1,10.66,12.88,100,12.998,0,21,2
2011-02-05 22:00:00,1,0,0,1,10.66,13.635,93,8.9981,0,22,2
2011-02-05 23:00:00,1,0,0,1,10.66,12.88,93,15.0013,0,23,2
2011-02-06 00:00:00,1,0,0,1,10.66,12.88,70,12.998,0,0,2
2011-02-06 01:00:00,1,0,0,1,10.66,11.365,65,27.9993,0,1,2
2011-02-06 02:00:00,1,0,0,1,10.66,11.365,60,22.0028,0,2,2
2011-02-06 03:00:00,1,0,0,1,10.66,14.395,60,6.0032,0,3,2
2011-02-06 04:00:00,1,0,0,1,10.66,11.365,60,23.9994,0,4,2
2011-02-06 05:00:00,1,0,0,1,10.66,12.88,60,15.0013,0,5,2
2011-02-06 06:00:00,1,0,0,1,10.66,12.88,60,15.0013,0,6,2
2011-02-06 07:00:00,1,0,0,1,9.84,12.12,65,11.0014,0,7,2
2011-02-06 08:00:00,1,0,0,1,9.84,12.88,65,7.0015,0,8,2
2011-02-06 09:00:00,1,0,0,1,11.48,14.395,56,7.0015,0,9,2
2011-02-06 10:00:00,1,0,0,1,12.3,14.395,52,16.9979,0,10,2
2011-02-06 11:00:00,1,0,0,1,13.12,15.15,49,16.9979,0,11,2
2011-02-06 12:00:00,1,0,0,1,13.94,16.665,46,14.058438366218901,1,12,2
2011-02-06 13:00:00,1,0,0,1,13.94,18.18,46,12.052414108020715,1,13,2
2011-02-06 14:00:00,1,0,0,1,13.94,17.425,46,6.0032,0,14,2
2011-02-06 15:00:00,1,0,0,1,13.94,17.425,46,6.0032,0,15,2
2011-02-06 16:00:00,1,0,0,1,13.94,17.425,49,7.0015,0,16,2
2011-02-06 17:00:00,1,0,0,1,13.94,18.18,46,12.143857326531728,1,17,2
2011-02-06 18:00:00,1,0,0,1,12.3,15.15,56,11.0014,0,18,2
2011-02-06 19:00:00,1,0,0,1,11.48,14.395,61,8.9981,0,19,2
2011-02-06 20:00:00,1,0,0,1,11.48,14.395,61,7.0015,0,20,2
2011-02-06 21:00:00,1,0,0,1,10.66,15.15,60,10.195401701888468,1,21,2
2011-02-06 22:00:00,1,0,0,1,10.66,15.15,60,9.985782728145983,1,22,2
2011-02-06 23:00:00,1,0,0,1,9.84,14.395,65,10.538167285364587,1,23,2
2011-02-07 00:00:00,1,0,1,1,9.84,14.395,65,8.43255533458903,1,0,2
2011-02-07 01:00:00,1,0,1,1,9.02,13.635,75,8.567420943625198,1,1,2
2011-02-07 02:00:00,1,0,1,1,8.2,12.88,80,8.483456931560678,1,2,2
2011-02-07 03:00:00,1,0,1,1,8.2,12.88,86,8.404949953576988,1,3,2
2011-02-07 04:00:00,1,0,1,1,8.2,12.88,86,8.391753677033499,1,4,2
2011-02-07 05:00:00,1,0,1,1,8.2,12.88,86,8.391753677033499,1,5,2
2011-02-07 06:00:00,1,0,1,1,7.38,12.12,93,9.986723077281008,1,6,2
2011-02-07 07:00:00,1,0,1,1,7.38,12.12,86,9.863850442214414,1,7,2
2011-02-07 08:00:00,1,0,1,2,6.56,11.365,100,11.42229448522121,1,8,2
2011-02-07 09:00:00,1,0,1,1,9.02,13.635,80,9.594339033548444,1,9,2
2011-02-07 10:00:00,1,0,1,1,9.84,12.88,75,7.0015,0,10,2
2011-02-07 11:00:00,1,0,1,1,12.3,15.91,65,6.0032,0,11,2
2011-02-07 12:00:00,1,0,1,2,13.12,17.425,62,14.770301111688692,1,12,2
2011-02-07 13:00:00,1,0,1,2,14.76,18.18,57,6.0032,0,13,2
2011-02-07 14:00:00,1,0,1,2,14.76,18.18,57,6.0032,0,14,2
2011-02-07 15:00:00,1,0,1,2,15.58,19.695,54,6.0032,0,15,2
2011-02-07 16:00:00,1,0,1,2,14.76,17.425,57,8.9981,0,16,2
2011-02-07 17:00:00,1,0,1,2,13.12,15.91,70,11.0014,0,17,2
2011-02-07 18:00:00,1,0,1,2,13.94,16.665,66,8.9981,0,18,2
2011-02-07 19:00:00,1,0,1,2,13.12,17.425,70,13.223386811252993,1,19,2
2011-02-07 20:00:00,1,0,1,2,13.12,16.665,70,7.0015,0,20,2
2011-02-07 21:00:00,1,0,1,1,13.12,17.425,70,10.964784095220496,1,21,2
2011-02-07 22:00:00,1,0,1,1,11.48,15.15,81,6.0032,0,22,2
2011-02-07 23:00:00,1,0,1,2,12.3,16.665,81,11.666222906862016,1,23,2
2011-02-08 00:00:00,1,0,1,2,11.48,15.91,87,9.487116874757037,1,0,2
2011-02-08 01:00:00,1,0,1,2,11.48,15.91,87,9.464299874205619,1,1,2
2011-02-08 02:00:00,1,0,1,2,10.66,13.635,93,7.0015,0,2,2
2011-02-08 03:00:00,1,0,1,3,11.48,13.635,93,11.0014,0,3,2
2011-02-08 04:00:00,1,0,1,1,10.66,12.88,93,11.0014,0,4,2
2011-02-08 05:00:00,1,0,1,1,10.66,11.365,81,22.0028,0,5,2
2011-02-08 06:00:00,1,0,1,1,10.66,11.365,70,22.0028,0,6,2
2011-02-08 07:00:00,1,0,1,1,9.84,9.85,65,27.9993,0,7,2
2011-02-08 08:00:00,1,0,1,1,9.84,9.85,56,32.9975,0,8,2
2011-02-08 09:00:00,1,0,1,1,9.84,9.85,52,32.9975,0,9,2
2011-02-08 10:00:00,1,0,1,1,9.02,9.09,47,36.9974,0,10,2
2011-02-08 11:00:00,1,0,1,1,9.02,9.09,47,31.0009,0,11,2
2011-02-08 12:00:00,1,0,1,1,9.84,9.85,38,32.9975,0,12,2
2011-02-08 13:00:00,1,0,1,2,9.84,9.85,32,30.0026,0,13,2
2011-02-08 14:00:00,1,0,1,1,9.02,9.85,37,27.9993,0,14,2
2011-02-08 15:00:00,1,0,1,1,9.02,9.85,35,26.0027,0,15,2
2011-02-08 16:00:00,1,0,1,1,9.02,9.09,35,35.0008,0,16,2
2011-02-08 17:00:00,1,0,1,1,9.02,9.09,32,39.0007,0,17,2
2011-02-08 18:00:00,1,0,1,1,8.2,9.09,32,26.0027,0,18,2
2011-02-08 19:00:00,1,0,1,1,6.56,6.06,40,31.0009,0,19,2
2011-02-08 20:00:00,1,0,1,1,6.56,6.82,40,22.0028,0,20,2
2011-02-08 21:00:00,1,0,1,1,5.74,5.305,33,31.0009,0,21,2
2011-02-08 22:00:00,1,0,1,1,4.92,5.305,33,23.9994,0,22,2
2011-02-08 23:00:00,1,0,1,1,4.92,5.305,33,22.0028,0,23,2
2011-02-09 00:00:00,1,0,1,1,4.1,3.79,36,23.9994,0,0,2
2011-02-09 01:00:00,1,0,1,1,4.1,5.305,36,15.0013,0,1,2
2011-02-09 02:00:00,1,0,1,1,3.28,3.79,38,19.0012,0,2,2
2011-02-09 03:00:00,1,0,1,1,2.46,3.79,45,8.9981,0,3,2
2011-02-09 05:00:00,1,0,1,1,2.46,5.305,45,7.0015,0,5,2
2011-02-09 06:00:00,1,0,1,1,2.46,7.575,45,10.638659895557872,1,6,2
2011-02-09 07:00:00,1,0,1,1,2.46,5.305,49,7.0015,0,7,2
2011-02-09 08:00:00,1,0,1,1,4.1,6.82,42,16.30922204530862,1,8,2
2011-02-09 09:00:00,1,0,1,1,4.92,6.82,39,11.0014,0,9,2
2011-02-09 10:00:00,1,0,1,1,5.74,9.09,36,16.36439545862021,1,10,2
2011-02-09 11:00:00,1,0,1,2,5.74,7.575,43,11.0014,0,11,2
2011-02-09 12:00:00,1,0,1,2,7.38,9.09,40,15.0013,0,12,2
2011-02-09 13:00:00,1,0,1,1,7.38,8.335,40,16.9979,0,13,2
2011-02-09 14:00:00,1,0,1,1,8.2,9.09,34,19.9995,0,14,2
2011-02-09 15:00:00,1,0,1,2,8.2,9.09,34,19.0012,0,15,2
2011-02-09 16:00:00,1,0,1,2,8.2,9.85,37,16.9979,0,16,2
2011-02-09 17:00:00,1,0,1,2,8.2,9.85,34,16.9979,0,17,2
2011-02-09 18:00:00,1,0,1,2,7.38,8.335,47,19.9995,0,18,2
2011-02-09 19:00:00,1,0,1,3,5.74,6.06,86,16.9979,0,19,2
2011-02-09 20:00:00,1,0,1,3,5.74,7.575,86,11.0014,0,20,2
2011-02-09 21:00:00,1,0,1,2,5.74,7.575,86,11.0014,0,21,2
2011-02-09 22:00:00,1,0,1,3,6.56,8.335,80,11.0014,0,22,2
2011-02-09 23:00:00,1,0,1,3,6.56,7.575,80,12.998,0,23,2
2011-02-10 00:00:00,1,0,1,3,5.74,6.82,86,12.998,0,0,2
2011-02-10 01:00:00,1,0,1,3,5.74,7.575,80,8.9981,0,1,2
2011-02-10 02:00:00,1,0,1,3,5.74,7.575,80,8.9981,0,2,2
2011-02-10 04:00:00,1,0,1,2,5.74,6.82,59,15.0013,0,4,2
2011-02-10 05:00:00,1,0,1,2,4.92,6.06,50,15.0013,0,5,2
2011-02-10 06:00:00,1,0,1,2,4.92,6.06,54,19.0012,0,6,2
2011-02-10 07:00:00,1,0,1,1,4.1,3.79,50,27.9993,0,7,2
2011-02-10 08:00:00,1,0,1,1,4.1,3.79,49,22.0028,0,8,2
2011-02-10 09:00:00,1,0,1,1,4.92,5.305,42,23.9994,0,9,2
2011-02-10 10:00:00,1,0,1,1,4.92,5.305,42,19.9995,0,10,2
2011-02-10 11:00:00,1,0,1,1,5.74,6.06,39,23.9994,0,11,2
2011-02-10 12:00:00,1,0,1,1,6.56,6.82,34,26.0027,0,12,2
2011-02-10 13:00:00,1,0,1,1,7.38,8.335,29,19.9995,0,13,2
2011-02-10 14:00:00,1,0,1,1,8.2,9.09,27,19.0012,0,14,2
2011-02-10 15:00:00,1,0,1,1,8.2,9.85,25,16.9979,0,15,2
2011-02-10 16:00:00,1,0,1,1,8.2,9.09,27,19.9995,0,16,2
2011-02-10 17:00:00,1,0,1,1,7.38,9.09,26,12.998,0,17,2
2011-02-10 18:00:00,1,0,1,1,6.56,9.09,28,8.9981,0,18,2
2011-02-10 19:00:00,1,0,1,1,5.74,8.335,28,7.0015,0,19,2
2011-02-10 20:00:00,1,0,1,1,5.74,9.09,31,6.0032,0,20,2
2011-02-10 21:00:00,1,0,1,1,5.74,10.605,39,10.380144045208565,1,21,2
2011-02-10 22:00:00,1,0,1,1,4.92,9.85,39,12.393687955082363,1,22,2
2011-02-10 23:00:00,1,0,1,1,4.92,7.575,42,7.0015,0,23,2
2011-02-11 00:00:00,1,0,1,1,4.1,6.82,49,7.0015,0,0,2
2011-02-11 01:00:00,1,0,1,1,4.1,6.82,54,6.0032,0,1,2
2011-02-11 02:00:00,1,0,1,1,4.1,6.82,54,6.0032,0,2,2
2011-02-11 05:00:00,1,0,1,1,3.28,6.06,63,6.0032,0,5,2
2011-02-11 06:00:00,1,0,1,1,4.1,9.09,68,9.711683124992106,1,6,2
2011-02-11 07:00:00,1,0,1,1,3.28,8.335,73,10.481790423915138,1,7,2
2011-02-11 08:00:00,1,0,1,1,4.1,6.06,74,11.0014,0,8,2
2011-02-11 09:00:00,1,0,1,1,4.92,6.06,74,15.0013,0,9,2
2011-02-11 10:00:00,1,0,1,1,5.74,6.82,69,12.998,0,10,2
2011-02-11 11:00:00,1,0,1,1,9.02,11.365,47,8.9981,0,11,2
2011-02-11 12:00:00,1,0,1,1,9.02,11.365,47,8.9981,0,12,2
2011-02-11 13:00:00,1,0,1,1,9.84,11.365,35,12.998,0,13,2
2011-02-11 14:00:00,1,0,1,1,12.3,14.395,26,16.9979,0,14,2
2011-02-11 15:00:00,1,0,1,1,13.12,15.91,21,11.0014,0,15,2
2011-02-11 16:00:00,1,0,1,1,12.3,14.395,28,12.998,0,16,2
2011-02-11 17:00:00,1,0,1,1,12.3,16.665,24,9.231282269797845,1,17,2
2011-02-11 18:00:00,1,0,1,1,11.48,15.91,28,9.89846234981479,1,18,2
2011-02-11 19:00:00,1,0,1,1,10.66,15.15,33,12.194686277844358,1,19,2
2011-02-11 20:00:00,1,0,1,1,9.02,11.365,55,8.9981,0,20,2
2011-02-11 21:00:00,1,0,1,1,8.2,10.605,59,8.9981,0,21,2
2011-02-11 22:00:00,1,0,1,1,8.2,11.365,64,6.0032,0,22,2
2011-02-11 23:00:00,1,0,1,1,7.38,12.12,69,8.525335597328636,1,23,2
2011-02-12 00:00:00,1,0,0,1,6.56,9.85,69,6.0032,0,0,2
2011-02-12 01:00:00,1,0,0,1,5.74,10.605,86,9.674750886999396,1,1,2
2011-02-12 02:00:00,1,0,0,1,5.74,10.605,80,9.727001358762976,1,2,2
2011-02-12 03:00:00,1,0,0,1,4.92,9.85,80,9.851487947064319,1,3,2
2011-02-12 04:00:00,1,0,0,1,4.92,8.335,74,6.0032,0,4,2
2011-02-12 05:00:00,1,0,0,1,4.92,8.335,74,6.0032,0,5,2
2011-02-12 06:00:00,1,0,0,1,4.92,6.82,93,12.998,0,6,2
2011-02-12 07:00:00,1,0,0,1,4.92,7.575,80,7.0015,0,7,2
2011-02-12 08:00:00,1,0,0,1,5.74,7.575,86,8.9981,0,8,2
2011-02-12 09:00:00,1,0,0,1,6.56,9.09,64,8.9981,0,9,2
2011-02-12 10:00:00,1,0,0,1,9.02,10.605,41,16.9979,0,10,2
2011-02-12 11:00:00,1,0,0,1,12.3,13.635,28,22.0028,0,11,2
2011-02-12 12:00:00,1,0,0,1,12.3,13.635,39,31.0009,0,12,2
2011-02-12 13:00:00,1,0,0,1,12.3,13.635,39,27.9993,0,13,2
2011-02-12 14:00:00,1,0,0,1,13.94,15.91,31,19.0012,0,14,2
2011-02-12 15:00:00,1,0,0,1,13.94,15.15,29,27.9993,0,15,2
2011-02-12 16:00:00,1,0,0,1,13.94,15.15,29,27.9993,0,16,2
2011-02-12 17:00:00,1,0,0,1,13.12,14.395,31,35.0008,0,17,2
2011-02-12 18:00:00,1,0,0,1,11.48,12.88,38,22.0028,0,18,2
2011-02-12 19:00:00,1,0,0,1,11.48,13.635,38,11.0014,0,19,2
2011-02-12 20:00:00,1,0,0,1,10.66,12.88,41,15.0013,0,20,2
2011-02-12 21:00:00,1,0,0,1,10.66,15.15,41,12.275069989538471,1,21,2
2011-02-12 22:00:00,1,0,0,1,9.84,12.88,44,6.0032,0,22,2
2011-02-12 23:00:00,1,0,0,1,9.02,11.365,51,8.9981,0,23,2
2011-02-13 00:00:00,1,0,0,1,8.2,11.365,64,7.0015,0,0,2
2011-02-13 01:00:00,1,0,0,1,8.2,11.365,59,6.0032,0,1,2
2011-02-13 02:00:00,1,0,0,2,8.2,11.365,75,6.0032,0,2,2
2011-02-13 03:00:00,1,0,0,2,8.2,11.365,69,7.0015,0,3,2
2011-02-13 04:00:00,1,0,0,2,8.2,10.605,69,11.0014,0,4,2
2011-02-13 06:00:00,1,0,0,2,8.2,10.605,69,8.9981,0,6,2
2011-02-13 07:00:00,1,0,0,2,9.02,13.635,55,8.430269490246411,1,7,2
2011-02-13 08:00:00,1,0,0,2,9.02,11.365,64,12.998,0,8,2
2011-02-13 09:00:00,1,0,0,2,9.84,11.365,60,15.0013,0,9,2
2011-02-13 10:00:00,1,0,0,1,12.3,13.635,45,22.0028,0,10,2
2011-02-13 11:00:00,1,0,0,1,13.12,14.395,39,30.0026,0,11,2
2011-02-13 12:00:00,1,0,0,1,14.76,15.91,32,31.0009,0,12,2
2011-02-13 13:00:00,1,0,0,1,15.58,19.695,29,23.9994,0,13,2
2011-02-13 14:00:00,1,0,0,2,16.4,20.455,30,27.9993,0,14,2
2011-02-13 15:00:00,1,0,0,2,16.4,20.455,30,19.9995,0,15,2
2011-02-13 16:00:00,1,0,0,2,17.22,21.21,28,22.0028,0,16,2
2011-02-13 17:00:00,1,0,0,1,17.22,21.21,28,22.0028,0,17,2
2011-02-13 18:00:00,1,0,0,1,16.4,20.455,32,19.9995,0,18,2
2011-02-13 19:00:00,1,0,0,1,16.4,20.455,35,19.0012,0,19,2
2011-02-13 20:00:00,1,0,0,1,16.4,20.455,35,22.0028,0,20,2
2011-02-13 21:00:00,1,0,0,1,16.4,20.455,35,23.9994,0,21,2
2011-02-13 22:00:00,1,0,0,1,16.4,20.455,35,19.9995,0,22,2
2011-02-13 23:00:00,1,0,0,1,16.4,20.455,35,23.9994,0,23,2
2011-02-14 00:00:00,1,0,1,1,15.58,19.695,37,23.9994,0,0,2
2011-02-14 01:00:00,1,0,1,1,15.58,19.695,37,23.9994,0,1,2
2011-02-14 02:00:00,1,0,1,1,14.76,16.665,40,19.9995,0,2,2
2011-02-14 03:00:00,1,0,1,1,13.94,15.91,46,15.0013,0,3,2
2011-02-14 04:00:00,1,0,1,1,13.12,15.15,53,19.0012,0,4,2
2011-02-14 05:00:00,1,0,1,1,13.12,15.15,53,19.0012,0,5,2
2011-02-14 06:00:00,1,0,1,1,13.94,15.15,46,19.9995,0,6,2
2011-02-14 07:00:00,1,0,1,1,13.94,15.15,46,19.9995,0,7,2
2011-02-14 08:00:00,1,0,1,1,15.58,19.695,40,31.0009,0,8,2
2011-02-14 09:00:00,1,0,1,1,16.4,20.455,37,26.0027,0,9,2
2011-02-14 10:00:00,1,0,1,1,18.04,21.97,33,15.0013,0,10,2
2011-02-14 11:00:00,1,0,1,1,21.32,25.0,23,16.9979,0,11,2
2011-02-14 12:00:00,1,0,1,1,22.96,26.515,22,30.0026,0,12,2
2011-02-14 13:00:00,1,0,1,1,23.78,27.275,19,26.0027,0,13,2
2011-02-14 14:00:00,1,0,1,1,24.6,29.545,15,32.9975,0,14,2
2011-02-14 15:00:00,1,0,1,1,22.96,26.515,21,43.9989,0,15,2
2011-02-14 16:00:00,1,0,1,1,21.32,25.0,27,31.0009,0,16,2
2011-02-14 17:00:00,1,0,1,1,18.86,22.725,33,40.9973,0,17,2
2011-02-14 18:00:00,1,0,1,1,16.4,20.455,40,40.9973,0,18,2
2011-02-14 19:00:00,1,0,1,1,15.58,19.695,43,32.9975,0,19,2
2011-02-14 20:00:00,1,0,1,1,14.76,15.91,46,31.0009,0,20,2
2011-02-14 21:00:00,1,0,1,1,14.76,15.91,50,35.0008,0,21,2
2011-02-14 22:00:00,1,0,1,1,13.94,14.395,46,43.9989,0,22,2
2011-02-14 23:00:00,1,0,1,1,13.12,14.395,49,32.9975,0,23,2
2011-02-15 00:00:00,1,0,1,1,12.3,13.635,49,27.9993,0,0,2
2011-02-15 01:00:00,1,0,1,1,12.3,12.12,42,51.9987,0,1,2
2011-02-15 02:00:00,1,0,1,1,11.48,11.365,41,46.0022,0,2,2
2011-02-15 04:00:00,1,0,1,1,9.02,9.09,37,35.0008,0,4,2
2011-02-15 05:00:00,1,0,1,1,9.02,9.09,32,31.0009,0,5,2
2011-02-15 06:00:00,1,0,1,1,8.2,9.09,32,22.0028,0,6,2
2011-02-15 07:00:00,1,0,1,1,8.2,9.09,32,23.9994,0,7,2
2011-02-15 08:00:00,1,0,1,1,8.2,9.09,32,23.9994,0,8,2
2011-02-15 09:00:00,1,0,1,1,9.02,9.85,29,30.0026,0,9,2
2011-02-15 10:00:00,1,0,1,1,9.84,10.605,27,19.0012,0,10,2
2011-02-15 11:00:00,1,0,1,1,10.66,12.12,25,16.9979,0,11,2
2011-02-15 12:00:00,1,0,1,1,11.48,13.635,24,16.9979,0,12,2
2011-02-15 13:00:00,1,0,1,1,13.12,15.15,21,15.0013,0,13,2
2011-02-15 14:00:00,1,0,1,1,13.94,15.91,19,15.0013,0,14,2
2011-02-15 15:00:00,1,0,1,1,13.94,16.665,19,11.0014,0,15,2
2011-02-15 16:00:00,1,0,1,1,13.94,15.91,19,16.9979,0,16,2
2011-02-15 17:00:00,1,0,1,1,13.12,15.15,22,15.0013,0,17,2
2011-02-15 18:00:00,1,0,1,1,12.3,15.15,22,8.9981,0,18,2
2011-02-15 19:00:00,1,0,1,1,11.48,14.395,26,8.9981,0,19,2
2011-02-15 20:00:00,1,0,1,1,10.66,13.635,33,7.0015,0,20,2
2011-02-15 21:00:00,1,0,1,1,9.84,14.395,52,10.002924356172866,1,21,2
2011-02-15 22:00:00,1,0,1,1,9.84,14.395,44,9.982354210953867,1,22,2
2011-02-15 23:00:00,1,0,1,2,9.02,12.88,44,6.0032,0,23,2
2011-02-16 00:00:00,1,0,1,1,9.02,12.88,41,6.0032,0,0,2
2011-02-16 01:00:00,1,0,1,1,8.2,11.365,44,6.0032,0,1,2
2011-02-16 03:00:00,1,0,1,2,8.2,9.85,47,12.998,0,3,2
2011-02-16 04:00:00,1,0,1,1,8.2,9.85,51,12.998,0,4,2
2011-02-16 05:00:00,1,0,1,1,8.2,9.85,47,12.998,0,5,2
2011-02-16 06:00:00,1,0,1,1,8.2,9.85,55,15.0013,0,6,2
2011-02-16 07:00:00,1,0,1,2,8.2,9.85,55,15.0013,0,7,2
2011-02-16 08:00:00,1,0,1,2,9.02,11.365,55,11.0014,0,8,2
2011-02-16 09:00:00,1,0,1,1,9.84,10.605,52,19.0012,0,9,2
2011-02-16 10:00:00,1,0,1,1,10.66,11.365,41,26.0027,0,10,2
2011-02-16 11:00:00,1,0,1,1,13.94,15.15,34,19.9995,0,11,2
2011-02-16 12:00:00,1,0,1,1,15.58,19.695,32,22.0028,0,12,2
2011-02-16 13:00:00,1,0,1,1,17.22,21.21,30,23.9994,0,13,2
2011-02-16 14:00:00,1,0,1,1,18.86,22.725,28,27.9993,0,14,2
2011-02-16 15:00:00,1,0,1,1,18.86,22.725,28,27.9993,0,15,2
2011-02-16 16:00:00,1,0,1,1,18.86,22.725,31,26.0027,0,16,2
2011-02-16 17:00:00,1,0,1,1,18.86,22.725,28,19.0012,0,17,2
2011-02-16 18:00:00,1,0,1,1,16.4,20.455,40,15.0013,0,18,2
2011-02-16 19:00:00,1,0,1,1,13.94,15.91,53,15.0013,0,19,2
2011-02-16 20:00:00,1,0,1,1,15.58,19.695,43,12.998,0,20,2
2011-02-16 21:00:00,1,0,1,1,14.76,17.425,46,12.998,0,21,2
2011-02-16 22:00:00,1,0,1,1,13.94,16.665,53,12.998,0,22,2
2011-02-16 23:00:00,1,0,1,1,15.58,19.695,40,15.0013,0,23,2
2011-02-17 00:00:00,1,0,1,1,13.94,16.665,53,12.998,0,0,2
2011-02-17 01:00:00,1,0,1,1,13.94,15.91,53,15.0013,0,1,2
2011-02-17 02:00:00,1,0,1,2,13.94,15.91,53,15.0013,0,2,2
2011-02-17 03:00:00,1,0,1,1,13.94,16.665,53,12.998,0,3,2
2011-02-17 04:00:00,1,0,1,1,13.12,15.91,57,12.998,0,4,2
2011-02-17 05:00:00,1,0,1,1,13.12,16.665,66,6.0032,0,5,2
2011-02-17 06:00:00,1,0,1,1,12.3,15.15,70,8.9981,0,6,2
2011-02-17 07:00:00,1,0,1,1,13.12,16.665,57,7.0015,0,7,2
2011-02-17 08:00:00,1,0,1,1,13.12,16.665,57,6.0032,0,8,2
2011-02-17 09:00:00,1,0,1,1,14.76,17.425,57,12.998,0,9,2
2011-02-17 10:00:00,1,0,1,1,15.58,19.695,54,12.998,0,10,2
2011-02-17 11:00:00,1,0,1,2,18.04,21.97,44,16.9979,0,11,2
2011-02-17 12:00:00,1,0,1,1,19.68,23.485,41,15.0013,0,12,2
2011-02-17 13:00:00,1,0,1,1,22.14,25.76,34,15.0013,0,13,2
2011-02-17 14:00:00,1,0,1,1,24.6,31.06,31,15.0013,0,14,2
2011-02-17 15:00:00,1,0,1,1,24.6,30.305,28,16.9979,0,15,2
2011-02-17 16:00:00,1,0,1,2,22.96,26.515,35,19.9995,0,16,2
2011-02-17 17:00:00,1,0,1,2,23.78,27.275,32,19.9995,0,17,2
2011-02-17 18:00:00,1,0,1,2,22.14,25.76,42,19.0012,0,18,2
2011-02-17 19:00:00,1,0,1,1,19.68,23.485,55,22.0028,0,19,2
2011-02-17 20:00:00,1,0,1,1,19.68,23.485,59,22.0028,0,20,2
2011-02-17 21:00:00,1,0,1,1,21.32,25.0,55,26.0027,0,21,2
2011-02-17 22:00:00,1,0,1,1,20.5,24.24,59,19.0012,0,22,2
2011-02-17 23:00:00,1,0,1,1,18.86,22.725,67,19.9995,0,23,2
2011-02-18 00:00:00,1,0,1,1,18.04,21.97,72,19.0012,0,0,2
2011-02-18 01:00:00,1,0,1,1,18.04,21.97,72,15.0013,0,1,2
2011-02-18 02:00:00,1,0,1,1,18.04,21.97,72,19.0012,0,2,2
2011-02-18 03:00:00,1,0,1,1,18.86,22.725,67,16.9979,0,3,2
2011-02-18 04:00:00,1,0,1,1,18.86,22.725,67,16.9979,0,4,2
2011-02-18 05:00:00,1,0,1,2,18.86,22.725,67,7.0015,0,5,2
2011-02-18 06:00:00,1,0,1,2,18.04,21.97,72,11.0014,0,6,2
2011-02-18 07:00:00,1,0,1,2,17.22,21.21,77,15.0013,0,7,2
2011-02-18 08:00:00,1,0,1,2,17.22,21.21,77,12.998,0,8,2
2011-02-18 09:00:00,1,0,1,2,17.22,21.21,77,12.998,0,9,2
2011-02-18 10:00:00,1,0,1,2,18.04,21.97,72,15.0013,0,10,2
2011-02-18 11:00:00,1,0,1,1,18.04,21.97,72,11.0014,0,11,2
2011-02-18 12:00:00,1,0,1,1,20.5,24.24,59,12.998,0,12,2
2011-02-18 13:00:00,1,0,1,1,24.6,31.06,43,12.998,0,13,2
2011-02-18 14:00:00,1,0,1,1,27.06,31.06,36,19.9995,0,14,2
2011-02-18 15:00:00,1,0,1,1,27.06,31.06,36,22.0028,0,15,2
2011-02-18 16:00:00,1,0,1,1,27.06,31.06,36,19.0012,0,16,2
2011-02-18 17:00:00,1,0,1,1,27.06,31.06,34,23.9994,0,17,2
2011-02-18 18:00:00,1,0,1,1,26.24,31.06,33,22.0028,0,18,2
2011-02-18 19:00:00,1,0,1,1,25.42,31.06,29,39.0007,0,19,2
2011-02-18 20:00:00,1,0,1,1,24.6,31.06,31,12.998,0,20,2
2011-02-18 21:00:00,1,0,1,1,23.78,27.275,21,32.9975,0,21,2
2011-02-18 22:00:00,1,0,1,1,22.14,25.76,10,16.9979,0,22,2
2011-02-18 23:00:00,1,0,1,1,21.32,25.0,8,19.0012,0,23,2
2011-02-19 00:00:00,1,0,0,1,19.68,23.485,12,32.9975,0,0,2
2011-02-19 01:00:00,1,0,0,1,18.86,22.725,14,27.9993,0,1,2
2011-02-19 02:00:00,1,0,0,1,18.04,21.97,13,26.0027,0,2,2
2011-02-19 03:00:00,1,0,0,1,17.22,21.21,14,19.9995,0,3,2
2011-02-19 04:00:00,1,0,0,1,16.4,20.455,15,22.0028,0,4,2
2011-02-19 05:00:00,1,0,0,1,16.4,20.455,15,22.0028,0,5,2
2011-02-19 06:00:00,1,0,0,1,16.4,20.455,17,27.9993,0,6,2
2011-02-19 07:00:00,1,0,0,1,15.58,19.695,17,35.0008,0,7,2
2011-02-19 08:00:00,1,0,0,1,15.58,19.695,17,39.0007,0,8,2
2011-02-19 09:00:00,1,0,0,1,16.4,20.455,16,43.9989,0,9,2
2011-02-19 10:00:00,1,0,0,1,17.22,21.21,16,39.0007,0,10,2
2011-02-19 11:00:00,1,0,0,1,18.04,21.97,16,39.0007,0,11,2
2011-02-19 12:00:00,1,0,0,1,18.04,21.97,18,32.9975,0,12,2
2011-02-19 13:00:00,1,0,0,1,18.04,21.97,16,40.9973,0,13,2
2011-02-19 14:00:00,1,0,0,1,18.86,22.725,15,43.9989,0,14,2
2011-02-19 15:00:00,1,0,0,1,18.04,21.97,16,50.0021,0,15,2
2011-02-19 16:00:00,1,0,0,1,18.04,21.97,16,43.0006,0,16,2
2011-02-19 17:00:00,1,0,0,1,17.22,21.21,19,40.9973,0,17,2
2011-02-19 18:00:00,1,0,0,1,14.76,15.91,25,30.0026,0,18,2
2011-02-19 19:00:00,1,0,0,1,13.94,15.15,29,23.9994,0,19,2
2011-02-19 20:00:00,1,0,0,1,13.12,14.395,28,35.0008,0,20,2
2011-02-19 21:00:00,1,0,0,1,13.12,13.635,26,36.9974,0,21,2
2011-02-19 22:00:00,1,0,0,1,12.3,12.88,28,32.9975,0,22,2
2011-02-19 23:00:00,1,0,0,1,11.48,12.12,33,30.0026,0,23,2
2011-03-01 00:00:00,1,0,1,1,12.3,13.635,70,31.0009,0,0,3
2011-03-01 01:00:00,1,0,1,1,10.66,11.365,70,23.9994,0,1,3
2011-03-01 02:00:00,1,0,1,1,9.84,10.605,65,26.0027,0,2,3
2011-03-01 03:00:00,1,0,1,1,9.02,10.605,69,19.0012,0,3,3
2011-03-01 04:00:00,1,0,1,1,9.02,10.605,69,16.9979,0,4,3
2011-03-01 05:00:00,1,0,1,1,8.2,9.09,64,19.0012,0,5,3
2011-03-01 06:00:00,1,0,1,1,8.2,9.09,59,19.9995,0,6,3
2011-03-01 07:00:00,1,0,1,1,8.2,9.09,59,22.0028,0,7,3
2011-03-01 08:00:00,1,0,1,1,8.2,9.09,59,26.0027,0,8,3
2011-03-01 09:00:00,1,0,1,1,9.02,9.85,55,27.9993,0,9,3
2011-03-01 10:00:00,1,0,1,1,9.84,10.605,52,19.0012,0,10,3
2011-03-01 11:00:00,1,0,1,1,11.48,13.635,45,16.9979,0,11,3
2011-03-01 12:00:00,1,0,1,1,12.3,15.15,39,8.9981,0,12,3
2011-03-01 13:00:00,1,0,1,1,13.12,17.425,39,10.437591879798836,1,13,3
2011-03-01 14:00:00,1,0,1,1,13.12,16.665,36,8.9981,0,14,3
2011-03-01 15:00:00,1,0,1,1,13.94,18.18,34,9.603634910877384,1,15,3
2011-03-01 16:00:00,1,0,1,1,13.94,17.425,34,6.0032,0,16,3
2011-03-01 17:00:00,1,0,1,1,13.94,17.425,34,6.0032,0,17,3
2011-03-01 18:00:00,1,0,1,1,13.12,15.91,39,12.998,0,18,3
2011-03-01 19:00:00,1,0,1,1,12.3,15.15,49,8.9981,0,19,3
2011-03-01 20:00:00,1,0,1,1,12.3,15.91,61,6.0032,0,20,3
2011-03-01 21:00:00,1,0,1,1,10.66,15.15,56,10.395747774301924,1,21,3
2011-03-01 22:00:00,1,0,1,1,9.84,13.635,62,7.0015,0,22,3
2011-03-01 23:00:00,1,0,1,1,9.84,11.365,65,15.0013,0,23,3
2011-03-02 00:00:00,1,0,1,1,9.02,11.365,69,11.0014,0,0,3
2011-03-02 01:00:00,1,0,1,1,9.02,11.365,69,12.998,0,1,3
2011-03-02 02:00:00,1,0,1,1,9.02,11.365,69,12.998,0,2,3
2011-03-02 03:00:00,1,0,1,1,9.02,10.605,69,19.0012,0,3,3
2011-03-02 04:00:00,1,0,1,1,8.2,10.605,75,8.9981,0,4,3
2011-03-02 05:00:00,1,0,1,1,9.02,10.605,69,15.0013,0,5,3
2011-03-02 06:00:00,1,0,1,1,9.02,10.605,55,16.9979,0,6,3
2011-03-02 07:00:00,1,0,1,1,9.02,10.605,64,16.9979,0,7,3
2011-03-02 08:00:00,1,0,1,1,9.84,10.605,65,19.0012,0,8,3
2011-03-02 09:00:00,1,0,1,1,11.48,12.88,56,19.9995,0,9,3
2011-03-02 10:00:00,1,0,1,1,13.12,15.15,49,19.0012,0,10,3
2011-03-02 11:00:00,1,0,1,1,13.94,15.15,53,22.0028,0,11,3
2011-03-02 12:00:00,1,0,1,1,16.4,20.455,43,12.998,0,12,3
2011-03-02 13:00:00,1,0,1,1,20.5,24.24,25,22.756016172989586,1,13,3
2011-03-02 14:00:00,1,0,1,1,21.32,25.0,23,19.9995,0,14,3
2011-03-02 15:00:00,1,0,1,1,22.14,25.76,19,27.9993,0,15,3
2011-03-02 16:00:00,1,0,1,1,22.14,25.76,19,22.0028,0,16,3
2011-03-02 17:00:00,1,0,1,1,20.5,24.24,23,19.0012,0,17,3
2011-03-02 18:00:00,1,0,1,1,18.86,22.725,23,32.9975,0,18,3
2011-03-02 19:00:00,1,0,1,1,16.4,20.455,28,35.0008,0,19,3
2011-03-02 20:00:00,1,0,1,1,14.76,16.665,29,27.9993,0,20,3
2011-03-02 21:00:00,1,0,1,1,13.94,14.395,29,31.0009,0,21,3
2011-03-02 22:00:00,1,0,1,1,12.3,12.88,26,36.9974,0,22,3
2011-03-02 23:00:00,1,0,1,1,10.66,10.605,30,35.0008,0,23,3
2011-03-03 00:00:00,1,0,1,1,9.84,9.85,30,31.0009,0,0,3
2011-03-03 01:00:00,1,0,1,1,9.84,9.85,30,31.0009,0,1,3
2011-03-03 02:00:00,1,0,1,1,8.2,8.335,27,31.0009,0,2,3
2011-03-03 03:00:00,1,0,1,1,8.2,8.335,27,31.0009,0,3,3
2011-03-03 04:00:00,1,0,1,1,6.56,6.06,31,32.9975,0,4,3
2011-03-03 05:00:00,1,0,1,1,5.74,6.06,33,19.9995,0,5,3
2011-03-03 06:00:00,1,0,1,1,5.74,6.06,33,19.9995,0,6,3
2011-03-03 07:00:00,1,0,1,1,4.92,4.545,42,27.9993,0,7,3
2011-03-03 08:00:00,1,0,1,1,5.74,6.06,39,19.9995,0,8,3
2011-03-03 09:00:00,1,0,1,1,6.56,6.82,37,19.0012,0,9,3
2011-03-03 10:00:00,1,0,1,1,7.38,9.09,29,12.998,0,10,3
2011-03-03 11:00:00,1,0,1,1,8.2,11.365,29,6.0032,0,11,3
2011-03-03 12:00:00,1,0,1,1,9.02,11.365,25,8.9981,0,12,3
2011-03-03 13:00:00,1,0,1,1,9.02,12.88,25,6.0032,0,13,3
2011-03-03 14:00:00,1,0,1,1,9.84,12.88,21,7.0015,0,14,3
2011-03-03 15:00:00,1,0,1,1,9.84,14.395,23,9.812357643461025,1,15,3
2011-03-03 16:00:00,1,0,1,1,10.66,15.15,23,11.977101282267677,1,16,3
2011-03-03 17:00:00,1,0,1,1,10.66,15.15,22,12.028490126229945,1,17,3
2011-03-03 18:00:00,1,0,1,1,9.84,10.605,35,22.0028,0,18,3
2011-03-03 19:00:00,1,0,1,1,8.2,9.85,40,16.9979,0,19,3
2011-03-03 20:00:00,1,0,1,1,8.2,11.365,40,6.0032,0,20,3
2011-03-03 21:00:00,1,0,1,1,7.38,10.605,40,7.0015,0,21,3
2011-03-03 22:00:00,1,0,1,1,8.2,12.88,40,7.572865473084512,1,22,3
2011-03-03 23:00:00,1,0,1,2,7.38,10.605,43,6.0032,0,23,3
2011-03-04 00:00:00,1,0,1,2,8.2,9.85,55,12.998,0,0,3
2011-03-04 01:00:00,1,0,1,2,7.38,9.09,64,12.998,0,1,3
2011-03-04 02:00:00,1,0,1,2,7.38,9.09,64,12.998,0,2,3
2011-03-04 03:00:00,1,0,1,2,7.38,8.335,74,16.9979,0,3,3
2011-03-04 04:00:00,1,0,1,2,7.38,9.09,74,12.998,0,4,3
2011-03-04 05:00:00,1,0,1,2,6.56,9.09,74,8.9981,0,5,3
2011-03-04 06:00:00,1,0,1,2,6.56,9.85,74,6.0032,0,6,3
2011-03-04 07:00:00,1,0,1,1,6.56,9.09,80,8.9981,0,7,3
2011-03-04 08:00:00,1,0,1,1,7.38,9.85,74,8.9981,0,8,3
2011-03-04 09:00:00,1,0,1,1,9.02,11.365,60,8.9981,0,9,3
2011-03-04 10:00:00,1,0,1,1,9.84,11.365,60,16.9979,0,10,3
2011-03-04 11:00:00,1,0,1,1,11.48,13.635,52,15.0013,0,11,3
2011-03-04 12:00:00,1,0,1,1,13.12,15.15,43,11.0014,0,12,3
2011-03-04 13:00:00,1,0,1,1,13.94,15.91,42,15.0013,0,13,3
2011-03-04 14:00:00,1,0,1,1,14.76,16.665,40,19.0012,0,14,3
2011-03-04 15:00:00,1,0,1,1,14.76,16.665,40,19.9995,0,15,3
2011-03-04 16:00:00,1,0,1,1,14.76,17.425,46,12.998,0,16,3
2011-03-04 17:00:00,1,0,1,2,14.76,16.665,50,16.9979,0,17,3
2011-03-04 18:00:00,1,0,1,2,13.94,15.15,53,19.9995,0,18,3
2011-03-04 19:00:00,1,0,1,1,13.12,15.15,61,16.9979,0,19,3
2011-03-04 20:00:00,1,0,1,2,12.3,14.395,70,12.998,0,20,3
2011-03-04 21:00:00,1,0,1,2,12.3,14.395,70,15.0013,0,21,3
2011-03-04 22:00:00,1,0,1,1,12.3,14.395,70,12.998,0,22,3
2011-03-04 23:00:00,1,0,1,2,12.3,15.15,75,11.0014,0,23,3
2011-03-05 00:00:00,1,0,0,2,11.48,14.395,81,7.0015,0,0,3
2011-03-05 01:00:00,1,0,0,2,12.3,15.91,81,7.0015,0,1,3
2011-03-05 02:00:00,1,0,0,2,12.3,14.395,87,12.998,0,2,3
2011-03-05 03:00:00,1,0,0,2,12.3,14.395,87,12.998,0,3,3
2011-03-05 04:00:00,1,0,0,2,12.3,15.15,93,11.0014,0,4,3
2011-03-05 05:00:00,1,0,0,2,12.3,15.15,100,8.9981,0,5,3
2011-03-05 06:00:00,1,0,0,2,12.3,14.395,100,15.0013,0,6,3
2011-03-05 07:00:00,1,0,0,2,12.3,13.635,100,19.9995,0,7,3
2011-03-05 08:00:00,1,0,0,2,12.3,13.635,100,19.9995,0,8,3
2011-03-05 09:00:00,1,0,0,2,13.12,15.15,93,15.0013,0,9,3
2011-03-05 10:00:00,1,0,0,2,13.94,16.665,93,12.998,0,10,3
2011-03-05 11:00:00,1,0,0,2,16.4,20.455,76,15.0013,0,11,3
2011-03-05 12:00:00,1,0,0,2,18.04,21.97,67,16.9979,0,12,3
2011-03-05 13:00:00,1,0,0,2,18.86,22.725,67,19.0012,0,13,3
2011-03-05 14:00:00,1,0,0,2,19.68,23.485,59,19.0012,0,14,3
2011-03-05 15:00:00,1,0,0,2,18.86,22.725,63,19.9995,0,15,3
2011-03-05 16:00:00,1,0,0,2,19.68,23.485,59,19.9995,0,16,3
2011-03-05 17:00:00,1,0,0,2,19.68,23.485,59,23.9994,0,17,3
2011-03-05 18:00:00,1,0,0,2,19.68,23.485,59,22.0028,0,18,3
2011-03-05 19:00:00,1,0,0,2,18.86,22.725,67,22.0028,0,19,3
2011-03-05 20:00:00,1,0,0,2,18.04,21.97,77,22.0028,0,20,3
2011-03-05 21:00:00,1,0,0,2,18.04,21.97,72,22.0028,0,21,3
2011-03-05 22:00:00,1,0,0,2,17.22,21.21,77,19.9995,0,22,3
2011-03-05 23:00:00,1,0,0,2,18.04,21.97,77,19.9995,0,23,3
2011-03-06 00:00:00,1,0,0,2,17.22,21.21,77,23.9994,0,0,3
2011-03-06 01:00:00,1,0,0,2,17.22,21.21,77,19.0012,0,1,3
2011-03-06 02:00:00,1,0,0,2,16.4,20.455,82,19.0012,0,2,3
2011-03-06 03:00:00,1,0,0,2,17.22,21.21,82,19.9995,0,3,3
2011-03-06 04:00:00,1,0,0,2,17.22,21.21,88,23.9994,0,4,3
2011-03-06 06:00:00,1,0,0,2,17.22,21.21,94,23.9994,0,6,3
2011-03-06 07:00:00,1,0,0,3,17.22,21.21,100,30.0026,0,7,3
2011-03-06 08:00:00,1,0,0,2,16.4,20.455,100,19.9995,0,8,3
2011-03-06 09:00:00,1,0,0,2,17.22,21.21,100,19.0012,0,9,3
2011-03-06 10:00:00,1,0,0,2,17.22,21.21,100,19.9995,0,10,3
2011-03-06 11:00:00,1,0,0,2,17.22,21.21,100,15.0013,0,11,3
2011-03-06 12:00:00,1,0,0,2,18.86,22.725,94,22.0028,0,12,3
2011-03-06 13:00:00,1,0,0,2,18.86,22.725,94,23.9994,0,13,3
2011-03-06 14:00:00,1,0,0,3,18.04,21.97,100,15.0013,0,14,3
2011-03-06 15:00:00,1,0,0,3,18.04,21.97,100,15.0013,0,15,3
2011-03-06 16:00:00,1,0,0,3,14.76,16.665,100,19.0012,0,16,3
2011-03-06 17:00:00,1,0,0,3,13.94,15.15,100,19.9995,0,17,3
2011-03-06 18:00:00,1,0,0,3,13.12,14.395,100,23.9994,0,18,3
2011-03-06 19:00:00,1,0,0,3,12.3,12.88,100,32.9975,0,19,3
2011-03-06 20:00:00,1,0,0,3,11.48,12.12,100,27.9993,0,20,3
2011-03-06 21:00:00,1,0,0,3,9.84,9.09,93,40.9973,0,21,3
2011-03-06 22:00:00,1,0,0,2,9.02,9.85,100,26.0027,0,22,3
2011-03-06 23:00:00,1,0,0,2,9.02,9.85,100,27.9993,0,23,3
2011-03-07 00:00:00,1,0,1,3,8.2,9.09,100,22.0028,0,0,3
2011-03-07 01:00:00,1,0,1,3,8.2,9.09,100,22.0028,0,1,3
2011-03-07 03:00:00,1,0,1,1,8.2,7.575,80,39.0007,0,3,3
2011-03-07 04:00:00,1,0,1,1,8.2,7.575,80,35.0008,0,4,3
2011-03-07 05:00:00,1,0,1,1,8.2,9.09,75,23.9994,0,5,3
2011-03-07 06:00:00,1,0,1,1,8.2,9.09,75,26.0027,0,6,3
2011-03-07 07:00:00,1,0,1,1,8.2,8.335,75,27.9993,0,7,3
2011-03-07 08:00:00,1,0,1,1,8.2,9.09,75,26.0027,0,8,3
2011-03-07 09:00:00,1,0,1,1,9.02,9.09,64,31.0009,0,9,3
2011-03-07 10:00:00,1,0,1,1,9.84,10.605,60,19.9995,0,10,3
2011-03-07 11:00:00,1,0,1,1,10.66,10.605,48,30.0026,0,11,3
2011-03-07 12:00:00,1,0,1,1,12.3,13.635,42,27.9993,0,12,3
2011-03-07 13:00:00,1,0,1,1,13.12,14.395,36,26.0027,0,13,3
2011-03-07 14:00:00,1,0,1,1,13.12,14.395,36,27.9993,0,14,3
2011-03-07 15:00:00,1,0,1,1,13.94,15.15,31,26.0027,0,15,3
2011-03-07 16:00:00,1,0,1,1,13.94,15.15,31,23.9994,0,16,3
2011-03-07 17:00:00,1,0,1,1,13.94,15.15,29,23.9994,0,17,3
2011-03-07 18:00:00,1,0,1,1,13.12,15.15,31,15.0013,0,18,3
2011-03-07 19:00:00,1,0,1,1,12.3,14.395,33,15.0013,0,19,3
2011-03-07 20:00:00,1,0,1,1,12.3,15.15,33,11.0014,0,20,3
2011-03-07 21:00:00,1,0,1,1,11.48,13.635,38,15.0013,0,21,3
2011-03-07 22:00:00,1,0,1,1,10.66,12.88,48,11.0014,0,22,3
2011-03-07 23:00:00,1,0,1,1,11.48,15.91,48,9.957516945847658,1,23,3
2011-03-08 00:00:00,1,0,1,1,10.66,14.395,48,6.0032,0,0,3
2011-03-08 01:00:00,1,0,1,1,9.84,12.12,52,8.9981,0,1,3
2011-03-08 02:00:00,1,0,1,1,9.84,12.12,52,8.9981,0,2,3
2011-03-08 03:00:00,1,0,1,1,9.84,12.88,52,6.0032,0,3,3
2011-03-08 04:00:00,1,0,1,1,9.02,13.635,64,8.716827595982382,1,4,3
2011-03-08 05:00:00,1,0,1,1,8.2,11.365,69,7.0015,0,5,3
2011-03-08 06:00:00,1,0,1,1,8.2,12.88,59,8.375366834907343,1,6,3
2011-03-08 07:00:00,1,0,1,1,7.38,9.85,64,8.9981,0,7,3
2011-03-08 08:00:00,1,0,1,1,9.02,11.365,55,12.998,0,8,3
2011-03-08 09:00:00,1,0,1,1,10.66,12.88,41,11.0014,0,9,3
2011-03-08 10:00:00,1,0,1,2,12.3,14.395,33,12.998,0,10,3
2011-03-08 11:00:00,1,0,1,2,14.76,17.425,25,11.0014,0,11,3
2011-03-08 12:00:00,1,0,1,2,14.76,18.94,23,13.726818558548533,1,12,3
2011-03-08 13:00:00,1,0,1,2,15.58,19.695,25,7.0015,0,13,3
2011-03-08 14:00:00,1,0,1,2,15.58,19.695,20,18.48687542687432,1,14,3
2011-03-08 15:00:00,1,0,1,2,14.76,18.94,18,16.289633710630454,1,15,3
2011-03-08 16:00:00,1,0,1,1,15.58,19.695,27,11.0014,0,16,3
2011-03-08 17:00:00,1,0,1,1,14.76,17.425,27,15.0013,0,17,3
2011-03-08 18:00:00,1,0,1,1,13.94,16.665,27,12.998,0,18,3
2011-03-08 19:00:00,1,0,1,1,13.94,17.425,31,7.0015,0,19,3
2011-03-08 20:00:00,1,0,1,1,13.12,16.665,39,6.0032,0,20,3
2011-03-08 21:00:00,1,0,1,1,12.3,14.395,49,12.998,0,21,3
2011-03-08 22:00:00,1,0,1,1,12.3,14.395,49,15.0013,0,22,3
2011-03-08 23:00:00,1,0,1,1,11.48,13.635,61,12.998,0,23,3
2011-03-09 00:00:00,1,0,1,1,10.66,14.395,65,6.0032,0,0,3
2011-03-09 01:00:00,1,0,1,1,10.66,13.635,52,8.9981,0,1,3
2011-03-09 02:00:00,1,0,1,1,10.66,13.635,52,8.9981,0,2,3
2011-03-09 03:00:00,1,0,1,1,9.84,12.88,70,6.0032,0,3,3
2011-03-09 04:00:00,1,0,1,1,9.84,12.88,75,7.0015,0,4,3
2011-03-09 05:00:00,1,0,1,2,9.84,12.12,81,8.9981,0,5,3
2011-03-09 06:00:00,1,0,1,2,9.84,12.88,85,7.0015,0,6,3
2011-03-09 07:00:00,1,0,1,2,9.84,12.12,87,11.0014,0,7,3
2011-03-09 08:00:00,1,0,1,2,9.84,12.12,87,8.9981,0,8,3
2011-03-09 09:00:00,1,0,1,2,10.66,12.12,87,16.9979,0,9,3
2011-03-09 10:00:00,1,0,1,2,12.3,14.395,75,16.9979,0,10,3
2011-03-09 11:00:00,1,0,1,2,13.12,14.395,76,26.0027,0,11,3
2011-03-09 12:00:00,1,0,1,2,13.12,15.15,76,16.9979,0,12,3
2011-03-09 13:00:00,1,0,1,2,13.12,14.395,76,23.9994,0,13,3
2011-03-09 14:00:00,1,0,1,2,13.94,15.15,76,19.9995,0,14,3
2011-03-09 15:00:00,1,0,1,2,14.76,16.665,71,19.9995,0,15,3
2011-03-09 16:00:00,1,0,1,2,13.94,15.15,76,22.0028,0,16,3
2011-03-09 17:00:00,1,0,1,2,13.94,15.15,76,19.9995,0,17,3
2011-03-09 18:00:00,1,0,1,2,13.94,15.91,76,16.9979,0,18,3
2011-03-09 19:00:00,1,0,1,2,13.94,15.15,76,22.0028,0,19,3
2011-03-09 20:00:00,1,0,1,2,13.12,15.91,87,12.998,0,20,3
2011-03-09 21:00:00,1,0,1,2,13.12,15.15,93,22.0028,0,21,3
2011-03-09 22:00:00,1,0,1,3,13.12,15.91,93,11.0014,0,22,3
2011-03-09 23:00:00,1,0,1,3,13.94,16.665,93,12.998,0,23,3
2011-03-10 00:00:00,1,0,1,3,13.94,15.91,0,16.9979,0,0,3
2011-03-10 01:00:00,1,0,1,3,13.94,15.91,0,16.9979,0,1,3
2011-03-10 02:00:00,1,0,1,3,13.94,15.91,0,16.9979,0,2,3
2011-03-10 05:00:00,1,0,1,3,14.76,17.425,0,12.998,0,5,3
2011-03-10 06:00:00,1,0,1,3,14.76,16.665,0,22.0028,0,6,3
2011-03-10 07:00:00,1,0,1,3,15.58,19.695,0,15.0013,0,7,3
2011-03-10 08:00:00,1,0,1,3,15.58,19.695,0,19.0012,0,8,3
2011-03-10 09:00:00,1,0,1,3,16.4,20.455,0,15.0013,0,9,3
2011-03-10 10:00:00,1,0,1,3,16.4,20.455,0,11.0014,0,10,3
2011-03-10 11:00:00,1,0,1,3,16.4,20.455,0,16.9979,0,11,3
2011-03-10 12:00:00,1,0,1,3,17.22,21.21,0,15.0013,0,12,3
2011-03-10 13:00:00,1,0,1,3,17.22,21.21,0,15.0013,0,13,3
2011-03-10 14:00:00,1,0,1,3,18.04,21.97,0,19.9995,0,14,3
2011-03-10 15:00:00,1,0,1,3,18.04,21.97,0,15.0013,0,15,3
2011-03-10 16:00:00,1,0,1,3,17.22,21.21,0,16.9979,0,16,3
2011-03-10 17:00:00,1,0,1,2,18.04,21.97,0,26.0027,0,17,3
2011-03-10 18:00:00,1,0,1,3,18.04,21.97,0,23.9994,0,18,3
2011-03-10 19:00:00,1,0,1,3,18.04,21.97,0,39.0007,0,19,3
2011-03-10 20:00:00,1,0,1,3,14.76,16.665,0,22.0028,0,20,3
2011-03-10 21:00:00,1,0,1,3,14.76,17.425,0,15.0013,0,21,3
2011-03-10 22:00:00,1,0,1,2,13.94,16.665,0,8.9981,0,22,3
2011-03-10 23:00:00,1,0,1,3,13.94,17.425,0,6.0032,0,23,3
2011-03-11 00:00:00,1,0,1,2,13.94,17.425,100,6.0032,0,0,3
2011-03-11 01:00:00,1,0,1,3,13.94,17.425,100,7.0015,0,1,3
2011-03-11 02:00:00,1,0,1,3,13.94,17.425,100,7.0015,0,2,3
2011-03-11 03:00:00,1,0,1,2,13.12,16.665,93,6.0032,0,3,3
2011-03-11 05:00:00,1,0,1,1,12.3,14.395,81,15.0013,0,5,3
2011-03-11 06:00:00,1,0,1,1,10.66,12.12,81,19.0012,0,6,3
2011-03-11 07:00:00,1,0,1,1,10.66,12.88,70,12.998,0,7,3
2011-03-11 08:00:00,1,0,1,1,11.48,13.635,70,16.9979,0,8,3
2011-03-11 09:00:00,1,0,1,2,12.3,14.395,61,19.0012,0,9,3
2011-03-11 10:00:00,1,0,1,2,13.12,15.15,57,19.9995,0,10,3
2011-03-11 11:00:00,1,0,1,2,13.12,15.15,57,19.9995,0,11,3
2011-03-11 12:00:00,1,0,1,2,13.94,15.91,53,16.9979,0,12,3
2011-03-11 13:00:00,1,0,1,1,14.76,16.665,53,16.9979,0,13,3
2011-03-11 14:00:00,1,0,1,2,14.76,16.665,50,23.9994,0,14,3
2011-03-11 15:00:00,1,0,1,2,13.94,15.91,53,16.9979,0,15,3
2011-03-11 16:00:00,1,0,1,2,13.94,15.15,49,19.9995,0,16,3
2011-03-11 17:00:00,1,0,1,1,13.94,15.91,49,15.0013,0,17,3
2011-03-11 18:00:00,1,0,1,1,13.12,15.15,49,22.0028,0,18,3
2011-03-11 19:00:00,1,0,1,1,12.3,13.635,56,22.0028,0,19,3
2011-03-11 20:00:00,1,0,1,1,12.3,15.15,56,11.0014,0,20,3
2011-03-11 21:00:00,1,0,1,2,12.3,14.395,52,16.9979,0,21,3
2011-03-11 22:00:00,1,0,1,1,12.3,15.15,52,11.0014,0,22,3
2011-03-11 23:00:00,1,0,1,1,12.3,14.395,52,16.9979,0,23,3
2011-03-12 00:00:00,1,0,0,1,10.66,13.635,60,8.9981,0,0,3
2011-03-12 01:00:00,1,0,0,1,9.84,11.365,65,12.998,0,1,3
2011-03-12 02:00:00,1,0,0,1,9.84,11.365,65,12.998,0,2,3
2011-03-12 03:00:00,1,0,0,1,9.84,11.365,65,16.9979,0,3,3
2011-03-12 04:00:00,1,0,0,1,9.84,11.365,65,16.9979,0,4,3
2011-03-12 05:00:00,1,0,0,1,9.02,11.365,69,12.998,0,5,3
2011-03-12 06:00:00,1,0,0,1,9.02,10.605,75,16.9979,0,6,3
2011-03-12 07:00:00,1,0,0,1,9.84,11.365,70,12.998,0,7,3
2011-03-12 08:00:00,1,0,0,1,10.66,12.88,65,11.0014,0,8,3
2011-03-12 09:00:00,1,0,0,1,11.48,14.395,65,7.0015,0,9,3
2011-03-12 10:00:00,1,0,0,1,13.12,15.15,66,15.0013,0,10,3
2011-03-12 11:00:00,1,0,0,1,13.94,15.15,49,22.0028,0,11,3
2011-03-12 12:00:00,1,0,0,1,13.94,15.91,53,19.0012,0,12,3
2011-03-12 13:00:00,1,0,0,1,14.76,16.665,51,23.9994,0,13,3
2011-03-12 14:00:00,1,0,0,1,16.4,20.455,50,30.0026,0,14,3
2011-03-12 15:00:00,1,0,0,1,17.22,21.21,44,32.9975,0,15,3
2011-03-12 16:00:00,1,0,0,1,18.86,22.725,41,30.0026,0,16,3
2011-03-12 17:00:00,1,0,0,1,18.86,22.725,44,22.0028,0,17,3
2011-03-12 18:00:00,1,0,0,1,17.22,21.21,54,11.0014,0,18,3
2011-03-12 19:00:00,1,0,0,1,17.22,21.21,54,6.0032,0,19,3
2011-03-12 20:00:00,1,0,0,1,16.4,20.455,58,7.0015,0,20,3
2011-03-12 21:00:00,1,0,0,1,15.58,19.695,62,12.994965408030597,1,21,3
2011-03-12 22:00:00,1,0,0,1,14.76,18.94,71,12.374823275182653,1,22,3
2011-03-12 23:00:00,1,0,0,1,15.58,19.695,66,6.0032,0,23,3
2011-03-13 00:00:00,1,0,0,1,15.58,19.695,62,7.0015,0,0,3
2011-03-13 01:00:00,1,0,0,1,14.76,17.425,66,8.9981,0,1,3
2011-03-13 03:00:00,1,0,0,1,13.94,16.665,76,8.9981,0,3,3
2011-03-13 04:00:00,1,0,0,1,13.94,16.665,66,11.0014,0,4,3
2011-03-13 05:00:00,1,0,0,1,14.76,17.425,62,8.9981,0,5,3
2011-03-13 06:00:00,1,0,0,1,13.94,18.18,66,10.789837071206232,1,6,3
2011-03-13 07:00:00,1,0,0,1,14.76,17.425,62,12.998,0,7,3
2011-03-13 08:00:00,1,0,0,1,16.4,20.455,50,19.9995,0,8,3
2011-03-13 09:00:00,1,0,0,1,16.4,20.455,50,27.9993,0,9,3
2011-03-13 10:00:00,1,0,0,1,17.22,21.21,47,16.9979,0,10,3
2011-03-13 11:00:00,1,0,0,1,18.04,21.97,41,27.9993,0,11,3
2011-03-13 12:00:00,1,0,0,1,18.86,22.725,38,26.0027,0,12,3
2011-03-13 13:00:00,1,0,0,1,18.86,22.725,38,26.0027,0,13,3
2011-03-13 14:00:00,1,0,0,1,18.86,22.725,41,19.9995,0,14,3
2011-03-13 15:00:00,1,0,0,1,19.68,23.485,39,22.0028,0,15,3
2011-03-13 16:00:00,1,0,0,1,18.86,22.725,41,26.0027,0,16,3
2011-03-13 17:00:00,1,0,0,1,18.04,21.97,41,23.9994,0,17,3
2011-03-13 18:00:00,1,0,0,1,16.4,20.455,43,23.9994,0,18,3
2011-03-13 19:00:00,1,0,0,1,14.76,16.665,50,23.9994,0,19,3
2011-03-13 20:00:00,1,0,0,1,13.12,15.15,57,19.9995,0,20,3
2011-03-13 21:00:00,1,0,0,1,12.3,14.395,56,16.9979,0,21,3
2011-03-13 22:00:00,1,0,0,1,12.3,13.635,56,22.0028,0,22,3
2011-03-13 23:00:00,1,0,0,1,10.66,12.88,65,15.0013,0,23,3
2011-03-14 00:00:00,1,0,1,1,10.66,13.635,65,7.0015,0,0,3
2011-03-14 01:00:00,1,0,1,1,10.66,14.395,65,6.0032,0,1,3
2011-03-14 02:00:00,1,0,1,1,10.66,14.395,65,6.0032,0,2,3
2011-03-14 03:00:00,1,0,1,1,10.66,13.635,65,8.9981,0,3,3
2011-03-14 05:00:00,1,0,1,1,9.84,12.12,70,8.9981,0,5,3
2011-03-14 06:00:00,1,0,1,1,10.66,13.635,65,8.9981,0,6,3
2011-03-14 07:00:00,1,0,1,2,11.48,15.91,61,12.225890772044066,1,7,3
2011-03-14 08:00:00,1,0,1,2,12.3,15.15,56,8.9981,0,8,3
2011-03-14 09:00:00,1,0,1,1,13.12,15.15,53,22.0028,0,9,3
2011-03-14 10:00:00,1,0,1,1,13.94,15.91,42,16.9979,0,10,3
2011-03-14 11:00:00,1,0,1,1,14.76,16.665,40,16.9979,0,11,3
2011-03-14 12:00:00,1,0,1,1,15.58,19.695,37,19.03211195588947,1,12,3
2011-03-14 13:00:00,1,0,1,1,15.58,19.695,36,22.0028,0,13,3
2011-03-14 14:00:00,1,0,1,2,15.58,19.695,34,18.62075789212824,1,14,3
2011-03-14 15:00:00,1,0,1,1,15.58,19.695,37,11.0014,0,15,3
2011-03-14 16:00:00,1,0,1,1,16.4,20.455,35,7.0015,0,16,3
2011-03-14 17:00:00,1,0,1,1,15.58,19.695,40,12.998,0,17,3
2011-03-14 18:00:00,1,0,1,1,14.76,18.18,40,7.0015,0,18,3
2011-03-14 19:00:00,1,0,1,1,14.76,17.425,43,8.9981,0,19,3
2011-03-14 20:00:00,1,0,1,1,13.94,15.91,46,15.0013,0,20,3
2011-03-14 21:00:00,1,0,1,1,13.94,16.665,46,8.9981,0,21,3
2011-03-14 22:00:00,1,0,1,1,13.12,16.665,49,7.0015,0,22,3
2011-03-14 23:00:00,1,0,1,1,13.12,17.425,53,10.004541691624643,1,23,3
2011-03-15 00:00:00,1,0,1,1,13.12,17.425,53,11.19075119584354,1,0,3
2011-03-15 01:00:00,1,0,1,1,12.3,15.15,62,6.0032,0,1,3
2011-03-15 02:00:00,1,0,1,1,12.3,15.15,62,6.0032,0,2,3
2011-03-15 04:00:00,1,0,1,1,9.84,12.88,75,6.0032,0,4,3
2011-03-15 05:00:00,1,0,1,1,9.84,11.365,75,12.998,0,5,3
2011-03-15 06:00:00,1,0,1,1,9.02,11.365,80,12.998,0,6,3
2011-03-15 07:00:00,1,0,1,1,9.84,12.12,75,11.0014,0,7,3
2011-03-15 08:00:00,1,0,1,1,10.66,14.395,70,6.0032,0,8,3
2011-03-15 09:00:00,1,0,1,2,12.3,16.665,70,12.475663539060488,1,9,3
2011-03-15 10:00:00,1,0,1,2,13.12,15.91,66,12.998,0,10,3
2011-03-15 11:00:00,1,0,1,2,13.94,15.91,57,15.0013,0,11,3
2011-03-15 12:00:00,1,0,1,2,14.76,17.425,50,15.0013,0,12,3
2011-03-15 13:00:00,1,0,1,2,14.76,16.665,57,19.0012,0,13,3
2011-03-15 14:00:00,1,0,1,2,15.58,19.695,46,19.9995,0,14,3
2011-03-15 15:00:00,1,0,1,2,15.58,19.695,43,19.0012,0,15,3
2011-03-15 16:00:00,1,0,1,2,15.58,19.695,46,22.0028,0,16,3
2011-03-15 17:00:00,1,0,1,2,14.76,17.425,62,12.998,0,17,3
2011-03-15 18:00:00,1,0,1,2,14.76,16.665,62,19.9995,0,18,3
2011-03-15 19:00:00,1,0,1,2,13.94,15.91,71,19.0012,0,19,3
2011-03-15 20:00:00,1,0,1,2,13.94,15.91,71,19.0012,0,20,3
2011-03-15 21:00:00,1,0,1,3,13.12,16.665,81,7.0015,0,21,3
2011-03-15 22:00:00,1,0,1,2,13.12,15.91,87,11.0014,0,22,3
2011-03-15 23:00:00,1,0,1,2,13.12,15.91,87,11.0014,0,23,3
2011-03-16 00:00:00,1,0,1,3,12.3,14.395,93,16.9979,0,0,3
2011-03-16 01:00:00,1,0,1,3,12.3,13.635,100,19.9995,0,1,3
2011-03-16 03:00:00,1,0,1,2,11.48,13.635,100,15.0013,0,3,3
2011-03-16 04:00:00,1,0,1,2,12.3,15.15,93,11.0014,0,4,3
2011-03-16 05:00:00,1,0,1,2,12.3,15.91,93,7.0015,0,5,3
2011-03-16 06:00:00,1,0,1,2,12.3,15.91,93,7.0015,0,6,3
2011-03-16 07:00:00,1,0,1,2,12.3,14.395,93,12.998,0,7,3
2011-03-16 08:00:00,1,0,1,2,13.12,15.91,93,12.326975058836798,1,8,3
2011-03-16 09:00:00,1,0,1,2,13.12,16.665,93,8.9981,0,9,3
2011-03-16 10:00:00,1,0,1,2,14.76,17.425,81,11.0014,0,10,3
2011-03-16 11:00:00,1,0,1,2,14.76,17.425,81,8.9981,0,11,3
2011-03-16 12:00:00,1,0,1,2,16.4,20.455,71,7.0015,0,12,3
2011-03-16 13:00:00,1,0,1,2,16.4,20.455,76,8.9981,0,13,3
2011-03-16 14:00:00,1,0,1,2,16.4,20.455,76,15.0013,0,14,3
2011-03-16 15:00:00,1,0,1,2,16.4,20.455,76,16.9979,0,15,3
2011-03-16 16:00:00,1,0,1,2,16.4,20.455,76,11.0014,0,16,3
2011-03-16 17:00:00,1,0,1,2,18.04,21.97,54,19.9995,0,17,3
2011-03-16 18:00:00,1,0,1,2,18.04,21.97,54,15.0013,0,18,3
2011-03-16 19:00:00,1,0,1,2,18.04,21.97,51,22.0028,0,19,3
2011-03-16 20:00:00,1,0,1,2,17.22,21.21,54,19.9995,0,20,3
2011-03-16 21:00:00,1,0,1,2,17.22,21.21,58,19.0012,0,21,3
2011-03-16 22:00:00,1,0,1,2,16.4,20.455,62,26.0027,0,22,3
2011-03-16 23:00:00,1,0,1,1,16.4,20.455,65,12.998,0,23,3
2011-03-17 00:00:00,1,0,1,1,15.58,19.695,66,16.9979,0,0,3
2011-03-17 01:00:00,1,0,1,1,14.76,17.425,71,15.0013,0,1,3
2011-03-17 02:00:00,1,0,1,1,13.94,15.15,71,19.9995,0,2,3
2011-03-17 03:00:00,1,0,1,1,13.94,16.665,66,11.0014,0,3,3
2011-03-17 04:00:00,1,0,1,1,13.94,16.665,71,12.998,0,4,3
2011-03-17 05:00:00,1,0,1,1,13.12,16.665,76,7.0015,0,5,3
2011-03-17 06:00:00,1,0,1,1,13.12,15.91,76,12.998,0,6,3
2011-03-17 07:00:00,1,0,1,1,13.12,16.665,76,8.9981,0,7,3
2011-03-17 08:00:00,1,0,1,1,14.76,17.425,66,8.9981,0,8,3
2011-03-17 09:00:00,1,0,1,1,16.4,20.455,62,16.9979,0,9,3
2011-03-17 10:00:00,1,0,1,1,18.04,21.97,54,22.0028,0,10,3
2011-03-17 11:00:00,1,0,1,1,18.04,21.97,54,19.0012,0,11,3
2011-03-17 12:00:00,1,0,1,1,20.5,24.24,45,15.0013,0,12,3
2011-03-17 13:00:00,1,0,1,2,21.32,25.0,42,6.0032,0,13,3
2011-03-17 14:00:00,1,0,1,1,20.5,24.24,45,7.0015,0,14,3
2011-03-17 15:00:00,1,0,1,1,21.32,25.0,42,16.9979,0,15,3
2011-03-17 16:00:00,1,0,1,1,20.5,24.24,48,19.0012,0,16,3
2011-03-17 17:00:00,1,0,1,1,20.5,24.24,42,12.998,0,17,3
2011-03-17 18:00:00,1,0,1,2,18.86,22.725,59,11.0014,0,18,3
2011-03-17 19:00:00,1,0,1,1,18.04,21.97,58,12.998,0,19,3
2011-03-17 20:00:00,1,0,1,1,17.22,21.21,67,15.0013,0,20,3
2011-03-17 21:00:00,1,0,1,1,17.22,21.21,62,15.0013,0,21,3
2011-03-17 22:00:00,1,0,1,1,16.4,20.455,66,15.0013,0,22,3
2011-03-17 23:00:00,1,0,1,1,17.22,21.21,62,19.0012,0,23,3
2011-03-18 00:00:00,1,0,1,1,17.22,21.21,58,19.0012,0,0,3
2011-03-18 01:00:00,1,0,1,1,16.4,20.455,62,16.9979,0,1,3
2011-03-18 02:00:00,1,0,1,1,16.4,20.455,62,12.998,0,2,3
2011-03-18 03:00:00,1,0,1,1,14.76,17.425,71,12.998,0,3,3
2011-03-18 05:00:00,1,0,1,1,15.58,19.695,66,11.0014,0,5,3
2011-03-18 06:00:00,1,0,1,1,16.4,20.455,66,12.998,0,6,3
2011-03-18 07:00:00,1,0,1,1,16.4,20.455,66,12.998,0,7,3
2011-03-18 08:00:00,1,0,1,1,17.22,21.21,67,16.9979,0,8,3
2011-03-18 09:00:00,1,0,1,1,18.86,22.725,63,15.0013,0,9,3
2011-03-18 10:00:00,1,0,1,1,21.32,25.0,53,19.0012,0,10,3
2011-03-18 11:00:00,1,0,1,1,22.14,25.76,52,19.0012,0,11,3
2011-03-18 12:00:00,1,0,1,2,22.96,26.515,49,23.9994,0,12,3
2011-03-18 13:00:00,1,0,1,1,26.24,31.06,41,19.0012,0,13,3
2011-03-18 14:00:00,1,0,1,1,27.06,31.06,39,16.9979,0,14,3
2011-03-18 15:00:00,1,0,1,2,27.88,31.82,39,23.9994,0,15,3
2011-03-18 16:00:00,1,0,1,1,27.88,31.82,39,19.0012,0,16,3
2011-03-18 17:00:00,1,0,1,1,28.7,31.82,37,22.0028,0,17,3
2011-03-18 18:00:00,1,0,1,1,27.88,31.82,39,11.0014,0,18,3
2011-03-18 19:00:00,1,0,1,1,27.06,31.06,44,8.9981,0,19,3
2011-03-18 20:00:00,1,0,1,1,25.42,31.06,46,8.9981,0,20,3
2011-03-18 21:00:00,1,0,1,1,25.42,31.06,46,7.0015,0,21,3
2011-03-18 22:00:00,1,0,1,1,25.42,31.06,50,11.0014,0,22,3
2011-03-18 23:00:00,1,0,1,2,24.6,31.06,53,15.0013,0,23,3
2011-03-19 00:00:00,1,0,0,2,24.6,31.06,53,16.9979,0,0,3
2011-03-19 01:00:00,1,0,0,2,23.78,27.275,46,23.9994,0,1,3
2011-03-19 02:00:00,1,0,0,2,22.96,26.515,43,15.0013,0,2,3
2011-03-19 03:00:00,1,0,0,2,22.14,25.76,39,22.0028,0,3,3
2011-03-19 04:00:00,1,0,0,1,21.32,25.0,34,27.9993,0,4,3
2011-03-19 05:00:00,1,0,0,1,21.32,25.0,34,27.9993,0,5,3
2011-03-19 06:00:00,1,0,0,1,18.04,21.97,44,27.9993,0,6,3
2011-03-19 07:00:00,1,0,0,1,16.4,20.455,50,22.0028,0,7,3
2011-03-19 08:00:00,1,0,0,1,17.22,21.21,47,32.9975,0,8,3
2011-03-19 09:00:00,1,0,0,1,17.22,21.21,44,31.0009,0,9,3
2011-03-19 10:00:00,1,0,0,1,18.04,21.97,38,27.9993,0,10,3
2011-03-19 11:00:00,1,0,0,1,18.86,22.725,36,30.0026,0,11,3
2011-03-19 12:00:00,1,0,0,1,18.86,22.725,33,27.9993,0,12,3
2011-03-19 13:00:00,1,0,0,1,20.5,24.24,34,31.0009,0,13,3
2011-03-19 14:00:00,1,0,0,1,20.5,24.24,31,32.9975,0,14,3
2011-03-19 15:00:00,1,0,0,1,20.5,24.24,29,27.9993,0,15,3
2011-03-19 16:00:00,1,0,0,1,20.5,24.24,31,26.0027,0,16,3
2011-03-19 17:00:00,1,0,0,1,19.68,23.485,31,22.0028,0,17,3
2011-03-19 18:00:00,1,0,0,1,18.86,22.725,31,22.0028,0,18,3
2011-03-19 19:00:00,1,0,0,1,18.04,21.97,33,19.0012,0,19,3
2011-03-19 20:00:00,1,0,0,1,17.22,21.21,35,15.0013,0,20,3
2011-03-19 21:00:00,1,0,0,1,16.4,20.455,37,19.9995,0,21,3
2011-03-19 22:00:00,1,0,0,1,16.4,20.455,37,22.0028,0,22,3
2011-03-19 23:00:00,1,0,0,1,15.58,19.695,40,19.9995,0,23,3
2011-04-01 00:00:00,2,0,1,3,10.66,12.88,100,11.0014,0,0,4
2011-04-01 01:00:00,2,0,1,3,10.66,12.88,100,11.0014,0,1,4
2011-04-01 02:00:00,2,0,1,3,10.66,12.88,93,12.998,0,2,4
2011-04-01 03:00:00,2,0,1,2,9.84,11.365,93,16.9979,0,3,4
2011-04-01 04:00:00,2,0,1,2,9.84,11.365,93,16.9979,0,4,4
2011-04-01 05:00:00,2,0,1,3,9.84,11.365,93,15.0013,0,5,4
2011-04-01 06:00:00,2,0,1,3,9.84,11.365,93,15.0013,0,6,4
2011-04-01 07:00:00,2,0,1,3,9.84,12.12,93,15.429921821106612,1,7,4
2011-04-01 08:00:00,2,0,1,2,10.66,12.12,87,16.9979,0,8,4
2011-04-01 09:00:00,2,0,1,1,13.12,14.395,70,23.9994,0,9,4
2011-04-01 10:00:00,2,0,1,1,13.12,15.15,66,19.0012,0,10,4
2011-04-01 11:00:00,2,0,1,1,13.12,14.395,61,23.9994,0,11,4
2011-04-01 12:00:00,2,0,1,1,13.94,15.15,53,23.9994,0,12,4
2011-04-01 13:00:00,2,0,1,1,14.76,16.665,50,23.9994,0,13,4
2011-04-01 14:00:00,2,0,1,2,14.76,16.665,46,23.9994,0,14,4
2011-04-01 15:00:00,2,0,1,1,13.94,15.15,46,27.9993,0,15,4
2011-04-01 16:00:00,2,0,1,1,13.94,15.15,46,27.9993,0,16,4
2011-04-01 17:00:00,2,0,1,1,13.94,15.15,46,22.0028,0,17,4
2011-04-01 18:00:00,2,0,1,1,13.94,15.15,46,22.0028,0,18,4
2011-04-01 19:00:00,2,0,1,1,13.94,15.15,49,22.0028,0,19,4
2011-04-01 20:00:00,2,0,1,1,13.12,15.91,53,12.998,0,20,4
2011-04-01 21:00:00,2,0,1,1,13.12,16.665,53,8.9981,0,21,4
2011-04-01 22:00:00,2,0,1,1,12.3,15.15,56,11.0014,0,22,4
2011-04-01 23:00:00,2,0,1,1,12.3,15.91,61,6.0032,0,23,4
2011-04-02 00:00:00,2,0,0,2,12.3,16.665,61,11.74504647177255,1,0,4
2011-04-02 01:00:00,2,0,0,1,10.66,13.635,65,8.9981,0,1,4
2011-04-02 02:00:00,2,0,0,1,9.84,12.12,75,8.9981,0,2,4
2011-04-02 03:00:00,2,0,0,1,9.84,12.12,70,11.0014,0,3,4
2011-04-02 04:00:00,2,0,0,1,9.84,12.12,70,11.0014,0,4,4
2011-04-02 05:00:00,2,0,0,2,9.84,12.12,75,11.0014,0,5,4
2011-04-02 06:00:00,2,0,0,1,10.66,13.635,70,7.0015,0,6,4
2011-04-02 07:00:00,2,0,0,2,10.66,13.635,70,7.0015,0,7,4
2011-04-02 08:00:00,2,0,0,1,12.3,15.91,70,7.0015,0,8,4
2011-04-02 09:00:00,2,0,0,2,13.94,17.425,66,7.0015,0,9,4
2011-04-02 10:00:00,2,0,0,2,14.76,17.425,57,11.0014,0,10,4
2011-04-02 11:00:00,2,0,0,2,16.4,20.455,47,11.0014,0,11,4
2011-04-02 12:00:00,2,0,0,3,13.12,16.665,81,8.9981,0,12,4
2011-04-02 13:00:00,2,0,0,1,13.94,16.665,81,8.9981,0,13,4
2011-04-02 14:00:00,2,0,0,3,13.12,15.15,76,22.0028,0,14,4
2011-04-02 15:00:00,2,0,0,3,13.94,15.15,76,26.0027,0,15,4
2011-04-02 16:00:00,2,0,0,1,15.58,19.695,62,22.0028,0,16,4
2011-04-02 17:00:00,2,0,0,1,15.58,19.695,54,23.9994,0,17,4
2011-04-02 18:00:00,2,0,0,1,15.58,19.695,54,12.998,0,18,4
2011-04-02 19:00:00,2,0,0,1,14.76,16.665,53,23.9994,0,19,4
2011-04-02 20:00:00,2,0,0,1,13.94,15.91,53,19.0012,0,20,4
2011-04-02 21:00:00,2,0,0,1,13.12,15.15,61,16.9979,0,21,4
2011-04-02 22:00:00,2,0,0,1,13.12,15.15,61,19.9995,0,22,4
2011-04-02 23:00:00,2,0,0,1,13.12,15.91,61,11.0014,0,23,4
2011-04-03 00:00:00,2,0,0,1,12.3,14.395,65,12.998,0,0,4
2011-04-03 01:00:00,2,0,0,1,12.3,15.91,61,7.0015,0,1,4
2011-04-03 02:00:00,2,0,0,1,10.66,13.635,70,8.9981,0,2,4
2011-04-03 03:00:00,2,0,0,1,12.3,16.665,61,11.681517617629268,1,3,4
2011-04-03 04:00:00,2,0,0,1,11.48,15.15,70,6.0032,0,4,4
2011-04-03 05:00:00,2,0,0,1,11.48,13.635,65,15.0013,0,5,4
2011-04-03 06:00:00,2,0,0,1,11.48,13.635,65,12.998,0,6,4
2011-04-03 07:00:00,2,0,0,1,13.12,15.15,57,15.0013,0,7,4
2011-04-03 08:00:00,2,0,0,1,13.94,16.665,57,11.0014,0,8,4
2011-04-03 09:00:00,2,0,0,1,14.76,15.91,50,32.9975,0,9,4
2011-04-03 10:00:00,2,0,0,1,16.4,20.455,43,27.9993,0,10,4
2011-04-03 11:00:00,2,0,0,1,17.22,21.21,41,16.9979,0,11,4
2011-04-03 12:00:00,2,0,0,1,18.04,21.97,38,19.0012,0,12,4
2011-04-03 13:00:00,2,0,0,1,18.04,21.97,33,19.9995,0,13,4
2011-04-03 14:00:00,2,0,0,1,18.86,22.725,31,8.9981,0,14,4
2011-04-03 15:00:00,2,0,0,2,18.86,22.725,33,20.42446032149687,1,15,4
2011-04-03 16:00:00,2,0,0,2,18.86,22.725,31,12.998,0,16,4
2011-04-03 17:00:00,2,0,0,2,18.86,22.725,28,8.9981,0,17,4
2011-04-03 18:00:00,2,0,0,2,18.86,22.725,31,19.642186565583422,1,18,4
2011-04-03 19:00:00,2,0,0,2,17.22,21.21,44,12.998,0,19,4
2011-04-03 20:00:00,2,0,0,3,17.22,21.21,41,15.0013,0,20,4
2011-04-03 21:00:00,2,0,0,2,17.22,21.21,44,15.0013,0,21,4
2011-04-03 22:00:00,2,0,0,1,16.4,20.455,43,7.0015,0,22,4
2011-04-03 23:00:00,2,0,0,1,16.4,20.455,50,6.0032,0,23,4
2011-04-04 00:00:00,2,0,1,1,16.4,20.455,50,15.0013,0,0,4
2011-04-04 01:00:00,2,0,1,1,16.4,20.455,56,23.9994,0,1,4
2011-04-04 02:00:00,2,0,1,1,15.58,19.695,66,16.9979,0,2,4
2011-04-04 03:00:00,2,0,1,1,15.58,19.695,66,19.0012,0,3,4
2011-04-04 04:00:00,2,0,1,1,15.58,19.695,71,19.9995,0,4,4
2011-04-04 05:00:00,2,0,1,1,16.4,20.455,62,16.9979,0,5,4
2011-04-04 06:00:00,2,0,1,1,17.22,21.21,58,19.0012,0,6,4
2011-04-04 07:00:00,2,0,1,2,18.04,21.97,54,16.9979,0,7,4
2011-04-04 08:00:00,2,0,1,2,18.86,22.725,55,19.9995,0,8,4
2011-04-04 09:00:00,2,0,1,2,20.5,24.24,51,26.0027,0,9,4
2011-04-04 10:00:00,2,0,1,2,22.14,25.76,45,23.9994,0,10,4
2011-04-04 11:00:00,2,0,1,1,24.6,31.06,40,26.0027,0,11,4
2011-04-04 12:00:00,2,0,1,1,26.24,31.06,36,31.0009,0,12,4
2011-04-04 13:00:00,2,0,1,1,27.88,31.82,34,22.0028,0,13,4
2011-04-04 14:00:00,2,0,1,2,30.34,32.575,27,32.9975,0,14,4
2011-04-04 15:00:00,2,0,1,1,31.16,33.335,23,36.9974,0,15,4
2011-04-04 16:00:00,2,0,1,1,31.16,32.575,22,35.0008,0,16,4
2011-04-04 17:00:00,2,0,1,1,30.34,32.575,23,40.9973,0,17,4
2011-04-04 18:00:00,2,0,1,2,29.52,31.82,23,32.9975,0,18,4
2011-04-04 19:00:00,2,0,1,1,28.7,31.82,24,31.0009,0,19,4
2011-04-04 20:00:00,2,0,1,2,28.7,31.82,24,36.9974,0,20,4
2011-04-04 21:00:00,2,0,1,2,28.7,31.82,30,30.0026,0,21,4
2011-04-04 22:00:00,2,0,1,2,27.88,31.82,36,31.0009,0,22,4
2011-04-04 23:00:00,2,0,1,2,26.24,31.06,47,15.0013,0,23,4
2011-04-05 00:00:00,2,0,1,1,25.42,31.06,50,7.0015,0,0,4
2011-04-05 01:00:00,2,0,1,3,25.42,31.06,57,27.9993,0,1,4
2011-04-05 02:00:00,2,0,1,2,22.14,25.76,73,22.0028,0,2,4
2011-04-05 03:00:00,2,0,1,2,22.14,25.76,73,22.0028,0,3,4
2011-04-05 04:00:00,2,0,1,3,20.5,24.24,88,32.9975,0,4,4
2011-04-05 05:00:00,2,0,1,3,18.86,22.725,94,19.9995,0,5,4
2011-04-05 06:00:00,2,0,1,2,19.68,23.485,88,22.0028,0,6,4
2011-04-05 07:00:00,2,0,1,2,19.68,23.485,88,22.0028,0,7,4
2011-04-05 08:00:00,2,0,1,3,15.58,19.695,87,39.0007,0,8,4
2011-04-05 09:00:00,2,0,1,3,14.76,15.91,87,32.9975,0,9,4
2011-04-05 10:00:00,2,0,1,3,13.94,15.15,81,26.0027,0,10,4
2011-04-05 11:00:00,2,0,1,3,13.12,14.395,81,30.0026,0,11,4
2011-04-05 12:00:00,2,0,1,2,13.94,15.15,71,26.0027,0,12,4
2011-04-05 13:00:00,2,0,1,2,14.76,16.665,63,27.9993,0,13,4
2011-04-05 14:00:00,2,0,1,2,14.76,15.91,57,32.9975,0,14,4
2011-04-05 15:00:00,2,0,1,1,16.4,20.455,46,31.0009,0,15,4
2011-04-05 16:00:00,2,0,1,1,15.58,19.695,46,27.9993,0,16,4
2011-04-05 17:00:00,2,0,1,1,17.22,21.21,38,27.9993,0,17,4
2011-04-05 18:00:00,2,0,1,1,15.58,19.695,40,32.9975,0,18,4
2011-04-05 19:00:00,2,0,1,1,14.76,16.665,43,19.9995,0,19,4
2011-04-05 20:00:00,2,0,1,1,13.94,15.91,46,19.0012,0,20,4
2011-04-05 21:00:00,2,0,1,1,13.94,14.395,46,35.0008,0,21,4
2011-04-05 22:00:00,2,0,1,1,13.12,15.15,49,19.9995,0,22,4
2011-04-05 23:00:00,2,0,1,1,12.3,14.395,49,19.0012,0,23,4
2011-04-06 00:00:00,2,0,1,1,12.3,15.91,49,7.0015,0,0,4
2011-04-06 01:00:00,2,0,1,1,10.66,13.635,60,8.9981,0,1,4
2011-04-06 02:00:00,2,0,1,1,9.84,12.12,70,8.9981,0,2,4
2011-04-06 03:00:00,2,0,1,1,10.66,13.635,60,8.9981,0,3,4
2011-04-06 04:00:00,2,0,1,1,9.84,12.12,65,8.9981,0,4,4
2011-04-06 05:00:00,2,0,1,1,9.84,12.88,70,7.0015,0,5,4
2011-04-06 06:00:00,2,0,1,1,9.84,12.88,70,7.0015,0,6,4
2011-04-06 07:00:00,2,0,1,1,10.66,13.635,65,7.0015,0,7,4
2011-04-06 08:00:00,2,0,1,1,13.12,15.15,61,15.0013,0,8,4
2011-04-06 09:00:00,2,0,1,1,14.76,16.665,46,16.9979,0,9,4
2011-04-06 10:00:00,2,0,1,1,16.4,20.455,37,26.0027,0,10,4
2011-04-06 11:00:00,2,0,1,1,17.22,21.21,38,26.0027,0,11,4
2011-04-06 12:00:00,2,0,1,1,18.04,21.97,41,16.9979,0,12,4
2011-04-06 13:00:00,2,0,1,1,18.86,22.725,38,32.9975,0,13,4
2011-04-06 14:00:00,2,0,1,1,20.5,24.24,34,27.9993,0,14,4
2011-04-06 15:00:00,2,0,1,1,21.32,25.0,32,22.0028,0,15,4
2011-04-06 16:00:00,2,0,1,1,22.14,25.76,28,27.9993,0,16,4
2011-04-06 17:00:00,2,0,1,1,21.32,25.0,32,30.0026,0,17,4
2011-04-06 18:00:00,2,0,1,1,21.32,25.0,29,23.9994,0,18,4
2011-04-06 19:00:00,2,0,1,1,20.5,24.24,31,19.9995,0,19,4
2011-04-06 20:00:00,2,0,1,1,18.86,22.725,51,15.0013,0,20,4
2011-04-06 21:00:00,2,0,1,1,18.86,22.725,41,19.0012,0,21,4
2011-04-06 22:00:00,2,0,1,1,18.86,22.725,41,19.0012,0,22,4
2011-04-06 23:00:00,2,0,1,1,18.86,22.725,41,19.9995,0,23,4
2011-04-07 00:00:00,2,0,1,1,18.86,22.725,41,19.0012,0,0,4
2011-04-07 01:00:00,2,0,1,1,17.22,21.21,47,8.9981,0,1,4
2011-04-07 02:00:00,2,0,1,1,17.22,21.21,54,13.712053990643854,1,2,4
2011-04-07 03:00:00,2,0,1,1,14.76,17.425,66,12.998,0,3,4
2011-04-07 04:00:00,2,0,1,1,13.94,16.665,76,12.998,0,4,4
2011-04-07 05:00:00,2,0,1,1,13.94,15.91,76,15.0013,0,5,4
2011-04-07 06:00:00,2,0,1,1,13.12,15.15,81,16.9979,0,6,4
2011-04-07 07:00:00,2,0,1,2,13.94,16.665,76,11.0014,0,7,4
2011-04-07 08:00:00,2,0,1,1,14.76,17.425,76,12.998,0,8,4
2011-04-07 09:00:00,2,0,1,2,16.4,20.455,66,8.9981,0,9,4
2011-04-07 10:00:00,2,0,1,2,17.22,21.21,67,7.0015,0,10,4
2011-04-07 11:00:00,2,0,1,2,18.86,22.725,55,16.134771648310437,1,11,4
2011-04-07 12:00:00,2,0,1,2,18.86,22.725,55,16.51506928736839,1,12,4
2011-04-07 13:00:00,2,0,1,2,21.32,25.0,48,6.0032,0,13,4
2011-04-07 14:00:00,2,0,1,1,22.96,26.515,43,6.0032,0,14,4
2011-04-07 15:00:00,2,0,1,1,24.6,31.06,38,7.0015,0,15,4
2011-04-07 16:00:00,2,0,1,1,24.6,31.06,35,19.725592198668014,1,16,4
2011-04-07 17:00:00,2,0,1,1,21.32,25.0,52,19.0012,0,17,4
2011-04-07 18:00:00,2,0,1,1,19.68,23.485,55,16.9979,0,18,4
2011-04-07 19:00:00,2,0,1,1,18.86,22.725,59,19.9995,0,19,4
2011-04-07 20:00:00,2,0,1,1,18.04,21.97,62,11.0014,0,20,4
2011-04-07 21:00:00,2,0,1,2,18.04,21.97,67,19.0012,0,21,4
2011-04-07 22:00:00,2,0,1,2,16.4,20.455,76,12.998,0,22,4
2011-04-07 23:00:00,2,0,1,1,15.58,19.695,76,16.9979,0,23,4
2011-04-08 00:00:00,2,0,1,2,14.76,17.425,76,15.0013,0,0,4
2011-04-08 01:00:00,2,0,1,2,13.94,16.665,76,8.9981,0,1,4
2011-04-08 02:00:00,2,0,1,3,13.94,16.665,76,11.0014,0,2,4
2011-04-08 03:00:00,2,0,1,3,13.94,16.665,76,11.0014,0,3,4
2011-04-08 04:00:00,2,0,1,2,13.94,16.665,86,8.9981,0,4,4
2011-04-08 05:00:00,2,0,1,2,13.12,15.91,87,12.998,0,5,4
2011-04-08 06:00:00,2,0,1,2,13.94,18.18,87,9.646821693493758,1,6,4
2011-04-08 07:00:00,2,0,1,3,13.94,16.665,87,11.0014,0,7,4
2011-04-08 08:00:00,2,0,1,3,13.94,16.665,87,11.0014,0,8,4
2011-04-08 09:00:00,2,0,1,2,14.76,17.425,76,12.998,0,9,4
2011-04-08 10:00:00,2,0,1,2,14.76,16.665,71,19.0012,0,10,4
2011-04-08 11:00:00,2,0,1,2,16.4,20.455,62,26.0027,0,11,4
2011-04-08 12:00:00,2,0,1,3,15.58,19.695,66,15.0013,0,12,4
2011-04-08 13:00:00,2,0,1,3,14.76,16.665,76,19.0012,0,13,4
2011-04-08 14:00:00,2,0,1,3,13.94,15.91,87,15.0013,0,14,4
2011-04-08 15:00:00,2,0,1,3,13.94,15.91,87,15.0013,0,15,4
2011-04-08 16:00:00,2,0,1,2,13.12,15.15,93,16.9979,0,16,4
2011-04-08 17:00:00,2,0,1,3,13.12,15.15,93,16.9979,0,17,4
2011-04-08 18:00:00,2,0,1,3,13.12,15.15,93,16.9979,0,18,4
2011-04-08 19:00:00,2,0,1,3,12.3,13.635,93,27.9993,0,19,4
2011-04-08 20:00:00,2,0,1,2,12.3,13.635,93,22.0028,0,20,4
2011-04-08 21:00:00,2,0,1,2,12.3,14.395,93,16.9979,0,21,4
2011-04-08 22:00:00,2,0,1,2,12.3,13.635,93,19.9995,0,22,4
2011-04-08 23:00:00,2,0,1,2,12.3,14.395,93,15.0013,0,23,4
2011-04-09 00:00:00,2,0,0,2,12.3,14.395,87,15.0013,0,0,4
2011-04-09 01:00:00,2,0,0,2,12.3,15.15,87,8.9981,0,1,4
2011-04-09 02:00:00,2,0,0,2,13.12,15.15,87,15.0013,0,2,4
2011-04-09 03:00:00,2,0,0,3,12.3,14.395,100,16.9979,0,3,4
2011-04-09 04:00:00,2,0,0,3,12.3,13.635,100,16.9979,0,4,4
2011-04-09 05:00:00,2,0,0,2,12.3,14.395,93,15.0013,0,5,4
2011-04-09 06:00:00,2,0,0,2,12.3,14.395,93,12.998,0,6,4
2011-04-09 07:00:00,2,0,0,2,12.3,15.15,93,11.0014,0,7,4
2011-04-09 08:00:00,2,0,0,2,13.12,15.15,93,11.0014,0,8,4
2011-04-09 09:00:00,2,0,0,2,13.94,17.425,87,7.0015,0,9,4
2011-04-09 10:00:00,2,0,0,2,13.94,16.665,87,8.9981,0,10,4
2011-04-09 11:00:00,2,0,0,2,14.76,18.18,81,13.473730914086062,1,11,4
2011-04-09 12:00:00,2,0,0,2,14.76,17.425,81,8.9981,0,12,4
2011-04-09 13:00:00,2,0,0,2,14.76,18.94,81,14.131152267395562,1,13,4
2011-04-09 14:00:00,2,0,0,2,14.76,17.425,81,8.9981,0,14,4
2011-04-09 15:00:00,2,0,0,2,14.76,18.94,87,14.47614048429958,1,15,4
2011-04-09 16:00:00,2,0,0,2,15.58,19.695,82,14.547573858920735,1,16,4
2011-04-09 17:00:00,2,0,0,2,15.58,19.695,82,6.0032,0,17,4
2011-04-09 18:00:00,2,0,0,2,15.58,19.695,82,7.0015,0,18,4
2011-04-09 19:00:00,2,0,0,2,15.58,19.695,82,8.9981,0,19,4
2011-04-09 20:00:00,2,0,0,2,15.58,19.695,87,11.0014,0,20,4
2011-04-09 21:00:00,2,0,0,2,14.76,17.425,93,8.9981,0,21,4
2011-04-09 22:00:00,2,0,0,2,14.76,17.425,93,8.9981,0,22,4
2011-04-09 23:00:00,2,0,0,2,15.58,19.695,87,6.0032,0,23,4
2011-04-10 00:00:00,2,0,0,2,15.58,19.695,87,6.0032,0,0,4
2011-04-10 01:00:00,2,0,0,2,15.58,19.695,87,8.9981,0,1,4
2011-04-10 02:00:00,2,0,0,2,15.58,19.695,87,6.0032,0,2,4
2011-04-10 03:00:00,2,0,0,2,15.58,19.695,87,8.9981,0,3,4
2011-04-10 04:00:00,2,0,0,2,14.76,18.18,93,7.0015,0,4,4
2011-04-10 05:00:00,2,0,0,2,14.76,18.18,93,6.0032,0,5,4
2011-04-10 06:00:00,2,0,0,2,14.76,18.18,93,6.0032,0,6,4
2011-04-10 07:00:00,2,0,0,2,14.76,18.18,100,6.0032,0,7,4
2011-04-10 08:00:00,2,0,0,2,15.58,19.695,94,6.0032,0,8,4
2011-04-10 09:00:00,2,0,0,2,15.58,19.695,94,8.9981,0,9,4
2011-04-10 10:00:00,2,0,0,2,16.4,20.455,87,13.483067458354961,1,10,4
2011-04-10 11:00:00,2,0,0,2,16.4,20.455,87,8.9981,0,11,4
2011-04-10 12:00:00,2,0,0,2,17.22,21.21,88,8.9981,0,12,4
2011-04-10 13:00:00,2,0,0,1,18.86,22.725,82,7.0015,0,13,4
2011-04-10 14:00:00,2,0,0,1,20.5,24.24,72,12.998,0,14,4
2011-04-10 15:00:00,2,0,0,1,20.5,24.24,77,15.0013,0,15,4
2011-04-10 16:00:00,2,0,0,2,21.32,25.0,72,11.0014,0,16,4
2011-04-10 17:00:00,2,0,0,2,21.32,25.0,72,12.998,0,17,4
2011-04-10 18:00:00,2,0,0,1,20.5,24.24,77,12.998,0,18,4
2011-04-10 19:00:00,2,0,0,1,20.5,24.24,77,12.998,0,19,4
2011-04-10 20:00:00,2,0,0,1,18.86,22.725,82,8.9981,0,20,4
2011-04-10 21:00:00,2,0,0,1,18.04,21.97,88,12.998,0,21,4
2011-04-10 22:00:00,2,0,0,1,18.04,21.97,94,16.9979,0,22,4
2011-04-10 23:00:00,2,0,0,1,18.86,22.725,88,23.9994,0,23,4
2011-04-11 00:00:00,2,0,1,1,19.68,23.485,88,22.0028,0,0,4
2011-04-11 01:00:00,2,0,1,1,18.86,22.725,94,19.0012,0,1,4
2011-04-11 02:00:00,2,0,1,1,18.86,22.725,94,19.0012,0,2,4
2011-04-11 04:00:00,2,0,1,1,18.86,22.725,94,12.998,0,4,4
2011-04-11 05:00:00,2,0,1,1,18.86,22.725,94,12.998,0,5,4
2011-04-11 06:00:00,2,0,1,2,18.86,22.725,100,15.0013,0,6,4
2011-04-11 07:00:00,2,0,1,2,20.5,24.24,88,15.0013,0,7,4
2011-04-11 08:00:00,2,0,1,2,21.32,25.0,88,19.0012,0,8,4
2011-04-11 09:00:00,2,0,1,2,22.96,26.515,83,19.0012,0,9,4
2011-04-11 10:00:00,2,0,1,2,22.96,26.515,83,19.9995,0,10,4
2011-04-11 11:00:00,2,0,1,2,24.6,29.545,73,19.9995,0,11,4
2011-04-11 12:00:00,2,0,1,2,24.6,29.545,73,22.0028,0,12,4
2011-04-11 13:00:00,2,0,1,2,26.24,30.305,69,27.9993,0,13,4
2011-04-11 14:00:00,2,0,1,2,29.52,33.335,54,23.9994,0,14,4
2011-04-11 15:00:00,2,0,1,1,30.34,33.335,48,35.0008,0,15,4
2011-04-11 16:00:00,2,0,1,1,30.34,33.335,48,35.0008,0,16,4
2011-04-11 17:00:00,2,0,1,1,30.34,33.335,48,35.0008,0,17,4
2011-04-11 18:00:00,2,0,1,1,29.52,33.335,51,26.0027,0,18,4
2011-04-11 19:00:00,2,0,1,1,29.52,33.335,51,30.0026,0,19,4
2011-04-11 20:00:00,2,0,1,1,27.88,31.82,57,35.0008,0,20,4
2011-04-11 21:00:00,2,0,1,1,27.06,31.06,61,16.9979,0,21,4
2011-04-11 22:00:00,2,0,1,2,26.24,31.06,50,19.0012,0,22,4
2011-04-11 23:00:00,2,0,1,3,23.78,27.275,60,17.736733422085525,1,23,4
2011-04-12 00:00:00,2,0,1,2,25.42,31.06,50,7.0015,0,0,4
2011-04-12 01:00:00,2,0,1,2,25.42,31.06,50,6.0032,0,1,4
2011-04-12 02:00:00,2,0,1,2,24.6,31.06,53,8.9981,0,2,4
2011-04-12 03:00:00,2,0,1,2,23.78,27.275,56,8.9981,0,3,4
2011-04-12 04:00:00,2,0,1,2,22.96,26.515,64,8.9981,0,4,4
2011-04-12 05:00:00,2,0,1,2,22.14,25.76,68,8.9981,0,5,4
2011-04-12 06:00:00,2,0,1,2,22.14,25.76,68,19.0012,0,6,4
2011-04-12 07:00:00,2,0,1,2,22.14,25.76,68,15.0013,0,7,4
2011-04-12 08:00:00,2,0,1,3,19.68,23.485,88,26.0027,0,8,4
2011-04-12 09:00:00,2,0,1,3,18.86,22.725,94,32.9975,0,9,4
2011-04-12 10:00:00,2,0,1,3,20.5,24.24,82,27.9993,0,10,4
2011-04-12 11:00:00,2,0,1,1,21.32,25.0,77,23.9994,0,11,4
2011-04-12 12:00:00,2,0,1,2,22.96,26.515,64,31.0009,0,12,4
2011-04-12 13:00:00,2,0,1,3,22.14,25.76,68,19.0012,0,13,4
2011-04-12 14:00:00,2,0,1,2,20.5,24.24,82,19.0012,0,14,4
2011-04-12 15:00:00,2,0,1,2,19.68,23.485,77,35.0008,0,15,4
2011-04-12 16:00:00,2,0,1,2,19.68,23.485,77,26.0027,0,16,4
2011-04-12 17:00:00,2,0,1,3,18.04,21.97,77,15.0013,0,17,4
2011-04-12 18:00:00,2,0,1,3,18.04,21.97,77,15.0013,0,18,4
2011-04-12 19:00:00,2,0,1,2,17.22,21.21,82,19.0012,0,19,4
2011-04-12 20:00:00,2,0,1,2,17.22,21.21,82,19.0012,0,20,4
2011-04-12 21:00:00,2,0,1,2,17.22,21.21,82,12.998,0,21,4
2011-04-12 22:00:00,2,0,1,2,16.4,20.455,94,19.9995,0,22,4
2011-04-12 23:00:00,2,0,1,2,16.4,20.455,94,16.9979,0,23,4
2011-04-13 00:00:00,2,0,1,2,16.4,20.455,100,19.9995,0,0,4
2011-04-13 01:00:00,2,0,1,2,16.4,20.455,100,19.9995,0,1,4
2011-04-13 02:00:00,2,0,1,3,16.4,20.455,100,19.9995,0,2,4
2011-04-13 03:00:00,2,0,1,3,16.4,20.455,94,22.0028,0,3,4
2011-04-13 04:00:00,2,0,1,3,16.4,20.455,94,22.0028,0,4,4
2011-04-13 05:00:00,2,0,1,3,15.58,19.695,94,16.9979,0,5,4
2011-04-13 06:00:00,2,0,1,3,15.58,19.695,94,15.0013,0,6,4
2011-04-13 07:00:00,2,0,1,3,14.76,17.425,100,15.0013,0,7,4
2011-04-13 08:00:00,2,0,1,3,15.58,19.695,94,12.998,0,8,4
2011-04-13 09:00:00,2,0,1,2,15.58,19.695,94,15.0013,0,9,4
2011-04-13 10:00:00,2,0,1,2,16.4,20.455,87,12.998,0,10,4
2011-04-13 11:00:00,2,0,1,2,17.22,21.21,82,12.998,0,11,4
2011-04-13 12:00:00,2,0,1,3,17.22,21.21,82,16.9979,0,12,4
2011-04-13 13:00:00,2,0,1,2,18.04,21.97,77,12.998,0,13,4
2011-04-13 14:00:00,2,0,1,2,17.22,21.21,77,16.9979,0,14,4
2011-04-13 15:00:00,2,0,1,2,18.04,21.97,72,19.0012,0,15,4
2011-04-13 16:00:00,2,0,1,1,18.86,22.725,67,19.0012,0,16,4
2011-04-13 17:00:00,2,0,1,1,18.86,22.725,67,19.9995,0,17,4
2011-04-13 18:00:00,2,0,1,1,18.04,21.97,62,26.0027,0,18,4
2011-04-13 19:00:00,2,0,1,1,18.04,21.97,62,16.9979,0,19,4
2011-04-13 20:00:00,2,0,1,1,18.04,21.97,62,16.9979,0,20,4
2011-04-13 21:00:00,2,0,1,1,17.22,21.21,67,11.0014,0,21,4
2011-04-13 22:00:00,2,0,1,1,17.22,21.21,67,12.998,0,22,4
2011-04-13 23:00:00,2,0,1,1,16.4,20.455,71,8.9981,0,23,4
2011-04-14 00:00:00,2,0,1,1,15.58,19.695,76,8.9981,0,0,4
2011-04-14 01:00:00,2,0,1,1,15.58,19.695,76,15.0013,0,1,4
2011-04-14 02:00:00,2,0,1,1,14.76,17.425,76,8.9981,0,2,4
2011-04-14 03:00:00,2,0,1,1,13.94,16.665,81,8.9981,0,3,4
2011-04-14 04:00:00,2,0,1,1,13.94,18.18,76,9.827932591928496,1,4,4
2011-04-14 05:00:00,2,0,1,1,13.94,17.425,76,6.0032,0,5,4
2011-04-14 06:00:00,2,0,1,1,13.94,17.425,76,7.0015,0,6,4
2011-04-14 07:00:00,2,0,1,1,15.58,19.695,66,12.524344000264524,1,7,4
2011-04-14 08:00:00,2,0,1,1,17.22,21.21,58,11.0014,0,8,4
2011-04-14 09:00:00,2,0,1,1,18.86,22.725,51,8.9981,0,9,4
2011-04-14 10:00:00,2,0,1,1,20.5,24.24,51,12.998,0,10,4
2011-04-14 11:00:00,2,0,1,1,21.32,25.0,45,11.0014,0,11,4
2011-04-14 12:00:00,2,0,1,1,22.14,25.76,42,8.9981,0,12,4
2011-04-14 13:00:00,2,0,1,1,22.96,26.515,37,15.0013,0,13,4
2011-04-14 14:00:00,2,0,1,1,22.96,26.515,35,6.0032,0,14,4
2011-04-14 15:00:00,2,0,1,1,24.6,31.06,31,6.0032,0,15,4
2011-04-14 16:00:00,2,0,1,1,24.6,30.305,26,7.0015,0,16,4
2011-04-14 17:00:00,2,0,1,1,24.6,30.305,28,20.371676418475037,1,17,4
2011-04-14 18:00:00,2,0,1,1,22.96,26.515,30,20.587423767298315,1,18,4
2011-04-14 19:00:00,2,0,1,1,22.14,25.76,32,18.527085189889114,1,19,4
2011-04-14 20:00:00,2,0,1,1,20.5,24.24,51,12.998,0,20,4
2011-04-14 21:00:00,2,0,1,1,18.86,22.725,63,8.9981,0,21,4
2011-04-14 22:00:00,2,0,1,1,19.68,23.485,55,7.0015,0,22,4
2011-04-14 23:00:00,2,0,1,1,18.86,22.725,59,7.0015,0,23,4
2011-04-15 00:00:00,2,1,0,1,18.04,21.97,67,12.821889818111163,1,0,4
2011-04-15 01:00:00,2,1,0,1,18.04,21.97,62,13.266785890522439,1,1,4
2011-04-15 02:00:00,2,1,0,1,16.4,20.455,76,15.156946268402026,1,2,4
2011-04-15 03:00:00,2,1,0,1,16.4,20.455,76,15.21592985467827,1,3,4
2011-04-15 04:00:00,2,1,0,1,15.58,19.695,82,6.0032,0,4,4
2011-04-15 05:00:00,2,1,0,1,14.76,18.18,81,7.0015,0,5,4
2011-04-15 06:00:00,2,1,0,1,14.76,18.18,81,6.0032,0,6,4
2011-04-15 07:00:00,2,1,0,1,16.4,20.455,71,11.0014,0,7,4
2011-04-15 08:00:00,2,1,0,1,18.04,21.97,62,19.9995,0,8,4
2011-04-15 09:00:00,2,1,0,1,20.5,24.24,55,12.998,0,9,4
2011-04-15 10:00:00,2,1,0,1,20.5,24.24,55,12.998,0,10,4
2011-04-15 11:00:00,2,1,0,1,21.32,25.0,55,12.998,0,11,4
2011-04-15 12:00:00,2,1,0,1,21.32,25.0,55,19.0012,0,12,4
2011-04-15 13:00:00,2,1,0,1,22.14,25.76,52,16.9979,0,13,4
2011-04-15 14:00:00,2,1,0,1,22.14,25.76,52,16.9979,0,14,4
2011-04-15 15:00:00,2,1,0,1,22.14,25.76,52,30.0026,0,15,4
2011-04-15 16:00:00,2,1,0,1,21.32,25.0,55,32.9975,0,16,4
2011-04-15 17:00:00,2,1,0,2,20.5,24.24,63,26.0027,0,17,4
2011-04-15 18:00:00,2,1,0,2,18.86,22.725,67,26.0027,0,18,4
2011-04-15 19:00:00,2,1,0,1,17.22,21.21,77,26.0027,0,19,4
2011-04-15 20:00:00,2,1,0,2,16.4,20.455,76,22.0028,0,20,4
2011-04-15 21:00:00,2,1,0,2,16.4,20.455,76,19.9995,0,21,4
2011-04-15 22:00:00,2,1,0,2,15.58,19.695,82,26.0027,0,22,4
2011-04-15 23:00:00,2,1,0,2,14.76,17.425,81,12.998,0,23,4
2011-04-16 00:00:00,2,0,0,2,14.76,17.425,81,15.0013,0,0,4
2011-04-16 01:00:00,2,0,0,2,14.76,16.665,87,19.0012,0,1,4
2011-04-16 02:00:00,2,0,0,2,14.76,17.425,87,8.9981,0,2,4
2011-04-16 03:00:00,2,0,0,2,14.76,17.425,87,11.0014,0,3,4
2011-04-16 04:00:00,2,0,0,2,14.76,17.425,87,15.0013,0,4,4
2011-04-16 05:00:00,2,0,0,2,15.58,19.695,87,19.0012,0,5,4
2011-04-16 06:00:00,2,0,0,3,16.4,20.455,82,22.0028,0,6,4
2011-04-16 07:00:00,2,0,0,2,16.4,20.455,82,27.9993,0,7,4
2011-04-16 08:00:00,2,0,0,3,16.4,20.455,87,23.9994,0,8,4
2011-04-16 09:00:00,2,0,0,3,16.4,20.455,100,19.9995,0,9,4
2011-04-16 10:00:00,2,0,0,3,17.22,21.21,94,26.0027,0,10,4
2011-04-16 11:00:00,2,0,0,3,17.22,21.21,94,30.0026,0,11,4
2011-04-16 12:00:00,2,0,0,2,18.86,22.725,88,39.0007,0,12,4
2011-04-16 13:00:00,2,0,0,3,18.86,22.725,94,35.0008,0,13,4
2011-04-16 14:00:00,2,0,0,3,21.32,25.0,83,39.0007,0,14,4
2011-04-16 15:00:00,2,0,0,3,21.32,25.0,83,39.0007,0,15,4
2011-04-16 16:00:00,2,0,0,3,20.5,24.24,88,31.0009,0,16,4
2011-04-16 17:00:00,2,0,0,3,20.5,24.24,88,39.0007,0,17,4
2011-04-16 18:00:00,2,0,0,2,20.5,24.24,94,26.0027,0,18,4
2011-04-16 19:00:00,2,0,0,2,21.32,25.0,94,27.9993,0,19,4
2011-04-16 20:00:00,2,0,0,3,18.04,21.97,94,15.0013,0,20,4
2011-04-16 21:00:00,2,0,0,2,18.04,21.97,94,15.302123410148967,1,21,4
2011-04-16 22:00:00,2,0,0,3,17.22,21.21,100,15.049529255744428,1,22,4
2011-04-16 23:00:00,2,0,0,2,18.04,21.97,77,19.0012,0,23,4
2011-04-17 00:00:00,2,0,0,2,18.04,21.97,77,19.0012,0,0,4
2011-04-17 01:00:00,2,0,0,1,17.22,21.21,67,15.0013,0,1,4
2011-04-17 02:00:00,2,0,0,1,16.4,20.455,62,12.998,0,2,4
2011-04-17 03:00:00,2,0,0,1,16.4,20.455,66,8.9981,0,3,4
2011-04-17 04:00:00,2,0,0,1,14.76,18.18,76,7.0015,0,4,4
2011-04-17 05:00:00,2,0,0,1,14.76,17.425,71,11.0014,0,5,4
2011-04-17 06:00:00,2,0,0,1,14.76,15.91,66,30.0026,0,6,4
2011-04-17 07:00:00,2,0,0,1,14.76,16.665,50,23.9994,0,7,4
2011-04-17 08:00:00,2,0,0,1,15.58,19.695,46,26.0027,0,8,4
2011-04-17 09:00:00,2,0,0,1,16.4,20.455,43,19.0012,0,9,4
2011-04-17 10:00:00,2,0,0,1,17.22,21.21,44,30.0026,0,10,4
2011-04-17 11:00:00,2,0,0,1,18.86,22.725,41,27.9993,0,11,4
2011-04-17 12:00:00,2,0,0,1,18.86,22.725,38,26.0027,0,12,4
2011-04-17 13:00:00,2,0,0,1,20.5,24.24,34,26.0027,0,13,4
2011-04-17 14:00:00,2,0,0,1,21.32,25.0,34,26.0027,0,14,4
2011-04-17 15:00:00,2,0,0,1,22.14,25.76,32,35.0008,0,15,4
2011-04-17 16:00:00,2,0,0,1,22.14,25.76,30,23.9994,0,16,4
2011-04-17 17:00:00,2,0,0,1,22.96,26.515,30,30.0026,0,17,4
2011-04-17 18:00:00,2,0,0,1,22.96,26.515,30,26.0027,0,18,4
2011-04-17 19:00:00,2,0,0,1,22.96,26.515,30,19.9995,0,19,4
2011-04-17 20:00:00,2,0,0,1,21.32,25.0,36,12.998,0,20,4
2011-04-17 21:00:00,2,0,0,1,20.5,24.24,42,12.998,0,21,4
2011-04-17 22:00:00,2,0,0,1,20.5,24.24,39,7.0015,0,22,4
2011-04-17 23:00:00,2,0,0,1,18.04,21.97,67,11.0014,0,23,4
2011-04-18 00:00:00,2,0,1,1,18.86,22.725,47,6.0032,0,0,4
2011-04-18 01:00:00,2,0,1,1,18.86,22.725,47,8.9981,0,1,4
2011-04-18 02:00:00,2,0,1,1,17.22,21.21,67,7.0015,0,2,4
2011-04-18 03:00:00,2,0,1,1,17.22,21.21,62,7.0015,0,3,4
2011-04-18 04:00:00,2,0,1,1,16.4,20.455,87,11.0014,0,4,4
2011-04-18 05:00:00,2,0,1,1,16.4,20.455,76,6.0032,0,5,4
2011-04-18 06:00:00,2,0,1,1,16.4,20.455,82,13.590669028351098,1,6,4
2011-04-18 07:00:00,2,0,1,1,18.86,22.725,63,14.00369287155223,1,7,4
2011-04-18 08:00:00,2,0,1,1,18.86,22.725,63,14.656238774504361,1,8,4
2011-04-18 09:00:00,2,0,1,2,20.5,24.24,55,7.0015,0,9,4
2011-04-18 10:00:00,2,0,1,2,21.32,25.0,55,7.0015,0,10,4
2011-04-18 11:00:00,2,0,1,2,22.14,25.76,52,6.0032,0,11,4
2011-04-18 12:00:00,2,0,1,2,22.96,26.515,49,6.0032,0,12,4
2011-04-18 13:00:00,2,0,1,2,22.96,26.515,49,11.0014,0,13,4
2011-04-18 14:00:00,2,0,1,2,23.78,27.275,49,12.998,0,14,4
2011-04-18 15:00:00,2,0,1,2,24.6,31.06,43,12.998,0,15,4
2011-04-18 16:00:00,2,0,1,1,24.6,31.06,46,19.0012,0,16,4
2011-04-18 17:00:00,2,0,1,1,23.78,27.275,49,19.0012,0,17,4
2011-04-18 18:00:00,2,0,1,1,26.24,31.06,31,23.9994,0,18,4
2011-04-18 19:00:00,2,0,1,1,22.96,26.515,46,16.9979,0,19,4
2011-04-18 20:00:00,2,0,1,1,24.6,31.06,33,19.9995,0,20,4
2011-04-18 21:00:00,2,0,1,1,22.96,26.515,37,19.0012,0,21,4
2011-04-18 22:00:00,2,0,1,1,21.32,25.0,55,19.0012,0,22,4
2011-04-18 23:00:00,2,0,1,1,20.5,24.24,59,16.9979,0,23,4
2011-04-19 00:00:00,2,0,1,1,20.5,24.24,55,15.0013,0,0,4
2011-04-19 01:00:00,2,0,1,1,18.86,22.725,63,15.0013,0,1,4
2011-04-19 02:00:00,2,0,1,1,18.86,22.725,67,19.0012,0,2,4
2011-04-19 03:00:00,2,0,1,1,19.68,23.485,63,15.0013,0,3,4
2011-04-19 04:00:00,2,0,1,1,18.86,22.725,67,6.0032,0,4,4
2011-04-19 05:00:00,2,0,1,2,18.86,22.725,72,12.998,0,5,4
2011-04-19 06:00:00,2,0,1,2,19.68,23.485,67,12.757932293727121,1,6,4
2011-04-19 07:00:00,2,0,1,2,21.32,25.0,55,14.954216815921573,1,7,4
2011-04-19 08:00:00,2,0,1,2,20.5,24.24,68,8.9981,0,8,4
2011-04-19 09:00:00,2,0,1,3,21.32,25.0,63,6.0032,0,9,4
2011-04-19 10:00:00,2,0,1,2,20.5,24.24,72,15.0013,0,10,4
2011-04-19 11:00:00,2,0,1,2,22.14,25.76,68,11.0014,0,11,4
2011-04-19 12:00:00,2,0,1,2,22.14,25.76,64,6.0032,0,12,4
2011-04-19 13:00:00,2,0,1,2,22.14,25.76,68,15.0013,0,13,4
2011-04-19 14:00:00,2,0,1,2,22.14,25.76,64,12.998,0,14,4
2011-04-19 15:00:00,2,0,1,2,22.14,25.76,65,11.0014,0,15,4
2011-04-19 16:00:00,2,0,1,1,22.96,26.515,52,19.9995,0,16,4
2011-04-19 17:00:00,2,0,1,1,22.96,26.515,60,7.0015,0,17,4
2011-04-19 18:00:00,2,0,1,2,22.14,25.76,64,8.9981,0,18,4
2011-04-19 19:00:00,2,0,1,2,20.5,24.24,72,12.998,0,19,4
2011-04-19 20:00:00,2,0,1,2,20.5,24.24,72,15.0013,0,20,4
2011-04-19 21:00:00,2,0,1,2,20.5,24.24,72,8.9981,0,21,4
2011-04-19 22:00:00,2,0,1,1,19.68,23.485,77,6.0032,0,22,4
2011-04-19 23:00:00,2,0,1,1,18.86,22.725,88,6.0032,0,23,4
2011-05-01 00:00:00,2,0,0,1,17.22,21.21,67,6.0032,0,0,5
2011-05-01 01:00:00,2,0,0,1,17.22,21.21,69,7.0015,0,1,5
2011-05-01 02:00:00,2,0,0,1,17.22,21.21,77,7.0015,0,2,5
2011-05-01 03:00:00,2,0,0,1,16.4,20.455,82,7.0015,0,3,5
2011-05-01 04:00:00,2,0,0,1,16.4,20.455,76,7.0015,0,4,5
2011-05-01 05:00:00,2,0,0,1,16.4,20.455,82,6.0032,0,5,5
2011-05-01 06:00:00,2,0,0,2,16.4,20.455,82,6.0032,0,6,5
2011-05-01 07:00:00,2,0,0,2,17.22,21.21,77,6.0032,0,7,5
2011-05-01 08:00:00,2,0,0,2,18.04,21.97,77,8.9981,0,8,5
2011-05-01 09:00:00,2,0,0,2,18.86,22.725,72,8.9981,0,9,5
2011-05-01 10:00:00,2,0,0,2,19.68,23.485,63,12.998,0,10,5
2011-05-01 11:00:00,2,0,0,1,18.86,22.725,82,7.0015,0,11,5
2011-05-01 12:00:00,2,0,0,2,19.68,23.485,77,7.0015,0,12,5
2011-05-01 13:00:00,2,0,0,2,20.5,24.24,63,11.0014,0,13,5
2011-05-01 14:00:00,2,0,0,2,20.5,24.24,68,7.0015,0,14,5
2011-05-01 15:00:00,2,0,0,2,20.5,24.24,72,14.795458002544601,1,15,5
2011-05-01 16:00:00,2,0,0,2,20.5,24.24,72,12.998,0,16,5
2011-05-01 17:00:00,2,0,0,2,19.68,23.485,82,16.9979,0,17,5
2011-05-01 18:00:00,2,0,0,2,18.86,22.725,82,6.0032,0,18,5
2011-05-01 19:00:00,2,0,0,2,18.86,22.725,84,7.0015,0,19,5
2011-05-01 20:00:00,2,0,0,2,18.86,22.725,82,13.383319851549413,1,20,5
2011-05-01 21:00:00,2,0,0,2,18.86,22.725,82,12.537567850297684,1,21,5
2011-05-01 22:00:00,2,0,0,2,18.86,22.725,82,12.566870914029149,1,22,5
2011-05-01 23:00:00,2,0,0,1,18.86,22.725,77,12.998,0,23,5
2011-05-02 00:00:00,2,0,1,1,18.86,22.725,72,8.9981,0,0,5
2011-05-02 01:00:00,2,0,1,1,18.86,22.725,72,8.9981,0,1,5
2011-05-02 02:00:00,2,0,1,2,18.04,21.97,77,15.0013,0,2,5
2011-05-02 03:00:00,2,0,1,1,18.04,21.97,77,8.9981,0,3,5
2011-05-02 04:00:00,2,0,1,1,18.04,21.97,77,11.0014,0,4,5
2011-05-02 05:00:00,2,0,1,2,18.04,21.97,77,8.9981,0,5,5
2011-05-02 06:00:00,2,0,1,1,18.04,21.97,88,7.0015,0,6,5
2011-05-02 07:00:00,2,0,1,2,18.86,22.725,82,22.0028,0,7,5
2011-05-02 08:00:00,2,0,1,2,19.68,23.485,77,15.0013,0,8,5
2011-05-02 09:00:00,2,0,1,2,20.5,24.24,77,19.0012,0,9,5
2011-05-02 10:00:00,2,0,1,2,22.14,25.76,77,15.0013,0,10,5
2011-05-02 11:00:00,2,0,1,1,23.78,27.275,73,19.9995,0,11,5
2011-05-02 12:00:00,2,0,1,1,25.42,30.305,69,15.0013,0,12,5
2011-05-02 13:00:00,2,0,1,2,25.42,30.305,69,12.998,0,13,5
2011-05-02 14:00:00,2,0,1,1,26.24,30.305,69,15.0013,0,14,5
2011-05-02 15:00:00,2,0,1,1,27.06,31.06,61,12.998,0,15,5
2011-05-02 16:00:00,2,0,1,1,27.06,31.06,61,15.0013,0,16,5
2011-05-02 17:00:00,2,0,1,1,27.06,31.06,65,12.998,0,17,5
2011-05-02 18:00:00,2,0,1,2,26.24,30.305,65,12.998,0,18,5
2011-05-02 19:00:00,2,0,1,2,25.42,30.305,69,8.9981,0,19,5
2011-05-02 20:00:00,2,0,1,2,25.42,30.305,69,8.9981,0,20,5
2011-05-02 21:00:00,2,0,1,2,24.6,29.545,73,7.0015,0,21,5
2011-05-02 22:00:00,2,0,1,2,24.6,29.545,73,12.39868330508795,1,22,5
2011-05-02 23:00:00,2,0,1,2,22.96,26.515,83,12.998,0,23,5
2011-05-03 00:00:00,2,0,1,2,22.96,26.515,83,15.0013,0,0,5
2011-05-03 01:00:00,2,0,1,2,22.96,26.515,78,16.9979,0,1,5
2011-05-03 02:00:00,2,0,1,2,22.96,26.515,78,16.9979,0,2,5
2011-05-03 03:00:00,2,0,1,1,22.14,25.76,83,19.0012,0,3,5
2011-05-03 04:00:00,2,0,1,1,21.32,25.0,88,15.0013,0,4,5
2011-05-03 05:00:00,2,0,1,1,21.32,25.0,88,8.9981,0,5,5
2011-05-03 06:00:00,2,0,1,2,21.32,25.0,94,11.0014,0,6,5
2011-05-03 07:00:00,2,0,1,2,22.14,25.76,88,15.0013,0,7,5
2011-05-03 08:00:00,2,0,1,2,22.96,26.515,83,19.0012,0,8,5
2011-05-03 09:00:00,2,0,1,2,24.6,28.79,78,23.9994,0,9,5
2011-05-03 10:00:00,2,0,1,2,26.24,30.305,69,23.9994,0,10,5
2011-05-03 11:00:00,2,0,1,2,27.06,31.06,65,22.0028,0,11,5
2011-05-03 12:00:00,2,0,1,2,27.88,31.82,61,32.9975,0,12,5
2011-05-03 13:00:00,2,0,1,2,28.7,32.575,58,40.9973,0,13,5
2011-05-03 14:00:00,2,0,1,2,28.7,32.575,58,35.0008,0,14,5
2011-05-03 15:00:00,2,0,1,2,28.7,32.575,58,30.0026,0,15,5
2011-05-03 16:00:00,2,0,1,1,29.52,33.335,54,31.0009,0,16,5
2011-05-03 17:00:00,2,0,1,1,28.7,32.575,54,31.0009,0,17,5
2011-05-03 18:00:00,2,0,1,1,28.7,32.575,48,27.9993,0,18,5
2011-05-03 19:00:00,2,0,1,1,27.88,31.82,57,23.9994,0,19,5
2011-05-03 20:00:00,2,0,1,1,27.06,31.06,61,12.998,0,20,5
2011-05-03 21:00:00,2,0,1,2,26.24,31.06,61,30.0026,0,21,5
2011-05-03 22:00:00,2,0,1,2,23.78,27.275,60,26.0027,0,22,5
2011-05-03 23:00:00,2,0,1,2,22.96,26.515,68,22.0028,0,23,5
2011-05-04 00:00:00,2,0,1,3,21.32,25.0,77,11.0014,0,0,5
2011-05-04 01:00:00,2,0,1,3,20.5,24.24,82,19.0012,0,1,5
2011-05-04 02:00:00,2,0,1,3,20.5,24.24,82,19.0012,0,2,5
2011-05-04 03:00:00,2,0,1,3,17.22,21.21,88,35.0008,0,3,5
2011-05-04 04:00:00,2,0,1,3,15.58,19.695,94,22.0028,0,4,5
2011-05-04 05:00:00,2,0,1,3,14.76,16.665,87,22.0028,0,5,5
2011-05-04 06:00:00,2,0,1,3,13.94,15.15,93,26.0027,0,6,5
2011-05-04 07:00:00,2,0,1,3,13.94,15.15,93,23.9994,0,7,5
2011-05-04 08:00:00,2,0,1,3,13.94,15.15,93,26.0027,0,8,5
2011-05-04 09:00:00,2,0,1,3,13.94,15.15,93,23.9994,0,9,5
2011-05-04 10:00:00,2,0,1,2,13.94,15.91,93,19.0012,0,10,5
2011-05-04 11:00:00,2,0,1,1,16.4,20.455,82,22.0028,0,11,5
2011-05-04 12:00:00,2,0,1,2,18.04,21.97,62,23.9994,0,12,5
2011-05-04 13:00:00,2,0,1,2,18.86,22.725,59,30.0026,0,13,5
2011-05-04 14:00:00,2,0,1,1,20.5,24.24,51,26.0027,0,14,5
2011-05-04 15:00:00,2,0,1,1,19.68,23.485,51,27.9993,0,15,5
2011-05-04 16:00:00,2,0,1,1,20.5,24.24,45,31.0009,0,16,5
2011-05-04 17:00:00,2,0,1,1,16.4,20.455,71,16.9979,0,17,5
2011-05-04 18:00:00,2,0,1,1,17.22,21.21,67,16.9979,0,18,5
2011-05-04 19:00:00,2,0,1,1,17.22,21.21,58,23.9994,0,19,5
2011-05-04 20:00:00,2,0,1,1,16.4,20.455,62,22.0028,0,20,5
2011-05-04 21:00:00,2,0,1,1,16.4,20.455,62,11.0014,0,21,5
2011-05-04 22:00:00,2,0,1,1,15.58,19.695,62,15.0013,0,22,5
2011-05-04 23:00:00,2,0,1,1,14.76,17.425,62,15.0013,0,23,5
2011-05-05 00:00:00,2,0,1,1,14.76,17.425,66,12.998,0,0,5
2011-05-05 01:00:00,2,0,1,1,13.94,16.665,71,12.998,0,1,5
2011-05-05 02:00:00,2,0,1,1,13.94,15.91,66,15.0013,0,2,5
2011-05-05 03:00:00,2,0,1,1,13.94,15.91,66,16.9979,0,3,5
2011-05-05 04:00:00,2,0,1,1,13.94,15.91,66,16.9979,0,4,5
2011-05-05 05:00:00,2,0,1,1,13.94,15.91,66,16.9979,0,5,5
2011-05-05 06:00:00,2,0,1,1,13.94,15.91,66,16.9979,0,6,5
2011-05-05 07:00:00,2,0,1,1,15.58,19.695,58,16.9979,0,7,5
2011-05-05 08:00:00,2,0,1,1,17.22,21.21,50,16.9979,0,8,5
2011-05-05 09:00:00,2,0,1,1,18.86,22.725,44,19.0012,0,9,5
2011-05-05 10:00:00,2,0,1,1,20.5,24.24,39,19.0012,0,10,5
2011-05-05 11:00:00,2,0,1,1,21.32,25.0,36,30.0026,0,11,5
2011-05-05 12:00:00,2,0,1,1,21.32,25.0,34,23.9994,0,12,5
2011-05-05 13:00:00,2,0,1,1,22.14,25.76,30,39.0007,0,13,5
2011-05-05 14:00:00,2,0,1,1,22.14,25.76,28,30.0026,0,14,5
2011-05-05 15:00:00,2,0,1,1,22.96,26.515,26,32.9975,0,15,5
2011-05-05 16:00:00,2,0,1,1,23.78,27.275,24,27.9993,0,16,5
2011-05-05 17:00:00,2,0,1,1,22.96,26.515,26,26.0027,0,17,5
2011-05-05 18:00:00,2,0,1,1,22.96,26.515,26,19.0012,0,18,5
2011-05-05 19:00:00,2,0,1,1,22.14,25.76,28,15.0013,0,19,5
2011-05-05 20:00:00,2,0,1,1,20.5,24.24,34,11.0014,0,20,5
2011-05-05 21:00:00,2,0,1,1,20.5,24.24,36,12.998,0,21,5
2011-05-05 22:00:00,2,0,1,1,19.68,23.485,39,12.998,0,22,5
2011-05-05 23:00:00,2,0,1,1,18.86,22.725,41,12.998,0,23,5
2011-05-06 00:00:00,2,0,1,1,18.04,21.97,44,11.0014,0,0,5
2011-05-06 01:00:00,2,0,1,1,16.4,20.455,62,11.0014,0,1,5
2011-05-06 02:00:00,2,0,1,1,15.58,19.695,62,7.0015,0,2,5
2011-05-06 03:00:00,2,0,1,1,14.76,18.18,71,7.0015,0,3,5
2011-05-06 04:00:00,2,0,1,1,14.76,18.18,71,7.0015,0,4,5
2011-05-06 05:00:00,2,0,1,1,13.94,17.425,81,7.0015,0,5,5
2011-05-06 06:00:00,2,0,1,1,14.76,18.18,81,6.0032,0,6,5
2011-05-06 07:00:00,2,0,1,1,16.4,20.455,82,10.158420463585493,1,7,5
2011-05-06 08:00:00,2,0,1,1,17.22,21.21,77,16.9979,0,8,5
2011-05-06 09:00:00,2,0,1,1,18.86,22.725,67,19.0012,0,9,5
2011-05-06 10:00:00,2,0,1,2,22.14,25.76,49,22.0028,0,10,5
2011-05-06 11:00:00,2,0,1,2,22.14,25.76,49,22.0028,0,11,5
2011-05-06 12:00:00,2,0,1,1,22.96,26.515,49,23.9994,0,12,5
2011-05-06 13:00:00,2,0,1,1,23.78,27.275,40,22.0028,0,13,5
2011-05-06 14:00:00,2,0,1,1,24.6,31.06,40,30.0026,0,14,5
2011-05-06 15:00:00,2,0,1,1,24.6,31.06,38,26.0027,0,15,5
2011-05-06 16:00:00,2,0,1,1,24.6,31.06,40,16.9979,0,16,5
2011-05-06 17:00:00,2,0,1,1,23.78,27.275,40,23.9994,0,17,5
2011-05-06 18:00:00,2,0,1,3,22.14,25.76,52,23.9994,0,18,5
2011-05-06 19:00:00,2,0,1,3,22.14,25.76,52,23.9994,0,19,5
2011-05-06 20:00:00,2,0,1,1,21.32,25.0,48,7.0015,0,20,5
2011-05-06 21:00:00,2,0,1,1,19.68,23.485,67,8.9981,0,21,5
2011-05-06 22:00:00,2,0,1,1,18.86,22.725,72,15.0013,0,22,5
2011-05-06 23:00:00,2,0,1,1,18.04,21.97,82,8.9981,0,23,5
2011-05-07 00:00:00,2,0,0,1,17.22,21.21,82,8.9981,0,0,5
2011-05-07 01:00:00,2,0,0,1,17.22,21.21,82,7.0015,0,1,5
2011-05-07 02:00:00,2,0,0,1,17.22,21.21,82,6.0032,0,2,5
2011-05-07 03:00:00,2,0,0,1,17.22,21.21,77,6.0032,0,3,5
2011-05-07 04:00:00,2,0,0,1,16.4,20.455,82,7.0015,0,4,5
2011-05-07 05:00:00,2,0,0,1,18.86,22.725,59,8.9981,0,5,5
2011-05-07 06:00:00,2,0,0,1,17.22,21.21,77,6.0032,0,6,5
2011-05-07 07:00:00,2,0,0,1,19.68,23.485,59,13.787797211433377,1,7,5
2011-05-07 08:00:00,2,0,0,1,21.32,25.0,52,12.998,0,8,5
2011-05-07 09:00:00,2,0,0,1,22.14,25.76,49,19.0012,0,9,5
2011-05-07 10:00:00,2,0,0,1,22.96,26.515,49,19.9995,0,10,5
2011-05-07 11:00:00,2,0,0,1,22.96,26.515,43,16.201035016054504,1,11,5
2011-05-07 12:00:00,2,0,0,1,24.6,31.06,40,12.998,0,12,5
2011-05-07 13:00:00,2,0,0,1,24.6,31.06,35,19.0012,0,13,5
2011-05-07 14:00:00,2,0,0,3,24.6,31.06,35,11.0014,0,14,5
2011-05-07 15:00:00,2,0,0,1,24.6,31.06,38,16.9979,0,15,5
2011-05-07 16:00:00,2,0,0,1,24.6,31.06,38,12.998,0,16,5
2011-05-07 17:00:00,2,0,0,1,23.78,27.275,40,15.0013,0,17,5
2011-05-07 18:00:00,2,0,0,1,23.78,27.275,37,11.0014,0,18,5
2011-05-07 19:00:00,2,0,0,1,22.96,26.515,43,12.998,0,19,5
2011-05-07 20:00:00,2,0,0,1,22.96,26.515,43,8.9981,0,20,5
2011-05-07 21:00:00,2,0,0,1,22.14,25.76,49,15.0013,0,21,5
2011-05-07 22:00:00,2,0,0,1,22.14,25.76,49,12.998,0,22,5
2011-05-07 23:00:00,2,0,0,1,20.5,24.24,59,7.0015,0,23,5
2011-05-08 00:00:00,2,0,0,2,20.5,24.24,59,7.0015,0,0,5
2011-05-08 01:00:00,2,0,0,2,21.32,25.0,55,12.399208685721385,1,1,5
2011-05-08 02:00:00,2,0,0,1,19.68,23.485,63,12.94913236710466,1,2,5
2011-05-08 03:00:00,2,0,0,1,18.86,22.725,72,6.0032,0,3,5
2011-05-08 04:00:00,2,0,0,1,17.22,21.21,82,9.72253831157644,1,4,5
2011-05-08 05:00:00,2,0,0,2,18.04,21.97,77,10.72762737106279,1,5,5
2011-05-08 06:00:00,2,0,0,2,18.04,21.97,82,10.415977507612984,1,6,5
2011-05-08 07:00:00,2,0,0,2,18.86,22.725,82,11.835557285317504,1,7,5
2011-05-08 08:00:00,2,0,0,1,21.32,25.0,63,8.9981,0,8,5
2011-05-08 09:00:00,2,0,0,1,22.96,26.515,52,15.0013,0,9,5
2011-05-08 10:00:00,2,0,0,1,23.78,27.275,49,8.9981,0,10,5
2011-05-08 11:00:00,2,0,0,1,23.78,27.275,49,6.0032,0,11,5
2011-05-08 12:00:00,2,0,0,1,24.6,31.06,46,6.0032,0,12,5
2011-05-08 13:00:00,2,0,0,1,24.6,31.06,49,8.9981,0,13,5
2011-05-08 14:00:00,2,0,0,1,24.6,31.06,49,16.205226056965103,1,14,5
2011-05-08 15:00:00,2,0,0,1,24.6,31.06,49,16.161956299089848,1,15,5
2011-05-08 16:00:00,2,0,0,1,24.6,31.06,46,7.0015,0,16,5
2011-05-08 17:00:00,2,0,0,3,23.78,27.275,49,19.0012,0,17,5
2011-05-08 18:00:00,2,0,0,1,23.78,27.275,49,16.177459409197052,1,18,5
2011-05-08 19:00:00,2,0,0,1,22.96,26.515,64,13.982806538816142,1,19,5
2011-05-08 20:00:00,2,0,0,1,21.32,25.0,77,8.9981,0,20,5
2011-05-08 21:00:00,2,0,0,1,21.32,25.0,77,6.0032,0,21,5
2011-05-08 22:00:00,2,0,0,1,20.5,24.24,88,6.0032,0,22,5
2011-05-08 23:00:00,2,0,0,1,18.86,22.725,88,6.0032,0,23,5
2011-05-09 00:00:00,2,0,1,1,18.86,22.725,82,6.0032,0,0,5
2011-05-09 01:00:00,2,0,1,1,18.04,21.97,88,9.938849986431443,1,1,5
2011-05-09 02:00:00,2,0,1,1,18.04,21.97,94,9.554050725764753,1,2,5
2011-05-09 03:00:00,2,0,1,1,18.86,22.725,82,6.0032,0,3,5
2011-05-09 04:00:00,2,0,1,1,17.22,21.21,82,11.0014,0,4,5
2011-05-09 05:00:00,2,0,1,1,17.22,21.21,77,11.0014,0,5,5
2011-05-09 06:00:00,2,0,1,1,18.04,21.97,72,16.9979,0,6,5
2011-05-09 07:00:00,2,0,1,1,19.68,23.485,63,16.9979,0,7,5
2011-05-09 08:00:00,2,0,1,1,21.32,25.0,55,15.0013,0,8,5
2011-05-09 09:00:00,2,0,1,1,22.14,25.76,56,11.0014,0,9,5
2011-05-09 10:00:00,2,0,1,1,22.96,26.515,52,12.998,0,10,5
2011-05-09 11:00:00,2,0,1,1,24.6,31.06,46,15.0013,0,11,5
2011-05-09 12:00:00,2,0,1,1,24.6,31.06,43,12.998,0,12,5
2011-05-09 13:00:00,2,0,1,1,25.42,31.06,38,19.0012,0,13,5
2011-05-09 14:00:00,2,0,1,1,25.42,31.06,41,15.0013,0,14,5
2011-05-09 15:00:00,2,0,1,1,25.42,31.06,41,15.0013,0,15,5
2011-05-09 16:00:00,2,0,1,1,26.24,31.06,38,15.0013,0,16,5
2011-05-09 17:00:00,2,0,1,1,25.42,31.06,38,16.9979,0,17,5
2011-05-09 18:00:00,2,0,1,1,25.42,31.06,38,19.9995,0,18,5
2011-05-09 19:00:00,2,0,1,1,23.78,27.275,43,12.998,0,19,5
2011-05-09 20:00:00,2,0,1,1,22.14,25.76,49,12.998,0,20,5
2011-05-09 21:00:00,2,0,1,1,21.32,25.0,59,8.9981,0,21,5
2011-05-09 22:00:00,2,0,1,1,21.32,25.0,68,6.0032,0,22,5
2011-05-09 23:00:00,2,0,1,1,20.5,24.24,68,6.0032,0,23,5
2011-05-10 00:00:00,2,0,1,1,19.68,23.485,63,12.891073144236385,1,0,5
2011-05-10 01:00:00,2,0,1,1,18.86,22.725,59,6.0032,0,1,5
2011-05-10 02:00:00,2,0,1,1,18.04,21.97,58,8.9981,0,2,5
2011-05-10 03:00:00,2,0,1,1,18.04,21.97,54,12.998,0,3,5
2011-05-10 04:00:00,2,0,1,1,17.22,21.21,62,16.9979,0,4,5
2011-05-10 05:00:00,2,0,1,1,16.4,20.455,66,15.0013,0,5,5
2011-05-10 06:00:00,2,0,1,1,17.22,21.21,67,8.9981,0,6,5
2011-05-10 07:00:00,2,0,1,2,18.04,21.97,62,8.9981,0,7,5
2011-05-10 08:00:00,2,0,1,2,20.5,24.24,51,7.0015,0,8,5
2011-05-10 09:00:00,2,0,1,2,21.32,25.0,48,7.0015,0,9,5
2011-05-10 10:00:00,2,0,1,2,22.96,26.515,37,6.0032,0,10,5
2011-05-10 11:00:00,2,0,1,2,22.96,26.515,43,8.9981,0,11,5
2011-05-10 12:00:00,2,0,1,2,24.6,31.06,38,16.602882257410215,1,12,5
2011-05-10 13:00:00,2,0,1,2,25.42,31.06,38,16.9979,0,13,5
2011-05-10 14:00:00,2,0,1,2,25.42,31.06,33,16.416424285946135,1,14,5
2011-05-10 15:00:00,2,0,1,2,26.24,31.06,33,6.0032,0,15,5
2011-05-10 16:00:00,2,0,1,1,27.06,31.06,31,7.0015,0,16,5
2011-05-10 17:00:00,2,0,1,1,26.24,31.06,33,16.21219371440735,1,17,5
2011-05-10 18:00:00,2,0,1,1,26.24,31.06,29,8.9981,0,18,5
2011-05-10 19:00:00,2,0,1,1,24.6,31.06,43,15.0013,0,19,5
2011-05-10 20:00:00,2,0,1,1,22.14,25.76,60,8.9981,0,20,5
2011-05-10 21:00:00,2,0,1,1,22.14,25.76,52,14.037024567603442,1,21,5
2011-05-10 22:00:00,2,0,1,1,21.32,25.0,55,7.0015,0,22,5
2011-05-10 23:00:00,2,0,1,2,21.32,25.0,59,8.9981,0,23,5
2011-05-11 00:00:00,2,0,1,2,21.32,25.0,55,8.9981,0,0,5
2011-05-11 01:00:00,2,0,1,2,20.5,24.24,59,7.0015,0,1,5
2011-05-11 02:00:00,2,0,1,1,21.32,25.0,59,12.36916891684608,1,2,5
2011-05-11 03:00:00,2,0,1,1,20.5,24.24,63,15.0013,0,3,5
2011-05-11 04:00:00,2,0,1,2,19.68,23.485,88,8.9981,0,4,5
2011-05-11 05:00:00,2,0,1,1,18.86,22.725,88,8.9981,0,5,5
2011-05-11 06:00:00,2,0,1,1,18.86,22.725,82,8.9981,0,6,5
2011-05-11 07:00:00,2,0,1,1,19.68,23.485,72,12.998,0,7,5
2011-05-11 08:00:00,2,0,1,1,19.68,23.485,77,16.9979,0,8,5
2011-05-11 09:00:00,2,0,1,1,21.32,25.0,72,8.9981,0,9,5
2011-05-11 10:00:00,2,0,1,1,22.14,25.76,68,6.0032,0,10,5
2011-05-11 11:00:00,2,0,1,1,22.96,26.515,64,6.0032,0,11,5
2011-05-11 12:00:00,2,0,1,1,24.6,31.06,56,15.279082300785578,1,12,5
2011-05-11 13:00:00,2,0,1,1,25.42,31.06,50,16.20067352504835,1,13,5
2011-05-11 14:00:00,2,0,1,1,25.42,31.06,53,6.0032,0,14,5
2011-05-11 15:00:00,2,0,1,1,26.24,31.06,41,16.4285583064985,1,15,5
2011-05-11 16:00:00,2,0,1,1,27.06,31.06,39,16.355116838920193,1,16,5
2011-05-11 17:00:00,2,0,1,1,26.24,31.06,47,7.0015,0,17,5
2011-05-11 18:00:00,2,0,1,1,25.42,31.06,50,19.9995,0,18,5
2011-05-11 19:00:00,2,0,1,1,22.96,26.515,52,8.9981,0,19,5
2011-05-11 20:00:00,2,0,1,1,22.14,25.76,64,8.9981,0,20,5
2011-05-11 21:00:00,2,0,1,1,22.14,25.76,60,12.409143981201604,1,21,5
2011-05-11 22:00:00,2,0,1,1,20.5,24.24,72,16.9979,0,22,5
2011-05-11 23:00:00,2,0,1,1,18.86,22.725,88,16.9979,0,23,5
2011-05-12 00:00:00,2,0,1,2,18.86,22.725,88,15.0013,0,0,5
2011-05-12 01:00:00,2,0,1,1,18.86,22.725,88,15.0013,0,1,5
2011-05-12 02:00:00,2,0,1,1,18.04,21.97,94,12.998,0,2,5
2011-05-12 03:00:00,2,0,1,1,18.04,21.97,88,8.9981,0,3,5
2011-05-12 04:00:00,2,0,1,1,17.22,21.21,94,9.261716347559583,1,4,5
2011-05-12 05:00:00,2,0,1,1,17.22,21.21,94,8.9981,0,5,5
2011-05-12 06:00:00,2,0,1,1,18.04,21.97,88,9.818164226848936,1,6,5
2011-05-12 07:00:00,2,0,1,1,18.86,22.725,88,8.9981,0,7,5
2011-05-12 08:00:00,2,0,1,1,19.68,23.485,82,12.998,0,8,5
2011-05-12 09:00:00,2,0,1,2,20.5,24.24,77,19.0012,0,9,5
2011-05-12 10:00:00,2,0,1,2,22.14,25.76,68,15.0013,0,10,5
2011-05-12 11:00:00,2,0,1,1,23.78,27.275,60,15.0013,0,11,5
2011-05-12 12:00:00,2,0,1,1,23.78,27.275,60,15.0013,0,12,5
2011-05-12 13:00:00,2,0,1,2,25.42,31.06,57,19.9995,0,13,5
2011-05-12 14:00:00,2,0,1,2,25.42,30.305,61,15.0013,0,14,5
2011-05-12 15:00:00,2,0,1,2,26.24,31.06,53,16.9979,0,15,5
2011-05-12 16:00:00,2,0,1,2,26.24,31.06,57,16.9979,0,16,5
2011-05-12 17:00:00,2,0,1,2,26.24,31.06,57,12.998,0,17,5
2011-05-12 18:00:00,2,0,1,1,25.42,30.305,69,15.0013,0,18,5
2011-05-12 19:00:00,2,0,1,2,24.6,30.305,64,12.998,0,19,5
2011-05-12 20:00:00,2,0,1,1,24.6,30.305,64,12.998,0,20,5
2011-05-12 21:00:00,2,0,1,1,22.96,26.515,83,8.9981,0,21,5
2011-05-12 22:00:00,2,0,1,1,22.14,25.76,83,12.998,0,22,5
2011-05-12 23:00:00,2,0,1,2,22.14,25.76,77,12.998,0,23,5
2011-05-13 00:00:00,2,0,1,2,21.32,25.0,83,11.0014,0,0,5
2011-05-13 01:00:00,2,0,1,1,21.32,25.0,83,11.0014,0,1,5
2011-05-13 02:00:00,2,0,1,2,20.5,24.24,88,8.9981,0,2,5
2011-05-13 03:00:00,2,0,1,2,20.5,24.24,88,8.9981,0,3,5
2011-05-13 04:00:00,2,0,1,3,20.5,24.24,88,11.0014,0,4,5
2011-05-13 05:00:00,2,0,1,2,20.5,24.24,88,12.998,0,5,5
2011-05-13 06:00:00,2,0,1,3,20.5,24.24,88,8.9981,0,6,5
2011-05-13 07:00:00,2,0,1,3,20.5,24.24,88,11.0014,0,7,5
2011-05-13 08:00:00,2,0,1,2,20.5,24.24,88,12.998,0,8,5
2011-05-13 09:00:00,2,0,1,2,20.5,24.24,88,12.998,0,9,5
2011-05-13 10:00:00,2,0,1,2,21.32,25.0,83,8.9981,0,10,5
2011-05-13 11:00:00,2,0,1,2,21.32,25.0,83,11.0014,0,11,5
2011-05-13 12:00:00,2,0,1,2,21.32,25.0,88,12.998,0,12,5
2011-05-13 13:00:00,2,0,1,2,21.32,25.0,88,26.0027,0,13,5
2011-05-13 14:00:00,2,0,1,2,21.32,25.0,87,19.0012,0,14,5
2011-05-13 15:00:00,2,0,1,2,21.32,25.0,88,11.0014,0,15,5
2011-05-13 16:00:00,2,0,1,2,21.32,25.0,88,8.9981,0,16,5
2011-05-13 17:00:00,2,0,1,3,21.32,25.0,88,11.0014,0,17,5
2011-05-13 18:00:00,2,0,1,3,21.32,25.0,88,11.0014,0,18,5
2011-05-13 19:00:00,2,0,1,2,21.32,25.0,83,12.998,0,19,5
2011-05-13 20:00:00,2,0,1,2,21.32,25.0,83,8.9981,0,20,5
2011-05-13 21:00:00,2,0,1,2,21.32,25.0,84,11.0014,0,21,5
2011-05-13 22:00:00,2,0,1,2,21.32,25.0,83,15.0013,0,22,5
2011-05-13 23:00:00,2,0,1,3,20.5,24.24,88,11.0014,0,23,5
2011-05-14 00:00:00,2,0,0,2,20.5,24.24,88,8.9981,0,0,5
2011-05-14 01:00:00,2,0,0,2,20.5,24.24,88,8.9981,0,1,5
2011-05-14 02:00:00,2,0,0,2,20.5,24.24,88,8.9981,0,2,5
2011-05-14 03:00:00,2,0,0,2,20.5,24.24,88,8.9981,0,3,5
2011-05-14 04:00:00,2,0,0,2,20.5,24.24,82,11.0014,0,4,5
2011-05-14 05:00:00,2,0,0,2,20.5,24.24,82,7.0015,0,5,5
2011-05-14 06:00:00,2,0,0,2,20.5,24.24,88,7.0015,0,6,5
2011-05-14 07:00:00,2,0,0,3,19.68,23.485,100,13.844236851617806,1,7,5
2011-05-14 08:00:00,2,0,0,3,20.5,24.24,94,16.65429499639083,1,8,5
2011-05-14 09:00:00,2,0,0,2,21.32,25.0,94,6.0032,0,9,5
2011-05-14 10:00:00,2,0,0,2,21.32,25.0,94,11.0014,0,10,5
2011-05-14 11:00:00,2,0,0,2,21.32,25.0,94,8.9981,0,11,5
2011-05-14 12:00:00,2,0,0,3,21.32,25.0,100,6.0032,0,12,5
2011-05-14 13:00:00,2,0,0,3,21.32,25.0,100,6.0032,0,13,5
2011-05-14 14:00:00,2,0,0,2,22.14,25.76,94,8.9981,0,14,5
2011-05-14 15:00:00,2,0,0,2,22.14,25.76,94,11.0014,0,15,5
2011-05-14 16:00:00,2,0,0,2,22.14,25.76,94,12.998,0,16,5
2011-05-14 17:00:00,2,0,0,2,22.96,26.515,88,12.998,0,17,5
2011-05-14 18:00:00,2,0,0,2,22.96,26.515,88,15.0013,0,18,5
2011-05-14 19:00:00,2,0,0,3,22.14,25.76,94,8.9981,0,19,5
2011-05-14 20:00:00,2,0,0,3,22.14,25.76,94,8.9981,0,20,5
2011-05-14 21:00:00,2,0,0,3,22.14,25.76,94,15.0013,0,21,5
2011-05-14 22:00:00,2,0,0,3,22.14,25.76,94,11.0014,0,22,5
2011-05-14 23:00:00,2,0,0,3,21.32,25.0,100,12.998,0,23,5
2011-05-15 00:00:00,2,0,0,2,21.32,25.0,100,9.936975481630878,1,0,5
2011-05-15 01:00:00,2,0,0,2,21.32,25.0,100,7.0015,0,1,5
2011-05-15 02:00:00,2,0,0,2,21.32,25.0,100,8.9981,0,2,5
2011-05-15 03:00:00,2,0,0,2,21.32,25.0,100,9.777964025757441,1,3,5
2011-05-15 04:00:00,2,0,0,2,21.32,25.0,100,9.777438228948743,1,4,5
2011-05-15 05:00:00,2,0,0,3,21.32,25.0,100,7.0015,0,5,5
2011-05-15 06:00:00,2,0,0,2,21.32,25.0,100,8.9981,0,6,5
2011-05-15 07:00:00,2,0,0,2,21.32,25.0,100,8.9981,0,7,5
2011-05-15 08:00:00,2,0,0,2,22.14,25.76,94,8.9981,0,8,5
2011-05-15 09:00:00,2,0,0,1,23.78,27.275,83,16.9979,0,9,5
2011-05-15 10:00:00,2,0,0,1,23.78,27.275,83,15.0013,0,10,5
2011-05-15 11:00:00,2,0,0,1,24.6,28.79,78,15.0013,0,11,5
2011-05-15 12:00:00,2,0,0,1,25.42,29.545,73,19.9995,0,12,5
2011-05-15 13:00:00,2,0,0,1,25.42,29.545,73,19.0012,0,13,5
2011-05-15 14:00:00,2,0,0,1,26.24,30.305,73,12.998,0,14,5
2011-05-15 15:00:00,2,0,0,1,27.06,31.06,69,16.9979,0,15,5
2011-05-15 16:00:00,2,0,0,1,26.24,30.305,69,16.9979,0,16,5
2011-05-15 17:00:00,2,0,0,3,22.96,26.515,78,23.9994,0,17,5
2011-05-15 18:00:00,2,0,0,1,22.96,26.515,78,16.9979,0,18,5
2011-05-15 19:00:00,2,0,0,1,22.96,26.515,83,7.0015,0,19,5
2011-05-15 20:00:00,2,0,0,1,22.14,25.76,88,13.23876401547665,1,20,5
2011-05-15 21:00:00,2,0,0,1,22.14,25.76,88,11.693622165087685,1,21,5
2011-05-15 22:00:00,2,0,0,1,22.96,26.515,83,11.203728685396491,1,22,5
2011-05-15 23:00:00,2,0,0,1,22.14,25.76,88,15.0013,0,23,5
2011-05-16 00:00:00,2,0,1,1,21.32,25.0,94,7.0015,0,0,5
2011-05-16 01:00:00,2,0,1,1,21.32,25.0,94,8.9981,0,1,5
2011-05-16 02:00:00,2,0,1,1,20.5,24.24,100,6.0032,0,2,5
2011-05-16 03:00:00,2,0,1,1,20.5,24.24,94,11.0014,0,3,5
2011-05-16 04:00:00,2,0,1,1,20.5,24.24,100,8.9981,0,4,5
2011-05-16 05:00:00,2,0,1,1,20.5,24.24,93,12.998,0,5,5
2011-05-16 06:00:00,2,0,1,1,21.32,25.0,88,11.0014,0,6,5
2011-05-16 07:00:00,2,0,1,1,21.32,25.0,83,19.0012,0,7,5
2011-05-16 08:00:00,2,0,1,1,22.96,26.515,73,19.9995,0,8,5
2011-05-16 09:00:00,2,0,1,1,24.6,29.545,69,12.998,0,9,5
2011-05-16 10:00:00,2,0,1,1,25.42,30.305,65,6.0032,0,10,5
2011-05-16 11:00:00,2,0,1,1,26.24,31.06,57,14.780495238218013,1,11,5
2011-05-16 12:00:00,2,0,1,1,27.06,31.06,54,6.0032,0,12,5
2011-05-16 13:00:00,2,0,1,1,27.88,31.82,51,16.10104815128546,1,13,5
2011-05-16 14:00:00,2,0,1,1,27.88,31.82,51,16.21587981524673,1,14,5
2011-05-16 15:00:00,2,0,1,1,29.52,33.335,51,16.114736041427992,1,15,5
2011-05-16 16:00:00,2,0,1,3,24.6,28.79,78,16.9979,0,16,5
2011-05-16 17:00:00,2,0,1,1,23.78,27.275,88,15.0013,0,17,5
2011-05-16 18:00:00,2,0,1,3,23.78,27.275,83,12.998,0,18,5
2011-05-16 19:00:00,2,0,1,1,23.78,27.275,83,16.9979,0,19,5
2011-05-16 20:00:00,2,0,1,1,23.78,27.275,83,13.17622901762594,1,20,5
2011-05-16 21:00:00,2,0,1,1,23.78,27.275,83,11.440838589944926,1,21,5
2011-05-16 22:00:00,2,0,1,1,22.96,26.515,88,6.0032,0,22,5
2011-05-16 23:00:00,2,0,1,1,22.96,26.515,88,6.0032,0,23,5
2011-05-17 00:00:00,2,0,1,2,22.96,26.515,88,10.266682671413284,1,0,5
2011-05-17 01:00:00,2,0,1,3,22.96,26.515,88,15.099240875210231,1,1,5
2011-05-17 02:00:00,2,0,1,3,22.96,26.515,88,15.740245534243508,1,2,5
2011-05-17 03:00:00,2,0,1,3,22.14,25.76,94,16.9979,0,3,5
2011-05-17 04:00:00,2,0,1,3,22.14,25.76,94,16.9979,0,4,5
2011-05-17 05:00:00,2,0,1,3,21.32,25.0,94,16.9979,0,5,5
2011-05-17 06:00:00,2,0,1,3,21.32,25.0,94,16.9979,0,6,5
2011-05-17 07:00:00,2,0,1,2,21.32,25.0,94,16.9979,0,7,5
2011-05-17 08:00:00,2,0,1,2,21.32,25.0,94,19.9995,0,8,5
2011-05-17 09:00:00,2,0,1,2,22.14,25.76,88,16.9979,0,9,5
2011-05-17 10:00:00,2,0,1,3,22.14,25.76,88,16.9979,0,10,5
2011-05-17 11:00:00,2,0,1,2,22.96,26.515,83,27.9993,0,11,5
2011-05-17 12:00:00,2,0,1,3,22.96,26.515,83,27.9993,0,12,5
2011-05-17 13:00:00,2,0,1,2,22.96,26.515,88,22.0028,0,13,5
2011-05-17 14:00:00,2,0,1,1,25.42,29.545,73,31.0009,0,14,5
2011-05-17 15:00:00,2,0,1,1,25.42,30.305,69,30.0026,0,15,5
2011-05-17 16:00:00,2,0,1,1,25.42,30.305,61,22.0028,0,16,5
2011-05-17 17:00:00,2,0,1,1,25.42,30.305,65,27.9993,0,17,5
2011-05-17 18:00:00,2,0,1,1,24.6,29.545,69,19.9995,0,18,5
2011-05-17 19:00:00,2,0,1,1,24.6,29.545,69,16.9979,0,19,5
2011-05-17 20:00:00,2,0,1,1,23.78,27.275,83,27.9993,0,20,5
2011-05-17 21:00:00,2,0,1,1,22.14,25.76,88,16.9979,0,21,5
2011-05-17 22:00:00,2,0,1,2,22.14,25.76,88,19.0012,0,22,5
2011-05-17 23:00:00,2,0,1,2,22.14,25.76,88,16.9979,0,23,5
2011-05-18 00:00:00,2,0,1,2,22.14,25.76,88,15.0013,0,0,5
2011-05-18 01:00:00,2,0,1,2,22.14,25.76,88,16.9979,0,1,5
2011-05-18 02:00:00,2,0,1,3,21.32,25.0,94,15.0013,0,2,5
2011-05-18 03:00:00,2,0,1,3,21.32,25.0,94,19.9995,0,3,5
2011-05-18 04:00:00,2,0,1,3,21.32,25.0,94,19.9995,0,4,5
2011-05-18 05:00:00,2,0,1,1,21.32,25.0,100,15.0013,0,5,5
2011-05-18 06:00:00,2,0,1,1,21.32,25.0,100,8.9981,0,6,5
2011-05-18 07:00:00,2,0,1,1,22.14,25.76,88,12.998,0,7,5
2011-05-18 08:00:00,2,0,1,1,22.96,26.515,88,19.0012,0,8,5
2011-05-18 09:00:00,2,0,1,3,22.96,26.515,83,16.9979,0,9,5
2011-05-18 10:00:00,2,0,1,3,22.14,25.76,88,19.0012,0,10,5
2011-05-18 11:00:00,2,0,1,2,22.14,25.76,94,6.0032,0,11,5
2011-05-18 12:00:00,2,0,1,1,22.96,26.515,94,19.9995,0,12,5
2011-05-18 13:00:00,2,0,1,2,22.96,26.515,83,22.0028,0,13,5
2011-05-18 14:00:00,2,0,1,2,23.78,27.275,78,19.0012,0,14,5
2011-05-18 15:00:00,2,0,1,1,24.6,28.79,78,16.9979,0,15,5
2011-05-18 16:00:00,2,0,1,1,24.6,29.545,73,12.998,0,16,5
2011-05-18 17:00:00,2,0,1,1,24.6,29.545,69,8.9981,0,17,5
2011-05-18 18:00:00,2,0,1,1,24.6,29.545,73,15.0013,0,18,5
2011-05-18 19:00:00,2,0,1,3,22.96,26.515,88,8.9981,0,19,5
2011-05-18 20:00:00,2,0,1,3,22.96,26.515,88,8.9981,0,20,5
2011-05-18 21:00:00,2,0,1,1,21.32,25.0,88,11.604843410886332,1,21,5
2011-05-18 22:00:00,2,0,1,1,21.32,25.0,83,11.25489880780745,1,22,5
2011-05-18 23:00:00,2,0,1,1,21.32,25.0,94,6.0032,0,23,5
2011-05-19 00:00:00,2,0,1,1,21.32,25.0,94,7.0015,0,0,5
2011-05-19 01:00:00,2,0,1,1,20.5,24.24,94,9.68990767740925,1,1,5
2011-05-19 02:00:00,2,0,1,1,20.5,24.24,94,9.642989647220993,1,2,5
2011-05-19 03:00:00,2,0,1,1,19.68,23.485,100,9.528875402764102,1,3,5
2011-05-19 04:00:00,2,0,1,1,19.68,23.485,94,9.563918516159106,1,4,5
2011-05-19 05:00:00,2,0,1,1,19.68,23.485,94,9.565465433997545,1,5,5
2011-05-19 06:00:00,2,0,1,2,20.5,24.24,94,9.742584039233373,1,6,5
2011-05-19 07:00:00,2,0,1,2,20.5,24.24,100,11.503090834222593,1,7,5
2011-05-19 08:00:00,2,0,1,2,21.32,25.0,88,12.67468085944272,1,8,5
2011-05-19 09:00:00,2,0,1,2,22.14,25.76,88,6.0032,0,9,5
2011-05-19 10:00:00,2,0,1,2,22.14,25.76,83,13.529541390979618,1,10,5
2011-05-19 11:00:00,2,0,1,3,22.14,25.76,88,11.0014,0,11,5
2011-05-19 12:00:00,2,0,1,2,23.78,27.275,78,7.0015,0,12,5
2011-05-19 13:00:00,2,0,1,3,23.78,27.275,64,16.9979,0,13,5
2011-05-19 14:00:00,2,0,1,3,22.14,25.76,73,12.998,0,14,5
2011-05-19 15:00:00,2,0,1,1,22.96,26.515,78,11.0014,0,15,5
2011-05-19 16:00:00,2,0,1,1,23.78,27.275,64,12.998,0,16,5
2011-05-19 17:00:00,2,0,1,1,22.96,26.515,78,11.0014,0,17,5
2011-05-19 18:00:00,2,0,1,1,24.6,31.06,55,11.0014,0,18,5
2011-05-19 19:00:00,2,0,1,1,23.78,27.275,60,8.9981,0,19,5
2011-05-19 20:00:00,2,0,1,1,22.14,25.76,77,19.0012,0,20,5
2011-05-19 21:00:00,2,0,1,1,22.14,25.76,77,19.0012,0,21,5
2011-05-19 22:00:00,2,0,1,3,20.5,24.24,82,19.9995,0,22,5
2011-05-19 23:00:00,2,0,1,1,19.68,23.485,94,10.800965772621526,1,23,5
2011-06-01 00:00:00,2,0,1,1,28.7,33.335,79,11.0014,0,0,6
2011-06-01 01:00:00,2,0,1,1,28.7,33.335,84,16.9979,0,1,6
2011-06-01 02:00:00,2,0,1,1,28.7,33.335,79,11.0014,0,2,6
2011-06-01 03:00:00,2,0,1,1,27.88,31.82,89,12.998,0,3,6
2011-06-01 04:00:00,2,0,1,2,27.88,31.82,89,15.0013,0,4,6
2011-06-01 05:00:00,2,0,1,2,27.06,29.545,89,6.0032,0,5,6
2011-06-01 06:00:00,2,0,1,2,27.88,31.82,89,6.0032,0,6,6
2011-06-01 07:00:00,2,0,1,2,28.7,33.335,79,11.0014,0,7,6
2011-06-01 08:00:00,2,0,1,2,29.52,34.85,79,12.998,0,8,6
2011-06-01 09:00:00,2,0,1,2,30.34,35.605,74,15.0013,0,9,6
2011-06-01 10:00:00,2,0,1,2,31.16,37.12,75,16.9979,0,10,6
2011-06-01 11:00:00,2,0,1,2,33.62,40.15,59,15.0013,0,11,6
2011-06-01 12:00:00,2,0,1,1,35.26,41.665,53,15.326844315900802,1,12,6
2011-06-01 13:00:00,2,0,1,1,36.9,40.91,37,12.998,0,13,6
2011-06-01 14:00:00,2,0,1,1,36.9,40.91,37,16.9979,0,14,6
2011-06-01 15:00:00,2,0,1,1,36.9,41.665,39,19.9995,0,15,6
2011-06-01 16:00:00,2,0,1,1,35.26,40.15,47,19.9995,0,16,6
2011-06-01 17:00:00,2,0,1,1,35.26,40.15,47,19.9995,0,17,6
2011-06-01 18:00:00,2,0,1,3,33.62,39.395,56,26.0027,0,18,6
2011-06-01 19:00:00,2,0,1,2,30.34,35.605,79,11.0014,0,19,6
2011-06-01 20:00:00,2,0,1,2,30.34,35.605,79,16.9979,0,20,6
2011-06-01 21:00:00,2,0,1,1,30.34,34.85,70,19.0012,0,21,6
2011-06-01 22:00:00,2,0,1,1,30.34,34.85,66,8.9981,0,22,6
2011-06-01 23:00:00,2,0,1,1,30.34,33.335,51,11.0014,0,23,6
2011-06-02 00:00:00,2,0,1,1,30.34,32.575,40,23.9994,0,0,6
2011-06-02 01:00:00,2,0,1,1,29.52,32.575,38,7.0015,0,1,6
2011-06-02 02:00:00,2,0,1,1,28.7,31.82,39,15.348287990043904,1,2,6
2011-06-02 03:00:00,2,0,1,1,27.06,31.06,44,7.0015,0,3,6
2011-06-02 04:00:00,2,0,1,1,27.06,31.06,41,12.998,0,4,6
2011-06-02 05:00:00,2,0,1,1,27.06,31.06,39,15.0013,0,5,6
2011-06-02 06:00:00,2,0,1,1,27.06,31.06,39,8.9981,0,6,6
2011-06-02 07:00:00,2,0,1,1,28.7,31.82,34,16.9979,0,7,6
2011-06-02 08:00:00,2,0,1,1,28.7,31.82,32,19.9995,0,8,6
2011-06-02 09:00:00,2,0,1,1,29.52,31.82,26,23.9994,0,9,6
2011-06-02 10:00:00,2,0,1,1,29.52,32.575,28,32.9975,0,10,6
2011-06-02 11:00:00,2,0,1,1,30.34,32.575,28,26.0027,0,11,6
2011-06-02 12:00:00,2,0,1,1,31.16,33.335,25,31.0009,0,12,6
2011-06-02 13:00:00,2,0,1,1,32.8,34.09,24,23.9994,0,13,6
2011-06-02 14:00:00,2,0,1,1,31.98,33.335,24,22.0028,0,14,6
2011-06-02 15:00:00,2,0,1,1,32.8,34.09,21,26.0027,0,15,6
2011-06-02 16:00:00,2,0,1,1,32.8,34.09,22,32.9975,0,16,6
2011-06-02 17:00:00,2,0,1,1,31.16,32.575,20,35.0008,0,17,6
2011-06-02 18:00:00,2,0,1,1,30.34,32.575,22,26.0027,0,18,6
2011-06-02 19:00:00,2,0,1,1,29.52,31.82,23,19.9995,0,19,6
2011-06-02 20:00:00,2,0,1,1,28.7,31.82,24,12.998,0,20,6
2011-06-02 21:00:00,2,0,1,1,27.06,31.06,31,12.998,0,21,6
2011-06-02 22:00:00,2,0,1,1,26.24,31.06,33,16.9979,0,22,6
2011-06-02 23:00:00,2,0,1,1,25.42,31.06,35,15.0013,0,23,6
2011-06-03 00:00:00,2,0,1,1,25.42,31.06,38,19.0012,0,0,6
2011-06-03 01:00:00,2,0,1,1,24.6,31.06,38,23.9994,0,1,6
2011-06-03 02:00:00,2,0,1,1,22.96,26.515,43,15.0013,0,2,6
2011-06-03 03:00:00,2,0,1,1,22.14,25.76,49,15.0013,0,3,6
2011-06-03 04:00:00,2,0,1,1,21.32,25.0,48,22.0028,0,4,6
2011-06-03 05:00:00,2,0,1,1,21.32,25.0,48,23.9994,0,5,6
2011-06-03 06:00:00,2,0,1,1,22.14,25.76,45,19.9995,0,6,6
2011-06-03 07:00:00,2,0,1,1,22.14,25.76,45,16.9979,0,7,6
2011-06-03 08:00:00,2,0,1,2,22.96,26.515,43,22.0028,0,8,6
2011-06-03 09:00:00,2,0,1,1,23.78,27.275,40,11.0014,0,9,6
2011-06-03 10:00:00,2,0,1,1,25.42,31.06,33,16.9979,0,10,6
2011-06-03 11:00:00,2,0,1,1,26.24,31.06,31,22.0028,0,11,6
2011-06-03 12:00:00,2,0,1,1,27.06,31.06,27,19.0012,0,12,6
2011-06-03 13:00:00,2,0,1,1,27.88,31.06,26,16.9979,0,13,6
2011-06-03 14:00:00,2,0,1,1,28.7,31.82,28,19.0012,0,14,6
2011-06-03 15:00:00,2,0,1,1,28.7,31.82,28,19.0012,0,15,6
2011-06-03 16:00:00,2,0,1,1,29.52,31.82,26,22.0028,0,16,6
2011-06-03 17:00:00,2,0,1,1,29.52,31.82,25,19.0012,0,17,6
2011-06-03 18:00:00,2,0,1,1,28.7,31.82,24,19.9995,0,18,6
2011-06-03 19:00:00,2,0,1,1,27.88,31.06,26,19.0012,0,19,6
2011-06-03 20:00:00,2,0,1,1,26.24,31.06,29,11.0014,0,20,6
2011-06-03 21:00:00,2,0,1,1,26.24,31.06,29,7.0015,0,21,6
2011-06-03 22:00:00,2,0,1,1,25.42,31.06,35,15.79315676323241,1,22,6
2011-06-03 23:00:00,2,0,1,1,23.78,27.275,46,7.0015,0,23,6
2011-06-04 00:00:00,2,0,0,1,22.96,26.515,52,14.709196885242049,1,0,6
2011-06-04 01:00:00,2,0,0,1,22.14,25.76,64,7.0015,0,1,6
2011-06-04 02:00:00,2,0,0,1,22.14,25.76,56,12.998,0,2,6
2011-06-04 03:00:00,2,0,0,1,21.32,25.0,59,7.0015,0,3,6
2011-06-04 04:00:00,2,0,0,1,21.32,25.0,59,6.0032,0,4,6
2011-06-04 05:00:00,2,0,0,1,20.5,24.24,64,13.176985640344844,1,5,6
2011-06-04 06:00:00,2,0,0,1,22.14,25.76,60,13.270280164923618,1,6,6
2011-06-04 07:00:00,2,0,0,1,22.96,26.515,56,14.183891816729044,1,7,6
2011-06-04 08:00:00,2,0,0,1,24.6,31.06,46,6.0032,0,8,6
2011-06-04 09:00:00,2,0,0,1,25.42,31.06,43,8.9981,0,9,6
2011-06-04 10:00:00,2,0,0,1,26.24,31.06,38,7.0015,0,10,6
2011-06-04 11:00:00,2,0,0,1,27.06,31.06,36,8.9981,0,11,6
2011-06-04 12:00:00,2,0,0,1,28.7,31.82,32,11.0014,0,12,6
2011-06-04 13:00:00,2,0,0,1,30.34,32.575,28,8.9981,0,13,6
2011-06-04 14:00:00,2,0,0,1,30.34,32.575,33,15.0013,0,14,6
2011-06-04 15:00:00,2,0,0,2,30.34,32.575,27,27.9993,0,15,6
2011-06-04 16:00:00,2,0,0,2,29.52,32.575,30,8.9981,0,16,6
2011-06-04 17:00:00,2,0,0,2,29.52,32.575,34,16.9979,0,17,6
2011-06-04 18:00:00,2,0,0,2,30.34,32.575,30,11.0014,0,18,6
2011-06-04 19:00:00,2,0,0,2,28.7,31.82,39,6.0032,0,19,6
2011-06-04 20:00:00,2,0,0,2,28.7,32.575,48,6.0032,0,20,6
2011-06-04 21:00:00,2,0,0,2,27.06,31.06,47,7.0015,0,21,6
2011-06-04 22:00:00,2,0,0,1,26.24,31.06,57,15.0013,0,22,6
2011-06-04 23:00:00,2,0,0,2,26.24,31.06,57,12.251675545329185,1,23,6
2011-06-05 00:00:00,2,0,0,1,26.24,31.06,57,6.0032,0,0,6
2011-06-05 01:00:00,2,0,0,2,26.24,31.06,61,11.0014,0,1,6
2011-06-05 02:00:00,2,0,0,2,26.24,31.06,61,11.0014,0,2,6
2011-06-05 03:00:00,2,0,0,2,25.42,30.305,65,11.0014,0,3,6
2011-06-05 04:00:00,2,0,0,2,25.42,30.305,65,11.0014,0,4,6
2011-06-05 05:00:00,2,0,0,2,25.42,30.305,61,8.9981,0,5,6
2011-06-05 06:00:00,2,0,0,2,25.42,30.305,61,7.0015,0,6,6
2011-06-05 07:00:00,2,0,0,2,24.6,29.545,73,16.9979,0,7,6
2011-06-05 08:00:00,2,0,0,2,24.6,29.545,73,16.9979,0,8,6
2011-06-05 09:00:00,2,0,0,2,24.6,28.79,78,12.998,0,9,6
2011-06-05 10:00:00,2,0,0,2,25.42,29.545,73,6.0032,0,10,6
2011-06-05 11:00:00,2,0,0,2,26.24,30.305,69,7.0015,0,11,6
2011-06-05 12:00:00,2,0,0,2,26.24,30.305,69,7.0015,0,12,6
2011-06-05 13:00:00,2,0,0,1,27.06,31.06,65,7.0015,0,13,6
2011-06-05 14:00:00,2,0,0,1,28.7,32.575,58,11.0014,0,14,6
2011-06-05 15:00:00,2,0,0,1,28.7,32.575,54,15.458593230091246,1,15,6
2011-06-05 16:00:00,2,0,0,1,29.52,33.335,51,6.0032,0,16,6
2011-06-05 17:00:00,2,0,0,1,30.34,33.335,51,15.87229183026437,1,17,6
2011-06-05 18:00:00,2,0,0,1,28.7,32.575,58,7.0015,0,18,6
2011-06-05 19:00:00,2,0,0,1,27.88,31.82,65,11.0014,0,19,6
2011-06-05 20:00:00,2,0,0,1,27.06,31.06,69,12.998,0,20,6
2011-06-05 21:00:00,2,0,0,1,26.24,30.305,73,11.0014,0,21,6
2011-06-05 22:00:00,2,0,0,1,26.24,29.545,78,15.0013,0,22,6
2011-06-05 23:00:00,2,0,0,1,25.42,29.545,78,8.9981,0,23,6
2011-06-06 00:00:00,2,0,1,1,25.42,29.545,78,8.9981,0,0,6
2011-06-06 01:00:00,2,0,1,1,24.6,28.03,83,8.9981,0,1,6
2011-06-06 02:00:00,2,0,1,1,23.78,27.275,88,7.0015,0,2,6
2011-06-06 03:00:00,2,0,1,1,23.78,27.275,88,9.641814427799503,1,3,6
2011-06-06 04:00:00,2,0,1,1,22.96,26.515,94,7.0015,0,4,6
2011-06-06 05:00:00,2,0,1,1,22.96,26.515,88,6.0032,0,5,6
2011-06-06 06:00:00,2,0,1,1,23.78,27.275,88,9.666211465029622,1,6,6
2011-06-06 07:00:00,2,0,1,1,25.42,29.545,78,7.0015,0,7,6
2011-06-06 08:00:00,2,0,1,1,26.24,30.305,73,6.0032,0,8,6
2011-06-06 09:00:00,2,0,1,1,28.7,32.575,58,11.0014,0,9,6
2011-06-06 10:00:00,2,0,1,1,29.52,33.335,51,15.0013,0,10,6
2011-06-06 11:00:00,2,0,1,1,30.34,33.335,42,8.9981,0,11,6
2011-06-06 12:00:00,2,0,1,1,31.16,33.335,37,11.0014,0,12,6
2011-06-06 13:00:00,2,0,1,1,31.98,34.09,35,15.985240732673825,1,13,6
2011-06-06 14:00:00,2,0,1,1,31.98,34.09,31,8.9981,0,14,6
2011-06-06 15:00:00,2,0,1,1,32.8,34.85,29,12.998,0,15,6
2011-06-06 16:00:00,2,0,1,1,31.16,33.335,33,8.9981,0,16,6
2011-06-06 17:00:00,2,0,1,1,31.98,34.09,33,19.0012,0,17,6
2011-06-06 18:00:00,2,0,1,1,31.16,33.335,31,8.9981,0,18,6
2011-06-06 19:00:00,2,0,1,1,29.52,33.335,54,12.998,0,19,6
2011-06-06 20:00:00,2,0,1,1,27.88,31.82,61,8.9981,0,20,6
2011-06-06 21:00:00,2,0,1,1,27.06,31.06,57,6.0032,0,21,6
2011-06-06 22:00:00,2,0,1,1,27.06,31.06,61,6.0032,0,22,6
2011-06-06 23:00:00,2,0,1,1,26.24,30.305,69,6.0032,0,23,6
2011-06-07 00:00:00,2,0,1,1,26.24,30.305,65,6.0032,0,0,6
2011-06-07 01:00:00,2,0,1,1,25.42,30.305,69,8.9981,0,1,6
2011-06-07 02:00:00,2,0,1,1,24.6,29.545,73,6.0032,0,2,6
2011-06-07 03:00:00,2,0,1,1,24.6,29.545,73,6.0032,0,3,6
2011-06-07 04:00:00,2,0,1,1,23.78,27.275,83,8.9981,0,4,6
2011-06-07 05:00:00,2,0,1,1,23.78,27.275,88,11.0014,0,5,6
2011-06-07 06:00:00,2,0,1,1,24.6,28.79,78,8.9981,0,6,6
2011-06-07 07:00:00,2,0,1,2,26.24,30.305,69,12.998,0,7,6
2011-06-07 08:00:00,2,0,1,2,27.88,31.82,61,8.9981,0,8,6
2011-06-07 09:00:00,2,0,1,2,29.52,33.335,58,15.0013,0,9,6
2011-06-07 10:00:00,2,0,1,2,31.16,34.09,48,12.998,0,10,6
2011-06-07 11:00:00,2,0,1,2,31.16,34.85,52,16.9979,0,11,6
2011-06-07 12:00:00,2,0,1,2,32.8,36.365,46,19.0012,0,12,6
2011-06-07 13:00:00,2,0,1,2,32.8,36.365,43,16.9979,0,13,6
2011-06-07 14:00:00,2,0,1,2,32.8,36.365,43,19.0012,0,14,6
2011-06-07 15:00:00,2,0,1,2,33.62,37.12,41,22.0028,0,15,6
2011-06-07 16:00:00,2,0,1,1,32.8,35.605,38,15.0013,0,16,6
2011-06-07 17:00:00,2,0,1,1,32.8,36.365,43,16.9979,0,17,6
2011-06-07 18:00:00,2,0,1,1,31.98,34.85,46,19.0012,0,18,6
2011-06-07 19:00:00,2,0,1,1,31.16,34.09,48,16.9979,0,19,6
2011-06-07 20:00:00,2,0,1,1,30.34,34.09,56,8.9981,0,20,6
2011-06-07 21:00:00,2,0,1,1,29.52,34.09,70,8.9981,0,21,6
2011-06-07 22:00:00,2,0,1,1,28.7,32.575,65,8.9981,0,22,6
2011-06-07 23:00:00,2,0,1,1,27.88,31.82,79,7.0015,0,23,6
2011-06-08 00:00:00,2,0,1,1,27.06,29.545,89,8.9981,0,0,6
2011-06-08 01:00:00,2,0,1,1,27.06,30.305,78,10.309055628928055,1,1,6
2011-06-08 02:00:00,2,0,1,1,26.24,28.79,89,6.0032,0,2,6
2011-06-08 03:00:00,2,0,1,1,26.24,28.79,89,6.0032,0,3,6
2011-06-08 04:00:00,2,0,1,1,25.42,28.79,83,9.914609654685544,1,4,6
2011-06-08 05:00:00,2,0,1,1,25.42,28.03,88,9.619762904188587,1,5,6
2011-06-08 06:00:00,2,0,1,1,26.24,28.79,89,8.9981,0,6,6
2011-06-08 07:00:00,2,0,1,1,27.06,31.06,74,7.0015,0,7,6
2011-06-08 08:00:00,2,0,1,1,31.16,35.605,58,11.0014,0,8,6
2011-06-08 09:00:00,2,0,1,1,31.16,35.605,58,11.0014,0,9,6
2011-06-08 10:00:00,2,0,1,1,33.62,37.12,43,15.0013,0,10,6
2011-06-08 11:00:00,2,0,1,1,34.44,37.88,41,12.998,0,11,6
2011-06-08 12:00:00,2,0,1,1,36.08,40.91,42,8.9981,0,12,6
2011-06-08 13:00:00,2,0,1,1,36.9,42.425,42,15.248488504908595,1,13,6
2011-06-08 14:00:00,2,0,1,1,37.72,43.94,40,16.9979,0,14,6
2011-06-08 15:00:00,2,0,1,1,37.72,43.94,40,11.0014,0,15,6
2011-06-08 16:00:00,2,0,1,1,37.72,43.94,40,15.0013,0,16,6
2011-06-08 17:00:00,2,0,1,1,37.72,42.425,35,15.0013,0,17,6
2011-06-08 18:00:00,2,0,1,1,36.9,40.91,37,15.0013,0,18,6
2011-06-08 19:00:00,2,0,1,1,33.62,40.15,59,8.9981,0,19,6
2011-06-08 20:00:00,2,0,1,1,32.8,39.395,63,8.9981,0,20,6
2011-06-08 21:00:00,2,0,1,1,32.8,40.15,66,8.9981,0,21,6
2011-06-08 22:00:00,2,0,1,1,31.16,37.12,75,11.0014,0,22,6
2011-06-08 23:00:00,2,0,1,1,31.16,37.12,75,12.998,0,23,6
2011-06-09 00:00:00,2,0,1,2,30.34,35.605,79,8.9981,0,0,6
2011-06-09 01:00:00,2,0,1,1,30.34,35.605,79,7.0015,0,1,6
2011-06-09 02:00:00,2,0,1,2,29.52,35.605,84,11.0014,0,2,6
2011-06-09 03:00:00,2,0,1,2,29.52,35.605,84,7.0015,0,3,6
2011-06-09 04:00:00,2,0,1,2,29.52,34.85,79,6.0032,0,4,6
2011-06-09 05:00:00,2,0,1,2,28.7,33.335,84,9.687989419942234,1,5,6
2011-06-09 06:00:00,2,0,1,2,29.52,35.605,84,6.0032,0,6,6
2011-06-09 07:00:00,2,0,1,2,29.52,34.85,79,8.9981,0,7,6
2011-06-09 08:00:00,2,0,1,2,31.16,36.365,70,7.0015,0,8,6
2011-06-09 09:00:00,2,0,1,1,34.44,39.395,49,14.871000994934612,1,9,6
2011-06-09 10:00:00,2,0,1,1,35.26,40.91,50,19.0012,0,10,6
2011-06-09 11:00:00,2,0,1,1,36.9,42.425,42,15.0013,0,11,6
2011-06-09 12:00:00,2,0,1,1,37.72,42.425,35,12.998,0,12,6
2011-06-09 13:00:00,2,0,1,1,36.9,40.91,37,6.0032,0,13,6
2011-06-09 14:00:00,2,0,1,1,37.72,43.94,40,12.998,0,14,6
2011-06-09 15:00:00,2,0,1,1,38.54,41.665,31,11.0014,0,15,6
2011-06-09 16:00:00,2,0,1,1,37.72,41.665,33,8.9981,0,16,6
2011-06-09 17:00:00,2,0,1,1,36.9,40.91,37,16.9979,0,17,6
2011-06-09 18:00:00,2,0,1,1,36.08,40.15,39,19.0012,0,18,6
2011-06-09 19:00:00,2,0,1,2,34.44,37.12,39,22.0028,0,19,6
2011-06-09 20:00:00,2,0,1,2,32.8,36.365,43,12.998,0,20,6
2011-06-09 21:00:00,2,0,1,3,31.16,34.85,52,15.04691308994639,1,21,6
2011-06-09 22:00:00,2,0,1,2,30.34,34.09,58,11.0014,0,22,6
2011-06-09 23:00:00,2,0,1,2,30.34,34.85,57,11.0014,0,23,6
2011-06-10 00:00:00,2,0,1,3,28.7,32.575,65,15.0013,0,0,6
2011-06-10 01:00:00,2,0,1,3,28.7,32.575,65,15.0013,0,1,6
2011-06-10 02:00:00,2,0,1,1,27.88,31.82,69,11.0014,0,2,6
2011-06-10 03:00:00,2,0,1,1,27.88,31.82,69,11.0014,0,3,6
2011-06-10 04:00:00,2,0,1,1,27.06,30.305,78,11.0014,0,4,6
2011-06-10 05:00:00,2,0,1,1,27.06,30.305,78,11.0014,0,5,6
2011-06-10 06:00:00,2,0,1,1,27.06,30.305,78,6.0032,0,6,6
2011-06-10 07:00:00,2,0,1,1,29.52,34.09,66,7.0015,0,7,6
2011-06-10 08:00:00,2,0,1,1,30.34,34.09,58,8.9981,0,8,6
2011-06-10 09:00:00,2,0,1,1,31.16,34.85,55,14.18134091880392,1,9,6
2011-06-10 10:00:00,2,0,1,1,31.98,35.605,52,15.13718400423283,1,10,6
2011-06-10 11:00:00,2,0,1,1,33.62,37.88,46,15.213588183358034,1,11,6
2011-06-10 12:00:00,2,0,1,1,34.44,37.88,44,8.9981,0,12,6
2011-06-10 13:00:00,2,0,1,1,34.44,37.88,44,7.0015,0,13,6
2011-06-10 14:00:00,2,0,1,1,35.26,38.635,39,15.548002558898112,1,14,6
2011-06-10 15:00:00,2,0,1,1,34.44,37.88,44,7.0015,0,15,6
2011-06-10 16:00:00,2,0,1,1,33.62,39.395,56,19.9995,0,16,6
2011-06-10 17:00:00,2,0,1,1,33.62,38.635,52,15.0013,0,17,6
2011-06-10 18:00:00,2,0,1,1,32.8,38.635,59,15.0013,0,18,6
2011-06-10 19:00:00,2,0,1,1,31.98,37.12,59,12.998,0,19,6
2011-06-10 20:00:00,2,0,1,1,31.16,35.605,62,7.0015,0,20,6
2011-06-10 21:00:00,2,0,1,1,31.16,36.365,66,8.9981,0,21,6
2011-06-10 22:00:00,2,0,1,1,29.52,34.85,74,16.9979,0,22,6
2011-06-10 23:00:00,2,0,1,1,29.52,34.85,74,11.0014,0,23,6
2011-06-11 00:00:00,2,0,0,1,28.7,33.335,79,8.9981,0,0,6
2011-06-11 01:00:00,2,0,0,1,28.7,33.335,79,6.0032,0,1,6
2011-06-11 02:00:00,2,0,0,1,28.7,33.335,79,7.0015,0,2,6
2011-06-11 03:00:00,2,0,0,1,27.88,31.82,83,6.0032,0,3,6
2011-06-11 04:00:00,2,0,0,1,27.88,31.82,79,6.0032,0,4,6
2011-06-11 05:00:00,2,0,0,1,27.88,31.82,74,8.9981,0,5,6
2011-06-11 06:00:00,2,0,0,1,28.7,32.575,61,8.9981,0,6,6
2011-06-11 07:00:00,2,0,0,1,29.52,33.335,58,12.998,0,7,6
2011-06-11 08:00:00,2,0,0,1,30.34,34.09,58,12.998,0,8,6
2011-06-11 09:00:00,2,0,0,1,30.34,34.09,62,8.9981,0,9,6
2011-06-11 10:00:00,2,0,0,1,30.34,34.09,58,11.0014,0,10,6
2011-06-11 11:00:00,2,0,0,1,31.16,35.605,62,8.9981,0,11,6
2011-06-11 12:00:00,2,0,0,1,32.8,37.88,55,15.0013,0,12,6
2011-06-11 13:00:00,2,0,0,1,32.8,37.88,55,12.998,0,13,6
2011-06-11 14:00:00,2,0,0,1,33.62,38.635,49,7.0015,0,14,6
2011-06-11 15:00:00,2,0,0,1,33.62,38.635,49,7.0015,0,15,6
2011-06-11 16:00:00,2,0,0,2,32.8,36.365,46,12.998,0,16,6
2011-06-11 17:00:00,2,0,0,2,30.34,34.09,58,11.0014,0,17,6
2011-06-11 18:00:00,2,0,0,2,29.52,34.09,62,8.9981,0,18,6
2011-06-11 19:00:00,2,0,0,1,28.7,32.575,65,12.998,0,19,6
2011-06-11 20:00:00,2,0,0,1,27.88,31.82,74,16.9979,0,20,6
2011-06-11 21:00:00,2,0,0,1,27.06,31.06,74,15.0013,0,21,6
2011-06-11 22:00:00,2,0,0,1,27.06,30.305,78,15.0013,0,22,6
2011-06-11 23:00:00,2,0,0,1,27.06,31.06,74,7.0015,0,23,6
2011-06-12 00:00:00,2,0,0,1,27.06,30.305,78,15.0013,0,0,6
2011-06-12 01:00:00,2,0,0,1,26.24,28.79,83,7.0015,0,1,6
2011-06-12 02:00:00,2,0,0,1,26.24,28.79,89,16.9979,0,2,6
2011-06-12 03:00:00,2,0,0,1,26.24,28.79,89,19.0012,0,3,6
2011-06-12 04:00:00,2,0,0,1,25.42,28.03,88,11.0014,0,4,6
2011-06-12 05:00:00,2,0,0,1,25.42,28.03,88,15.0013,0,5,6
2011-06-12 06:00:00,2,0,0,1,25.42,28.03,88,7.0015,0,6,6
2011-06-12 07:00:00,2,0,0,1,26.24,29.545,78,7.0015,0,7,6
2011-06-12 08:00:00,2,0,0,1,28.7,33.335,74,12.260847403286942,1,8,6
2011-06-12 09:00:00,2,0,0,1,29.52,34.09,66,12.87800244880902,1,9,6
2011-06-12 10:00:00,2,0,0,1,31.16,35.605,58,6.0032,0,10,6
2011-06-12 11:00:00,2,0,0,1,31.98,36.365,55,7.0015,0,11,6
2011-06-12 12:00:00,2,0,0,1,33.62,37.88,46,15.435462943930455,1,12,6
2011-06-12 13:00:00,2,0,0,1,31.98,37.12,59,19.0012,0,13,6
2011-06-12 14:00:00,2,0,0,1,33.62,39.395,56,16.9979,0,14,6
2011-06-12 15:00:00,2,0,0,1,32.8,38.635,59,19.9995,0,15,6
2011-06-12 16:00:00,2,0,0,3,27.88,31.82,83,19.0012,0,16,6
2011-06-12 17:00:00,2,0,0,3,27.88,31.82,83,19.0012,0,17,6
2011-06-12 18:00:00,2,0,0,1,28.7,33.335,74,11.0014,0,18,6
2011-06-12 19:00:00,2,0,0,1,28.7,33.335,74,7.0015,0,19,6
2011-06-12 20:00:00,2,0,0,1,27.06,30.305,83,11.0014,0,20,6
2011-06-12 21:00:00,2,0,0,1,27.06,30.305,83,7.0015,0,21,6
2011-06-12 22:00:00,2,0,0,1,26.24,28.79,83,8.9981,0,22,6
2011-06-12 23:00:00,2,0,0,1,26.24,29.545,78,12.998,0,23,6
2011-06-13 00:00:00,2,0,1,1,26.24,29.545,78,8.9981,0,0,6
2011-06-13 01:00:00,2,0,1,1,26.24,30.305,73,15.0013,0,1,6
2011-06-13 02:00:00,2,0,1,1,25.42,29.545,73,19.0012,0,2,6
2011-06-13 03:00:00,2,0,1,1,24.6,30.305,60,32.9975,0,3,6
2011-06-13 04:00:00,2,0,1,1,22.96,26.515,64,19.9995,0,4,6
2011-06-13 05:00:00,2,0,1,1,22.14,25.76,64,26.0027,0,5,6
2011-06-13 06:00:00,2,0,1,1,22.14,25.76,64,27.9993,0,6,6
2011-06-13 07:00:00,2,0,1,1,22.96,26.515,56,23.9994,0,7,6
2011-06-13 08:00:00,2,0,1,1,23.78,27.275,49,30.0026,0,8,6
2011-06-13 09:00:00,2,0,1,1,25.42,31.06,46,23.9994,0,9,6
2011-06-13 10:00:00,2,0,1,1,26.24,31.06,41,22.0028,0,10,6
2011-06-13 11:00:00,2,0,1,1,27.06,31.06,41,19.9995,0,11,6
2011-06-13 12:00:00,2,0,1,1,27.06,31.06,41,19.0012,0,12,6
2011-06-13 13:00:00,2,0,1,1,28.7,31.82,37,16.503425625514733,1,13,6
2011-06-13 14:00:00,2,0,1,1,28.7,31.82,34,16.9979,0,14,6
2011-06-13 15:00:00,2,0,1,1,28.7,31.82,37,30.0026,0,15,6
2011-06-13 16:00:00,2,0,1,1,28.7,31.82,37,27.9993,0,16,6
2011-06-13 17:00:00,2,0,1,1,28.7,31.82,39,22.0028,0,17,6
2011-06-13 18:00:00,2,0,1,1,28.7,31.82,37,23.9994,0,18,6
2011-06-13 19:00:00,2,0,1,1,27.06,31.06,39,19.0012,0,19,6
2011-06-13 20:00:00,2,0,1,1,26.24,31.06,44,16.9979,0,20,6
2011-06-13 21:00:00,2,0,1,1,26.24,31.06,41,16.9979,0,21,6
2011-06-13 22:00:00,2,0,1,1,25.42,31.06,46,15.0013,0,22,6
2011-06-13 23:00:00,2,0,1,1,25.42,31.06,46,12.998,0,23,6
2011-06-14 00:00:00,2,0,1,1,24.6,31.06,49,12.998,0,0,6
2011-06-14 01:00:00,2,0,1,1,24.6,31.06,49,16.9979,0,1,6
2011-06-14 02:00:00,2,0,1,1,24.6,31.06,49,19.0012,0,2,6
2011-06-14 03:00:00,2,0,1,1,23.78,27.275,53,22.0028,0,3,6
2011-06-14 04:00:00,2,0,1,1,22.14,25.76,60,16.9979,0,4,6
2011-06-14 05:00:00,2,0,1,1,22.14,25.76,56,22.0028,0,5,6
2011-06-14 06:00:00,2,0,1,1,22.14,25.76,56,19.9995,0,6,6
2011-06-14 07:00:00,2,0,1,1,22.96,26.515,52,27.9993,0,7,6
2011-06-14 08:00:00,2,0,1,1,23.78,27.275,49,26.0027,0,8,6
2011-06-14 09:00:00,2,0,1,1,25.42,31.06,46,12.998,0,9,6
2011-06-14 10:00:00,2,0,1,1,25.42,31.06,46,15.0013,0,10,6
2011-06-14 11:00:00,2,0,1,1,26.24,31.06,41,19.0012,0,11,6
2011-06-14 12:00:00,2,0,1,1,26.24,31.06,41,23.9994,0,12,6
2011-06-14 13:00:00,2,0,1,1,26.24,31.06,44,15.0013,0,13,6
2011-06-14 14:00:00,2,0,1,2,26.24,31.06,47,12.998,0,14,6
2011-06-14 15:00:00,2,0,1,1,26.24,31.06,47,11.0014,0,15,6
2011-06-14 16:00:00,2,0,1,1,27.88,31.82,41,12.998,0,16,6
2011-06-14 17:00:00,2,0,1,3,26.24,31.06,50,19.0012,0,17,6
2011-06-14 18:00:00,2,0,1,1,25.42,31.06,51,22.0028,0,18,6
2011-06-14 19:00:00,2,0,1,1,26.24,31.06,50,23.9994,0,19,6
2011-06-14 20:00:00,2,0,1,1,24.6,31.06,56,11.0014,0,20,6
2011-06-14 21:00:00,2,0,1,1,24.6,31.06,56,19.9995,0,21,6
2011-06-14 22:00:00,2,0,1,1,23.78,27.275,60,15.0013,0,22,6
2011-06-14 23:00:00,2,0,1,1,22.96,26.515,68,15.0013,0,23,6
2011-06-15 00:00:00,2,0,1,1,22.96,26.515,64,23.9994,0,0,6
2011-06-15 01:00:00,2,0,1,1,22.14,25.76,64,19.0012,0,1,6
2011-06-15 02:00:00,2,0,1,1,21.32,25.0,63,15.0013,0,2,6
2011-06-15 03:00:00,2,0,1,1,20.5,24.24,68,16.9979,0,3,6
2011-06-15 04:00:00,2,0,1,1,20.5,24.24,63,19.0012,0,4,6
2011-06-15 05:00:00,2,0,1,1,19.68,23.485,67,19.0012,0,5,6
2011-06-15 06:00:00,2,0,1,1,20.5,24.24,63,16.9979,0,6,6
2011-06-15 07:00:00,2,0,1,1,22.14,25.76,60,8.9981,0,7,6
2011-06-15 08:00:00,2,0,1,1,23.78,27.275,53,8.9981,0,8,6
2011-06-15 09:00:00,2,0,1,1,24.6,31.06,49,16.073682141334093,1,9,6
2011-06-15 10:00:00,2,0,1,1,26.24,31.06,47,11.0014,0,10,6
2011-06-15 11:00:00,2,0,1,1,27.88,31.82,36,16.40243461160312,1,11,6
2011-06-15 12:00:00,2,0,1,1,28.7,31.82,34,15.0013,0,12,6
2011-06-15 13:00:00,2,0,1,1,30.34,32.575,28,19.0012,0,13,6
2011-06-15 14:00:00,2,0,1,1,30.34,32.575,28,18.70959756824511,1,14,6
2011-06-15 15:00:00,2,0,1,1,31.16,33.335,27,19.933499881694253,1,15,6
2011-06-15 16:00:00,2,0,1,1,31.16,33.335,27,8.9981,0,16,6
2011-06-15 17:00:00,2,0,1,1,30.34,32.575,28,7.0015,0,17,6
2011-06-15 18:00:00,2,0,1,1,29.52,32.575,32,8.9981,0,18,6
2011-06-15 19:00:00,2,0,1,1,28.7,31.82,37,19.0012,0,19,6
2011-06-15 20:00:00,2,0,1,1,27.06,31.06,44,11.0014,0,20,6
2011-06-15 21:00:00,2,0,1,1,26.24,31.06,47,15.0013,0,21,6
2011-06-15 22:00:00,2,0,1,1,25.42,31.06,50,7.0015,0,22,6
2011-06-15 23:00:00,2,0,1,1,25.42,31.06,53,13.9036076247162,1,23,6
2011-06-16 00:00:00,2,0,1,1,24.6,31.06,56,7.0015,0,0,6
2011-06-16 01:00:00,2,0,1,1,23.78,27.275,60,12.718602872782949,1,1,6
2011-06-16 02:00:00,2,0,1,1,24.6,31.06,56,6.0032,0,2,6
2011-06-16 03:00:00,2,0,1,2,22.96,26.515,73,6.0032,0,3,6
2011-06-16 04:00:00,2,0,1,2,22.96,26.515,68,7.0015,0,4,6
2011-06-16 05:00:00,2,0,1,1,24.6,30.305,64,12.998,0,5,6
2011-06-16 06:00:00,2,0,1,3,23.78,27.275,73,11.0014,0,6,6
2011-06-16 07:00:00,2,0,1,3,22.96,26.515,78,11.0014,0,7,6
2011-06-16 08:00:00,2,0,1,2,24.6,29.545,69,8.9981,0,8,6
2011-06-16 09:00:00,2,0,1,2,25.42,30.305,65,12.998,0,9,6
2011-06-16 10:00:00,2,0,1,2,27.06,31.06,61,16.9979,0,10,6
2011-06-16 11:00:00,2,0,1,2,27.88,31.82,61,19.9995,0,11,6
2011-06-16 12:00:00,2,0,1,1,29.52,33.335,54,26.0027,0,12,6
2011-06-16 13:00:00,2,0,1,2,29.52,33.335,54,16.9979,0,13,6
2011-06-16 14:00:00,2,0,1,2,29.52,33.335,54,22.0028,0,14,6
2011-06-16 15:00:00,2,0,1,2,28.7,32.575,61,19.9995,0,15,6
2011-06-16 16:00:00,2,0,1,3,27.06,31.06,69,12.998,0,16,6
2011-06-16 17:00:00,2,0,1,2,26.24,29.545,78,7.0015,0,17,6
2011-06-16 18:00:00,2,0,1,1,26.24,28.79,83,15.0013,0,18,6
2011-06-16 19:00:00,2,0,1,1,25.42,28.79,83,19.0012,0,19,6
2011-06-16 20:00:00,2,0,1,1,25.42,28.79,83,22.0028,0,20,6
2011-06-16 21:00:00,2,0,1,3,25.42,28.79,83,16.9979,0,21,6
2011-06-16 22:00:00,2,0,1,3,25.42,28.79,83,16.9979,0,22,6
2011-06-16 23:00:00,2,0,1,3,24.6,28.03,83,16.9979,0,23,6
2011-06-17 00:00:00,2,0,1,1,22.96,26.515,88,6.0032,0,0,6
2011-06-17 01:00:00,2,0,1,1,22.96,26.515,94,8.9981,0,1,6
2011-06-17 02:00:00,2,0,1,1,22.96,26.515,94,7.0015,0,2,6
2011-06-17 03:00:00,2,0,1,1,22.96,26.515,94,7.0015,0,3,6
2011-06-17 04:00:00,2,0,1,1,22.14,25.76,94,8.9981,0,4,6
2011-06-17 05:00:00,2,0,1,1,22.14,25.76,100,9.459463449098758,1,5,6
2011-06-17 06:00:00,2,0,1,1,22.96,26.515,94,9.457513075493974,1,6,6
2011-06-17 07:00:00,2,0,1,1,24.6,28.03,83,11.11594459333879,1,7,6
2011-06-17 08:00:00,2,0,1,2,24.6,28.03,83,12.429794964314224,1,8,6
2011-06-17 09:00:00,2,0,1,1,28.7,32.575,58,12.998,0,9,6
2011-06-17 10:00:00,2,0,1,1,28.7,32.575,58,12.998,0,10,6
2011-06-17 11:00:00,2,0,1,1,27.88,31.82,69,16.9979,0,11,6
2011-06-17 12:00:00,2,0,1,1,28.7,32.575,65,16.9979,0,12,6
2011-06-17 13:00:00,2,0,1,1,30.34,34.09,62,19.0012,0,13,6
2011-06-17 14:00:00,2,0,1,1,31.16,34.85,52,12.998,0,14,6
2011-06-17 15:00:00,2,0,1,1,31.98,34.85,43,15.0013,0,15,6
2011-06-17 16:00:00,2,0,1,1,31.16,34.09,45,11.0014,0,16,6
2011-06-17 17:00:00,2,0,1,3,31.16,34.09,40,12.998,0,17,6
2011-06-17 18:00:00,2,0,1,3,31.16,34.09,40,12.998,0,18,6
2011-06-17 19:00:00,2,0,1,3,26.24,28.79,83,16.9979,0,19,6
2011-06-17 20:00:00,2,0,1,1,26.24,29.545,78,7.0015,0,20,6
2011-06-17 21:00:00,2,0,1,1,26.24,29.545,78,6.0032,0,21,6
2011-06-17 22:00:00,2,0,1,1,25.42,28.03,88,8.9981,0,22,6
2011-06-17 23:00:00,2,0,1,1,25.42,28.79,83,8.9981,0,23,6
2011-06-18 00:00:00,2,0,0,1,25.42,28.03,88,8.9981,0,0,6
2011-06-18 01:00:00,2,0,0,1,25.42,28.79,83,7.0015,0,1,6
2011-06-18 02:00:00,2,0,0,1,24.6,27.275,88,9.70375122385869,1,2,6
2011-06-18 03:00:00,2,0,0,1,24.6,27.275,88,6.0032,0,3,6
2011-06-18 04:00:00,2,0,0,1,24.6,27.275,88,6.0032,0,4,6
2011-06-18 05:00:00,2,0,0,1,25.42,28.79,83,9.916036827208698,1,5,6
2011-06-18 06:00:00,2,0,0,1,25.42,28.79,83,7.0015,0,6,6
2011-06-18 07:00:00,2,0,0,1,26.24,29.545,78,8.9981,0,7,6
2011-06-18 08:00:00,2,0,0,1,27.06,30.305,78,6.0032,0,8,6
2011-06-18 09:00:00,2,0,0,1,28.7,32.575,61,15.0013,0,9,6
2011-06-18 10:00:00,2,0,0,1,29.52,34.09,62,12.998,0,10,6
2011-06-18 11:00:00,2,0,0,1,29.52,34.09,62,8.9981,0,11,6
2011-06-18 12:00:00,2,0,0,1,30.34,34.85,66,6.0032,0,12,6
2011-06-18 13:00:00,2,0,0,1,31.16,34.85,55,15.25143165368588,1,13,6
2011-06-18 14:00:00,2,0,0,2,32.8,36.365,46,19.0012,0,14,6
2011-06-18 15:00:00,2,0,0,2,33.62,37.88,46,8.9981,0,15,6
2011-06-18 16:00:00,2,0,0,2,31.16,34.85,52,15.0013,0,16,6
2011-06-18 17:00:00,2,0,0,2,31.16,34.09,48,11.0014,0,17,6
2011-06-18 18:00:00,2,0,0,2,30.34,34.09,55,12.998,0,18,6
2011-06-18 19:00:00,2,0,0,2,30.34,33.335,51,7.0015,0,19,6
2011-06-18 20:00:00,2,0,0,2,29.52,33.335,58,8.9981,0,20,6
2011-06-18 21:00:00,2,0,0,2,29.52,34.09,66,7.0015,0,21,6
2011-06-18 22:00:00,2,0,0,2,29.52,34.09,62,8.9981,0,22,6
2011-06-18 23:00:00,2,0,0,2,29.52,34.09,62,11.875477380239579,1,23,6
2011-06-19 00:00:00,2,0,0,1,28.7,32.575,65,10.407749441553772,1,0,6
2011-06-19 01:00:00,2,0,0,2,28.7,32.575,65,6.0032,0,1,6
2011-06-19 02:00:00,2,0,0,1,27.88,31.82,74,6.0032,0,2,6
2011-06-19 03:00:00,2,0,0,2,27.06,30.305,78,8.9981,0,3,6
2011-06-19 04:00:00,2,0,0,2,27.06,31.06,74,8.9981,0,4,6
2011-06-19 05:00:00,2,0,0,2,27.06,30.305,78,10.086716007746578,1,5,6
2011-06-19 06:00:00,2,0,0,2,27.06,30.305,78,11.0014,0,6,6
2011-06-19 07:00:00,2,0,0,2,27.06,30.305,78,11.0014,0,7,6
2011-06-19 08:00:00,2,0,0,3,27.88,31.82,74,7.0015,0,8,6
2011-06-19 09:00:00,2,0,0,2,27.88,31.82,74,7.0015,0,9,6
2011-06-19 10:00:00,2,0,0,2,28.7,32.575,61,7.0015,0,10,6
2011-06-19 11:00:00,2,0,0,2,29.52,33.335,58,6.0032,0,11,6
2011-06-19 12:00:00,2,0,0,2,30.34,34.09,55,6.0032,0,12,6
2011-06-19 13:00:00,2,0,0,2,30.34,33.335,51,15.689343187083798,1,13,6
2011-06-19 14:00:00,2,0,0,3,30.34,34.09,58,7.0015,0,14,6
2011-06-19 15:00:00,2,0,0,2,30.34,34.09,55,7.0015,0,15,6
2011-06-19 16:00:00,2,0,0,2,31.16,34.09,48,15.767339313551581,1,16,6
2011-06-19 17:00:00,2,0,0,1,30.34,33.335,51,15.87229183026437,1,17,6
2011-06-19 18:00:00,2,0,0,2,30.34,34.09,58,6.0032,0,18,6
2011-06-19 19:00:00,2,0,0,1,29.52,34.09,62,8.9981,0,19,6
2011-06-19 20:00:00,2,0,0,1,28.7,32.575,70,12.998,0,20,6
2011-06-19 21:00:00,2,0,0,1,27.88,31.82,79,8.9981,0,21,6
2011-06-19 22:00:00,2,0,0,1,27.06,30.305,78,15.0013,0,22,6
2011-06-19 23:00:00,2,0,0,1,27.06,30.305,78,12.998,0,23,6
2011-07-01 00:00:00,3,0,1,1,27.06,31.06,50,11.673886579677921,1,0,7
2011-07-01 01:00:00,3,0,1,1,27.06,31.06,50,11.815232774208912,1,1,7
2011-07-01 02:00:00,3,0,1,1,25.42,30.305,69,10.942252985590063,1,2,7
2011-07-01 03:00:00,3,0,1,1,26.24,31.06,53,12.97398220876333,1,3,7
2011-07-01 04:00:00,3,0,1,1,25.42,31.06,57,12.318590334197474,1,4,7
2011-07-01 05:00:00,3,0,1,1,24.6,30.305,64,8.9981,0,5,7
2011-07-01 06:00:00,3,0,1,1,25.42,30.305,61,8.9981,0,6,7
2011-07-01 07:00:00,3,0,1,1,27.06,31.06,54,7.0015,0,7,7
2011-07-01 08:00:00,3,0,1,1,28.7,31.82,42,11.0014,0,8,7
2011-07-01 09:00:00,3,0,1,1,30.34,32.575,35,11.0014,0,9,7
2011-07-01 10:00:00,3,0,1,1,31.16,33.335,33,11.0014,0,10,7
2011-07-01 11:00:00,3,0,1,1,32.8,34.85,26,15.299438688682715,1,11,7
2011-07-01 12:00:00,3,0,1,1,32.8,34.85,26,14.996761345851743,1,12,7
2011-07-01 13:00:00,3,0,1,1,32.8,34.09,24,17.451453372728313,1,13,7
2011-07-01 14:00:00,3,0,1,1,33.62,34.85,23,12.998,0,14,7
2011-07-01 15:00:00,3,0,1,1,33.62,34.85,21,16.9979,0,15,7
2011-07-01 16:00:00,3,0,1,1,33.62,34.85,17,15.452268481873494,1,16,7
2011-07-01 17:00:00,3,0,1,1,33.62,34.85,21,12.998,0,17,7
2011-07-01 18:00:00,3,0,1,1,32.8,34.09,24,16.9979,0,18,7
2011-07-01 19:00:00,3,0,1,1,31.98,33.335,25,12.998,0,19,7
2011-07-01 20:00:00,3,0,1,1,29.52,32.575,42,15.0013,0,20,7
2011-07-01 21:00:00,3,0,1,1,28.7,31.82,45,12.998,0,21,7
2011-07-01 22:00:00,3,0,1,1,28.7,31.82,42,11.670103618744227,1,22,7
2011-07-01 23:00:00,3,0,1,1,27.88,31.82,47,6.0032,0,23,7
2011-07-02 00:00:00,3,0,0,1,27.88,31.82,47,6.0032,0,0,7
2011-07-02 01:00:00,3,0,0,1,27.06,31.06,54,11.400288761426049,1,1,7
2011-07-02 02:00:00,3,0,0,1,26.24,31.06,53,12.106314266418355,1,2,7
2011-07-02 03:00:00,3,0,0,1,26.24,31.06,53,12.97398220876333,1,3,7
2011-07-02 04:00:00,3,0,0,1,25.42,30.305,61,11.944979812023758,1,4,7
2011-07-02 05:00:00,3,0,0,1,23.78,27.275,73,7.0015,0,5,7
2011-07-02 06:00:00,3,0,0,1,25.42,30.305,69,7.0015,0,6,7
2011-07-02 07:00:00,3,0,0,1,26.24,30.305,65,11.075429062709185,1,7,7
2011-07-02 08:00:00,3,0,0,1,27.88,31.82,57,13.739742550757086,1,8,7
2011-07-02 09:00:00,3,0,0,1,30.34,33.335,51,6.0032,0,9,7
2011-07-02 10:00:00,3,0,0,1,32.8,35.605,36,14.395446066710772,1,10,7
2011-07-02 11:00:00,3,0,0,1,32.8,35.605,36,6.0032,0,11,7
2011-07-02 12:00:00,3,0,0,1,33.62,35.605,30,8.9981,0,12,7
2011-07-02 13:00:00,3,0,0,1,33.62,35.605,30,7.0015,0,13,7
2011-07-02 14:00:00,3,0,0,1,34.44,35.605,20,14.676992494797792,1,14,7
2011-07-02 15:00:00,3,0,0,1,35.26,36.365,19,11.0014,0,15,7
2011-07-02 16:00:00,3,0,0,1,36.08,37.12,22,15.0013,0,16,7
2011-07-02 17:00:00,3,0,0,1,34.44,36.365,30,15.0013,0,17,7
2011-07-02 18:00:00,3,0,0,1,33.62,35.605,30,19.0012,0,18,7
2011-07-02 19:00:00,3,0,0,1,32.8,34.85,33,15.0013,0,19,7
2011-07-02 20:00:00,3,0,0,1,31.16,34.09,45,19.0012,0,20,7
2011-07-02 21:00:00,3,0,0,1,30.34,33.335,48,12.998,0,21,7
2011-07-02 22:00:00,3,0,0,1,29.52,33.335,51,11.0014,0,22,7
2011-07-02 23:00:00,3,0,0,1,29.52,33.335,54,19.0012,0,23,7
2011-07-03 00:00:00,3,0,0,1,28.7,32.575,58,15.0013,0,0,7
2011-07-03 01:00:00,3,0,0,2,28.7,32.575,61,11.0014,0,1,7
2011-07-03 02:00:00,3,0,0,1,28.7,32.575,58,12.998,0,2,7
2011-07-03 03:00:00,3,0,0,3,27.88,31.82,65,6.0032,0,3,7
2011-07-03 04:00:00,3,0,0,3,27.88,31.82,65,6.0032,0,4,7
2011-07-03 05:00:00,3,0,0,3,25.42,28.79,83,12.998,0,5,7
2011-07-03 06:00:00,3,0,0,2,25.42,27.275,94,6.0032,0,6,7
2011-07-03 07:00:00,3,0,0,2,26.24,28.79,89,12.998,0,7,7
2011-07-03 08:00:00,3,0,0,1,27.88,31.82,79,15.0013,0,8,7
2011-07-03 09:00:00,3,0,0,1,28.7,33.335,74,16.9979,0,9,7
2011-07-03 10:00:00,3,0,0,1,30.34,34.85,66,11.0014,0,10,7
2011-07-03 11:00:00,3,0,0,1,31.16,35.605,62,7.0015,0,11,7
2011-07-03 12:00:00,3,0,0,1,32.8,37.88,55,7.0015,0,12,7
2011-07-03 13:00:00,3,0,0,1,32.8,38.635,59,15.0013,0,13,7
2011-07-03 14:00:00,3,0,0,1,33.62,39.395,56,16.9979,0,14,7
2011-07-03 15:00:00,3,0,0,1,34.44,40.15,53,19.9995,0,15,7
2011-07-03 16:00:00,3,0,0,1,34.44,40.15,53,19.9995,0,16,7
2011-07-03 17:00:00,3,0,0,3,32.8,37.12,49,56.9969,0,17,7
2011-07-03 18:00:00,3,0,0,3,32.8,37.12,49,56.9969,0,18,7
2011-07-03 19:00:00,3,0,0,2,27.06,30.305,83,12.998,0,19,7
2011-07-03 20:00:00,3,0,0,3,27.06,30.305,83,17.08672135435091,1,20,7
2011-07-03 21:00:00,3,0,0,2,27.06,30.305,83,11.0014,0,21,7
2011-07-03 22:00:00,3,0,0,2,27.06,30.305,78,7.0015,0,22,7
2011-07-03 23:00:00,3,0,0,1,26.24,28.79,83,11.0014,0,23,7
2011-07-04 00:00:00,3,1,0,1,26.24,28.79,83,8.9981,0,0,7
2011-07-04 01:00:00,3,1,0,1,26.24,28.79,83,6.0032,0,1,7
2011-07-04 02:00:00,3,1,0,1,26.24,28.79,83,9.885195090359328,1,2,7
2011-07-04 03:00:00,3,1,0,1,26.24,29.545,78,9.896434404883895,1,3,7
2011-07-04 04:00:00,3,1,0,2,27.06,30.305,78,6.0032,0,4,7
2011-07-04 05:00:00,3,1,0,2,26.24,28.79,83,8.9981,0,5,7
2011-07-04 06:00:00,3,1,0,1,26.24,28.79,89,11.0014,0,6,7
2011-07-04 07:00:00,3,1,0,1,27.06,30.305,83,8.9981,0,7,7
2011-07-04 08:00:00,3,1,0,1,28.7,33.335,74,7.0015,0,8,7
2011-07-04 09:00:00,3,1,0,2,29.52,34.09,66,6.0032,0,9,7
2011-07-04 10:00:00,3,1,0,2,31.16,34.85,55,6.0032,0,10,7
2011-07-04 11:00:00,3,1,0,2,31.16,34.85,55,6.0032,0,11,7
2011-07-04 12:00:00,3,1,0,2,31.98,35.605,52,14.907063510596924,1,12,7
2011-07-04 13:00:00,3,1,0,2,31.98,35.605,49,15.032042991932306,1,13,7
2011-07-04 14:00:00,3,1,0,1,32.8,36.365,46,15.287103298232108,1,14,7
2011-07-04 15:00:00,3,1,0,1,33.62,37.12,43,6.0032,0,15,7
2011-07-04 16:00:00,3,1,0,1,33.62,37.12,41,15.343606770578987,1,16,7
2011-07-04 17:00:00,3,1,0,1,32.8,36.365,46,15.305586539620087,1,17,7
2011-07-04 18:00:00,3,1,0,1,32.8,36.365,46,8.9981,0,18,7
2011-07-04 19:00:00,3,1,0,2,31.98,35.605,49,11.0014,0,19,7
2011-07-04 20:00:00,3,1,0,2,31.16,34.85,55,7.0015,0,20,7
2011-07-04 21:00:00,3,1,0,2,30.34,34.09,62,7.0015,0,21,7
2011-07-04 22:00:00,3,1,0,2,30.34,34.09,62,8.9981,0,22,7
2011-07-04 23:00:00,3,1,0,2,29.52,34.09,70,7.0015,0,23,7
2011-07-05 00:00:00,3,0,1,2,28.7,32.575,65,11.0014,0,0,7
2011-07-05 01:00:00,3,0,1,1,28.7,32.575,65,7.0015,0,1,7
2011-07-05 02:00:00,3,0,1,1,27.06,31.06,74,6.0032,0,2,7
2011-07-05 03:00:00,3,0,1,1,27.06,31.06,74,15.0013,0,3,7
2011-07-05 04:00:00,3,0,1,1,27.06,31.06,69,11.0014,0,4,7
2011-07-05 05:00:00,3,0,1,1,27.06,31.06,69,11.271071073856744,1,5,7
2011-07-05 06:00:00,3,0,1,1,27.06,31.06,74,6.0032,0,6,7
2011-07-05 07:00:00,3,0,1,1,28.7,32.575,65,6.0032,0,7,7
2011-07-05 08:00:00,3,0,1,1,29.52,34.09,62,8.9981,0,8,7
2011-07-05 09:00:00,3,0,1,1,30.34,34.09,58,8.9981,0,9,7
2011-07-05 10:00:00,3,0,1,1,31.16,34.85,52,7.0015,0,10,7
2011-07-05 11:00:00,3,0,1,1,31.98,34.85,46,7.0015,0,11,7
2011-07-05 12:00:00,3,0,1,1,32.8,36.365,43,7.0015,0,12,7
2011-07-05 13:00:00,3,0,1,1,33.62,37.12,43,7.0015,0,13,7
2011-07-05 14:00:00,3,0,1,1,32.8,37.12,49,11.0014,0,14,7
2011-07-05 15:00:00,3,0,1,1,33.62,37.12,43,15.345583917262008,1,15,7
2011-07-05 16:00:00,3,0,1,1,33.62,37.88,46,7.0015,0,16,7
2011-07-05 17:00:00,3,0,1,1,33.62,37.88,46,7.0015,0,17,7
2011-07-05 18:00:00,3,0,1,1,32.8,37.88,55,11.0014,0,18,7
2011-07-05 19:00:00,3,0,1,1,32.8,38.635,59,8.9981,0,19,7
2011-07-05 20:00:00,3,0,1,1,31.16,36.365,66,7.0015,0,20,7
2011-07-05 21:00:00,3,0,1,1,31.98,37.12,62,16.9979,0,21,7
2011-07-05 22:00:00,3,0,1,1,31.16,36.365,66,15.0013,0,22,7
2011-07-05 23:00:00,3,0,1,1,30.34,34.85,66,11.0014,0,23,7
2011-07-06 00:00:00,3,0,1,1,29.52,34.85,74,12.998,0,0,7
2011-07-06 01:00:00,3,0,1,1,28.7,33.335,74,8.9981,0,1,7
2011-07-06 02:00:00,3,0,1,1,28.7,33.335,79,6.0032,0,2,7
2011-07-06 03:00:00,3,0,1,1,28.7,33.335,79,9.715566833212382,1,3,7
2011-07-06 04:00:00,3,0,1,2,27.88,31.82,83,6.0032,0,4,7
2011-07-06 05:00:00,3,0,1,1,27.88,31.82,83,6.0032,0,5,7
2011-07-06 06:00:00,3,0,1,1,28.7,33.335,79,6.0032,0,6,7
2011-07-06 07:00:00,3,0,1,2,29.52,34.85,79,10.402716866910962,1,7,7
2011-07-06 08:00:00,3,0,1,2,29.52,34.85,74,7.0015,0,8,7
2011-07-06 09:00:00,3,0,1,3,28.7,33.335,79,12.998,0,9,7
2011-07-06 10:00:00,3,0,1,3,28.7,33.335,79,6.0032,0,10,7
2011-07-06 11:00:00,3,0,1,2,29.52,34.85,74,13.703618749156043,1,11,7
2011-07-06 12:00:00,3,0,1,2,30.34,34.85,66,6.0032,0,12,7
2011-07-06 13:00:00,3,0,1,2,30.34,34.85,70,7.0015,0,13,7
2011-07-06 14:00:00,3,0,1,1,31.16,36.365,66,19.0012,0,14,7
2011-07-06 15:00:00,3,0,1,1,31.16,36.365,70,19.0012,0,15,7
2011-07-06 16:00:00,3,0,1,1,31.16,36.365,70,16.9979,0,16,7
2011-07-06 17:00:00,3,0,1,1,31.98,37.12,59,15.0013,0,17,7
2011-07-06 18:00:00,3,0,1,1,31.16,35.605,62,12.998,0,18,7
2011-07-06 19:00:00,3,0,1,1,30.34,34.85,70,15.0013,0,19,7
2011-07-06 20:00:00,3,0,1,1,29.52,34.85,74,16.9979,0,20,7
2011-07-06 21:00:00,3,0,1,1,28.7,33.335,79,12.998,0,21,7
2011-07-06 22:00:00,3,0,1,1,28.7,33.335,79,12.998,0,22,7
2011-07-06 23:00:00,3,0,1,1,27.88,31.82,83,15.0013,0,23,7
2011-07-07 00:00:00,3,0,1,1,27.06,29.545,89,8.9981,0,0,7
2011-07-07 01:00:00,3,0,1,1,27.06,29.545,89,12.998,0,1,7
2011-07-07 02:00:00,3,0,1,1,27.06,29.545,89,12.998,0,2,7
2011-07-07 03:00:00,3,0,1,1,26.24,28.03,94,7.0015,0,3,7
2011-07-07 04:00:00,3,0,1,1,26.24,28.79,89,7.0015,0,4,7
2011-07-07 05:00:00,3,0,1,1,26.24,28.79,89,7.0015,0,5,7
2011-07-07 06:00:00,3,0,1,2,26.24,28.79,89,8.9981,0,6,7
2011-07-07 07:00:00,3,0,1,2,27.06,29.545,89,7.0015,0,7,7
2011-07-07 08:00:00,3,0,1,2,28.7,33.335,79,12.998,0,8,7
2011-07-07 09:00:00,3,0,1,1,30.34,34.85,70,11.0014,0,9,7
2011-07-07 10:00:00,3,0,1,1,31.98,37.12,62,12.865226654145449,1,10,7
2011-07-07 11:00:00,3,0,1,1,33.62,38.635,52,8.9981,0,11,7
2011-07-07 12:00:00,3,0,1,1,34.44,38.635,41,15.142640023290468,1,12,7
2011-07-07 13:00:00,3,0,1,1,35.26,39.395,41,15.39968834801193,1,13,7
2011-07-07 14:00:00,3,0,1,1,35.26,39.395,41,16.9979,0,14,7
2011-07-07 15:00:00,3,0,1,1,35.26,39.395,41,16.9979,0,15,7
2011-07-07 16:00:00,3,0,1,1,35.26,38.635,39,15.0013,0,16,7
2011-07-07 17:00:00,3,0,1,1,35.26,37.88,36,16.9979,0,17,7
2011-07-07 18:00:00,3,0,1,1,34.44,37.88,44,19.9995,0,18,7
2011-07-07 19:00:00,3,0,1,1,33.62,38.635,52,19.0012,0,19,7
2011-07-07 20:00:00,3,0,1,1,31.16,35.605,58,23.9994,0,20,7
2011-07-07 21:00:00,3,0,1,1,30.34,34.09,62,11.0014,0,21,7
2011-07-07 22:00:00,3,0,1,1,30.34,34.09,62,11.0014,0,22,7
2011-07-07 23:00:00,3,0,1,1,29.52,34.09,66,12.080904229129207,1,23,7
2011-07-08 00:00:00,3,0,1,1,30.34,34.85,66,7.0015,0,0,7
2011-07-08 01:00:00,3,0,1,1,29.52,34.85,79,9.869477747764671,1,1,7
2011-07-08 02:00:00,3,0,1,2,28.7,33.335,74,11.0014,0,2,7
2011-07-08 03:00:00,3,0,1,1,27.88,31.82,79,7.0015,0,3,7
2011-07-08 04:00:00,3,0,1,1,28.7,33.335,79,16.9979,0,4,7
2011-07-08 05:00:00,3,0,1,1,27.88,31.82,79,16.9979,0,5,7
2011-07-08 06:00:00,3,0,1,1,28.7,33.335,74,7.0015,0,6,7
2011-07-08 07:00:00,3,0,1,2,28.7,33.335,79,12.998,0,7,7
2011-07-08 08:00:00,3,0,1,2,29.52,34.85,74,16.9979,0,8,7
2011-07-08 09:00:00,3,0,1,2,31.16,36.365,70,19.9995,0,9,7
2011-07-08 10:00:00,3,0,1,2,30.34,34.85,70,23.9994,0,10,7
2011-07-08 11:00:00,3,0,1,2,30.34,35.605,74,16.9979,0,11,7
2011-07-08 12:00:00,3,0,1,2,31.16,36.365,70,19.0012,0,12,7
2011-07-08 13:00:00,3,0,1,2,31.98,37.88,66,19.0012,0,13,7
2011-07-08 14:00:00,3,0,1,2,32.8,39.395,63,23.9994,0,14,7
2011-07-08 15:00:00,3,0,1,2,32.8,39.395,63,23.9994,0,15,7
2011-07-08 16:00:00,3,0,1,3,27.88,31.82,83,30.0026,0,16,7
2011-07-08 17:00:00,3,0,1,3,27.06,29.545,89,30.0026,0,17,7
2011-07-08 18:00:00,3,0,1,1,27.06,30.305,83,6.0032,0,18,7
2011-07-08 19:00:00,3,0,1,1,27.06,30.305,83,6.0032,0,19,7
2011-07-08 20:00:00,3,0,1,1,27.06,30.305,83,11.0014,0,20,7
2011-07-08 21:00:00,3,0,1,2,27.06,30.305,83,16.9979,0,21,7
2011-07-08 22:00:00,3,0,1,2,27.06,30.305,78,12.998,0,22,7
2011-07-08 23:00:00,3,0,1,2,27.06,30.305,78,6.0032,0,23,7
2011-07-09 00:00:00,3,0,0,2,27.06,30.305,83,8.9981,0,0,7
2011-07-09 01:00:00,3,0,0,2,26.24,28.79,89,7.0015,0,1,7
2011-07-09 02:00:00,3,0,0,1,26.24,28.79,89,11.0014,0,2,7
2011-07-09 03:00:00,3,0,0,1,26.24,28.79,89,8.9981,0,3,7
2011-07-09 04:00:00,3,0,0,1,26.24,28.79,83,15.0013,0,4,7
2011-07-09 05:00:00,3,0,0,2,25.42,28.03,88,11.0014,0,5,7
2011-07-09 06:00:00,3,0,0,2,26.24,28.79,83,12.998,0,6,7
2011-07-09 07:00:00,3,0,0,1,27.06,30.305,78,12.998,0,7,7
2011-07-09 08:00:00,3,0,0,1,28.7,32.575,70,16.9979,0,8,7
2011-07-09 09:00:00,3,0,0,1,30.34,34.09,58,19.0012,0,9,7
2011-07-09 10:00:00,3,0,0,1,31.16,34.85,52,11.0014,0,10,7
2011-07-09 11:00:00,3,0,0,1,31.98,34.85,46,19.9995,0,11,7
2011-07-09 12:00:00,3,0,0,1,32.8,36.365,46,16.9979,0,12,7
2011-07-09 13:00:00,3,0,0,1,33.62,37.12,41,15.0013,0,13,7
2011-07-09 14:00:00,3,0,0,1,34.44,37.12,36,8.9981,0,14,7
2011-07-09 15:00:00,3,0,0,1,34.44,36.365,34,6.0032,0,15,7
2011-07-09 16:00:00,3,0,0,1,33.62,36.365,38,15.024271737831983,1,16,7
2011-07-09 17:00:00,3,0,0,1,34.44,36.365,32,15.185703473471753,1,17,7
2011-07-09 18:00:00,3,0,0,1,33.62,36.365,36,7.0015,0,18,7
2011-07-09 19:00:00,3,0,0,1,31.16,34.85,55,11.0014,0,19,7
2011-07-09 20:00:00,3,0,0,1,31.16,35.605,58,15.0013,0,20,7
2011-07-09 21:00:00,3,0,0,1,30.34,34.09,58,11.0014,0,21,7
2011-07-09 22:00:00,3,0,0,1,29.52,34.09,62,11.0014,0,22,7
2011-07-09 23:00:00,3,0,0,1,29.52,33.335,58,12.998,0,23,7
2011-07-10 00:00:00,3,0,0,1,28.7,32.575,61,11.0014,0,0,7
2011-07-10 01:00:00,3,0,0,1,28.7,32.575,61,8.9981,0,1,7
2011-07-10 02:00:00,3,0,0,1,27.88,31.82,69,6.0032,0,2,7
2011-07-10 03:00:00,3,0,0,1,27.06,31.06,74,6.0032,0,3,7
2011-07-10 04:00:00,3,0,0,1,27.06,31.06,69,6.0032,0,4,7
2011-07-10 05:00:00,3,0,0,1,27.06,31.06,74,10.291945825281301,1,5,7
2011-07-10 06:00:00,3,0,0,1,26.24,29.545,78,6.0032,0,6,7
2011-07-10 07:00:00,3,0,0,1,28.7,32.575,70,6.0032,0,7,7
2011-07-10 08:00:00,3,0,0,1,29.52,34.09,66,12.254108699060186,1,8,7
2011-07-10 09:00:00,3,0,0,1,30.34,34.85,66,6.0032,0,9,7
2011-07-10 10:00:00,3,0,0,1,31.16,34.85,55,8.9981,0,10,7
2011-07-10 11:00:00,3,0,0,1,31.98,36.365,55,12.998,0,11,7
2011-07-10 12:00:00,3,0,0,1,33.62,37.88,46,19.0012,0,12,7
2011-07-10 13:00:00,3,0,0,1,32.8,36.365,46,19.9995,0,13,7
2011-07-10 14:00:00,3,0,0,1,33.62,37.12,41,22.0028,0,14,7
2011-07-10 15:00:00,3,0,0,1,34.44,37.12,39,19.0012,0,15,7
2011-07-10 16:00:00,3,0,0,1,34.44,37.88,41,19.0012,0,16,7
2011-07-10 17:00:00,3,0,0,1,34.44,37.12,36,15.0013,0,17,7
2011-07-10 18:00:00,3,0,0,1,33.62,37.12,43,19.0012,0,18,7
2011-07-10 19:00:00,3,0,0,1,32.8,37.12,49,22.0028,0,19,7
2011-07-10 20:00:00,3,0,0,1,31.16,34.85,55,12.998,0,20,7
2011-07-10 21:00:00,3,0,0,1,30.34,34.09,62,16.9979,0,21,7
2011-07-10 22:00:00,3,0,0,1,30.34,34.85,66,15.0013,0,22,7
2011-07-10 23:00:00,3,0,0,1,29.52,34.09,66,16.9979,0,23,7
2011-07-11 00:00:00,3,0,1,1,28.7,32.575,65,12.998,0,0,7
2011-07-11 01:00:00,3,0,1,1,28.7,32.575,61,19.0012,0,1,7
2011-07-11 02:00:00,3,0,1,1,28.7,32.575,61,15.0013,0,2,7
2011-07-11 03:00:00,3,0,1,1,27.88,31.82,65,11.0014,0,3,7
2011-07-11 04:00:00,3,0,1,1,27.06,31.06,74,15.0013,0,4,7
2011-07-11 05:00:00,3,0,1,1,27.06,31.06,74,8.9981,0,5,7
2011-07-11 06:00:00,3,0,1,1,27.88,31.82,74,12.998,0,6,7
2011-07-11 07:00:00,3,0,1,1,28.7,33.335,74,16.9979,0,7,7
2011-07-11 08:00:00,3,0,1,1,30.34,34.85,66,19.0012,0,8,7
2011-07-11 09:00:00,3,0,1,1,31.98,37.12,59,19.9995,0,9,7
2011-07-11 10:00:00,3,0,1,1,32.8,37.88,55,23.9994,0,10,7
2011-07-11 11:00:00,3,0,1,1,33.62,39.395,56,19.9995,0,11,7
2011-07-11 12:00:00,3,0,1,1,34.44,40.15,53,19.0012,0,12,7
2011-07-11 13:00:00,3,0,1,1,35.26,40.91,50,16.9979,0,13,7
2011-07-11 14:00:00,3,0,1,1,35.26,41.665,53,19.0012,0,14,7
2011-07-11 15:00:00,3,0,1,1,35.26,42.425,56,27.9993,0,15,7
2011-07-11 16:00:00,3,0,1,1,35.26,42.425,56,26.0027,0,16,7
2011-07-11 17:00:00,3,0,1,1,35.26,42.425,56,27.9993,0,17,7
2011-07-11 18:00:00,3,0,1,1,35.26,41.665,53,26.0027,0,18,7
2011-07-11 19:00:00,3,0,1,1,34.44,41.665,59,22.0028,0,19,7
2011-07-11 20:00:00,3,0,1,1,29.52,34.85,74,27.9993,0,20,7
2011-07-11 21:00:00,3,0,1,1,28.7,33.335,79,27.9993,0,21,7
2011-07-11 22:00:00,3,0,1,1,29.52,34.85,74,8.9981,0,22,7
2011-07-11 23:00:00,3,0,1,1,28.7,33.335,79,8.9981,0,23,7
2011-07-12 00:00:00,3,0,1,1,28.7,33.335,79,8.9981,0,0,7
2011-07-12 01:00:00,3,0,1,1,28.7,33.335,79,6.0032,0,1,7
2011-07-12 02:00:00,3,0,1,1,28.7,33.335,79,7.0015,0,2,7
2011-07-12 03:00:00,3,0,1,2,28.7,33.335,79,9.760811860568037,1,3,7
2011-07-12 04:00:00,3,0,1,1,28.7,33.335,79,11.0014,0,4,7
2011-07-12 05:00:00,3,0,1,1,28.7,33.335,79,6.0032,0,5,7
2011-07-12 06:00:00,3,0,1,1,30.34,34.09,58,15.0013,0,6,7
2011-07-12 07:00:00,3,0,1,1,31.16,34.85,55,12.998,0,7,7
2011-07-12 08:00:00,3,0,1,1,31.16,35.605,58,15.0013,0,8,7
2011-07-12 09:00:00,3,0,1,1,31.98,36.365,55,32.9975,0,9,7
2011-07-12 10:00:00,3,0,1,1,33.62,38.635,52,11.0014,0,10,7
2011-07-12 11:00:00,3,0,1,1,33.62,38.635,52,11.0014,0,11,7
2011-07-12 12:00:00,3,0,1,1,35.26,39.395,44,19.9995,0,12,7
2011-07-12 13:00:00,3,0,1,1,35.26,40.15,47,15.0013,0,13,7
2011-07-12 14:00:00,3,0,1,1,36.9,42.425,42,19.9995,0,14,7
2011-07-12 15:00:00,3,0,1,1,36.9,42.425,42,23.9994,0,15,7
2011-07-12 16:00:00,3,0,1,1,35.26,39.395,44,19.0012,0,16,7
2011-07-12 17:00:00,3,0,1,1,36.08,40.91,44,19.0012,0,17,7
2011-07-12 18:00:00,3,0,1,1,35.26,40.15,47,19.9995,0,18,7
2011-07-12 19:00:00,3,0,1,1,34.44,37.88,44,19.0012,0,19,7
2011-07-12 20:00:00,3,0,1,1,33.62,37.12,43,12.998,0,20,7
2011-07-12 21:00:00,3,0,1,1,33.62,37.12,43,7.0015,0,21,7
2011-07-12 22:00:00,3,0,1,1,32.8,36.365,46,8.9981,0,22,7
2011-07-12 23:00:00,3,0,1,1,31.98,35.605,52,12.189710693435922,1,23,7
2011-07-13 00:00:00,3,0,1,1,31.16,35.605,62,10.793676952657117,1,0,7
2011-07-13 01:00:00,3,0,1,1,31.16,34.85,55,10.486225446196165,1,1,7
2011-07-13 02:00:00,3,0,1,1,31.16,34.85,55,10.497619194691763,1,2,7
2011-07-13 03:00:00,3,0,1,1,30.34,34.09,58,12.998,0,3,7
2011-07-13 04:00:00,3,0,1,1,30.34,34.09,58,16.9979,0,4,7
2011-07-13 05:00:00,3,0,1,1,30.34,34.09,58,12.998,0,5,7
2011-07-13 06:00:00,3,0,1,1,30.34,34.09,58,11.0014,0,6,7
2011-07-13 07:00:00,3,0,1,1,31.16,34.85,55,16.9979,0,7,7
2011-07-13 08:00:00,3,0,1,1,32.8,37.12,49,16.9979,0,8,7
2011-07-13 09:00:00,3,0,1,1,33.62,37.12,41,12.998,0,9,7
2011-07-13 10:00:00,3,0,1,1,33.62,37.88,46,12.998,0,10,7
2011-07-13 11:00:00,3,0,1,1,34.44,37.12,39,11.0014,0,11,7
2011-07-13 12:00:00,3,0,1,1,34.44,37.88,41,19.0012,0,12,7
2011-07-13 13:00:00,3,0,1,3,33.62,37.88,46,8.9981,0,13,7
2011-07-13 14:00:00,3,0,1,3,33.62,37.88,46,8.9981,0,14,7
2011-07-13 15:00:00,3,0,1,3,26.24,28.03,94,8.9981,0,15,7
2011-07-13 16:00:00,3,0,1,2,27.06,29.545,89,14.182953742875142,1,16,7
2011-07-13 17:00:00,3,0,1,1,28.7,33.335,79,13.18841301348971,1,17,7
2011-07-13 18:00:00,3,0,1,1,29.52,34.85,79,8.9981,0,18,7
2011-07-13 19:00:00,3,0,1,1,28.7,33.335,79,7.0015,0,19,7
2011-07-13 20:00:00,3,0,1,1,28.7,33.335,84,11.0014,0,20,7
2011-07-13 21:00:00,3,0,1,1,28.7,33.335,79,7.0015,0,21,7
2011-07-13 22:00:00,3,0,1,1,27.88,31.82,83,12.998,0,22,7
2011-07-13 23:00:00,3,0,1,1,27.06,30.305,83,16.9979,0,23,7
2011-07-14 00:00:00,3,0,1,1,27.06,31.06,69,19.9995,0,0,7
2011-07-14 01:00:00,3,0,1,1,27.06,31.06,61,16.9979,0,1,7
2011-07-14 02:00:00,3,0,1,1,26.24,31.06,57,19.9995,0,2,7
2011-07-14 03:00:00,3,0,1,1,25.42,31.06,57,19.9995,0,3,7
2011-07-14 04:00:00,3,0,1,1,25.42,31.06,53,16.9979,0,4,7
2011-07-14 05:00:00,3,0,1,1,24.6,31.06,56,15.0013,0,5,7
2011-07-14 06:00:00,3,0,1,1,24.6,30.305,60,15.0013,0,6,7
2011-07-14 07:00:00,3,0,1,1,25.42,31.06,53,16.9979,0,7,7
2011-07-14 08:00:00,3,0,1,1,26.24,31.06,50,23.9994,0,8,7
2011-07-14 09:00:00,3,0,1,1,27.88,31.82,47,19.0012,0,9,7
2011-07-14 10:00:00,3,0,1,1,28.7,31.82,42,16.9979,0,10,7
2011-07-14 11:00:00,3,0,1,1,29.52,32.575,37,15.0013,0,11,7
2011-07-14 12:00:00,3,0,1,1,30.34,32.575,35,16.9979,0,12,7
2011-07-14 13:00:00,3,0,1,1,31.16,33.335,33,22.0028,0,13,7
2011-07-14 14:00:00,3,0,1,1,30.34,32.575,35,19.0012,0,14,7
2011-07-14 15:00:00,3,0,1,1,31.16,33.335,33,19.9995,0,15,7
2011-07-14 16:00:00,3,0,1,1,31.16,33.335,33,8.9981,0,16,7
2011-07-14 17:00:00,3,0,1,1,30.34,32.575,37,8.9981,0,17,7
2011-07-14 18:00:00,3,0,1,1,29.52,32.575,42,12.998,0,18,7
2011-07-14 19:00:00,3,0,1,1,29.52,32.575,39,15.0013,0,19,7
2011-07-14 20:00:00,3,0,1,1,28.7,31.82,42,15.0013,0,20,7
2011-07-14 21:00:00,3,0,1,1,27.06,31.06,50,8.9981,0,21,7
2011-07-14 22:00:00,3,0,1,1,26.24,31.06,57,6.0032,0,22,7
2011-07-14 23:00:00,3,0,1,1,26.24,30.305,65,16.9979,0,23,7
2011-07-15 00:00:00,3,0,1,1,25.42,29.545,73,15.0013,0,0,7
2011-07-15 01:00:00,3,0,1,1,25.42,29.545,73,12.998,0,1,7
2011-07-15 02:00:00,3,0,1,1,24.6,28.79,78,11.0014,0,2,7
2011-07-15 03:00:00,3,0,1,1,24.6,29.545,73,12.998,0,3,7
2011-07-15 04:00:00,3,0,1,1,24.6,29.545,73,11.0014,0,4,7
2011-07-15 05:00:00,3,0,1,1,24.6,29.545,73,8.9981,0,5,7
2011-07-15 06:00:00,3,0,1,2,24.6,29.545,73,7.0015,0,6,7
2011-07-15 07:00:00,3,0,1,1,26.24,30.305,65,7.0015,0,7,7
2011-07-15 08:00:00,3,0,1,1,26.24,30.305,65,16.9979,0,8,7
2011-07-15 09:00:00,3,0,1,1,27.88,31.82,54,12.998,0,9,7
2011-07-15 10:00:00,3,0,1,2,27.06,31.06,61,11.0014,0,10,7
2011-07-15 11:00:00,3,0,1,1,28.7,32.575,54,8.9981,0,11,7
2011-07-15 12:00:00,3,0,1,1,28.7,32.575,48,12.998,0,12,7
2011-07-15 13:00:00,3,0,1,1,28.7,32.575,54,12.998,0,13,7
2011-07-15 14:00:00,3,0,1,1,28.7,32.575,51,12.998,0,14,7
2011-07-15 15:00:00,3,0,1,1,29.52,32.575,45,11.0014,0,15,7
2011-07-15 16:00:00,3,0,1,1,29.52,33.335,51,12.998,0,16,7
2011-07-15 17:00:00,3,0,1,1,30.34,33.335,42,16.9979,0,17,7
2011-07-15 18:00:00,3,0,1,1,29.52,32.575,45,15.0013,0,18,7
2011-07-15 19:00:00,3,0,1,1,28.7,31.82,45,15.0013,0,19,7
2011-07-15 20:00:00,3,0,1,1,28.7,32.575,51,15.0013,0,20,7
2011-07-15 21:00:00,3,0,1,1,27.06,31.06,54,7.0015,0,21,7
2011-07-15 22:00:00,3,0,1,1,27.06,31.06,57,15.0013,0,22,7
2011-07-15 23:00:00,3,0,1,1,26.24,31.06,61,11.0014,0,23,7
2011-07-16 00:00:00,3,0,0,1,25.42,30.305,65,12.998,0,0,7
2011-07-16 01:00:00,3,0,0,1,24.6,29.545,69,7.0015,0,1,7
2011-07-16 02:00:00,3,0,0,1,24.6,29.545,73,8.9981,0,2,7
2011-07-16 03:00:00,3,0,0,1,24.6,28.79,78,8.9981,0,3,7
2011-07-16 04:00:00,3,0,0,1,24.6,29.545,73,6.0032,0,4,7
2011-07-16 05:00:00,3,0,0,1,23.78,27.275,78,6.0032,0,5,7
2011-07-16 06:00:00,3,0,0,1,24.6,28.79,78,11.0014,0,6,7
2011-07-16 07:00:00,3,0,0,1,25.42,29.545,73,8.9981,0,7,7
2011-07-16 08:00:00,3,0,0,1,27.06,31.06,65,11.0014,0,8,7
2011-07-16 09:00:00,3,0,0,1,28.7,32.575,54,15.0013,0,9,7
2011-07-16 10:00:00,3,0,0,1,29.52,33.335,54,12.998,0,10,7
2011-07-16 11:00:00,3,0,0,1,30.34,33.335,48,15.0013,0,11,7
2011-07-16 12:00:00,3,0,0,1,31.16,34.09,43,19.0012,0,12,7
2011-07-16 13:00:00,3,0,0,1,31.16,34.09,45,19.9995,0,13,7
2011-07-16 14:00:00,3,0,0,1,30.34,33.335,45,19.9995,0,14,7
2011-07-16 15:00:00,3,0,0,1,31.16,34.09,45,22.0028,0,15,7
2011-07-16 16:00:00,3,0,0,1,31.16,34.09,45,19.0012,0,16,7
2011-07-16 17:00:00,3,0,0,1,31.16,34.09,45,15.0013,0,17,7
2011-07-16 18:00:00,3,0,0,1,31.16,34.09,45,19.0012,0,18,7
2011-07-16 19:00:00,3,0,0,1,30.34,34.09,48,12.998,0,19,7
2011-07-16 20:00:00,3,0,0,1,29.52,33.335,51,15.0013,0,20,7
2011-07-16 21:00:00,3,0,0,1,28.7,32.575,58,15.0013,0,21,7
2011-07-16 22:00:00,3,0,0,1,28.7,32.575,65,19.0012,0,22,7
2011-07-16 23:00:00,3,0,0,1,27.88,31.82,61,15.0013,0,23,7
2011-07-17 00:00:00,3,0,0,1,27.06,31.06,65,15.0013,0,0,7
2011-07-17 01:00:00,3,0,0,1,26.24,30.305,69,12.998,0,1,7
2011-07-17 02:00:00,3,0,0,1,26.24,30.305,69,15.0013,0,2,7
2011-07-17 03:00:00,3,0,0,1,26.24,30.305,69,15.0013,0,3,7
2011-07-17 04:00:00,3,0,0,1,25.42,29.545,73,11.0014,0,4,7
2011-07-17 05:00:00,3,0,0,1,26.24,30.305,69,15.0013,0,5,7
2011-07-17 06:00:00,3,0,0,1,25.42,29.545,73,11.0014,0,6,7
2011-07-17 07:00:00,3,0,0,1,26.24,30.305,73,11.0014,0,7,7
2011-07-17 08:00:00,3,0,0,1,27.88,31.82,65,15.0013,0,8,7
2011-07-17 09:00:00,3,0,0,1,29.52,33.335,58,15.0013,0,9,7
2011-07-17 10:00:00,3,0,0,1,30.34,34.09,60,15.0013,0,10,7
2011-07-17 11:00:00,3,0,0,1,31.16,34.85,55,19.0012,0,11,7
2011-07-17 12:00:00,3,0,0,1,31.16,34.85,55,19.0012,0,12,7
2011-07-17 13:00:00,3,0,0,1,32.8,37.12,49,19.9995,0,13,7
2011-07-17 14:00:00,3,0,0,1,32.8,37.12,49,23.9994,0,14,7
2011-07-17 15:00:00,3,0,0,1,33.62,37.12,43,19.9995,0,15,7
2011-07-17 16:00:00,3,0,0,1,32.8,36.365,46,19.9995,0,16,7
2011-07-17 17:00:00,3,0,0,1,32.8,37.12,49,26.0027,0,17,7
2011-07-17 18:00:00,3,0,0,1,32.8,36.365,46,19.9995,0,18,7
2011-07-17 19:00:00,3,0,0,1,31.16,34.85,55,19.0012,0,19,7
2011-07-17 20:00:00,3,0,0,1,31.16,35.605,58,16.9979,0,20,7
2011-07-17 21:00:00,3,0,0,1,30.34,34.09,62,15.0013,0,21,7
2011-07-17 22:00:00,3,0,0,1,29.52,34.09,66,15.0013,0,22,7
2011-07-17 23:00:00,3,0,0,1,28.7,33.335,74,8.9981,0,23,7
2011-07-18 00:00:00,3,0,1,1,28.7,33.335,74,8.9981,0,0,7
2011-07-18 01:00:00,3,0,1,1,28.7,33.335,74,15.0013,0,1,7
2011-07-18 02:00:00,3,0,1,1,27.06,30.305,83,15.0013,0,2,7
2011-07-18 03:00:00,3,0,1,1,27.06,30.305,78,12.998,0,3,7
2011-07-18 04:00:00,3,0,1,1,26.24,29.545,78,11.0014,0,4,7
2011-07-18 05:00:00,3,0,1,1,26.24,29.545,78,7.0015,0,5,7
2011-07-18 06:00:00,3,0,1,1,26.24,28.79,83,7.0015,0,6,7
2011-07-18 07:00:00,3,0,1,1,27.88,31.82,74,15.0013,0,7,7
2011-07-18 08:00:00,3,0,1,1,28.7,32.575,70,12.998,0,8,7
2011-07-18 09:00:00,3,0,1,1,30.34,34.85,67,15.0013,0,9,7
2011-07-18 10:00:00,3,0,1,1,31.16,35.605,62,12.998,0,10,7
2011-07-18 11:00:00,3,0,1,1,32.8,37.88,55,6.0032,0,11,7
2011-07-18 12:00:00,3,0,1,1,32.8,38.635,59,12.998,0,12,7
2011-07-18 13:00:00,3,0,1,1,33.62,39.395,56,16.9979,0,13,7
2011-07-18 14:00:00,3,0,1,1,33.62,39.395,56,22.0028,0,14,7
2011-07-18 15:00:00,3,0,1,1,34.44,40.15,53,22.0028,0,15,7
2011-07-18 16:00:00,3,0,1,1,34.44,40.15,53,19.0012,0,16,7
2011-07-18 17:00:00,3,0,1,1,34.44,39.395,49,22.0028,0,17,7
2011-07-18 18:00:00,3,0,1,1,33.62,38.635,49,23.9994,0,18,7
2011-07-18 19:00:00,3,0,1,1,32.8,37.88,55,15.0013,0,19,7
2011-07-18 20:00:00,3,0,1,1,31.98,37.12,59,15.0013,0,20,7
2011-07-18 21:00:00,3,0,1,1,30.34,34.85,66,12.998,0,21,7
2011-07-18 22:00:00,3,0,1,1,31.16,36.365,66,15.0013,0,22,7
2011-07-18 23:00:00,3,0,1,1,30.34,34.85,66,11.0014,0,23,7
2011-07-19 00:00:00,3,0,1,1,30.34,34.85,66,7.0015,0,0,7
2011-07-19 01:00:00,3,0,1,2,30.34,34.85,66,8.9981,0,1,7
2011-07-19 02:00:00,3,0,1,1,29.52,34.09,70,11.0014,0,2,7
2011-07-19 03:00:00,3,0,1,1,29.52,34.09,70,11.0014,0,3,7
2011-07-19 04:00:00,3,0,1,1,29.52,34.09,70,8.9981,0,4,7
2011-07-19 05:00:00,3,0,1,2,28.7,33.335,74,7.0015,0,5,7
2011-07-19 06:00:00,3,0,1,2,29.52,34.85,74,7.0015,0,6,7
2011-07-19 07:00:00,3,0,1,2,30.34,34.85,70,11.0014,0,7,7
2011-07-19 08:00:00,3,0,1,2,31.16,36.365,70,11.0014,0,8,7
2011-07-19 09:00:00,3,0,1,2,32.8,39.395,63,8.9981,0,9,7
2011-07-19 10:00:00,3,0,1,2,33.62,39.395,56,11.0014,0,10,7
2011-07-19 11:00:00,3,0,1,1,33.62,40.15,59,15.194987498813957,1,11,7
2011-07-19 12:00:00,3,0,1,1,34.44,40.91,56,6.0032,0,12,7
2011-07-19 13:00:00,3,0,1,1,35.26,41.665,53,7.0015,0,13,7
2011-07-19 14:00:00,3,0,1,1,35.26,40.91,50,12.998,0,14,7
2011-07-19 15:00:00,3,0,1,1,36.08,40.91,44,12.998,0,15,7
2011-07-19 16:00:00,3,0,1,1,36.9,42.425,42,19.9995,0,16,7
2011-07-19 17:00:00,3,0,1,1,32.8,40.15,66,13.902350314357834,1,17,7
2011-07-19 18:00:00,3,0,1,1,32.8,40.15,66,8.9981,0,18,7
2011-07-19 19:00:00,3,0,1,1,31.16,37.12,75,12.998,0,19,7
2011-07-19 20:00:00,3,0,1,1,30.34,36.365,74,6.0032,0,20,7
2011-07-19 21:00:00,3,0,1,1,30.34,35.605,74,8.9981,0,21,7
2011-07-19 22:00:00,3,0,1,1,30.34,35.605,74,12.131023795638724,1,22,7
2011-07-19 23:00:00,3,0,1,3,29.52,34.85,79,11.0014,0,23,7
2011-08-01 00:00:00,3,0,1,1,29.52,34.09,70,15.0013,0,0,8
2011-08-01 01:00:00,3,0,1,1,29.52,34.85,74,12.998,0,1,8
2011-08-01 02:00:00,3,0,1,1,28.7,33.335,74,7.0015,0,2,8
2011-08-01 03:00:00,3,0,1,1,28.7,33.335,79,11.0014,0,3,8
2011-08-01 04:00:00,3,0,1,1,27.06,30.305,83,8.9981,0,4,8
2011-08-01 05:00:00,3,0,1,1,27.06,30.305,83,7.0015,0,5,8
2011-08-01 06:00:00,3,0,1,1,27.06,30.305,83,6.0032,0,6,8
2011-08-01 07:00:00,3,0,1,1,30.34,34.09,62,13.20231747188089,1,7,8
2011-08-01 08:00:00,3,0,1,1,32.8,36.365,43,12.998,0,8,8
2011-08-01 09:00:00,3,0,1,1,33.62,37.12,41,15.184547567234443,1,9,8
2011-08-01 10:00:00,3,0,1,1,35.26,37.88,36,11.0014,0,10,8
2011-08-01 11:00:00,3,0,1,1,36.08,38.635,32,11.0014,0,11,8
2011-08-01 12:00:00,3,0,1,1,36.9,40.15,33,16.9979,0,12,8
2011-08-01 13:00:00,3,0,1,1,36.9,40.15,31,19.9995,0,13,8
2011-08-01 14:00:00,3,0,1,1,37.72,40.91,29,12.998,0,14,8
2011-08-01 15:00:00,3,0,1,1,36.9,39.395,27,17.20700617658306,1,15,8
2011-08-01 16:00:00,3,0,1,1,36.9,39.395,27,16.97045873822364,1,16,8
2011-08-01 17:00:00,3,0,1,1,31.16,34.09,45,19.9995,0,17,8
2011-08-01 18:00:00,3,0,1,1,31.98,34.85,43,12.998,0,18,8
2011-08-01 19:00:00,3,0,1,1,30.34,33.335,51,15.0013,0,19,8
2011-08-01 20:00:00,3,0,1,1,29.52,34.09,62,15.0013,0,20,8
2011-08-01 21:00:00,3,0,1,1,28.7,32.575,70,16.9979,0,21,8
2011-08-01 22:00:00,3,0,1,1,28.7,32.575,70,6.0032,0,22,8
2011-08-01 23:00:00,3,0,1,1,27.88,31.82,74,12.998,0,23,8
2011-08-02 00:00:00,3,0,1,1,27.06,31.06,74,11.181696431190664,1,0,8
2011-08-02 01:00:00,3,0,1,1,27.06,31.06,74,7.0015,0,1,8
2011-08-02 02:00:00,3,0,1,1,27.88,31.82,69,12.214409759755192,1,2,8
2011-08-02 03:00:00,3,0,1,1,27.06,31.06,74,12.998,0,3,8
2011-08-02 04:00:00,3,0,1,1,27.06,31.06,74,7.0015,0,4,8
2011-08-02 05:00:00,3,0,1,1,27.06,31.06,74,8.9981,0,5,8
2011-08-02 06:00:00,3,0,1,1,27.88,31.82,69,7.0015,0,6,8
2011-08-02 07:00:00,3,0,1,1,29.52,33.335,61,19.0012,0,7,8
2011-08-02 08:00:00,3,0,1,1,30.34,34.09,58,19.0012,0,8,8
2011-08-02 09:00:00,3,0,1,1,31.98,34.85,46,19.9995,0,9,8
2011-08-02 10:00:00,3,0,1,1,33.62,36.365,36,19.9995,0,10,8
2011-08-02 11:00:00,3,0,1,1,34.44,36.365,32,27.9993,0,11,8
2011-08-02 12:00:00,3,0,1,1,35.26,37.12,30,19.0012,0,12,8
2011-08-02 13:00:00,3,0,1,1,35.26,37.12,30,15.0013,0,13,8
2011-08-02 14:00:00,3,0,1,1,36.9,38.635,25,19.0012,0,14,8
2011-08-02 15:00:00,3,0,1,1,36.9,38.635,25,19.0012,0,15,8
2011-08-02 16:00:00,3,0,1,1,36.9,38.635,25,19.0012,0,16,8
2011-08-02 17:00:00,3,0,1,2,36.9,39.395,27,8.9981,0,17,8
2011-08-02 18:00:00,3,0,1,2,35.26,37.88,34,12.998,0,18,8
2011-08-02 19:00:00,3,0,1,2,35.26,37.88,36,15.0013,0,19,8
2011-08-02 20:00:00,3,0,1,2,33.62,37.88,46,16.9979,0,20,8
2011-08-02 21:00:00,3,0,1,1,32.8,37.12,52,15.0013,0,21,8
2011-08-02 22:00:00,3,0,1,2,31.98,37.12,59,11.0014,0,22,8
2011-08-02 23:00:00,3,0,1,2,32.8,37.12,49,11.0014,0,23,8
2011-08-03 00:00:00,3,0,1,2,32.8,37.12,49,11.0014,0,0,8
2011-08-03 01:00:00,3,0,1,2,31.98,35.605,52,11.0014,0,1,8
2011-08-03 02:00:00,3,0,1,2,31.98,35.605,49,11.0014,0,2,8
2011-08-03 03:00:00,3,0,1,2,31.16,34.85,55,6.0032,0,3,8
2011-08-03 04:00:00,3,0,1,2,31.16,34.85,52,11.0014,0,4,8
2011-08-03 05:00:00,3,0,1,2,31.16,34.85,55,6.0032,0,5,8
2011-08-03 06:00:00,3,0,1,3,29.52,34.09,66,32.9975,0,6,8
2011-08-03 07:00:00,3,0,1,2,30.34,33.335,51,15.0013,0,7,8
2011-08-03 08:00:00,3,0,1,2,30.34,33.335,51,11.0014,0,8,8
2011-08-03 09:00:00,3,0,1,2,30.34,34.09,55,12.998,0,9,8
2011-08-03 10:00:00,3,0,1,3,30.34,34.09,58,6.0032,0,10,8
2011-08-03 11:00:00,3,0,1,2,30.34,34.09,58,7.0015,0,11,8
2011-08-03 12:00:00,3,0,1,3,31.16,34.85,55,8.9981,0,12,8
2011-08-03 13:00:00,3,0,1,2,31.16,35.605,58,15.0013,0,13,8
2011-08-03 14:00:00,3,0,1,2,31.16,35.605,58,15.0013,0,14,8
2011-08-03 15:00:00,3,0,1,2,28.7,33.335,79,8.9981,0,15,8
2011-08-03 16:00:00,3,0,1,3,27.88,31.82,79,17.667500325661834,1,16,8
2011-08-03 17:00:00,3,0,1,2,28.7,33.335,79,14.540886658685395,1,17,8
2011-08-03 18:00:00,3,0,1,3,28.7,33.335,84,17.503746731603968,1,18,8
2011-08-03 19:00:00,3,0,1,3,28.7,33.335,84,17.43730493046134,1,19,8
2011-08-03 20:00:00,3,0,1,3,28.7,33.335,84,7.0015,0,20,8
2011-08-03 21:00:00,3,0,1,2,27.88,31.82,89,8.9981,0,21,8
2011-08-03 22:00:00,3,0,1,3,27.88,31.82,89,7.0015,0,22,8
2011-08-03 23:00:00,3,0,1,2,27.88,31.82,89,6.0032,0,23,8
2011-08-04 00:00:00,3,0,1,2,27.88,31.82,89,6.0032,0,0,8
2011-08-04 01:00:00,3,0,1,2,27.06,29.545,94,6.0032,0,1,8
2011-08-04 02:00:00,3,0,1,2,27.06,29.545,94,6.0032,0,2,8
2011-08-04 03:00:00,3,0,1,3,27.06,29.545,94,6.0032,0,3,8
2011-08-04 04:00:00,3,0,1,2,27.88,31.82,89,11.430993395582139,1,4,8
2011-08-04 05:00:00,3,0,1,2,27.88,31.82,89,11.664694464751571,1,5,8
2011-08-04 06:00:00,3,0,1,2,27.88,31.82,89,19.9995,0,6,8
2011-08-04 07:00:00,3,0,1,2,27.88,31.82,89,19.9995,0,7,8
2011-08-04 08:00:00,3,0,1,2,28.7,32.575,82,23.9994,0,8,8
2011-08-04 09:00:00,3,0,1,1,29.52,34.85,74,22.0028,0,9,8
2011-08-04 10:00:00,3,0,1,1,29.52,33.335,71,19.9995,0,10,8
2011-08-04 11:00:00,3,0,1,2,30.34,34.85,66,15.0013,0,11,8
2011-08-04 12:00:00,3,0,1,2,31.16,35.605,62,15.0013,0,12,8
2011-08-04 13:00:00,3,0,1,1,31.16,35.605,58,15.567996584562033,1,13,8
2011-08-04 14:00:00,3,0,1,1,32.8,37.88,55,11.0014,0,14,8
2011-08-04 15:00:00,3,0,1,1,32.8,37.88,55,16.9979,0,15,8
2011-08-04 16:00:00,3,0,1,1,31.16,35.605,62,22.0028,0,16,8
2011-08-04 17:00:00,3,0,1,1,31.16,35.605,62,22.0028,0,17,8
2011-08-04 18:00:00,3,0,1,1,28.7,33.335,74,19.9995,0,18,8
2011-08-04 19:00:00,3,0,1,1,28.7,33.335,74,19.0012,0,19,8
2011-08-04 20:00:00,3,0,1,2,28.7,33.335,74,12.998,0,20,8
2011-08-04 21:00:00,3,0,1,2,28.7,33.335,74,12.998,0,21,8
2011-08-04 22:00:00,3,0,1,1,27.88,31.82,74,12.998,0,22,8
2011-08-04 23:00:00,3,0,1,1,27.06,31.06,74,7.0015,0,23,8
2011-08-05 00:00:00,3,0,1,1,27.06,31.06,74,7.0015,0,0,8
2011-08-05 01:00:00,3,0,1,1,26.24,29.545,78,6.0032,0,1,8
2011-08-05 02:00:00,3,0,1,1,27.06,31.06,69,11.54740601812931,1,2,8
2011-08-05 03:00:00,3,0,1,1,26.24,29.545,78,6.0032,0,3,8
2011-08-05 04:00:00,3,0,1,1,26.24,29.545,78,8.9981,0,4,8
2011-08-05 05:00:00,3,0,1,1,26.24,29.545,78,6.0032,0,5,8
2011-08-05 06:00:00,3,0,1,1,26.24,29.545,78,8.9981,0,6,8
2011-08-05 07:00:00,3,0,1,1,27.06,30.305,78,8.9981,0,7,8
2011-08-05 08:00:00,3,0,1,1,28.7,32.575,65,15.0013,0,8,8
2011-08-05 09:00:00,3,0,1,1,29.52,33.335,58,7.0015,0,9,8
2011-08-05 10:00:00,3,0,1,1,30.34,34.09,55,8.9981,0,10,8
2011-08-05 11:00:00,3,0,1,2,31.16,34.85,52,16.9979,0,11,8
2011-08-05 12:00:00,3,0,1,1,31.16,34.85,52,16.9979,0,12,8
2011-08-05 13:00:00,3,0,1,1,31.98,35.605,52,16.9979,0,13,8
2011-08-05 14:00:00,3,0,1,2,31.98,35.605,52,16.9979,0,14,8
2011-08-05 15:00:00,3,0,1,1,31.16,34.85,55,16.9979,0,15,8
2011-08-05 16:00:00,3,0,1,1,32.8,37.12,49,16.9979,0,16,8
2011-08-05 17:00:00,3,0,1,1,31.98,35.605,49,19.9995,0,17,8
2011-08-05 18:00:00,3,0,1,1,31.16,34.85,52,16.9979,0,18,8
2011-08-05 19:00:00,3,0,1,1,30.34,34.09,55,16.9979,0,19,8
2011-08-05 20:00:00,3,0,1,1,29.52,33.335,58,15.0013,0,20,8
2011-08-05 21:00:00,3,0,1,1,28.7,32.575,65,12.998,0,21,8
2011-08-05 22:00:00,3,0,1,1,28.7,32.575,65,15.0013,0,22,8
2011-08-05 23:00:00,3,0,1,1,27.88,31.82,69,15.0013,0,23,8
2011-08-06 00:00:00,3,0,0,1,27.06,30.305,78,12.998,0,0,8
2011-08-06 01:00:00,3,0,0,1,27.06,30.305,78,11.0014,0,1,8
2011-08-06 02:00:00,3,0,0,1,27.06,30.305,78,15.0013,0,2,8
2011-08-06 03:00:00,3,0,0,2,27.06,30.305,78,11.0014,0,3,8
2011-08-06 04:00:00,3,0,0,2,27.06,30.305,83,11.0014,0,4,8
2011-08-06 05:00:00,3,0,0,1,26.24,28.79,89,6.0032,0,5,8
2011-08-06 06:00:00,3,0,0,1,26.24,28.79,89,7.0015,0,6,8
2011-08-06 07:00:00,3,0,0,1,27.88,31.82,83,11.0014,0,7,8
2011-08-06 08:00:00,3,0,0,1,27.88,31.82,83,11.0014,0,8,8
2011-08-06 09:00:00,3,0,0,1,30.34,34.85,70,15.0013,0,9,8
2011-08-06 10:00:00,3,0,0,2,30.34,34.85,70,19.0012,0,10,8
2011-08-06 11:00:00,3,0,0,1,31.98,37.12,62,15.0013,0,11,8
2011-08-06 12:00:00,3,0,0,1,32.8,37.88,55,15.0013,0,12,8
2011-08-06 13:00:00,3,0,0,2,32.8,38.635,59,22.0028,0,13,8
2011-08-06 14:00:00,3,0,0,1,33.62,38.635,52,16.9979,0,14,8
2011-08-06 15:00:00,3,0,0,2,34.44,40.15,53,16.9979,0,15,8
2011-08-06 16:00:00,3,0,0,3,30.34,35.605,79,11.0014,0,16,8
2011-08-06 17:00:00,3,0,0,3,30.34,35.605,79,11.0014,0,17,8
2011-08-06 18:00:00,3,0,0,2,29.52,34.85,79,30.0026,0,18,8
2011-08-06 19:00:00,3,0,0,3,29.52,35.605,84,16.9979,0,19,8
2011-08-06 20:00:00,3,0,0,3,29.52,34.85,79,19.0012,0,20,8
2011-08-06 21:00:00,3,0,0,2,28.7,33.335,84,22.0028,0,21,8
2011-08-06 22:00:00,3,0,0,2,28.7,33.335,84,22.0028,0,22,8
2011-08-06 23:00:00,3,0,0,3,28.7,33.335,84,19.0012,0,23,8
2011-08-07 00:00:00,3,0,0,2,28.7,33.335,84,19.0012,0,0,8
2011-08-07 01:00:00,3,0,0,2,28.7,33.335,84,16.9979,0,1,8
2011-08-07 02:00:00,3,0,0,2,28.7,33.335,84,15.0013,0,2,8
2011-08-07 03:00:00,3,0,0,2,28.7,33.335,84,8.9981,0,3,8
2011-08-07 04:00:00,3,0,0,1,28.7,33.335,84,8.9981,0,4,8
2011-08-07 05:00:00,3,0,0,1,28.7,33.335,89,12.998,0,5,8
2011-08-07 06:00:00,3,0,0,1,28.7,33.335,89,11.0014,0,6,8
2011-08-07 07:00:00,3,0,0,1,28.7,33.335,84,12.998,0,7,8
2011-08-07 08:00:00,3,0,0,1,29.52,34.85,79,12.998,0,8,8
2011-08-07 09:00:00,3,0,0,1,31.16,37.12,75,7.0015,0,9,8
2011-08-07 10:00:00,3,0,0,1,32.8,40.15,66,8.9981,0,10,8
2011-08-07 11:00:00,3,0,0,1,33.62,41.665,63,13.971740509883169,1,11,8
2011-08-07 12:00:00,3,0,0,1,36.9,42.425,42,19.9995,0,12,8
2011-08-07 13:00:00,3,0,0,1,36.9,42.425,42,19.9995,0,13,8
2011-08-07 14:00:00,3,0,0,1,35.26,40.15,47,12.998,0,14,8
2011-08-07 15:00:00,3,0,0,3,29.52,34.85,74,19.9995,0,15,8
2011-08-07 16:00:00,3,0,0,3,29.52,34.85,74,19.9995,0,16,8
2011-08-07 17:00:00,3,0,0,3,30.34,35.605,74,43.0006,0,17,8
2011-08-07 18:00:00,3,0,0,1,29.52,34.85,74,6.0032,0,18,8
2011-08-07 19:00:00,3,0,0,1,29.52,34.85,79,11.0014,0,19,8
2011-08-07 20:00:00,3,0,0,1,29.52,35.605,84,8.9981,0,20,8
2011-08-07 21:00:00,3,0,0,1,29.52,35.605,84,7.0015,0,21,8
2011-08-07 22:00:00,3,0,0,1,28.7,33.335,89,12.998,0,22,8
2011-08-07 23:00:00,3,0,0,1,28.7,33.335,79,7.0015,0,23,8
2011-08-08 00:00:00,3,0,1,1,28.7,33.335,79,7.0015,0,0,8
2011-08-08 01:00:00,3,0,1,1,27.88,31.82,83,8.9981,0,1,8
2011-08-08 02:00:00,3,0,1,1,27.06,29.545,89,10.845673270663589,1,2,8
2011-08-08 03:00:00,3,0,1,1,27.06,29.545,89,10.860642388683836,1,3,8
2011-08-08 04:00:00,3,0,1,1,27.06,29.545,89,7.0015,0,4,8
2011-08-08 05:00:00,3,0,1,1,28.7,33.335,79,6.0032,0,5,8
2011-08-08 06:00:00,3,0,1,1,28.7,32.575,65,19.0012,0,6,8
2011-08-08 07:00:00,3,0,1,1,29.52,34.09,62,19.9995,0,7,8
2011-08-08 08:00:00,3,0,1,1,30.34,34.09,58,22.0028,0,8,8
2011-08-08 09:00:00,3,0,1,1,31.16,34.85,55,26.0027,0,9,8
2011-08-08 10:00:00,3,0,1,1,32.8,37.12,52,26.0027,0,10,8
2011-08-08 11:00:00,3,0,1,1,33.62,37.12,48,23.9994,0,11,8
2011-08-08 12:00:00,3,0,1,1,33.62,37.88,46,16.9979,0,12,8
2011-08-08 13:00:00,3,0,1,1,34.44,37.88,44,19.9995,0,13,8
2011-08-08 14:00:00,3,0,1,1,33.62,37.12,43,19.9995,0,14,8
2011-08-08 15:00:00,3,0,1,1,34.44,37.88,41,19.9995,0,15,8
2011-08-08 16:00:00,3,0,1,1,35.26,38.635,39,19.0012,0,16,8
2011-08-08 17:00:00,3,0,1,1,35.26,38.635,39,11.0014,0,17,8
2011-08-08 18:00:00,3,0,1,1,34.44,37.88,41,8.9981,0,18,8
2011-08-08 19:00:00,3,0,1,1,33.62,37.12,43,7.0015,0,19,8
2011-08-08 20:00:00,3,0,1,1,32.8,37.88,55,14.43313874613609,1,20,8
2011-08-08 21:00:00,3,0,1,1,31.16,35.605,58,6.0032,0,21,8
2011-08-08 22:00:00,3,0,1,1,31.16,35.605,58,7.0015,0,22,8
2011-08-08 23:00:00,3,0,1,1,30.34,34.85,66,7.0015,0,23,8
2011-08-09 00:00:00,3,0,1,1,29.52,34.85,79,8.9981,0,0,8
2011-08-09 01:00:00,3,0,1,1,29.52,34.09,66,10.90484835562844,1,1,8
2011-08-09 02:00:00,3,0,1,1,29.52,34.09,70,11.876370950002109,1,2,8
2011-08-09 03:00:00,3,0,1,1,29.52,34.09,62,12.322481691225763,1,3,8
2011-08-09 04:00:00,3,0,1,1,28.7,33.335,74,11.685094618391938,1,4,8
2011-08-09 05:00:00,3,0,1,1,28.7,32.575,65,6.0032,0,5,8
2011-08-09 06:00:00,3,0,1,1,29.52,33.335,64,12.733441753818454,1,6,8
2011-08-09 07:00:00,3,0,1,1,29.52,34.85,74,7.0015,0,7,8
2011-08-09 08:00:00,3,0,1,1,30.34,34.85,66,13.1318520954193,1,8,8
2011-08-09 09:00:00,3,0,1,2,31.98,37.12,62,8.9981,0,9,8
2011-08-09 10:00:00,3,0,1,2,32.8,38.635,59,15.0013,0,10,8
2011-08-09 11:00:00,3,0,1,1,32.8,38.635,59,15.0013,0,11,8
2011-08-09 12:00:00,3,0,1,1,33.62,39.395,56,12.998,0,12,8
2011-08-09 13:00:00,3,0,1,1,34.44,39.395,49,11.0014,0,13,8
2011-08-09 14:00:00,3,0,1,1,35.26,39.395,44,19.0012,0,14,8
2011-08-09 15:00:00,3,0,1,1,35.26,38.635,39,19.0012,0,15,8
2011-08-09 16:00:00,3,0,1,1,35.26,38.635,39,19.9995,0,16,8
2011-08-09 17:00:00,3,0,1,1,32.8,37.88,55,11.0014,0,17,8
2011-08-09 18:00:00,3,0,1,1,32.8,37.88,55,12.998,0,18,8
2011-08-09 19:00:00,3,0,1,1,32.8,37.12,49,7.0015,0,19,8
2011-08-09 20:00:00,3,0,1,1,32.8,36.365,43,12.998,0,20,8
2011-08-09 21:00:00,3,0,1,1,31.98,34.85,46,16.9979,0,21,8
2011-08-09 22:00:00,3,0,1,1,31.98,34.85,46,19.9995,0,22,8
2011-08-09 23:00:00,3,0,1,1,31.16,34.09,48,19.0012,0,23,8
2011-08-10 00:00:00,3,0,1,1,30.34,33.335,51,15.0013,0,0,8
2011-08-10 01:00:00,3,0,1,1,29.52,33.335,54,12.998,0,1,8
2011-08-10 02:00:00,3,0,1,1,29.52,33.335,54,11.0014,0,2,8
2011-08-10 03:00:00,3,0,1,1,28.7,32.575,58,11.0014,0,3,8
2011-08-10 04:00:00,3,0,1,1,28.7,32.575,54,8.9981,0,4,8
2011-08-10 05:00:00,3,0,1,1,27.88,31.82,61,6.0032,0,5,8
2011-08-10 06:00:00,3,0,1,1,27.88,31.82,61,12.761408488260608,1,6,8
2011-08-10 07:00:00,3,0,1,1,28.7,32.575,58,6.0032,0,7,8
2011-08-10 08:00:00,3,0,1,1,30.34,33.335,51,12.998,0,8,8
2011-08-10 09:00:00,3,0,1,1,31.16,34.09,48,15.0013,0,9,8
2011-08-10 10:00:00,3,0,1,1,32.8,36.365,43,15.0013,0,10,8
2011-08-10 11:00:00,3,0,1,1,32.8,35.605,41,26.0027,0,11,8
2011-08-10 12:00:00,3,0,1,1,33.62,36.365,38,19.9995,0,12,8
2011-08-10 13:00:00,3,0,1,1,33.62,36.365,38,19.0012,0,13,8
2011-08-10 14:00:00,3,0,1,1,34.44,36.365,34,22.0028,0,14,8
2011-08-10 15:00:00,3,0,1,1,35.26,37.12,30,22.0028,0,15,8
2011-08-10 16:00:00,3,0,1,1,35.26,37.12,26,19.9995,0,16,8
2011-08-10 17:00:00,3,0,1,1,34.44,35.605,26,19.9995,0,17,8
2011-08-10 18:00:00,3,0,1,1,33.62,35.605,28,19.9995,0,18,8
2011-08-10 19:00:00,3,0,1,1,32.8,34.85,26,16.9979,0,19,8
2011-08-10 20:00:00,3,0,1,1,31.16,33.335,31,8.9981,0,20,8
2011-08-10 21:00:00,3,0,1,1,31.16,33.335,33,7.0015,0,21,8
2011-08-10 22:00:00,3,0,1,1,30.34,32.575,37,10.456563380777146,1,22,8
2011-08-10 23:00:00,3,0,1,1,30.34,32.575,37,6.0032,0,23,8
2011-08-11 00:00:00,3,0,1,1,28.7,31.82,45,7.0015,0,0,8
2011-08-11 01:00:00,3,0,1,1,28.7,31.82,45,8.9981,0,1,8
2011-08-11 02:00:00,3,0,1,1,27.06,31.06,54,8.9981,0,2,8
2011-08-11 03:00:00,3,0,1,1,26.24,31.06,57,8.9981,0,3,8
2011-08-11 04:00:00,3,0,1,1,26.24,31.06,57,11.0014,0,4,8
2011-08-11 05:00:00,3,0,1,1,26.24,31.06,61,12.998,0,5,8
2011-08-11 06:00:00,3,0,1,1,25.42,30.305,65,11.0014,0,6,8
2011-08-11 07:00:00,3,0,1,1,27.06,31.06,54,8.9981,0,7,8
2011-08-11 08:00:00,3,0,1,1,28.7,31.82,45,11.0014,0,8,8
2011-08-11 09:00:00,3,0,1,1,29.52,32.575,39,15.0013,0,9,8
2011-08-11 10:00:00,3,0,1,1,30.34,32.575,37,16.9979,0,10,8
2011-08-11 11:00:00,3,0,1,1,31.16,33.335,35,16.9979,0,11,8
2011-08-11 12:00:00,3,0,1,1,31.98,34.09,31,16.9979,0,12,8
2011-08-11 13:00:00,3,0,1,1,31.16,33.335,31,15.0013,0,13,8
2011-08-11 14:00:00,3,0,1,1,32.8,34.85,29,14.512782067051019,1,14,8
2011-08-11 15:00:00,3,0,1,1,32.8,34.85,29,19.9995,0,15,8
2011-08-11 16:00:00,3,0,1,1,32.8,34.85,27,12.998,0,16,8
2011-08-11 17:00:00,3,0,1,1,32.8,34.85,29,16.9979,0,17,8
2011-08-11 18:00:00,3,0,1,1,31.98,34.09,29,6.0032,0,18,8
2011-08-11 19:00:00,3,0,1,1,30.34,32.575,35,12.998,0,19,8
2011-08-11 20:00:00,3,0,1,1,29.52,32.575,37,8.9981,0,20,8
2011-08-11 21:00:00,3,0,1,1,28.7,32.575,48,6.0032,0,21,8
2011-08-11 22:00:00,3,0,1,1,28.7,32.575,48,11.282389062120368,1,22,8
2011-08-11 23:00:00,3,0,1,1,27.06,31.06,50,11.0014,0,23,8
2011-08-12 00:00:00,3,0,1,1,26.24,31.06,53,11.0014,0,0,8
2011-08-12 01:00:00,3,0,1,1,26.24,31.06,53,8.9981,0,1,8
2011-08-12 02:00:00,3,0,1,1,25.42,31.06,57,12.998,0,2,8
2011-08-12 03:00:00,3,0,1,1,25.42,31.06,53,11.0014,0,3,8
2011-08-12 04:00:00,3,0,1,1,25.42,31.06,53,8.9981,0,4,8
2011-08-12 05:00:00,3,0,1,1,24.6,31.06,56,8.9981,0,5,8
2011-08-12 06:00:00,3,0,1,1,25.42,31.06,50,8.9981,0,6,8
2011-08-12 07:00:00,3,0,1,1,26.24,31.06,44,11.0014,0,7,8
2011-08-12 08:00:00,3,0,1,1,27.88,31.82,39,15.0013,0,8,8
2011-08-12 09:00:00,3,0,1,1,29.52,32.575,34,8.9981,0,9,8
2011-08-12 10:00:00,3,0,1,1,30.34,32.575,33,7.0015,0,10,8
2011-08-12 11:00:00,3,0,1,1,31.16,33.335,29,15.132185544000622,1,11,8
2011-08-12 12:00:00,3,0,1,1,32.8,34.85,27,16.06886698454438,1,12,8
2011-08-12 13:00:00,3,0,1,1,31.98,34.09,29,6.0032,0,13,8
2011-08-12 14:00:00,3,0,1,1,32.8,34.85,29,12.998,0,14,8
2011-08-12 15:00:00,3,0,1,1,32.8,34.85,29,11.0014,0,15,8
2011-08-12 16:00:00,3,0,1,1,33.62,35.605,28,16.513964458103953,1,16,8
2011-08-12 17:00:00,3,0,1,1,33.62,35.605,26,17.194214830367287,1,17,8
2011-08-12 18:00:00,3,0,1,1,31.16,34.09,40,19.9995,0,18,8
2011-08-12 19:00:00,3,0,1,1,30.34,33.335,42,15.0013,0,19,8
2011-08-12 20:00:00,3,0,1,1,29.52,32.575,42,15.0013,0,20,8
2011-08-12 21:00:00,3,0,1,1,28.7,32.575,48,8.9981,0,21,8
2011-08-12 22:00:00,3,0,1,1,27.88,31.82,51,11.685402241392737,1,22,8
2011-08-12 23:00:00,3,0,1,1,27.88,31.82,51,11.709049188522267,1,23,8
2011-08-13 00:00:00,3,0,0,1,27.88,31.82,51,7.0015,0,0,8
2011-08-13 01:00:00,3,0,0,2,27.88,31.82,57,6.0032,0,1,8
2011-08-13 02:00:00,3,0,0,1,27.88,31.82,57,11.78045795143436,1,2,8
2011-08-13 03:00:00,3,0,0,1,27.06,31.06,65,8.9981,0,3,8
2011-08-13 04:00:00,3,0,0,2,26.24,30.305,73,8.9981,0,4,8
2011-08-13 05:00:00,3,0,0,1,26.24,30.305,73,7.0015,0,5,8
2011-08-13 06:00:00,3,0,0,1,26.24,30.305,73,6.0032,0,6,8
2011-08-13 07:00:00,3,0,0,2,27.06,31.06,74,12.998,0,7,8
2011-08-13 08:00:00,3,0,0,2,28.7,32.575,65,11.0014,0,8,8
2011-08-13 09:00:00,3,0,0,2,28.7,33.335,74,11.0014,0,9,8
2011-08-13 10:00:00,3,0,0,2,29.52,34.85,74,15.0013,0,10,8
2011-08-13 11:00:00,3,0,0,2,30.34,34.85,70,12.998,0,11,8
2011-08-13 12:00:00,3,0,0,2,27.06,29.545,89,11.0014,0,12,8
2011-08-13 13:00:00,3,0,0,2,30.34,35.605,74,22.0028,0,13,8
2011-08-13 14:00:00,3,0,0,1,30.34,34.85,70,16.9979,0,14,8
2011-08-13 15:00:00,3,0,0,3,27.88,31.82,79,23.9994,0,15,8
2011-08-13 16:00:00,3,0,0,2,28.7,33.335,74,19.0012,0,16,8
2011-08-13 17:00:00,3,0,0,2,29.52,34.85,74,16.9979,0,17,8
2011-08-13 18:00:00,3,0,0,1,28.7,33.335,74,15.0013,0,18,8
2011-08-13 19:00:00,3,0,0,2,27.88,31.82,79,19.0012,0,19,8
2011-08-13 20:00:00,3,0,0,2,27.88,31.82,83,15.0013,0,20,8
2011-08-13 21:00:00,3,0,0,2,27.88,31.82,83,26.0027,0,21,8
2011-08-13 22:00:00,3,0,0,2,27.88,31.82,83,26.0027,0,22,8
2011-08-13 23:00:00,3,0,0,2,27.06,30.305,83,22.0028,0,23,8
2011-08-14 00:00:00,3,0,0,3,27.06,30.305,83,19.9995,0,0,8
2011-08-14 01:00:00,3,0,0,3,26.24,28.79,89,15.0013,0,1,8
2011-08-14 02:00:00,3,0,0,3,26.24,28.79,89,15.0013,0,2,8
2011-08-14 03:00:00,3,0,0,2,26.24,28.03,94,16.9979,0,3,8
2011-08-14 04:00:00,3,0,0,3,26.24,28.03,94,12.998,0,4,8
2011-08-14 05:00:00,3,0,0,2,26.24,28.03,94,11.0014,0,5,8
2011-08-14 06:00:00,3,0,0,2,26.24,28.03,94,7.0015,0,6,8
2011-08-14 07:00:00,3,0,0,2,27.06,29.545,89,12.998,0,7,8
2011-08-14 08:00:00,3,0,0,2,27.06,29.545,89,19.0012,0,8,8
2011-08-14 09:00:00,3,0,0,3,27.06,29.545,89,19.0012,0,9,8
2011-08-14 10:00:00,3,0,0,1,28.7,33.335,79,15.0013,0,10,8
2011-08-14 11:00:00,3,0,0,1,28.7,33.335,79,12.998,0,11,8
2011-08-14 12:00:00,3,0,0,2,28.7,33.335,79,15.0013,0,12,8
2011-08-14 13:00:00,3,0,0,1,29.52,34.85,74,16.9979,0,13,8
2011-08-14 14:00:00,3,0,0,1,30.34,34.85,70,12.998,0,14,8
2011-08-14 15:00:00,3,0,0,1,30.34,34.85,66,12.998,0,15,8
2011-08-14 16:00:00,3,0,0,1,30.34,34.85,66,11.0014,0,16,8
2011-08-14 17:00:00,3,0,0,1,31.16,35.605,62,8.9981,0,17,8
2011-08-14 18:00:00,3,0,0,1,30.34,34.85,66,11.0014,0,18,8
2011-08-14 19:00:00,3,0,0,1,29.52,34.85,74,15.0013,0,19,8
2011-08-14 20:00:00,3,0,0,1,28.7,33.335,84,11.0014,0,20,8
2011-08-14 21:00:00,3,0,0,3,24.6,27.275,88,32.9975,0,21,8
2011-08-14 22:00:00,3,0,0,3,24.6,27.275,88,32.9975,0,22,8
2011-08-14 23:00:00,3,0,0,3,24.6,28.03,83,16.152494952498117,1,23,8
2011-08-15 00:00:00,3,0,1,3,24.6,27.275,88,6.0032,0,0,8
2011-08-15 01:00:00,3,0,1,2,24.6,27.275,88,8.9981,0,1,8
2011-08-15 02:00:00,3,0,1,2,24.6,28.03,83,10.52674374149208,1,2,8
2011-08-15 03:00:00,3,0,1,1,24.6,28.03,83,12.998,0,3,8
2011-08-15 04:00:00,3,0,1,1,24.6,28.03,83,8.9981,0,4,8
2011-08-15 05:00:00,3,0,1,2,24.6,27.275,88,12.998,0,5,8
2011-08-15 06:00:00,3,0,1,1,24.6,27.275,88,16.9979,0,6,8
2011-08-15 07:00:00,3,0,1,1,24.6,27.275,88,16.9979,0,7,8
2011-08-15 08:00:00,3,0,1,1,26.24,29.545,78,22.0028,0,8,8
2011-08-15 09:00:00,3,0,1,1,26.24,29.545,78,22.0028,0,9,8
2011-08-15 10:00:00,3,0,1,1,27.88,31.82,69,19.0012,0,10,8
2011-08-15 11:00:00,3,0,1,2,29.52,34.09,62,16.9979,0,11,8
2011-08-15 12:00:00,3,0,1,1,30.34,34.09,58,19.0012,0,12,8
2011-08-15 13:00:00,3,0,1,1,31.98,35.605,52,19.0012,0,13,8
2011-08-15 14:00:00,3,0,1,1,30.34,34.09,55,6.0032,0,14,8
2011-08-15 15:00:00,3,0,1,3,30.34,34.09,55,19.9995,0,15,8
2011-08-15 16:00:00,3,0,1,1,30.34,34.09,55,22.0028,0,16,8
2011-08-15 17:00:00,3,0,1,1,30.34,33.335,51,19.0012,0,17,8
2011-08-15 18:00:00,3,0,1,1,28.7,32.575,65,12.998,0,18,8
2011-08-15 19:00:00,3,0,1,1,28.7,32.575,65,13.218085186562234,1,19,8
2011-08-15 20:00:00,3,0,1,1,27.06,31.06,74,8.9981,0,20,8
2011-08-15 21:00:00,3,0,1,1,27.06,31.06,65,12.998,0,21,8
2011-08-15 22:00:00,3,0,1,1,27.06,31.06,69,16.9979,0,22,8
2011-08-15 23:00:00,3,0,1,1,26.24,30.305,69,15.0013,0,23,8
2011-08-16 00:00:00,3,0,1,1,26.24,30.305,69,7.0015,0,0,8
2011-08-16 01:00:00,3,0,1,1,26.24,30.305,69,11.0014,0,1,8
2011-08-16 02:00:00,3,0,1,1,25.42,29.545,73,15.0013,0,2,8
2011-08-16 03:00:00,3,0,1,1,25.42,29.545,73,15.0013,0,3,8
2011-08-16 04:00:00,3,0,1,1,26.24,30.305,69,19.9995,0,4,8
2011-08-16 05:00:00,3,0,1,1,25.42,29.545,73,19.0012,0,5,8
2011-08-16 06:00:00,3,0,1,1,25.42,29.545,73,22.0028,0,6,8
2011-08-16 07:00:00,3,0,1,1,26.24,30.305,69,16.9979,0,7,8
2011-08-16 08:00:00,3,0,1,1,28.7,32.575,58,30.0026,0,8,8
2011-08-16 09:00:00,3,0,1,1,27.88,31.82,61,19.0012,0,9,8
2011-08-16 10:00:00,3,0,1,1,28.7,32.575,58,26.0027,0,10,8
2011-08-16 11:00:00,3,0,1,1,30.34,33.335,51,15.0013,0,11,8
2011-08-16 12:00:00,3,0,1,1,31.16,34.09,48,22.0028,0,12,8
2011-08-16 13:00:00,3,0,1,1,31.16,34.09,48,19.9995,0,13,8
2011-08-16 14:00:00,3,0,1,1,31.16,34.09,45,27.9993,0,14,8
2011-08-16 15:00:00,3,0,1,1,32.8,35.605,41,19.9995,0,15,8
2011-08-16 16:00:00,3,0,1,1,32.8,35.605,41,15.0013,0,16,8
2011-08-16 17:00:00,3,0,1,1,31.16,34.09,45,22.0028,0,17,8
2011-08-16 18:00:00,3,0,1,1,31.16,34.09,45,15.0013,0,18,8
2011-08-16 19:00:00,3,0,1,1,30.34,33.335,48,12.998,0,19,8
2011-08-16 20:00:00,3,0,1,1,30.34,33.335,51,12.388815094590004,1,20,8
2011-08-16 21:00:00,3,0,1,1,29.52,33.335,54,12.15314863016521,1,21,8
2011-08-16 22:00:00,3,0,1,1,28.7,32.575,61,12.16578079984845,1,22,8
2011-08-16 23:00:00,3,0,1,1,27.06,31.06,65,8.9981,0,23,8
2011-08-17 00:00:00,3,0,1,1,27.06,31.06,69,6.0032,0,0,8
2011-08-17 01:00:00,3,0,1,1,26.24,30.305,73,11.0014,0,1,8
2011-08-17 02:00:00,3,0,1,1,27.06,31.06,69,11.54740601812931,1,2,8
2011-08-17 03:00:00,3,0,1,1,26.24,29.545,78,10.703948779749707,1,3,8
2011-08-17 04:00:00,3,0,1,1,26.24,30.305,73,10.971027314608804,1,4,8
2011-08-17 05:00:00,3,0,1,1,26.24,30.305,73,10.991241526283957,1,5,8
2011-08-17 06:00:00,3,0,1,1,25.42,29.545,78,10.615778441985494,1,6,8
2011-08-17 07:00:00,3,0,1,1,27.06,31.06,65,6.0032,0,7,8
2011-08-17 08:00:00,3,0,1,1,28.7,32.575,54,11.0014,0,8,8
2011-08-17 09:00:00,3,0,1,1,30.34,33.335,48,6.0032,0,9,8
2011-08-17 10:00:00,3,0,1,1,31.16,34.09,43,6.0032,0,10,8
2011-08-17 11:00:00,3,0,1,1,31.98,34.85,43,7.0015,0,11,8
2011-08-17 12:00:00,3,0,1,1,32.8,36.365,43,19.0012,0,12,8
2011-08-17 13:00:00,3,0,1,1,32.8,35.605,41,12.998,0,13,8
2011-08-17 14:00:00,3,0,1,1,33.62,36.365,36,11.0014,0,14,8
2011-08-17 15:00:00,3,0,1,1,32.8,36.365,43,8.9981,0,15,8
2011-08-17 16:00:00,3,0,1,1,33.62,37.12,43,15.0013,0,16,8
2011-08-17 17:00:00,3,0,1,1,32.8,37.12,49,15.0013,0,17,8
2011-08-17 18:00:00,3,0,1,1,31.16,34.85,55,16.9979,0,18,8
2011-08-17 19:00:00,3,0,1,1,31.16,34.85,55,15.0013,0,19,8
2011-08-17 20:00:00,3,0,1,1,30.34,34.09,58,16.9979,0,20,8
2011-08-17 21:00:00,3,0,1,1,29.52,34.09,62,15.0013,0,21,8
2011-08-17 22:00:00,3,0,1,1,28.7,32.575,65,12.998,0,22,8
2011-08-17 23:00:00,3,0,1,1,28.7,32.575,65,19.0012,0,23,8
2011-08-18 00:00:00,3,0,1,1,27.88,31.82,65,8.9981,0,0,8
2011-08-18 01:00:00,3,0,1,2,27.06,31.06,65,11.0014,0,1,8
2011-08-18 02:00:00,3,0,1,1,27.06,31.06,65,15.0013,0,2,8
2011-08-18 03:00:00,3,0,1,1,27.06,31.06,69,19.0012,0,3,8
2011-08-18 04:00:00,3,0,1,1,26.24,30.305,73,15.0013,0,4,8
2011-08-18 05:00:00,3,0,1,1,26.24,29.545,78,19.0012,0,5,8
2011-08-18 06:00:00,3,0,1,2,26.24,29.545,78,16.9979,0,6,8
2011-08-18 07:00:00,3,0,1,1,26.24,29.545,78,19.9995,0,7,8
2011-08-18 08:00:00,3,0,1,1,27.06,31.06,74,19.0012,0,8,8
2011-08-18 09:00:00,3,0,1,1,29.52,34.09,66,16.9979,0,9,8
2011-08-18 10:00:00,3,0,1,1,30.34,34.85,66,16.9979,0,10,8
2011-08-18 11:00:00,3,0,1,1,31.16,35.605,58,16.9979,0,11,8
2011-08-18 12:00:00,3,0,1,1,32.8,37.12,52,19.0012,0,12,8
2011-08-18 13:00:00,3,0,1,1,32.8,37.12,52,23.9994,0,13,8
2011-08-18 14:00:00,3,0,1,1,33.62,37.88,46,22.0028,0,14,8
2011-08-18 15:00:00,3,0,1,1,32.8,36.365,46,23.9994,0,15,8
2011-08-18 16:00:00,3,0,1,1,32.8,36.365,46,23.9994,0,16,8
2011-08-18 17:00:00,3,0,1,3,32.8,36.365,46,19.9995,0,17,8
2011-08-18 18:00:00,3,0,1,3,31.16,34.85,55,16.9979,0,18,8
2011-08-18 19:00:00,3,0,1,1,27.06,30.305,83,7.0015,0,19,8
2011-08-18 20:00:00,3,0,1,1,27.06,30.305,83,7.0015,0,20,8
2011-08-18 21:00:00,3,0,1,2,27.88,31.82,79,13.081856876826885,1,21,8
2011-08-18 22:00:00,3,0,1,2,28.7,33.335,74,7.0015,0,22,8
2011-08-18 23:00:00,3,0,1,2,28.7,33.335,74,8.9981,0,23,8
2011-08-19 00:00:00,3,0,1,3,27.88,31.82,69,12.998,0,0,8
2011-08-19 01:00:00,3,0,1,3,26.24,28.79,89,13.733785810714098,1,1,8
2011-08-19 02:00:00,3,0,1,3,26.24,28.79,83,14.04044986615622,1,2,8
2011-08-19 03:00:00,3,0,1,1,26.24,29.545,78,10.703948779749707,1,3,8
2011-08-19 04:00:00,3,0,1,1,26.24,28.79,83,10.69326636352224,1,4,8
2011-08-19 05:00:00,3,0,1,1,26.24,28.79,83,10.762974295243282,1,5,8
2011-08-19 06:00:00,3,0,1,1,26.24,28.79,83,10.817090954806984,1,6,8
2011-08-19 07:00:00,3,0,1,2,27.06,30.305,83,6.0032,0,7,8
2011-08-19 08:00:00,3,0,1,2,27.06,30.305,83,12.874562428837237,1,8,8
2011-08-19 09:00:00,3,0,1,1,28.7,32.575,65,8.9981,0,9,8
2011-08-19 10:00:00,3,0,1,1,29.52,34.09,62,6.0032,0,10,8
2011-08-19 11:00:00,3,0,1,2,29.52,34.09,66,6.0032,0,11,8
2011-08-19 12:00:00,3,0,1,2,30.34,34.09,62,6.0032,0,12,8
2011-08-19 13:00:00,3,0,1,2,31.16,35.605,62,12.998,0,13,8
2011-08-19 14:00:00,3,0,1,1,31.98,36.365,55,12.998,0,14,8
2011-08-19 15:00:00,3,0,1,1,32.8,37.12,49,7.0015,0,15,8
2011-08-19 16:00:00,3,0,1,1,32.8,37.12,49,15.56511997174541,1,16,8
2011-08-19 17:00:00,3,0,1,1,31.16,35.605,58,35.0008,0,17,8
2011-08-19 18:00:00,3,0,1,1,31.16,35.605,58,35.0008,0,18,8
2011-08-19 19:00:00,3,0,1,3,25.42,29.545,73,31.0009,0,19,8
2011-08-19 20:00:00,3,0,1,3,25.42,28.79,83,19.9995,0,20,8
2011-08-19 21:00:00,3,0,1,1,25.42,28.79,83,8.9981,0,21,8
2011-08-19 22:00:00,3,0,1,1,24.6,27.275,88,8.9981,0,22,8
2011-08-19 23:00:00,3,0,1,2,24.6,27.275,88,6.0032,0,23,8
2011-09-01 00:00:00,3,0,1,1,24.6,28.79,78,7.0015,0,0,9
2011-09-01 01:00:00,3,0,1,1,24.6,29.545,73,6.0032,0,1,9
2011-09-01 02:00:00,3,0,1,1,23.78,27.275,78,6.0032,0,2,9
2011-09-01 03:00:00,3,0,1,1,23.78,27.275,78,6.0032,0,3,9
2011-09-01 04:00:00,3,0,1,1,22.96,26.515,83,6.0032,0,4,9
2011-09-01 05:00:00,3,0,1,1,22.96,26.515,73,6.0032,0,5,9
2011-09-01 06:00:00,3,0,1,1,24.6,28.79,78,10.522674704049484,1,6,9
2011-09-01 07:00:00,3,0,1,1,24.6,28.79,78,10.933216512271896,1,7,9
2011-09-01 08:00:00,3,0,1,1,25.42,29.545,73,8.9981,0,8,9
2011-09-01 09:00:00,3,0,1,1,26.24,30.305,69,7.0015,0,9,9
2011-09-01 10:00:00,3,0,1,1,27.88,31.82,61,8.9981,0,10,9
2011-09-01 11:00:00,3,0,1,1,29.52,33.335,51,8.9981,0,11,9
2011-09-01 12:00:00,3,0,1,2,29.52,33.335,51,8.9981,0,12,9
2011-09-01 13:00:00,3,0,1,2,29.52,33.335,48,6.0032,0,13,9
2011-09-01 14:00:00,3,0,1,3,29.52,33.335,54,16.9979,0,14,9
2011-09-01 15:00:00,3,0,1,1,29.52,33.335,51,8.9981,0,15,9
2011-09-01 16:00:00,3,0,1,1,30.34,33.335,51,12.998,0,16,9
2011-09-01 17:00:00,3,0,1,1,29.52,33.335,54,16.9979,0,17,9
2011-09-01 18:00:00,3,0,1,1,29.52,33.335,54,15.0013,0,18,9
2011-09-01 19:00:00,3,0,1,1,28.7,32.575,58,11.0014,0,19,9
2011-09-01 20:00:00,3,0,1,1,27.06,31.06,61,15.0013,0,20,9
2011-09-01 21:00:00,3,0,1,2,27.06,31.06,57,12.998,0,21,9
2011-09-01 22:00:00,3,0,1,2,27.06,31.06,57,15.0013,0,22,9
2011-09-01 23:00:00,3,0,1,1,26.24,30.305,65,16.9979,0,23,9
2011-09-02 00:00:00,3,0,1,1,26.24,30.305,65,12.998,0,0,9
2011-09-02 01:00:00,3,0,1,3,25.42,29.545,73,7.0015,0,1,9
2011-09-02 02:00:00,3,0,1,3,25.42,29.545,73,7.0015,0,2,9
2011-09-02 03:00:00,3,0,1,2,24.6,28.03,83,11.0014,0,3,9
2011-09-02 04:00:00,3,0,1,1,24.6,28.03,83,6.0032,0,4,9
2011-09-02 05:00:00,3,0,1,2,24.6,28.03,83,8.9981,0,5,9
2011-09-02 06:00:00,3,0,1,1,24.6,28.03,83,8.9981,0,6,9
2011-09-02 07:00:00,3,0,1,1,24.6,28.03,83,7.0015,0,7,9
2011-09-02 08:00:00,3,0,1,1,25.42,29.545,78,12.998,0,8,9
2011-09-02 09:00:00,3,0,1,2,25.42,28.79,83,7.0015,0,9,9
2011-09-02 10:00:00,3,0,1,2,26.24,30.305,76,11.0014,0,10,9
2011-09-02 11:00:00,3,0,1,2,27.06,31.06,74,7.0015,0,11,9
2011-09-02 12:00:00,3,0,1,2,27.06,31.06,69,15.0013,0,12,9
2011-09-02 13:00:00,3,0,1,2,27.88,31.82,65,8.9981,0,13,9
2011-09-02 14:00:00,3,0,1,2,28.7,32.575,61,7.0015,0,14,9
2011-09-02 15:00:00,3,0,1,2,28.7,32.575,61,16.9979,0,15,9
2011-09-02 16:00:00,3,0,1,2,28.7,32.575,61,8.9981,0,16,9
2011-09-02 17:00:00,3,0,1,2,27.88,31.82,65,11.0014,0,17,9
2011-09-02 18:00:00,3,0,1,2,27.88,31.82,65,12.998,0,18,9
2011-09-02 19:00:00,3,0,1,1,27.06,31.06,69,8.9981,0,19,9
2011-09-02 20:00:00,3,0,1,1,26.24,30.305,73,12.309291980194102,1,20,9
2011-09-02 21:00:00,3,0,1,2,26.24,30.305,73,6.0032,0,21,9
2011-09-02 22:00:00,3,0,1,2,26.24,30.305,73,11.0014,0,22,9
2011-09-02 23:00:00,3,0,1,2,26.24,30.305,73,11.0014,0,23,9
2011-09-03 00:00:00,3,0,0,2,26.24,30.305,73,7.0015,0,0,9
2011-09-03 01:00:00,3,0,0,2,26.24,30.305,69,16.9979,0,1,9
2011-09-03 02:00:00,3,0,0,2,26.24,30.305,69,15.0013,0,2,9
2011-09-03 03:00:00,3,0,0,1,25.42,29.545,73,11.0014,0,3,9
2011-09-03 04:00:00,3,0,0,1,25.42,29.545,73,11.0014,0,4,9
2011-09-03 05:00:00,3,0,0,1,25.42,30.305,69,12.998,0,5,9
2011-09-03 06:00:00,3,0,0,1,25.42,29.545,73,11.0014,0,6,9
2011-09-03 07:00:00,3,0,0,1,25.42,29.545,73,12.998,0,7,9
2011-09-03 08:00:00,3,0,0,1,26.24,30.305,69,11.0014,0,8,9
2011-09-03 09:00:00,3,0,0,2,27.06,31.06,69,16.9979,0,9,9
2011-09-03 10:00:00,3,0,0,3,27.06,31.06,65,16.9979,0,10,9
2011-09-03 11:00:00,3,0,0,3,27.06,31.06,69,19.0012,0,11,9
2011-09-03 12:00:00,3,0,0,1,28.7,32.575,61,15.0013,0,12,9
2011-09-03 13:00:00,3,0,0,1,28.7,32.575,65,15.0013,0,13,9
2011-09-03 14:00:00,3,0,0,2,29.52,34.09,66,11.0014,0,14,9
2011-09-03 15:00:00,3,0,0,1,29.52,34.09,70,11.0014,0,15,9
2011-09-03 16:00:00,3,0,0,1,29.52,34.09,70,12.998,0,16,9
2011-09-03 17:00:00,3,0,0,1,29.52,34.09,70,15.0013,0,17,9
2011-09-03 18:00:00,3,0,0,1,29.52,34.09,70,11.0014,0,18,9
2011-09-03 19:00:00,3,0,0,1,28.7,33.335,74,8.9981,0,19,9
2011-09-03 20:00:00,3,0,0,1,28.7,33.335,79,11.0014,0,20,9
2011-09-03 21:00:00,3,0,0,1,27.88,31.82,83,8.9981,0,21,9
2011-09-03 22:00:00,3,0,0,1,27.88,31.82,83,7.0015,0,22,9
2011-09-03 23:00:00,3,0,0,1,27.06,31.06,85,8.9981,0,23,9
2011-09-04 00:00:00,3,0,0,1,27.06,29.545,89,12.998,0,0,9
2011-09-04 01:00:00,3,0,0,1,27.06,30.305,83,8.9981,0,1,9
2011-09-04 02:00:00,3,0,0,1,27.06,30.305,83,12.998,0,2,9
2011-09-04 03:00:00,3,0,0,1,26.24,28.79,89,12.998,0,3,9
2011-09-04 04:00:00,3,0,0,1,26.24,28.79,83,11.0014,0,4,9
2011-09-04 05:00:00,3,0,0,1,26.24,28.79,83,8.9981,0,5,9
2011-09-04 06:00:00,3,0,0,1,26.24,28.79,84,15.0013,0,6,9
2011-09-04 07:00:00,3,0,0,1,27.06,30.305,78,12.998,0,7,9
2011-09-04 08:00:00,3,0,0,1,27.06,30.305,78,11.0014,0,8,9
2011-09-04 09:00:00,3,0,0,1,27.06,30.305,78,11.0014,0,9,9
2011-09-04 10:00:00,3,0,0,1,28.7,33.335,74,8.9981,0,10,9
2011-09-04 11:00:00,3,0,0,1,30.34,34.85,70,11.0014,0,11,9
2011-09-04 12:00:00,3,0,0,1,31.16,36.365,66,11.0014,0,12,9
2011-09-04 13:00:00,3,0,0,2,31.98,37.12,62,19.0012,0,13,9
2011-09-04 14:00:00,3,0,0,1,31.98,37.88,66,22.0028,0,14,9
2011-09-04 15:00:00,3,0,0,1,31.98,37.88,66,19.0012,0,15,9
2011-09-04 16:00:00,3,0,0,1,32.8,38.635,59,15.0013,0,16,9
2011-09-04 17:00:00,3,0,0,1,31.16,36.365,66,15.0013,0,17,9
2011-09-04 18:00:00,3,0,0,1,31.16,36.365,66,12.998,0,18,9
2011-09-04 19:00:00,3,0,0,1,30.34,34.85,70,12.998,0,19,9
2011-09-04 20:00:00,3,0,0,1,30.34,34.85,70,19.9995,0,20,9
2011-09-04 21:00:00,3,0,0,1,29.52,34.85,74,16.9979,0,21,9
2011-09-04 22:00:00,3,0,0,2,29.52,34.85,74,19.0012,0,22,9
2011-09-04 23:00:00,3,0,0,2,29.52,34.09,70,11.0014,0,23,9
2011-09-05 00:00:00,3,1,0,2,28.7,33.335,74,15.0013,0,0,9
2011-09-05 01:00:00,3,1,0,2,27.88,31.82,79,7.0015,0,1,9
2011-09-05 02:00:00,3,1,0,2,27.88,31.82,79,11.0014,0,2,9
2011-09-05 03:00:00,3,1,0,2,27.88,31.82,74,19.9995,0,3,9
2011-09-05 04:00:00,3,1,0,2,27.88,31.82,69,19.0012,0,4,9
2011-09-05 05:00:00,3,1,0,2,27.06,31.06,74,11.0014,0,5,9
2011-09-05 06:00:00,3,1,0,2,27.06,31.06,74,8.9981,0,6,9
2011-09-05 07:00:00,3,1,0,1,27.06,31.06,74,11.0014,0,7,9
2011-09-05 08:00:00,3,1,0,2,27.06,30.305,78,12.998,0,8,9
2011-09-05 09:00:00,3,1,0,3,27.88,31.82,74,11.0014,0,9,9
2011-09-05 10:00:00,3,1,0,2,28.7,32.575,70,11.0014,0,10,9
2011-09-05 11:00:00,3,1,0,2,28.7,33.335,74,11.0014,0,11,9
2011-09-05 12:00:00,3,1,0,2,29.52,34.09,70,12.998,0,12,9
2011-09-05 13:00:00,3,1,0,2,30.34,34.85,70,8.9981,0,13,9
2011-09-05 14:00:00,3,1,0,1,30.34,34.85,70,11.0014,0,14,9
2011-09-05 15:00:00,3,1,0,2,27.88,31.82,79,19.0012,0,15,9
2011-09-05 16:00:00,3,1,0,2,27.88,31.82,79,19.0012,0,16,9
2011-09-05 17:00:00,3,1,0,2,27.06,29.545,89,7.0015,0,17,9
2011-09-05 18:00:00,3,1,0,1,27.06,29.545,89,6.0032,0,18,9
2011-09-05 19:00:00,3,1,0,3,27.06,29.545,94,7.0015,0,19,9
2011-09-05 20:00:00,3,1,0,3,27.06,29.545,94,16.9979,0,20,9
2011-09-05 21:00:00,3,1,0,2,27.06,29.545,94,19.9995,0,21,9
2011-09-05 22:00:00,3,1,0,2,24.6,27.275,88,39.0007,0,22,9
2011-09-05 23:00:00,3,1,0,3,22.96,26.515,88,26.0027,0,23,9
2011-09-06 00:00:00,3,0,1,3,22.14,25.76,94,23.9994,0,0,9
2011-09-06 02:00:00,3,0,1,3,22.14,25.76,94,16.9979,0,2,9
2011-09-06 03:00:00,3,0,1,3,22.14,25.76,94,19.9995,0,3,9
2011-09-06 04:00:00,3,0,1,2,22.14,25.76,94,19.9995,0,4,9
2011-09-06 05:00:00,3,0,1,3,22.14,25.76,88,23.9994,0,5,9
2011-09-06 06:00:00,3,0,1,2,22.14,25.76,88,22.0028,0,6,9
2011-09-06 07:00:00,3,0,1,2,22.14,25.76,83,23.9994,0,7,9
2011-09-06 08:00:00,3,0,1,3,22.14,25.76,83,26.0027,0,8,9
2011-09-06 09:00:00,3,0,1,2,22.14,25.76,81,27.9993,0,9,9
2011-09-06 10:00:00,3,0,1,3,22.14,25.76,83,23.9994,0,10,9
2011-09-06 11:00:00,3,0,1,3,22.14,25.76,83,26.0027,0,11,9
2011-09-06 12:00:00,3,0,1,3,22.14,25.76,83,26.0027,0,12,9
2011-09-06 13:00:00,3,0,1,3,22.14,25.76,88,19.9995,0,13,9
2011-09-06 14:00:00,3,0,1,3,22.14,25.76,88,19.0012,0,14,9
2011-09-06 15:00:00,3,0,1,3,22.14,25.76,94,26.0027,0,15,9
2011-09-06 16:00:00,3,0,1,3,22.14,25.76,94,26.0027,0,16,9
2011-09-06 17:00:00,3,0,1,2,22.14,25.76,88,26.0027,0,17,9
2011-09-06 18:00:00,3,0,1,2,22.14,25.76,88,26.0027,0,18,9
2011-09-06 19:00:00,3,0,1,2,22.14,25.76,88,27.9993,0,19,9
2011-09-06 20:00:00,3,0,1,3,22.14,25.76,88,19.9995,0,20,9
2011-09-06 21:00:00,3,0,1,3,22.14,25.76,88,19.0012,0,21,9
2011-09-06 22:00:00,3,0,1,2,22.14,25.76,94,22.0028,0,22,9
2011-09-06 23:00:00,3,0,1,3,22.14,25.76,94,16.9979,0,23,9
2011-09-07 00:00:00,3,0,1,2,22.14,25.76,94,15.0013,0,0,9
2011-09-07 01:00:00,3,0,1,3,22.14,25.76,94,16.9979,0,1,9
2011-09-07 02:00:00,3,0,1,2,22.14,25.76,94,15.0013,0,2,9
2011-09-07 03:00:00,3,0,1,3,22.96,26.515,94,8.9981,0,3,9
2011-09-07 04:00:00,3,0,1,3,22.96,26.515,94,11.0014,0,4,9
2011-09-07 05:00:00,3,0,1,2,22.96,26.515,100,8.9981,0,5,9
2011-09-07 06:00:00,3,0,1,3,24.6,27.275,88,7.0015,0,6,9
2011-09-07 07:00:00,3,0,1,3,24.6,27.275,88,6.0032,0,7,9
2011-09-07 08:00:00,3,0,1,3,25.42,27.275,94,6.0032,0,8,9
2011-09-07 09:00:00,3,0,1,3,24.6,27.275,88,8.9981,0,9,9
2011-09-07 10:00:00,3,0,1,3,24.6,27.275,88,8.9981,0,10,9
2011-09-07 11:00:00,3,0,1,3,24.6,25.76,94,16.75567284861694,1,11,9
2011-09-07 12:00:00,3,0,1,3,22.96,26.515,94,15.411084298062265,1,12,9
2011-09-07 13:00:00,3,0,1,3,24.6,27.275,88,16.618168514812904,1,13,9
2011-09-07 14:00:00,3,0,1,3,24.6,25.76,93,19.282275894332546,1,14,9
2011-09-07 15:00:00,3,0,1,3,25.42,27.275,94,7.0015,0,15,9
2011-09-07 16:00:00,3,0,1,1,26.24,28.79,89,12.281148623357263,1,16,9
2011-09-07 17:00:00,3,0,1,3,26.24,28.79,89,19.958845871354335,1,17,9
2011-09-07 18:00:00,3,0,1,3,26.24,28.79,89,19.154565554347727,1,18,9
2011-09-07 19:00:00,3,0,1,2,26.24,28.79,89,12.960070097451782,1,19,9
2011-09-07 20:00:00,3,0,1,3,26.24,28.79,89,6.0032,0,20,9
2011-09-07 21:00:00,3,0,1,3,26.24,28.79,89,6.0032,0,21,9
2011-09-07 22:00:00,3,0,1,3,25.42,27.275,94,11.0014,0,22,9
2011-09-07 23:00:00,3,0,1,3,25.42,27.275,94,12.998,0,23,9
2011-09-08 00:00:00,3,0,1,3,24.6,25.0,100,12.998,0,0,9
2011-09-08 01:00:00,3,0,1,3,25.42,27.275,94,7.0015,0,1,9
2011-09-08 03:00:00,3,0,1,3,25.42,27.275,94,9.069113382814093,1,3,9
2011-09-08 04:00:00,3,0,1,2,25.42,27.275,94,6.0032,0,4,9
2011-09-08 05:00:00,3,0,1,3,25.42,27.275,94,6.0032,0,5,9
2011-09-08 06:00:00,3,0,1,3,25.42,27.275,94,11.0014,0,6,9
2011-09-08 07:00:00,3,0,1,3,25.42,27.275,94,7.0015,0,7,9
2011-09-08 08:00:00,3,0,1,3,25.42,27.275,94,8.9981,0,8,9
2011-09-08 09:00:00,3,0,1,2,25.42,25.76,100,16.9979,0,9,9
2011-09-08 10:00:00,3,0,1,2,26.24,28.03,94,7.0015,0,10,9
2011-09-08 11:00:00,3,0,1,2,26.24,28.03,94,15.0013,0,11,9
2011-09-08 12:00:00,3,0,1,2,27.06,29.545,94,15.0013,0,12,9
2011-09-08 13:00:00,3,0,1,2,27.88,31.82,83,26.0027,0,13,9
2011-09-08 14:00:00,3,0,1,2,28.7,33.335,79,23.9994,0,14,9
2011-09-08 15:00:00,3,0,1,3,27.06,29.545,89,19.9995,0,15,9
2011-09-08 16:00:00,3,0,1,3,26.24,28.03,94,19.0012,0,16,9
2011-09-08 17:00:00,3,0,1,3,26.24,28.03,94,19.0012,0,17,9
2011-09-08 18:00:00,3,0,1,3,26.24,28.03,94,23.9994,0,18,9
2011-09-08 19:00:00,3,0,1,3,25.42,25.76,100,22.0028,0,19,9
2011-09-08 20:00:00,3,0,1,2,25.42,27.275,94,11.0014,0,20,9
2011-09-08 21:00:00,3,0,1,3,26.24,28.03,94,7.0015,0,21,9
2011-09-08 22:00:00,3,0,1,3,25.42,25.76,100,6.0032,0,22,9
2011-09-08 23:00:00,3,0,1,3,25.42,25.76,100,6.0032,0,23,9
2011-09-09 00:00:00,3,0,1,3,26.24,28.03,94,12.998,0,0,9
2011-09-09 01:00:00,3,0,1,2,25.42,25.76,100,11.0014,0,1,9
2011-09-09 02:00:00,3,0,1,2,25.42,25.76,100,16.9979,0,2,9
2011-09-09 03:00:00,3,0,1,2,25.42,27.275,94,16.9979,0,3,9
2011-09-09 04:00:00,3,0,1,3,25.42,27.275,94,11.0014,0,4,9
2011-09-09 05:00:00,3,0,1,2,25.42,27.275,94,8.9981,0,5,9
2011-09-09 06:00:00,3,0,1,2,25.42,25.76,100,8.9981,0,6,9
2011-09-09 07:00:00,3,0,1,3,25.42,25.76,100,16.9979,0,7,9
2011-09-09 08:00:00,3,0,1,3,25.42,27.275,94,11.0014,0,8,9
2011-09-09 09:00:00,3,0,1,3,25.42,27.275,94,11.0014,0,9,9
2011-09-09 10:00:00,3,0,1,2,25.42,25.76,100,12.855295756161965,1,10,9
2011-09-09 11:00:00,3,0,1,2,25.42,27.275,94,12.921378492685559,1,11,9
2011-09-09 12:00:00,3,0,1,1,26.24,28.03,94,12.116002556562574,1,12,9
2011-09-09 13:00:00,3,0,1,1,28.7,33.335,79,6.0032,0,13,9
2011-09-09 14:00:00,3,0,1,1,29.52,34.85,74,6.0032,0,14,9
2011-09-09 15:00:00,3,0,1,1,30.34,34.85,66,13.781987420801034,1,15,9
2011-09-09 16:00:00,3,0,1,1,30.34,34.85,66,8.9981,0,16,9
2011-09-09 17:00:00,3,0,1,1,28.7,33.335,79,16.9979,0,17,9
2011-09-09 18:00:00,3,0,1,1,28.7,33.335,79,12.998,0,18,9
2011-09-09 19:00:00,3,0,1,1,27.06,29.545,89,11.0014,0,19,9
2011-09-09 20:00:00,3,0,1,1,26.24,28.03,94,6.0032,0,20,9
2011-09-09 21:00:00,3,0,1,1,27.06,29.545,89,10.763956479157518,1,21,9
2011-09-09 22:00:00,3,0,1,1,25.42,27.275,94,10.465121627112351,1,22,9
2011-09-09 23:00:00,3,0,1,1,25.42,27.275,94,6.0032,0,23,9
2011-09-10 00:00:00,3,0,0,1,25.42,27.275,94,10.030599488229099,1,0,9
2011-09-10 01:00:00,3,0,0,2,25.42,27.275,94,10.162084007422498,1,1,9
2011-09-10 02:00:00,3,0,0,2,24.6,25.0,97,7.0015,0,2,9
2011-09-10 03:00:00,3,0,0,1,23.78,27.275,100,8.9981,0,3,9
2011-09-10 04:00:00,3,0,0,1,23.78,27.275,94,6.0032,0,4,9
2011-09-10 05:00:00,3,0,0,1,23.78,27.275,94,8.9981,0,5,9
2011-09-10 06:00:00,3,0,0,1,23.78,27.275,94,11.0014,0,6,9
2011-09-10 07:00:00,3,0,0,1,24.6,27.275,88,8.9981,0,7,9
2011-09-10 08:00:00,3,0,0,1,25.42,28.79,83,11.0014,0,8,9
2011-09-10 09:00:00,3,0,0,1,26.24,29.545,78,19.9995,0,9,9
2011-09-10 10:00:00,3,0,0,1,28.7,32.575,65,16.9979,0,10,9
2011-09-10 11:00:00,3,0,0,1,29.52,34.09,62,16.9979,0,11,9
2011-09-10 12:00:00,3,0,0,1,29.52,34.09,62,15.0013,0,12,9
2011-09-10 13:00:00,3,0,0,1,30.34,34.09,55,19.0012,0,13,9
2011-09-10 14:00:00,3,0,0,1,30.34,34.09,55,19.0012,0,14,9
2011-09-10 15:00:00,3,0,0,1,30.34,34.09,55,15.0013,0,15,9
2011-09-10 16:00:00,3,0,0,1,30.34,34.09,55,12.998,0,16,9
2011-09-10 17:00:00,3,0,0,1,30.34,34.09,55,15.0013,0,17,9
2011-09-10 18:00:00,3,0,0,1,29.52,33.335,58,12.998,0,18,9
2011-09-10 19:00:00,3,0,0,1,28.7,32.575,58,8.9981,0,19,9
2011-09-10 20:00:00,3,0,0,1,27.06,31.06,69,7.0015,0,20,9
2011-09-10 21:00:00,3,0,0,1,26.24,29.545,78,6.0032,0,21,9
2011-09-10 22:00:00,3,0,0,1,26.24,29.545,78,10.986922794483126,1,22,9
2011-09-10 23:00:00,3,0,0,2,25.42,28.03,88,12.005217865010165,1,23,9
2011-09-11 00:00:00,3,0,0,1,25.42,28.03,88,10.246196908077106,1,0,9
2011-09-11 01:00:00,3,0,0,2,25.42,28.03,88,10.391330784215917,1,1,9
2011-09-11 02:00:00,3,0,0,2,25.42,29.545,78,12.998,0,2,9
2011-09-11 03:00:00,3,0,0,2,25.42,29.545,78,6.0032,0,3,9
2011-09-11 04:00:00,3,0,0,1,24.6,28.03,83,8.9981,0,4,9
2011-09-11 05:00:00,3,0,0,1,24.6,28.03,83,8.9981,0,5,9
2011-09-11 06:00:00,3,0,0,1,23.78,27.275,88,7.0015,0,6,9
2011-09-11 07:00:00,3,0,0,1,24.6,27.275,88,10.700002001289931,1,7,9
2011-09-11 08:00:00,3,0,0,1,26.24,29.545,78,12.031638362968916,1,8,9
2011-09-11 09:00:00,3,0,0,1,27.06,31.06,74,13.313844466818278,1,9,9
2011-09-11 10:00:00,3,0,0,1,28.7,32.575,65,13.400740701622833,1,10,9
2011-09-11 11:00:00,3,0,0,1,28.7,32.575,65,13.452072083337503,1,11,9
2011-09-11 12:00:00,3,0,0,1,28.7,32.575,65,13.527370834708954,1,12,9
2011-09-11 13:00:00,3,0,0,1,30.34,34.09,58,7.0015,0,13,9
2011-09-11 14:00:00,3,0,0,1,29.52,33.335,58,19.0012,0,14,9
2011-09-11 15:00:00,3,0,0,1,30.34,33.335,51,19.9995,0,15,9
2011-09-11 16:00:00,3,0,0,1,29.52,33.335,51,19.9995,0,16,9
2011-09-11 17:00:00,3,0,0,1,29.52,33.335,51,8.9981,0,17,9
2011-09-11 18:00:00,3,0,0,1,27.88,31.82,65,19.9995,0,18,9
2011-09-11 19:00:00,3,0,0,1,26.24,30.305,69,7.0015,0,19,9
2011-09-11 20:00:00,3,0,0,1,25.42,29.545,73,7.0015,0,20,9
2011-09-11 21:00:00,3,0,0,1,26.24,30.305,69,11.936115914576597,1,21,9
2011-09-11 22:00:00,3,0,0,1,25.42,30.305,69,26.0027,0,22,9
2011-09-11 23:00:00,3,0,0,3,23.78,27.275,78,6.0032,0,23,9
2011-09-12 00:00:00,3,0,1,1,22.96,26.515,88,6.0032,0,0,9
2011-09-12 01:00:00,3,0,1,1,22.96,26.515,88,10.654041505042102,1,1,9
2011-09-12 02:00:00,3,0,1,1,22.96,26.515,88,10.686226627904082,1,2,9
2011-09-12 04:00:00,3,0,1,1,22.14,25.76,94,7.0015,0,4,9
2011-09-12 05:00:00,3,0,1,1,22.96,26.515,83,10.804956721043418,1,5,9
2011-09-12 06:00:00,3,0,1,1,22.96,26.515,83,10.852980673990821,1,6,9
2011-09-12 07:00:00,3,0,1,1,23.78,27.275,83,10.945288324797197,1,7,9
2011-09-12 08:00:00,3,0,1,1,24.6,28.79,78,6.0032,0,8,9
2011-09-12 09:00:00,3,0,1,1,26.24,30.305,69,13.122970345923004,1,9,9
2011-09-12 10:00:00,3,0,1,1,27.88,31.82,62,11.0014,0,10,9
2011-09-12 11:00:00,3,0,1,1,28.7,32.575,58,12.998,0,11,9
2011-09-12 12:00:00,3,0,1,1,29.52,33.335,51,12.998,0,12,9
2011-09-12 13:00:00,3,0,1,1,29.52,33.335,54,7.0015,0,13,9
2011-09-12 14:00:00,3,0,1,1,30.34,33.335,51,11.0014,0,14,9
2011-09-12 15:00:00,3,0,1,1,30.34,33.335,48,6.0032,0,15,9
2011-09-12 16:00:00,3,0,1,1,29.52,33.335,48,14.96861159468313,1,16,9
2011-09-12 17:00:00,3,0,1,1,29.52,33.335,51,11.0014,0,17,9
2011-09-12 18:00:00,3,0,1,1,28.7,32.575,54,12.998,0,18,9
2011-09-12 19:00:00,3,0,1,1,27.88,31.82,57,8.9981,0,19,9
2011-09-12 20:00:00,3,0,1,1,27.06,31.06,65,12.531888730183121,1,20,9
2011-09-12 21:00:00,3,0,1,1,26.24,30.305,73,6.0032,0,21,9
2011-09-12 22:00:00,3,0,1,1,25.42,28.79,83,11.0014,0,22,9
2011-09-12 23:00:00,3,0,1,1,25.42,28.79,83,7.0015,0,23,9
2011-09-13 00:00:00,3,0,1,1,24.6,27.275,88,7.0015,0,0,9
2011-09-13 01:00:00,3,0,1,1,23.78,27.275,83,7.0015,0,1,9
2011-09-13 02:00:00,3,0,1,1,24.6,28.79,78,10.397627932153624,1,2,9
2011-09-13 03:00:00,3,0,1,1,23.78,27.275,83,10.402318533566623,1,3,9
2011-09-13 04:00:00,3,0,1,1,22.96,26.515,88,10.706994999074405,1,4,9
2011-09-13 05:00:00,3,0,1,1,22.96,26.515,88,10.715270208903549,1,5,9
2011-09-13 06:00:00,3,0,1,1,22.96,26.515,88,7.0015,0,6,9
2011-09-13 07:00:00,3,0,1,1,23.78,27.275,83,6.0032,0,7,9
2011-09-13 08:00:00,3,0,1,1,24.6,28.03,81,7.0015,0,8,9
2011-09-13 09:00:00,3,0,1,1,26.24,30.305,69,6.0032,0,9,9
2011-09-13 10:00:00,3,0,1,1,27.88,31.82,69,8.9981,0,10,9
2011-09-13 11:00:00,3,0,1,1,28.7,32.575,61,11.0014,0,11,9
2011-09-13 12:00:00,3,0,1,1,29.52,33.335,58,15.0013,0,12,9
2011-09-13 13:00:00,3,0,1,1,30.34,33.335,51,19.0012,0,13,9
2011-09-13 14:00:00,3,0,1,1,30.34,33.335,51,22.0028,0,14,9
2011-09-13 15:00:00,3,0,1,1,30.34,33.335,51,19.9995,0,15,9
2011-09-13 16:00:00,3,0,1,1,30.34,33.335,51,15.0013,0,16,9
2011-09-13 17:00:00,3,0,1,1,30.34,33.335,51,15.0013,0,17,9
2011-09-13 18:00:00,3,0,1,1,28.7,32.575,61,11.0014,0,18,9
2011-09-13 19:00:00,3,0,1,1,27.88,31.82,69,11.0014,0,19,9
2011-09-13 20:00:00,3,0,1,1,27.06,31.06,74,12.998,0,20,9
2011-09-13 21:00:00,3,0,1,1,26.24,29.545,78,11.0014,0,21,9
2011-09-13 22:00:00,3,0,1,1,26.24,29.545,78,8.9981,0,22,9
2011-09-13 23:00:00,3,0,1,1,26.24,29.545,78,7.0015,0,23,9
2011-09-14 00:00:00,3,0,1,1,25.42,29.545,78,6.0032,0,0,9
2011-09-14 01:00:00,3,0,1,1,25.42,29.545,78,6.0032,0,1,9
2011-09-14 02:00:00,3,0,1,1,24.6,28.03,83,10.35157471151948,1,2,9
2011-09-14 03:00:00,3,0,1,1,24.6,27.275,88,8.9981,0,3,9
2011-09-14 04:00:00,3,0,1,1,24.6,28.03,83,6.0032,0,4,9
2011-09-14 05:00:00,3,0,1,1,23.78,27.275,88,7.0015,0,5,9
2011-09-14 06:00:00,3,0,1,1,23.78,27.275,88,7.0015,0,6,9
2011-09-14 07:00:00,3,0,1,1,24.6,28.03,83,7.0015,0,7,9
2011-09-14 08:00:00,3,0,1,1,25.42,28.79,83,11.0014,0,8,9
2011-09-14 09:00:00,3,0,1,1,26.24,29.545,78,11.0014,0,9,9
2011-09-14 10:00:00,3,0,1,1,28.7,32.575,70,8.9981,0,10,9
2011-09-14 11:00:00,3,0,1,1,29.52,34.09,66,11.0014,0,11,9
2011-09-14 12:00:00,3,0,1,1,30.34,34.09,58,15.0013,0,12,9
2011-09-14 13:00:00,3,0,1,1,31.16,34.85,55,16.9979,0,13,9
2011-09-14 14:00:00,3,0,1,1,31.98,35.605,52,15.0013,0,14,9
2011-09-14 15:00:00,3,0,1,1,31.98,35.605,49,16.9979,0,15,9
2011-09-14 16:00:00,3,0,1,1,31.16,34.85,52,19.0012,0,16,9
2011-09-14 17:00:00,3,0,1,1,31.16,34.85,52,19.0012,0,17,9
2011-09-14 18:00:00,3,0,1,1,29.52,34.09,62,11.0014,0,18,9
2011-09-14 19:00:00,3,0,1,2,28.7,32.575,70,7.0015,0,19,9
2011-09-14 20:00:00,3,0,1,2,29.52,33.335,58,27.9993,0,20,9
2011-09-14 21:00:00,3,0,1,2,27.06,31.06,65,15.0013,0,21,9
2011-09-14 22:00:00,3,0,1,2,27.06,31.06,65,8.9981,0,22,9
2011-09-14 23:00:00,3,0,1,2,26.24,30.305,69,7.0015,0,23,9
2011-09-15 00:00:00,3,0,1,1,26.24,30.305,69,8.9981,0,0,9
2011-09-15 01:00:00,3,0,1,1,26.24,30.305,69,11.0014,0,1,9
2011-09-15 02:00:00,3,0,1,1,25.42,29.545,73,7.0015,0,2,9
2011-09-15 03:00:00,3,0,1,1,25.42,29.545,73,6.0032,0,3,9
2011-09-15 04:00:00,3,0,1,1,24.6,28.79,78,7.0015,0,4,9
2011-09-15 05:00:00,3,0,1,1,24.6,28.79,78,10.479078302701746,1,5,9
2011-09-15 06:00:00,3,0,1,2,24.6,28.03,83,16.9979,0,6,9
2011-09-15 07:00:00,3,0,1,2,25.42,29.545,78,12.998,0,7,9
2011-09-15 08:00:00,3,0,1,1,26.24,30.305,73,8.9981,0,8,9
2011-09-15 09:00:00,3,0,1,2,26.24,30.305,73,23.9994,0,9,9
2011-09-15 10:00:00,3,0,1,2,27.06,31.06,69,16.9979,0,10,9
2011-09-15 11:00:00,3,0,1,2,27.88,31.82,65,8.9981,0,11,9
2011-09-15 12:00:00,3,0,1,2,27.06,31.06,69,19.9995,0,12,9
2011-09-15 13:00:00,3,0,1,2,26.24,30.305,65,19.0012,0,13,9
2011-09-15 14:00:00,3,0,1,2,26.24,30.305,65,27.9993,0,14,9
2011-09-15 15:00:00,3,0,1,2,24.6,29.545,69,27.9993,0,15,9
2011-09-15 16:00:00,3,0,1,2,22.14,25.76,77,31.0009,0,16,9
2011-09-15 17:00:00,3,0,1,3,19.68,23.485,82,31.0009,0,17,9
2011-09-15 18:00:00,3,0,1,3,19.68,23.485,67,40.9973,0,18,9
2011-09-15 19:00:00,3,0,1,1,18.86,22.725,67,31.0009,0,19,9
2011-09-15 20:00:00,3,0,1,1,18.86,22.725,63,22.0028,0,20,9
2011-09-15 21:00:00,3,0,1,1,18.86,22.725,63,22.0028,0,21,9
2011-09-15 22:00:00,3,0,1,1,18.04,21.97,67,19.0012,0,22,9
2011-09-15 23:00:00,3,0,1,1,18.04,21.97,67,15.0013,0,23,9
2011-09-16 00:00:00,3,0,1,1,17.22,21.21,71,15.0013,0,0,9
2011-09-16 01:00:00,3,0,1,1,17.22,21.21,67,12.998,0,1,9
2011-09-16 02:00:00,3,0,1,1,16.4,20.455,71,19.0012,0,2,9
2011-09-16 03:00:00,3,0,1,1,16.4,20.455,71,16.9979,0,3,9
2011-09-16 04:00:00,3,0,1,1,16.4,20.455,71,19.0012,0,4,9
2011-09-16 05:00:00,3,0,1,1,15.58,19.695,76,12.998,0,5,9
2011-09-16 06:00:00,3,0,1,1,15.58,19.695,71,15.0013,0,6,9
2011-09-16 07:00:00,3,0,1,1,16.4,20.455,71,19.0012,0,7,9
2011-09-16 08:00:00,3,0,1,1,17.22,21.21,67,15.0013,0,8,9
2011-09-16 09:00:00,3,0,1,1,18.86,22.725,55,16.9979,0,9,9
2011-09-16 10:00:00,3,0,1,2,20.5,24.24,51,19.0012,0,10,9
2011-09-16 11:00:00,3,0,1,2,20.5,24.24,51,8.9981,0,11,9
2011-09-16 12:00:00,3,0,1,2,21.32,25.0,45,16.0311584478258,1,12,9
2011-09-16 13:00:00,3,0,1,2,22.14,25.76,42,16.37103622158202,1,13,9
2011-09-16 14:00:00,3,0,1,2,22.14,25.76,45,11.0014,0,14,9
2011-09-16 15:00:00,3,0,1,2,22.14,25.76,45,15.0013,0,15,9
2011-09-16 16:00:00,3,0,1,2,21.32,25.0,48,11.0014,0,16,9
2011-09-16 17:00:00,3,0,1,2,21.32,25.0,48,8.9981,0,17,9
2011-09-16 18:00:00,3,0,1,2,21.32,25.0,52,11.0014,0,18,9
2011-09-16 19:00:00,3,0,1,2,20.5,24.24,55,11.0014,0,19,9
2011-09-16 20:00:00,3,0,1,2,20.5,24.24,55,14.000029064302664,1,20,9
2011-09-16 21:00:00,3,0,1,2,20.5,24.24,63,12.546539449704001,1,21,9
2011-09-16 22:00:00,3,0,1,1,19.68,23.485,67,6.0032,0,22,9
2011-09-16 23:00:00,3,0,1,1,20.5,24.24,59,11.759998519891047,1,23,9
2011-09-17 00:00:00,3,0,0,1,18.86,22.725,72,11.0014,0,0,9
2011-09-17 01:00:00,3,0,0,1,18.86,22.725,72,7.0015,0,1,9
2011-09-17 02:00:00,3,0,0,1,18.86,22.725,82,6.0032,0,2,9
2011-09-17 03:00:00,3,0,0,1,18.86,22.725,72,8.9981,0,3,9
2011-09-17 04:00:00,3,0,0,1,18.86,22.725,72,8.9981,0,4,9
2011-09-17 05:00:00,3,0,0,1,18.86,22.725,72,11.0014,0,5,9
2011-09-17 06:00:00,3,0,0,2,18.86,22.725,72,15.0013,0,6,9
2011-09-17 07:00:00,3,0,0,2,18.86,22.725,77,12.998,0,7,9
2011-09-17 08:00:00,3,0,0,2,18.86,22.725,77,16.9979,0,8,9
2011-09-17 09:00:00,3,0,0,2,19.68,23.485,67,15.0013,0,9,9
2011-09-17 10:00:00,3,0,0,2,20.5,24.24,68,19.0012,0,10,9
2011-09-17 11:00:00,3,0,0,2,21.32,25.0,68,15.0013,0,11,9
2011-09-17 12:00:00,3,0,0,2,21.32,25.0,67,15.0013,0,12,9
2011-09-17 13:00:00,3,0,0,2,21.32,25.0,68,12.998,0,13,9
2011-09-17 14:00:00,3,0,0,2,21.32,25.0,72,12.998,0,14,9
2011-09-17 15:00:00,3,0,0,2,21.32,25.0,72,12.998,0,15,9
2011-09-17 16:00:00,3,0,0,1,22.14,25.76,68,16.9979,0,16,9
2011-09-17 17:00:00,3,0,0,1,21.32,25.0,72,15.0013,0,17,9
2011-09-17 18:00:00,3,0,0,2,21.32,25.0,72,15.0013,0,18,9
2011-09-17 19:00:00,3,0,0,1,21.32,25.0,68,8.9981,0,19,9
2011-09-17 20:00:00,3,0,0,1,21.32,25.0,68,8.9981,0,20,9
2011-09-17 21:00:00,3,0,0,2,20.5,24.24,72,12.998,0,21,9
2011-09-17 22:00:00,3,0,0,1,20.5,24.24,72,15.0013,0,22,9
2011-09-17 23:00:00,3,0,0,1,18.86,22.725,82,11.0014,0,23,9
2011-09-18 00:00:00,3,0,0,1,18.86,22.725,77,15.0013,0,0,9
2011-09-18 01:00:00,3,0,0,1,18.86,22.725,77,15.0013,0,1,9
2011-09-18 02:00:00,3,0,0,1,18.04,21.97,82,16.9979,0,2,9
2011-09-18 03:00:00,3,0,0,1,18.04,21.97,82,12.998,0,3,9
2011-09-18 04:00:00,3,0,0,1,18.04,21.97,77,15.0013,0,4,9
2011-09-18 05:00:00,3,0,0,1,18.04,21.97,77,15.0013,0,5,9
2011-09-18 06:00:00,3,0,0,1,18.04,21.97,77,16.9979,0,6,9
2011-09-18 07:00:00,3,0,0,1,18.86,22.725,72,15.0013,0,7,9
2011-09-18 08:00:00,3,0,0,1,18.86,22.725,72,16.9979,0,8,9
2011-09-18 09:00:00,3,0,0,1,19.68,23.485,67,16.9979,0,9,9
2011-09-18 10:00:00,3,0,0,1,20.5,24.24,72,11.0014,0,10,9
2011-09-18 11:00:00,3,0,0,1,21.32,25.0,68,15.0013,0,11,9
2011-09-18 12:00:00,3,0,0,1,22.14,25.76,64,8.9981,0,12,9
2011-09-18 13:00:00,3,0,0,1,22.96,26.515,60,8.9981,0,13,9
2011-09-18 14:00:00,3,0,0,2,23.78,27.275,56,8.9981,0,14,9
2011-09-18 15:00:00,3,0,0,2,23.78,27.275,60,8.9981,0,15,9
2011-09-18 16:00:00,3,0,0,2,22.96,26.515,64,11.0014,0,16,9
2011-09-18 17:00:00,3,0,0,2,22.96,26.515,64,12.998,0,17,9
2011-09-18 18:00:00,3,0,0,2,22.96,26.515,60,7.0015,0,18,9
2011-09-18 19:00:00,3,0,0,2,22.14,25.76,68,7.0015,0,19,9
2011-09-18 20:00:00,3,0,0,2,22.14,25.76,68,6.0032,0,20,9
2011-09-18 21:00:00,3,0,0,2,22.14,25.76,68,6.0032,0,21,9
2011-09-18 22:00:00,3,0,0,2,22.14,25.76,68,6.0032,0,22,9
2011-09-18 23:00:00,3,0,0,1,22.14,25.76,68,12.998,0,23,9
2011-09-19 00:00:00,3,0,1,2,21.32,25.0,72,11.0014,0,0,9
2011-09-19 01:00:00,3,0,1,2,21.32,25.0,72,7.0015,0,1,9
2011-09-19 02:00:00,3,0,1,2,21.32,25.0,72,8.9981,0,2,9
2011-09-19 03:00:00,3,0,1,2,20.5,24.24,77,8.9981,0,3,9
2011-09-19 04:00:00,3,0,1,2,20.5,24.24,77,11.0014,0,4,9
2011-09-19 05:00:00,3,0,1,2,20.5,24.24,77,12.998,0,5,9
2011-09-19 06:00:00,3,0,1,1,20.5,24.24,77,15.0013,0,6,9
2011-09-19 07:00:00,3,0,1,2,20.5,24.24,82,15.0013,0,7,9
2011-09-19 08:00:00,3,0,1,2,21.32,25.0,77,8.9981,0,8,9
2011-09-19 09:00:00,3,0,1,2,22.14,25.76,68,11.0014,0,9,9
2011-09-19 10:00:00,3,0,1,2,22.96,26.515,64,8.9981,0,10,9
2011-09-19 11:00:00,3,0,1,2,23.78,27.275,64,11.0014,0,11,9
2011-09-19 12:00:00,3,0,1,2,23.78,27.275,60,6.0032,0,12,9
2011-09-19 13:00:00,3,0,1,2,24.6,30.305,60,13.966736104602102,1,13,9
2011-09-19 14:00:00,3,0,1,2,24.6,30.305,60,12.998,0,14,9
2011-09-19 15:00:00,3,0,1,2,24.6,30.305,60,15.0013,0,15,9
2011-09-19 16:00:00,3,0,1,2,24.6,30.305,60,11.0014,0,16,9
2011-09-19 17:00:00,3,0,1,2,23.78,27.275,64,8.9981,0,17,9
2011-09-19 18:00:00,3,0,1,2,22.96,26.515,68,8.9981,0,18,9
2011-09-19 19:00:00,3,0,1,2,22.96,26.515,68,7.0015,0,19,9
2011-09-19 20:00:00,3,0,1,2,22.96,26.515,68,8.9981,0,20,9
2011-09-19 21:00:00,3,0,1,2,22.96,26.515,68,11.0014,0,21,9
2011-09-19 22:00:00,3,0,1,2,22.96,26.515,68,11.0014,0,22,9
2011-09-19 23:00:00,3,0,1,2,22.96,26.515,73,12.998,0,23,9
2011-10-01 00:00:00,4,0,0,1,20.5,24.24,63,26.0027,0,0,10
2011-10-01 01:00:00,4,0,0,1,19.68,23.485,67,22.0028,0,1,10
2011-10-01 02:00:00,4,0,0,1,18.86,22.725,63,27.9993,0,2,10
2011-10-01 03:00:00,4,0,0,1,18.86,22.725,59,27.9993,0,3,10
2011-10-01 04:00:00,4,0,0,1,18.04,21.97,58,27.9993,0,4,10
2011-10-01 05:00:00,4,0,0,2,18.04,21.97,62,19.9995,0,5,10
2011-10-01 06:00:00,4,0,0,1,17.22,21.21,67,22.0028,0,6,10
2011-10-01 07:00:00,4,0,0,3,17.22,21.21,67,16.9979,0,7,10
2011-10-01 08:00:00,4,0,0,2,16.4,20.455,76,22.0028,0,8,10
2011-10-01 09:00:00,4,0,0,3,16.4,20.455,82,23.9994,0,9,10
2011-10-01 10:00:00,4,0,0,3,16.4,20.455,76,23.9994,0,10,10
2011-10-01 11:00:00,4,0,0,3,15.58,19.695,82,22.0028,0,11,10
2011-10-01 12:00:00,4,0,0,2,16.4,20.455,82,16.9979,0,12,10
2011-10-01 13:00:00,4,0,0,2,16.4,20.455,82,22.0028,0,13,10
2011-10-01 14:00:00,4,0,0,2,17.22,21.21,71,23.9994,0,14,10
2011-10-01 15:00:00,4,0,0,2,17.22,21.21,71,19.0012,0,15,10
2011-10-01 16:00:00,4,0,0,2,16.4,20.455,76,19.9995,0,16,10
2011-10-01 17:00:00,4,0,0,3,16.4,20.455,76,12.998,0,17,10
2011-10-01 18:00:00,4,0,0,3,15.58,19.695,87,15.0013,0,18,10
2011-10-01 19:00:00,4,0,0,2,15.58,19.695,82,12.998,0,19,10
2011-10-01 20:00:00,4,0,0,3,14.76,18.18,87,7.0015,0,20,10
2011-10-01 21:00:00,4,0,0,3,14.76,18.18,87,7.0015,0,21,10
2011-10-01 22:00:00,4,0,0,2,14.76,17.425,93,15.0013,0,22,10
2011-10-01 23:00:00,4,0,0,3,14.76,17.425,93,15.0013,0,23,10
2011-10-02 00:00:00,4,0,0,3,14.76,16.665,93,19.9995,0,0,10
2011-10-02 01:00:00,4,0,0,3,13.94,15.91,87,16.9979,0,1,10
2011-10-02 02:00:00,4,0,0,3,13.94,15.15,87,19.9995,0,2,10
2011-10-02 03:00:00,4,0,0,3,13.94,15.91,87,19.0012,0,3,10
2011-10-02 04:00:00,4,0,0,2,13.94,15.91,87,16.9979,0,4,10
2011-10-02 05:00:00,4,0,0,1,13.12,15.15,87,19.0012,0,5,10
2011-10-02 06:00:00,4,0,0,1,13.12,15.91,81,11.0014,0,6,10
2011-10-02 07:00:00,4,0,0,1,13.94,16.665,76,12.998,0,7,10
2011-10-02 08:00:00,4,0,0,2,13.94,16.665,76,12.998,0,8,10
2011-10-02 09:00:00,4,0,0,1,14.76,16.665,76,23.9994,0,9,10
2011-10-02 10:00:00,4,0,0,2,14.76,16.665,71,19.0012,0,10,10
2011-10-02 11:00:00,4,0,0,2,15.58,19.695,66,16.9979,0,11,10
2011-10-02 12:00:00,4,0,0,2,16.4,20.455,62,12.998,0,12,10
2011-10-02 13:00:00,4,0,0,3,16.4,20.455,62,15.0013,0,13,10
2011-10-02 14:00:00,4,0,0,3,14.76,17.425,81,11.0014,0,14,10
2011-10-02 15:00:00,4,0,0,3,14.76,16.665,81,16.9979,0,15,10
2011-10-02 16:00:00,4,0,0,3,14.76,17.425,87,12.998,0,16,10
2011-10-02 17:00:00,4,0,0,3,14.76,17.425,87,11.0014,0,17,10
2011-10-02 18:00:00,4,0,0,2,14.76,17.425,81,12.998,0,18,10
2011-10-02 19:00:00,4,0,0,2,15.58,19.695,76,11.0014,0,19,10
2011-10-02 20:00:00,4,0,0,2,14.76,16.665,76,16.9979,0,20,10
2011-10-02 21:00:00,4,0,0,1,14.76,17.425,71,15.0013,0,21,10
2011-10-02 22:00:00,4,0,0,3,14.76,18.18,81,6.0032,0,22,10
2011-10-02 23:00:00,4,0,0,1,14.76,18.18,81,6.0032,0,23,10
2011-10-03 00:00:00,4,0,1,1,13.94,17.425,87,7.0015,0,0,10
2011-10-03 01:00:00,4,0,1,1,14.76,18.18,81,6.0032,0,1,10
2011-10-03 02:00:00,4,0,1,1,14.76,18.18,76,7.0015,0,2,10
2011-10-03 03:00:00,4,0,1,1,14.76,18.94,81,9.05205130790857,1,3,10
2011-10-03 04:00:00,4,0,1,1,13.94,17.425,87,7.0015,0,4,10
2011-10-03 05:00:00,4,0,1,2,14.76,18.18,76,7.0015,0,5,10
2011-10-03 06:00:00,4,0,1,2,14.76,18.94,71,12.465126868594387,1,6,10
2011-10-03 07:00:00,4,0,1,2,14.76,17.425,71,8.9981,0,7,10
2011-10-03 08:00:00,4,0,1,2,14.76,18.18,71,7.0015,0,8,10
2011-10-03 09:00:00,4,0,1,2,16.4,20.455,66,6.0032,0,9,10
2011-10-03 10:00:00,4,0,1,2,16.4,20.455,66,7.0015,0,10,10
2011-10-03 11:00:00,4,0,1,2,16.4,20.455,71,15.0013,0,11,10
2011-10-03 12:00:00,4,0,1,2,16.4,20.455,71,8.9981,0,12,10
2011-10-03 13:00:00,4,0,1,3,17.22,21.21,67,11.0014,0,13,10
2011-10-03 14:00:00,4,0,1,3,16.4,20.455,76,16.418977093462182,1,14,10
2011-10-03 15:00:00,4,0,1,3,16.4,20.455,76,16.40002429282201,1,15,10
2011-10-03 16:00:00,4,0,1,2,16.4,20.455,76,7.0015,0,16,10
2011-10-03 17:00:00,4,0,1,2,16.4,20.455,76,11.0014,0,17,10
2011-10-03 18:00:00,4,0,1,2,16.4,20.455,76,11.0014,0,18,10
2011-10-03 19:00:00,4,0,1,1,16.4,20.455,76,11.477325046469058,1,19,10
2011-10-03 20:00:00,4,0,1,3,16.4,20.455,82,15.70517427762913,1,20,10
2011-10-03 21:00:00,4,0,1,2,16.4,20.455,82,11.310904958010095,1,21,10
2011-10-03 22:00:00,4,0,1,2,16.4,20.455,82,11.202680657733161,1,22,10
2011-10-03 23:00:00,4,0,1,2,16.4,20.455,82,7.0015,0,23,10
2011-10-04 00:00:00,4,0,1,2,16.4,20.455,87,6.0032,0,0,10
2011-10-04 01:00:00,4,0,1,2,16.4,20.455,87,7.0015,0,1,10
2011-10-04 02:00:00,4,0,1,2,16.4,20.455,87,9.443123822394822,1,2,10
2011-10-04 03:00:00,4,0,1,1,16.4,20.455,82,7.0015,0,3,10
2011-10-04 04:00:00,4,0,1,1,16.4,20.455,82,6.0032,0,4,10
2011-10-04 05:00:00,4,0,1,1,16.4,20.455,82,8.9981,0,5,10
2011-10-04 06:00:00,4,0,1,1,16.4,20.455,82,7.0015,0,6,10
2011-10-04 07:00:00,4,0,1,1,17.22,21.21,82,19.0012,0,7,10
2011-10-04 08:00:00,4,0,1,1,18.04,21.97,77,15.0013,0,8,10
2011-10-04 09:00:00,4,0,1,1,18.86,22.725,67,16.9979,0,9,10
2011-10-04 10:00:00,4,0,1,1,19.68,23.485,67,19.0012,0,10,10
2011-10-04 11:00:00,4,0,1,1,22.14,25.76,64,19.0012,0,11,10
2011-10-04 12:00:00,4,0,1,1,22.96,26.515,56,19.9995,0,12,10
2011-10-04 13:00:00,4,0,1,1,22.96,26.515,56,19.9995,0,13,10
2011-10-04 14:00:00,4,0,1,1,23.78,27.275,53,16.9979,0,14,10
2011-10-04 15:00:00,4,0,1,1,23.78,27.275,56,19.0012,0,15,10
2011-10-04 16:00:00,4,0,1,1,23.78,27.275,56,22.0028,0,16,10
2011-10-04 17:00:00,4,0,1,1,22.96,26.515,60,26.0027,0,17,10
2011-10-04 18:00:00,4,0,1,1,22.14,25.76,64,19.0012,0,18,10
2011-10-04 19:00:00,4,0,1,1,21.32,25.0,68,15.0013,0,19,10
2011-10-04 20:00:00,4,0,1,1,21.32,25.0,68,15.0013,0,20,10
2011-10-04 21:00:00,4,0,1,1,20.5,24.24,72,8.9981,0,21,10
2011-10-04 22:00:00,4,0,1,1,20.5,24.24,72,8.9981,0,22,10
2011-10-04 23:00:00,4,0,1,1,19.68,23.485,77,8.9981,0,23,10
2011-10-05 00:00:00,4,0,1,1,19.68,23.485,77,8.9981,0,0,10
2011-10-05 01:00:00,4,0,1,1,19.68,23.485,77,11.0014,0,1,10
2011-10-05 02:00:00,4,0,1,1,18.86,22.725,82,11.0014,0,2,10
2011-10-05 03:00:00,4,0,1,1,18.86,22.725,82,7.0015,0,3,10
2011-10-05 04:00:00,4,0,1,1,18.04,21.97,88,10.898615201272142,1,4,10
2011-10-05 05:00:00,4,0,1,1,18.04,21.97,82,8.9981,0,5,10
2011-10-05 06:00:00,4,0,1,1,18.04,21.97,82,7.0015,0,6,10
2011-10-05 07:00:00,4,0,1,1,18.86,22.725,77,7.0015,0,7,10
2011-10-05 08:00:00,4,0,1,1,21.32,25.0,63,14.807923076137483,1,8,10
2011-10-05 09:00:00,4,0,1,1,22.14,25.76,60,19.9995,0,9,10
2011-10-05 10:00:00,4,0,1,1,22.96,26.515,56,26.0027,0,10,10
2011-10-05 11:00:00,4,0,1,1,24.6,31.06,46,19.0012,0,11,10
2011-10-05 12:00:00,4,0,1,1,25.42,31.06,43,22.0028,0,12,10
2011-10-05 13:00:00,4,0,1,1,26.24,31.06,41,15.0013,0,13,10
2011-10-05 14:00:00,4,0,1,1,26.24,31.06,41,19.0012,0,14,10
2011-10-05 15:00:00,4,0,1,1,26.24,31.06,47,19.0012,0,15,10
2011-10-05 16:00:00,4,0,1,1,26.24,31.06,47,22.0028,0,16,10
2011-10-05 17:00:00,4,0,1,1,26.24,31.06,47,16.9979,0,17,10
2011-10-05 18:00:00,4,0,1,1,24.6,31.06,53,11.0014,0,18,10
2011-10-05 19:00:00,4,0,1,1,23.78,27.275,56,8.9981,0,19,10
2011-10-05 20:00:00,4,0,1,1,21.32,25.0,77,11.0014,0,20,10
2011-10-05 21:00:00,4,0,1,1,20.5,24.24,82,7.0015,0,21,10
2011-10-05 22:00:00,4,0,1,1,21.32,25.0,72,11.920221450652612,1,22,10
2011-10-05 23:00:00,4,0,1,1,20.5,24.24,77,7.0015,0,23,10
2011-10-06 00:00:00,4,0,1,1,20.5,24.24,72,12.998,0,0,10
2011-10-06 01:00:00,4,0,1,1,19.68,23.485,63,12.998,0,1,10
2011-10-06 02:00:00,4,0,1,1,18.86,22.725,67,12.998,0,2,10
2011-10-06 03:00:00,4,0,1,1,18.04,21.97,67,15.0013,0,3,10
2011-10-06 04:00:00,4,0,1,1,18.04,21.97,62,19.0012,0,4,10
2011-10-06 05:00:00,4,0,1,1,17.22,21.21,62,12.998,0,5,10
2011-10-06 06:00:00,4,0,1,1,16.4,20.455,66,12.998,0,6,10
2011-10-06 07:00:00,4,0,1,1,17.22,21.21,62,12.998,0,7,10
2011-10-06 08:00:00,4,0,1,1,18.04,21.97,62,11.0014,0,8,10
2011-10-06 09:00:00,4,0,1,1,18.86,22.725,63,12.998,0,9,10
2011-10-06 10:00:00,4,0,1,1,21.32,25.0,52,16.002295484524677,1,10,10
2011-10-06 11:00:00,4,0,1,1,22.14,25.76,49,16.105485130183425,1,11,10
2011-10-06 12:00:00,4,0,1,1,22.96,26.515,49,6.0032,0,12,10
2011-10-06 13:00:00,4,0,1,1,22.96,26.515,46,6.0032,0,13,10
2011-10-06 14:00:00,4,0,1,1,23.78,27.275,43,6.0032,0,14,10
2011-10-06 15:00:00,4,0,1,1,23.78,27.275,46,8.9981,0,15,10
2011-10-06 16:00:00,4,0,1,1,23.78,27.275,49,12.998,0,16,10
2011-10-06 17:00:00,4,0,1,1,22.96,26.515,52,8.9981,0,17,10
2011-10-06 18:00:00,4,0,1,1,22.14,25.76,64,6.0032,0,18,10
2011-10-06 19:00:00,4,0,1,1,21.32,25.0,59,7.0015,0,19,10
2011-10-06 20:00:00,4,0,1,1,20.5,24.24,77,7.0015,0,20,10
2011-10-06 21:00:00,4,0,1,1,18.86,22.725,88,6.0032,0,21,10
2011-10-06 22:00:00,4,0,1,1,18.86,22.725,82,10.229552910816949,1,22,10
2011-10-06 23:00:00,4,0,1,1,18.04,21.97,88,6.0032,0,23,10
2011-10-07 00:00:00,4,0,1,1,18.04,21.97,88,10.788880582142014,1,0,10
2011-10-07 01:00:00,4,0,1,1,18.04,21.97,88,10.810941248020887,1,1,10
2011-10-07 02:00:00,4,0,1,1,17.22,21.21,88,10.532760870610893,1,2,10
2011-10-07 03:00:00,4,0,1,1,16.4,20.455,87,8.953450525815335,1,3,10
2011-10-07 04:00:00,4,0,1,1,16.4,20.455,87,7.0015,0,4,10
2011-10-07 05:00:00,4,0,1,1,17.22,21.21,82,10.91067002324423,1,5,10
2011-10-07 06:00:00,4,0,1,1,17.22,21.21,88,10.679655715472393,1,6,10
2011-10-07 07:00:00,4,0,1,1,17.22,21.21,94,10.407299984534728,1,7,10
2011-10-07 08:00:00,4,0,1,1,18.86,22.725,82,11.669349795781917,1,8,10
2011-10-07 09:00:00,4,0,1,1,19.68,23.485,77,11.948813138393364,1,9,10
2011-10-07 10:00:00,4,0,1,1,21.32,25.0,68,6.0032,0,10,10
2011-10-07 11:00:00,4,0,1,1,22.96,26.515,63,13.679838709403478,1,11,10
2011-10-07 12:00:00,4,0,1,1,24.6,31.06,53,15.544439226756731,1,12,10
2011-10-07 13:00:00,4,0,1,1,24.6,31.06,46,15.992481138136412,1,13,10
2011-10-07 14:00:00,4,0,1,1,25.42,31.06,50,15.809585900021123,1,14,10
2011-10-07 15:00:00,4,0,1,1,27.06,31.06,41,15.933501161743239,1,15,10
2011-10-07 16:00:00,4,0,1,1,26.24,31.06,44,15.501520277201019,1,16,10
2011-10-07 17:00:00,4,0,1,1,24.6,31.06,56,16.9979,0,17,10
2011-10-07 18:00:00,4,0,1,1,22.96,26.515,60,6.0032,0,18,10
2011-10-07 19:00:00,4,0,1,1,22.96,26.515,52,16.781365343201564,1,19,10
2011-10-07 20:00:00,4,0,1,1,22.14,25.76,49,19.065264241100923,1,20,10
2011-10-07 21:00:00,4,0,1,1,20.5,24.24,68,11.778221613531821,1,21,10
2011-10-07 22:00:00,4,0,1,1,20.5,24.24,68,11.7250874942615,1,22,10
2011-10-07 23:00:00,4,0,1,1,20.5,24.24,63,12.380044882957923,1,23,10
2011-10-08 00:00:00,4,0,0,1,19.68,23.485,72,11.549690718579194,1,0,10
2011-10-08 01:00:00,4,0,0,1,18.86,22.725,82,10.989730801199869,1,1,10
2011-10-08 02:00:00,4,0,0,1,18.86,22.725,82,11.025710353172492,1,2,10
2011-10-08 03:00:00,4,0,0,1,18.04,21.97,88,10.863965439211182,1,3,10
2011-10-08 04:00:00,4,0,0,1,17.22,21.21,94,8.9981,0,4,10
2011-10-08 05:00:00,4,0,0,1,17.22,21.21,88,7.0015,0,5,10
2011-10-08 06:00:00,4,0,0,1,17.22,21.21,94,10.014090164025001,1,6,10
2011-10-08 07:00:00,4,0,0,1,17.22,21.21,94,6.0032,0,7,10
2011-10-08 08:00:00,4,0,0,1,18.86,22.725,82,11.669349795781917,1,8,10
2011-10-08 09:00:00,4,0,0,1,20.5,24.24,77,11.906458748356,1,9,10
2011-10-08 10:00:00,4,0,0,1,21.32,25.0,77,11.910894520040847,1,10,10
2011-10-08 11:00:00,4,0,0,1,23.78,27.275,56,15.472903004723857,1,11,10
2011-10-08 12:00:00,4,0,0,1,25.42,31.06,35,17.12975847878843,1,12,10
2011-10-08 13:00:00,4,0,0,1,25.42,31.06,46,7.0015,0,13,10
2011-10-08 14:00:00,4,0,0,1,25.42,31.06,50,6.0032,0,14,10
2011-10-08 15:00:00,4,0,0,1,27.06,31.06,39,16.29350813547403,1,15,10
2011-10-08 16:00:00,4,0,0,1,26.24,31.06,44,6.0032,0,16,10
2011-10-08 17:00:00,4,0,0,1,25.42,31.06,50,8.9981,0,17,10
2011-10-08 18:00:00,4,0,0,1,24.6,31.06,46,7.0015,0,18,10
2011-10-08 19:00:00,4,0,0,1,22.14,25.76,68,8.9981,0,19,10
2011-10-08 20:00:00,4,0,0,1,21.32,25.0,77,7.0015,0,20,10
2011-10-08 21:00:00,4,0,0,1,21.32,25.0,77,10.645018765284329,1,21,10
2011-10-08 22:00:00,4,0,0,1,20.5,24.24,77,10.53168330091135,1,22,10
2011-10-08 23:00:00,4,0,0,1,19.68,23.485,88,9.834516287827842,1,23,10
2011-10-09 00:00:00,4,0,0,1,18.86,22.725,88,6.0032,0,0,10
2011-10-09 01:00:00,4,0,0,1,18.86,22.725,88,10.774861916293654,1,1,10
2011-10-09 02:00:00,4,0,0,1,18.86,22.725,88,10.807047039155634,1,2,10
2011-10-09 03:00:00,4,0,0,1,18.04,21.97,88,10.863965439211182,1,3,10
2011-10-09 04:00:00,4,0,0,1,18.04,21.97,88,10.898615201272142,1,4,10
2011-10-09 05:00:00,4,0,0,1,18.04,21.97,88,10.913655208519637,1,5,10
2011-10-09 06:00:00,4,0,0,1,18.04,21.97,88,11.018844833831048,1,6,10
2011-10-09 07:00:00,4,0,0,1,18.04,21.97,86,11.557123480948807,1,7,10
2011-10-09 08:00:00,4,0,0,1,18.86,22.725,88,11.234026833581078,1,8,10
2011-10-09 09:00:00,4,0,0,1,20.5,24.24,77,11.906458748356,1,9,10
2011-10-09 10:00:00,4,0,0,1,22.96,26.515,68,6.0032,0,10,10
2011-10-09 11:00:00,4,0,0,1,25.42,31.06,53,6.0032,0,11,10
2011-10-09 12:00:00,4,0,0,1,26.24,31.06,44,6.0032,0,12,10
2011-10-09 13:00:00,4,0,0,1,27.06,31.06,44,6.0032,0,13,10
2011-10-09 14:00:00,4,0,0,1,27.88,31.82,47,11.0014,0,14,10
2011-10-09 15:00:00,4,0,0,1,27.88,31.82,51,11.0014,0,15,10
2011-10-09 16:00:00,4,0,0,1,27.06,31.06,50,8.9981,0,16,10
2011-10-09 17:00:00,4,0,0,1,25.42,30.305,61,7.0015,0,17,10
2011-10-09 18:00:00,4,0,0,1,26.24,31.06,50,7.0015,0,18,10
2011-10-09 19:00:00,4,0,0,1,22.96,26.515,73,6.0032,0,19,10
2011-10-09 20:00:00,4,0,0,1,22.96,26.515,73,7.0015,0,20,10
2011-10-09 21:00:00,4,0,0,1,22.14,25.76,83,7.0015,0,21,10
2011-10-09 22:00:00,4,0,0,2,21.32,25.0,94,11.58345422951746,1,22,10
2011-10-09 23:00:00,4,0,0,1,20.5,24.24,88,7.0015,0,23,10
2011-10-10 00:00:00,4,1,0,1,20.5,24.24,94,10.346539942656914,1,0,10
2011-10-10 01:00:00,4,1,0,1,19.68,23.485,88,10.895396534670555,1,1,10
2011-10-10 02:00:00,4,1,0,1,19.68,23.485,88,10.927581657532533,1,2,10
2011-10-10 03:00:00,4,1,0,1,18.86,22.725,88,10.827886107483948,1,3,10
2011-10-10 04:00:00,4,1,0,1,18.86,22.725,94,10.180271734649258,1,4,10
2011-10-10 05:00:00,4,1,0,1,18.86,22.725,94,10.18069985724067,1,5,10
2011-10-10 06:00:00,4,1,0,1,18.04,21.97,94,10.24817629741768,1,6,10
2011-10-10 07:00:00,4,1,0,1,18.86,22.725,88,11.04962253322325,1,7,10
2011-10-10 08:00:00,4,1,0,1,21.32,25.0,83,11.442076483719994,1,8,10
2011-10-10 09:00:00,4,1,0,1,22.14,25.76,77,11.96668058836984,1,9,10
2011-10-10 10:00:00,4,1,0,1,22.96,26.515,73,11.0014,0,10,10
2011-10-10 11:00:00,4,1,0,1,25.42,30.305,69,6.0032,0,11,10
2011-10-10 12:00:00,4,1,0,2,28.7,32.575,48,6.0032,0,12,10
2011-10-10 13:00:00,4,1,0,1,29.52,32.575,37,14.490516151008194,1,13,10
2011-10-10 14:00:00,4,1,0,1,30.34,32.575,37,14.678098079081655,1,14,10
2011-10-10 15:00:00,4,1,0,2,29.52,32.575,42,7.0015,0,15,10
2011-10-10 16:00:00,4,1,0,2,28.7,31.82,45,6.0032,0,16,10
2011-10-10 17:00:00,4,1,0,2,27.06,31.06,54,7.0015,0,17,10
2011-10-10 18:00:00,4,1,0,2,26.24,31.06,53,15.1275890805134,1,18,10
2011-10-10 19:00:00,4,1,0,2,23.78,27.275,78,6.0032,0,19,10
2011-10-10 20:00:00,4,1,0,1,24.6,29.545,73,12.358351322795535,1,20,10
2011-10-10 21:00:00,4,1,0,1,22.96,26.515,88,6.0032,0,21,10
2011-10-10 22:00:00,4,1,0,1,22.96,26.515,88,6.0032,0,22,10
2011-10-10 23:00:00,4,1,0,2,22.14,25.76,88,7.0015,0,23,10
2011-10-11 00:00:00,4,0,1,2,22.14,25.76,88,11.188218409951215,1,0,10
2011-10-11 01:00:00,4,0,1,2,21.32,25.0,94,6.0032,0,1,10
2011-10-11 02:00:00,4,0,1,2,21.32,25.0,94,8.9981,0,2,10
2011-10-11 03:00:00,4,0,1,2,21.32,25.0,88,7.0015,0,3,10
2011-10-11 04:00:00,4,0,1,2,21.32,25.0,88,8.9981,0,4,10
2011-10-11 05:00:00,4,0,1,2,21.32,25.0,88,10.990817053621727,1,5,10
2011-10-11 06:00:00,4,0,1,1,21.32,25.0,83,6.0032,0,6,10
2011-10-11 07:00:00,4,0,1,2,21.32,25.0,88,6.0032,0,7,10
2011-10-11 08:00:00,4,0,1,2,22.96,26.515,83,7.0015,0,8,10
2011-10-11 09:00:00,4,0,1,2,24.6,29.545,69,13.038815789639973,1,9,10
2011-10-11 10:00:00,4,0,1,2,24.6,29.545,69,8.9981,0,10,10
2011-10-11 11:00:00,4,0,1,2,24.6,29.545,73,11.0014,0,11,10
2011-10-11 12:00:00,4,0,1,2,24.6,29.545,73,11.0014,0,12,10
2011-10-11 13:00:00,4,0,1,2,24.6,29.545,73,12.998,0,13,10
2011-10-11 14:00:00,4,0,1,3,24.6,29.545,73,7.0015,0,14,10
2011-10-11 15:00:00,4,0,1,2,24.6,28.79,78,11.0014,0,15,10
2011-10-11 16:00:00,4,0,1,2,24.6,29.545,73,11.0014,0,16,10
2011-10-11 17:00:00,4,0,1,2,24.6,28.79,78,16.9979,0,17,10
2011-10-11 18:00:00,4,0,1,2,24.6,28.79,78,15.0013,0,18,10
2011-10-11 19:00:00,4,0,1,2,23.78,27.275,83,15.0013,0,19,10
2011-10-11 20:00:00,4,0,1,2,23.78,27.275,83,15.0013,0,20,10
2011-10-11 21:00:00,4,0,1,2,23.78,27.275,78,12.998,0,21,10
2011-10-11 22:00:00,4,0,1,2,22.96,26.515,83,12.998,0,22,10
2011-10-11 23:00:00,4,0,1,2,22.96,26.515,83,19.0012,0,23,10
2011-10-12 00:00:00,4,0,1,2,22.96,26.515,83,8.9981,0,0,10
2011-10-12 01:00:00,4,0,1,3,22.96,26.515,83,8.9981,0,1,10
2011-10-12 02:00:00,4,0,1,2,22.96,26.515,83,19.0012,0,2,10
2011-10-12 03:00:00,4,0,1,3,22.14,25.76,94,19.9995,0,3,10
2011-10-12 04:00:00,4,0,1,3,22.14,25.76,94,26.0027,0,4,10
2011-10-12 05:00:00,4,0,1,2,22.14,25.76,88,22.0028,0,5,10
2011-10-12 06:00:00,4,0,1,2,22.14,25.76,88,16.9979,0,6,10
2011-10-12 07:00:00,4,0,1,2,22.14,25.76,88,26.0027,0,7,10
2011-10-12 08:00:00,4,0,1,2,22.14,25.76,88,26.0027,0,8,10
2011-10-12 09:00:00,4,0,1,2,22.14,25.76,88,30.0026,0,9,10
2011-10-12 10:00:00,4,0,1,2,22.14,25.76,88,26.0027,0,10,10
2011-10-12 11:00:00,4,0,1,3,22.14,25.76,94,22.0028,0,11,10
2011-10-12 12:00:00,4,0,1,3,22.14,25.76,88,22.0028,0,12,10
2011-10-12 13:00:00,4,0,1,3,22.14,25.76,88,15.0013,0,13,10
2011-10-12 14:00:00,4,0,1,3,22.14,25.76,94,19.0012,0,14,10
2011-10-12 15:00:00,4,0,1,3,22.14,25.76,94,16.9979,0,15,10
2011-10-12 16:00:00,4,0,1,2,22.96,26.515,88,15.0013,0,16,10
2011-10-12 17:00:00,4,0,1,3,22.14,25.76,94,15.0013,0,17,10
2011-10-12 18:00:00,4,0,1,3,22.14,25.76,94,8.9981,0,18,10
2011-10-12 19:00:00,4,0,1,3,22.14,25.76,94,8.9981,0,19,10
2011-10-12 20:00:00,4,0,1,3,22.14,25.76,94,7.0015,0,20,10
2011-10-12 21:00:00,4,0,1,3,22.14,25.76,100,7.0015,0,21,10
2011-10-12 22:00:00,4,0,1,3,22.14,25.76,94,6.0032,0,22,10
2011-10-12 23:00:00,4,0,1,3,22.14,25.76,94,6.0032,0,23,10
2011-10-13 00:00:00,4,0,1,2,22.14,25.76,94,8.9981,0,0,10
2011-10-13 01:00:00,4,0,1,2,22.14,25.76,94,10.549264780653182,1,1,10
2011-10-13 02:00:00,4,0,1,2,22.14,25.76,94,10.554754122739542,1,2,10
2011-10-13 03:00:00,4,0,1,2,22.14,25.76,100,12.998,0,3,10
2011-10-13 04:00:00,4,0,1,2,22.14,25.76,100,7.0015,0,4,10
2011-10-13 05:00:00,4,0,1,2,22.14,25.76,100,7.0015,0,5,10
2011-10-13 06:00:00,4,0,1,3,22.14,25.76,100,6.0032,0,6,10
2011-10-13 07:00:00,4,0,1,3,22.14,25.76,100,8.9981,0,7,10
2011-10-13 08:00:00,4,0,1,3,22.14,25.76,100,6.0032,0,8,10
2011-10-13 09:00:00,4,0,1,3,22.96,26.515,100,7.0015,0,9,10
2011-10-13 10:00:00,4,0,1,3,22.96,26.515,100,8.9981,0,10,10
2011-10-13 11:00:00,4,0,1,2,25.42,28.79,83,11.973432776557617,1,11,10
2011-10-13 12:00:00,4,0,1,2,25.42,28.03,88,12.17630842400367,1,12,10
2011-10-13 13:00:00,4,0,1,2,26.24,28.79,83,11.0014,0,13,10
2011-10-13 14:00:00,4,0,1,1,27.06,30.305,78,12.998,0,14,10
2011-10-13 15:00:00,4,0,1,1,27.06,30.305,78,12.998,0,15,10
2011-10-13 16:00:00,4,0,1,1,27.06,31.06,74,15.0013,0,16,10
2011-10-13 17:00:00,4,0,1,3,25.42,28.79,83,16.9979,0,17,10
2011-10-13 18:00:00,4,0,1,3,25.42,28.79,83,16.9979,0,18,10
2011-10-13 19:00:00,4,0,1,2,25.42,28.79,83,11.0014,0,19,10
2011-10-13 20:00:00,4,0,1,1,25.42,28.79,83,19.0012,0,20,10
2011-10-13 21:00:00,4,0,1,1,25.42,28.79,83,12.998,0,21,10
2011-10-13 22:00:00,4,0,1,1,25.42,28.79,83,12.998,0,22,10
2011-10-13 23:00:00,4,0,1,2,23.78,27.275,88,12.998,0,23,10
2011-10-14 00:00:00,4,0,1,1,23.78,27.275,94,6.0032,0,0,10
2011-10-14 01:00:00,4,0,1,1,23.78,27.275,94,8.9981,0,1,10
2011-10-14 02:00:00,4,0,1,1,22.96,26.515,94,11.0014,0,2,10
2011-10-14 03:00:00,4,0,1,1,22.96,26.515,94,8.9981,0,3,10
2011-10-14 04:00:00,4,0,1,1,22.96,26.515,94,12.998,0,4,10
2011-10-14 05:00:00,4,0,1,2,22.96,26.515,94,11.0014,0,5,10
2011-10-14 06:00:00,4,0,1,3,22.96,26.515,88,12.998,0,6,10
2011-10-14 07:00:00,4,0,1,3,22.96,26.515,88,12.998,0,7,10
2011-10-14 08:00:00,4,0,1,2,22.96,26.515,90,11.0014,0,8,10
2011-10-14 09:00:00,4,0,1,2,22.96,26.515,94,15.0013,0,9,10
2011-10-14 10:00:00,4,0,1,3,22.14,25.76,88,23.9994,0,10,10
2011-10-14 11:00:00,4,0,1,3,21.32,25.0,88,11.0014,0,11,10
2011-10-14 12:00:00,4,0,1,3,21.32,25.0,88,11.0014,0,12,10
2011-10-14 13:00:00,4,0,1,1,22.96,26.515,73,23.9994,0,13,10
2011-10-14 14:00:00,4,0,1,1,25.42,31.06,43,23.9994,0,14,10
2011-10-14 15:00:00,4,0,1,1,25.42,31.06,43,19.0012,0,15,10
2011-10-14 16:00:00,4,0,1,1,24.6,31.06,43,15.0013,0,16,10
2011-10-14 17:00:00,4,0,1,1,23.78,27.275,46,27.9993,0,17,10
2011-10-14 18:00:00,4,0,1,1,22.14,25.76,39,19.0012,0,18,10
2011-10-14 19:00:00,4,0,1,1,22.14,25.76,39,22.0028,0,19,10
2011-10-14 20:00:00,4,0,1,1,21.32,25.0,42,12.998,0,20,10
2011-10-14 21:00:00,4,0,1,1,20.5,24.24,45,12.998,0,21,10
2011-10-14 22:00:00,4,0,1,1,18.86,22.725,59,15.0013,0,22,10
2011-10-14 23:00:00,4,0,1,1,18.86,22.725,59,11.0014,0,23,10
2011-10-15 00:00:00,4,0,0,1,18.86,22.725,55,7.0015,0,0,10
2011-10-15 01:00:00,4,0,0,1,18.86,22.725,55,16.9979,0,1,10
2011-10-15 02:00:00,4,0,0,1,18.86,22.725,59,12.998,0,2,10
2011-10-15 03:00:00,4,0,0,1,18.04,21.97,62,12.998,0,3,10
2011-10-15 04:00:00,4,0,0,1,17.22,21.21,67,8.9981,0,4,10
2011-10-15 05:00:00,4,0,0,1,17.22,21.21,71,11.0014,0,5,10
2011-10-15 06:00:00,4,0,0,1,16.4,20.455,71,12.27743069093797,1,6,10
2011-10-15 07:00:00,4,0,0,1,16.4,20.455,76,7.0015,0,7,10
2011-10-15 08:00:00,4,0,0,1,18.86,22.725,59,19.0012,0,8,10
2011-10-15 09:00:00,4,0,0,1,21.32,25.0,48,19.9995,0,9,10
2011-10-15 10:00:00,4,0,0,1,22.14,25.76,45,30.0026,0,10,10
2011-10-15 11:00:00,4,0,0,1,22.96,26.515,40,26.0027,0,11,10
2011-10-15 12:00:00,4,0,0,1,23.78,27.275,35,36.9974,0,12,10
2011-10-15 13:00:00,4,0,0,1,24.6,31.06,35,31.0009,0,13,10
2011-10-15 14:00:00,4,0,0,1,24.6,31.06,33,31.0009,0,14,10
2011-10-15 15:00:00,4,0,0,1,25.42,31.06,31,32.9975,0,15,10
2011-10-15 16:00:00,4,0,0,1,25.42,31.06,29,26.0027,0,16,10
2011-10-15 17:00:00,4,0,0,1,23.78,27.275,32,19.0012,0,17,10
2011-10-15 18:00:00,4,0,0,1,22.14,25.76,39,12.998,0,18,10
2011-10-15 19:00:00,4,0,0,1,20.5,24.24,51,8.9981,0,19,10
2011-10-15 20:00:00,4,0,0,1,20.5,24.24,48,8.9981,0,20,10
2011-10-15 21:00:00,4,0,0,1,20.5,24.24,42,15.0013,0,21,10
2011-10-15 22:00:00,4,0,0,1,20.5,24.24,36,8.9981,0,22,10
2011-10-15 23:00:00,4,0,0,1,19.68,23.485,41,11.0014,0,23,10
2011-10-16 00:00:00,4,0,0,1,18.86,22.725,44,8.9981,0,0,10
2011-10-16 01:00:00,4,0,0,1,18.04,21.97,47,8.9981,0,1,10
2011-10-16 02:00:00,4,0,0,1,17.22,21.21,54,8.9981,0,2,10
2011-10-16 03:00:00,4,0,0,1,17.22,21.21,54,8.9981,0,3,10
2011-10-16 04:00:00,4,0,0,1,17.22,21.21,54,12.998,0,4,10
2011-10-16 05:00:00,4,0,0,1,17.22,21.21,54,11.0014,0,5,10
2011-10-16 06:00:00,4,0,0,1,15.58,19.695,66,11.0014,0,6,10
2011-10-16 07:00:00,4,0,0,1,16.4,20.455,62,8.9981,0,7,10
2011-10-16 08:00:00,4,0,0,1,18.04,21.97,62,12.998,0,8,10
2011-10-16 09:00:00,4,0,0,1,20.5,24.24,45,15.0013,0,9,10
2011-10-16 10:00:00,4,0,0,1,22.14,25.76,45,16.9979,0,10,10
2011-10-16 11:00:00,4,0,0,1,22.96,26.515,35,19.0012,0,11,10
2011-10-16 12:00:00,4,0,0,1,23.78,27.275,35,16.9979,0,12,10
2011-10-16 13:00:00,4,0,0,1,24.6,31.06,35,19.9995,0,13,10
2011-10-16 14:00:00,4,0,0,1,24.6,31.06,40,19.9995,0,14,10
2011-10-16 15:00:00,4,0,0,1,25.42,31.06,35,26.0027,0,15,10
2011-10-16 16:00:00,4,0,0,1,24.6,31.06,46,26.0027,0,16,10
2011-10-16 17:00:00,4,0,0,1,23.78,27.275,49,31.0009,0,17,10
2011-10-16 18:00:00,4,0,0,1,22.96,26.515,49,30.0026,0,18,10
2011-10-16 19:00:00,4,0,0,1,22.14,25.76,52,26.0027,0,19,10
2011-10-16 20:00:00,4,0,0,1,22.14,25.76,52,31.0009,0,20,10
2011-10-16 21:00:00,4,0,0,1,22.14,25.76,52,26.0027,0,21,10
2011-10-16 22:00:00,4,0,0,1,22.96,26.515,49,27.9993,0,22,10
2011-10-16 23:00:00,4,0,0,1,22.96,26.515,52,27.9993,0,23,10
2011-10-17 00:00:00,4,0,1,1,22.14,25.76,56,22.0028,0,0,10
2011-10-17 01:00:00,4,0,1,1,22.96,26.515,54,26.0027,0,1,10
2011-10-17 02:00:00,4,0,1,1,22.96,26.515,54,26.0027,0,2,10
2011-10-17 03:00:00,4,0,1,1,22.96,26.515,49,12.998,0,3,10
2011-10-17 04:00:00,4,0,1,1,21.32,25.0,59,11.0014,0,4,10
2011-10-17 05:00:00,4,0,1,1,20.5,24.24,63,19.9995,0,5,10
2011-10-17 06:00:00,4,0,1,1,20.5,24.24,55,16.9979,0,6,10
2011-10-17 07:00:00,4,0,1,2,20.5,24.24,55,11.0014,0,7,10
2011-10-17 08:00:00,4,0,1,2,20.5,24.24,51,16.9979,0,8,10
2011-10-17 09:00:00,4,0,1,2,20.5,24.24,45,19.0012,0,9,10
2011-10-17 10:00:00,4,0,1,1,21.32,25.0,45,11.0014,0,10,10
2011-10-17 11:00:00,4,0,1,1,22.96,26.515,43,16.059273439716748,1,11,10
2011-10-17 12:00:00,4,0,1,1,22.96,26.515,40,6.0032,0,12,10
2011-10-17 13:00:00,4,0,1,1,22.96,26.515,46,6.0032,0,13,10
2011-10-17 14:00:00,4,0,1,1,23.78,27.275,49,12.998,0,14,10
2011-10-17 15:00:00,4,0,1,1,22.96,26.515,60,16.9979,0,15,10
2011-10-17 16:00:00,4,0,1,1,23.78,27.275,56,16.9979,0,16,10
2011-10-17 17:00:00,4,0,1,1,22.96,26.515,64,8.9981,0,17,10
2011-10-17 18:00:00,4,0,1,1,22.96,26.515,60,13.163249105024999,1,18,10
2011-10-17 19:00:00,4,0,1,1,22.14,25.76,68,7.0015,0,19,10
2011-10-17 20:00:00,4,0,1,1,21.32,25.0,77,7.0015,0,20,10
2011-10-17 21:00:00,4,0,1,1,20.5,24.24,77,7.0015,0,21,10
2011-10-17 22:00:00,4,0,1,1,20.5,24.24,77,10.53168330091135,1,22,10
2011-10-17 23:00:00,4,0,1,2,19.68,23.485,88,10.65155694668359,1,23,10
2011-10-18 00:00:00,4,0,1,1,19.68,23.485,82,11.138947818463292,1,0,10
2011-10-18 01:00:00,4,0,1,2,18.86,22.725,88,10.779172369284753,1,1,10
2011-10-18 02:00:00,4,0,1,1,18.04,21.97,94,6.0032,0,2,10
2011-10-18 03:00:00,4,0,1,1,18.04,21.97,94,6.0032,0,3,10
2011-10-18 04:00:00,4,0,1,2,18.04,21.97,94,7.0015,0,4,10
2011-10-18 05:00:00,4,0,1,2,18.86,22.725,88,10.875999004248932,1,5,10
2011-10-18 06:00:00,4,0,1,1,18.86,22.725,82,6.0032,0,6,10
2011-10-18 07:00:00,4,0,1,1,18.86,22.725,88,6.0032,0,7,10
2011-10-18 08:00:00,4,0,1,1,20.5,24.24,77,6.0032,0,8,10
2011-10-18 09:00:00,4,0,1,2,21.32,25.0,77,6.0032,0,9,10
2011-10-18 10:00:00,4,0,1,2,22.96,26.515,68,12.978322006506296,1,10,10
2011-10-18 11:00:00,4,0,1,2,24.6,31.06,49,7.0015,0,11,10
2011-10-18 12:00:00,4,0,1,2,25.42,31.06,43,6.0032,0,12,10
2011-10-18 13:00:00,4,0,1,2,26.24,31.06,38,12.998,0,13,10
2011-10-18 14:00:00,4,0,1,2,25.42,31.06,41,11.0014,0,14,10
2011-10-18 15:00:00,4,0,1,1,25.42,31.06,50,12.998,0,15,10
2011-10-18 16:00:00,4,0,1,1,25.42,31.06,57,16.9979,0,16,10
2011-10-18 17:00:00,4,0,1,1,24.6,30.305,60,8.9981,0,17,10
2011-10-18 18:00:00,4,0,1,1,22.96,26.515,68,7.0015,0,18,10
2011-10-18 19:00:00,4,0,1,1,22.96,26.515,60,7.0015,0,19,10
2011-10-18 20:00:00,4,0,1,1,22.14,25.76,64,11.0014,0,20,10
2011-10-18 21:00:00,4,0,1,2,22.14,25.76,68,8.9981,0,21,10
2011-10-18 22:00:00,4,0,1,2,21.32,25.0,77,11.0014,0,22,10
2011-10-18 23:00:00,4,0,1,2,21.32,25.0,77,12.998,0,23,10
2011-10-19 00:00:00,4,0,1,2,21.32,25.0,77,12.998,0,0,10
2011-10-19 01:00:00,4,0,1,2,21.32,25.0,77,12.998,0,1,10
2011-10-19 02:00:00,4,0,1,2,21.32,25.0,77,12.998,0,2,10
2011-10-19 04:00:00,4,0,1,3,20.5,24.24,94,12.998,0,4,10
2011-10-19 05:00:00,4,0,1,3,20.5,24.24,100,7.0015,0,5,10
2011-10-19 06:00:00,4,0,1,3,21.32,25.0,83,16.9979,0,6,10
2011-10-19 07:00:00,4,0,1,3,21.32,25.0,77,16.9979,0,7,10
2011-10-19 08:00:00,4,0,1,3,22.14,25.76,70,32.9975,0,8,10
2011-10-19 09:00:00,4,0,1,3,21.32,25.0,88,32.9975,0,9,10
2011-10-19 10:00:00,4,0,1,3,21.32,25.0,88,32.9975,0,10,10
2011-10-19 11:00:00,4,0,1,3,21.32,25.0,94,16.9979,0,11,10
2011-10-19 12:00:00,4,0,1,3,21.32,25.0,94,22.0028,0,12,10
2011-10-19 13:00:00,4,0,1,2,22.14,25.76,94,19.0012,0,13,10
2011-10-19 14:00:00,4,0,1,3,22.14,25.76,94,11.0014,0,14,10
2011-10-19 15:00:00,4,0,1,3,22.14,25.76,100,8.9981,0,15,10
2011-10-19 16:00:00,4,0,1,3,22.96,26.515,94,11.0014,0,16,10
2011-10-19 17:00:00,4,0,1,3,22.96,26.515,94,11.0014,0,17,10
2011-10-19 18:00:00,4,0,1,3,22.96,26.515,100,11.0014,0,18,10
2011-10-19 19:00:00,4,0,1,2,24.6,27.275,88,8.9981,0,19,10
2011-10-19 20:00:00,4,0,1,3,24.6,25.76,94,6.0032,0,20,10
2011-10-19 21:00:00,4,0,1,2,23.78,27.275,94,8.9981,0,21,10
2011-10-19 22:00:00,4,0,1,2,23.78,27.275,94,23.9994,0,22,10
2011-10-19 23:00:00,4,0,1,2,23.78,27.275,94,23.9994,0,23,10
2011-11-01 00:00:00,4,0,1,2,14.76,17.425,87,11.0014,0,0,11
2011-11-01 01:00:00,4,0,1,1,14.76,17.425,81,8.9981,0,1,11
2011-11-01 02:00:00,4,0,1,2,14.76,17.425,81,11.0014,0,2,11
2011-11-01 03:00:00,4,0,1,2,14.76,17.425,81,8.9981,0,3,11
2011-11-01 04:00:00,4,0,1,1,13.94,15.91,81,15.0013,0,4,11
2011-11-01 05:00:00,4,0,1,1,13.12,15.91,81,12.998,0,5,11
2011-11-01 06:00:00,4,0,1,1,13.12,15.91,81,12.998,0,6,11
2011-11-01 07:00:00,4,0,1,1,13.94,16.665,76,12.998,0,7,11
2011-11-01 08:00:00,4,0,1,1,14.76,16.665,71,16.9979,0,8,11
2011-11-01 09:00:00,4,0,1,1,16.4,20.455,66,11.0014,0,9,11
2011-11-01 10:00:00,4,0,1,1,18.04,21.97,62,8.9981,0,10,11
2011-11-01 11:00:00,4,0,1,1,18.86,22.725,63,7.0015,0,11,11
2011-11-01 12:00:00,4,0,1,1,20.5,24.24,48,6.0032,0,12,11
2011-11-01 13:00:00,4,0,1,1,19.68,23.485,55,12.998,0,13,11
2011-11-01 14:00:00,4,0,1,1,20.5,24.24,48,16.9979,0,14,11
2011-11-01 15:00:00,4,0,1,1,20.5,24.24,45,8.9981,0,15,11
2011-11-01 16:00:00,4,0,1,1,19.68,23.485,44,11.0014,0,16,11
2011-11-01 17:00:00,4,0,1,1,18.04,21.97,54,11.0014,0,17,11
2011-11-01 18:00:00,4,0,1,1,17.22,21.21,58,7.0015,0,18,11
2011-11-01 19:00:00,4,0,1,1,17.22,21.21,58,6.0032,0,19,11
2011-11-01 20:00:00,4,0,1,1,16.4,20.455,71,11.430447541030253,1,20,11
2011-11-01 21:00:00,4,0,1,1,14.76,18.94,81,9.59606649917123,1,21,11
2011-11-01 22:00:00,4,0,1,1,14.76,18.94,81,9.500289379206308,1,22,11
2011-11-01 23:00:00,4,0,1,1,13.94,18.18,87,7.86090066685099,1,23,11
2011-11-02 00:00:00,4,0,1,1,13.12,17.425,87,8.153488592753979,1,0,11
2011-11-02 01:00:00,4,0,1,1,12.3,16.665,87,7.948563391797417,1,1,11
2011-11-02 02:00:00,4,0,1,1,12.3,16.665,87,7.936422168897782,1,2,11
2011-11-02 03:00:00,4,0,1,1,12.3,16.665,75,8.271532822791677,1,3,11
2011-11-02 04:00:00,4,0,1,1,12.3,16.665,87,8.01138867591562,1,4,11
2011-11-02 05:00:00,4,0,1,1,12.3,16.665,81,8.268932606077284,1,5,11
2011-11-02 06:00:00,4,0,1,1,12.3,16.665,81,8.291002732863332,1,6,11
2011-11-02 07:00:00,4,0,1,1,12.3,16.665,81,8.36542857944449,1,7,11
2011-11-02 08:00:00,4,0,1,1,13.12,17.425,87,8.875470647312731,1,8,11
2011-11-02 09:00:00,4,0,1,1,13.94,18.18,87,9.71411772937701,1,9,11
2011-11-02 10:00:00,4,0,1,1,16.4,20.455,71,6.0032,0,10,11
2011-11-02 11:00:00,4,0,1,1,17.22,21.21,71,8.9981,0,11,11
2011-11-02 12:00:00,4,0,1,1,18.86,22.725,55,11.0014,0,12,11
2011-11-02 13:00:00,4,0,1,1,19.68,23.485,48,11.0014,0,13,11
2011-11-02 14:00:00,4,0,1,1,20.5,24.24,45,11.0014,0,14,11
2011-11-02 15:00:00,4,0,1,1,19.68,23.485,51,11.0014,0,15,11
2011-11-02 16:00:00,4,0,1,1,19.68,23.485,51,7.0015,0,16,11
2011-11-02 17:00:00,4,0,1,1,18.04,21.97,62,12.998,0,17,11
2011-11-02 18:00:00,4,0,1,1,17.22,21.21,71,11.0014,0,18,11
2011-11-02 19:00:00,4,0,1,1,16.4,20.455,76,8.9981,0,19,11
2011-11-02 20:00:00,4,0,1,1,16.4,20.455,66,8.9981,0,20,11
2011-11-02 21:00:00,4,0,1,1,15.58,19.695,71,8.9981,0,21,11
2011-11-02 22:00:00,4,0,1,1,14.76,17.425,71,8.9981,0,22,11
2011-11-02 23:00:00,4,0,1,1,14.76,18.18,76,6.0032,0,23,11
2011-11-03 00:00:00,4,0,1,1,14.76,18.18,76,6.0032,0,0,11
2011-11-03 01:00:00,4,0,1,1,13.94,16.665,81,8.9981,0,1,11
2011-11-03 02:00:00,4,0,1,1,13.94,16.665,76,8.9981,0,2,11
2011-11-03 03:00:00,4,0,1,1,13.94,16.665,81,8.9981,0,3,11
2011-11-03 04:00:00,4,0,1,1,13.12,16.665,81,6.0032,0,4,11
2011-11-03 05:00:00,4,0,1,1,13.12,16.665,81,8.9981,0,5,11
2011-11-03 06:00:00,4,0,1,1,13.94,16.665,76,12.998,0,6,11
2011-11-03 07:00:00,4,0,1,2,13.12,16.665,81,6.0032,0,7,11
2011-11-03 08:00:00,4,0,1,2,13.94,17.425,81,6.0032,0,8,11
2011-11-03 09:00:00,4,0,1,2,14.76,17.425,81,12.998,0,9,11
2011-11-03 10:00:00,4,0,1,2,16.4,20.455,76,12.998,0,10,11
2011-11-03 11:00:00,4,0,1,1,18.04,21.97,67,12.998,0,11,11
2011-11-03 12:00:00,4,0,1,1,20.5,24.24,51,12.998,0,12,11
2011-11-03 13:00:00,4,0,1,2,21.32,25.0,48,16.9979,0,13,11
2011-11-03 14:00:00,4,0,1,1,21.32,25.0,52,11.0014,0,14,11
2011-11-03 15:00:00,4,0,1,1,21.32,25.0,52,11.0014,0,15,11
2011-11-03 16:00:00,4,0,1,1,21.32,25.0,48,12.998,0,16,11
2011-11-03 17:00:00,4,0,1,1,19.68,23.485,55,6.0032,0,17,11
2011-11-03 18:00:00,4,0,1,1,18.86,22.725,63,8.9981,0,18,11
2011-11-03 19:00:00,4,0,1,1,18.04,21.97,67,6.0032,0,19,11
2011-11-03 20:00:00,4,0,1,1,17.22,21.21,71,7.0015,0,20,11
2011-11-03 21:00:00,4,0,1,1,16.4,20.455,76,8.9981,0,21,11
2011-11-03 22:00:00,4,0,1,1,16.4,20.455,82,9.969106706345682,1,22,11
2011-11-03 23:00:00,4,0,1,1,16.4,20.455,82,6.0032,0,23,11
2011-11-04 00:00:00,4,0,1,2,16.4,20.455,82,10.163004103491687,1,0,11
2011-11-04 01:00:00,4,0,1,2,16.4,20.455,82,10.138347025218396,1,1,11
2011-11-04 02:00:00,4,0,1,2,16.4,20.455,76,10.5672941634559,1,2,11
2011-11-04 03:00:00,4,0,1,2,15.58,19.695,87,11.0014,0,3,11
2011-11-04 04:00:00,4,0,1,2,15.58,19.695,87,6.0032,0,4,11
2011-11-04 05:00:00,4,0,1,2,15.58,19.695,87,9.43361622126163,1,5,11
2011-11-04 06:00:00,4,0,1,2,15.58,19.695,87,6.0032,0,6,11
2011-11-04 07:00:00,4,0,1,2,16.4,20.455,86,15.0013,0,7,11
2011-11-04 08:00:00,4,0,1,2,16.4,20.455,87,23.9994,0,8,11
2011-11-04 09:00:00,4,0,1,2,17.22,21.21,71,31.0009,0,9,11
2011-11-04 10:00:00,4,0,1,2,17.22,21.21,71,22.0028,0,10,11
2011-11-04 11:00:00,4,0,1,2,18.04,21.97,67,30.0026,0,11,11
2011-11-04 12:00:00,4,0,1,2,19.68,23.485,55,32.9975,0,12,11
2011-11-04 13:00:00,4,0,1,1,18.04,21.97,51,27.9993,0,13,11
2011-11-04 14:00:00,4,0,1,1,18.04,21.97,47,19.9995,0,14,11
2011-11-04 15:00:00,4,0,1,1,18.86,22.725,44,26.0027,0,15,11
2011-11-04 16:00:00,4,0,1,1,18.86,22.725,36,26.0027,0,16,11
2011-11-04 17:00:00,4,0,1,1,17.22,21.21,38,23.9994,0,17,11
2011-11-04 18:00:00,4,0,1,1,17.22,21.21,32,31.0009,0,18,11
2011-11-04 19:00:00,4,0,1,1,16.4,20.455,37,23.9994,0,19,11
2011-11-04 20:00:00,4,0,1,1,14.76,16.665,43,19.0012,0,20,11
2011-11-04 21:00:00,4,0,1,1,13.94,15.91,46,16.9979,0,21,11
2011-11-04 22:00:00,4,0,1,1,13.94,15.15,46,22.0028,0,22,11
2011-11-04 23:00:00,4,0,1,1,13.12,15.15,49,22.0028,0,23,11
2011-11-05 00:00:00,4,0,0,1,13.12,14.395,45,23.9994,0,0,11
2011-11-05 01:00:00,4,0,0,1,13.12,15.15,45,19.9995,0,1,11
2011-11-05 02:00:00,4,0,0,1,12.3,13.635,52,22.0028,0,2,11
2011-11-05 03:00:00,4,0,0,1,12.3,13.635,52,19.9995,0,3,11
2011-11-05 04:00:00,4,0,0,1,11.48,12.88,56,22.0028,0,4,11
2011-11-05 05:00:00,4,0,0,1,10.66,11.365,60,22.0028,0,5,11
2011-11-05 06:00:00,4,0,0,1,10.66,12.12,60,16.9979,0,6,11
2011-11-05 07:00:00,4,0,0,1,10.66,12.12,60,19.0012,0,7,11
2011-11-05 08:00:00,4,0,0,1,11.48,12.88,56,22.0028,0,8,11
2011-11-05 09:00:00,4,0,0,1,12.3,13.635,56,19.9995,0,9,11
2011-11-05 10:00:00,4,0,0,1,13.12,15.15,53,16.9979,0,10,11
2011-11-05 11:00:00,4,0,0,1,14.76,18.18,46,7.0015,0,11,11
2011-11-05 12:00:00,4,0,0,1,14.76,17.425,46,11.0014,0,12,11
2011-11-05 13:00:00,4,0,0,1,16.4,20.455,37,7.0015,0,13,11
2011-11-05 14:00:00,4,0,0,1,17.22,21.21,35,8.9981,0,14,11
2011-11-05 15:00:00,4,0,0,1,16.4,20.455,37,12.998,0,15,11
2011-11-05 16:00:00,4,0,0,1,16.4,20.455,40,15.0013,0,16,11
2011-11-05 17:00:00,4,0,0,1,15.58,19.695,40,11.0014,0,17,11
2011-11-05 18:00:00,4,0,0,1,14.76,18.18,50,6.0032,0,18,11
2011-11-05 19:00:00,4,0,0,1,13.94,18.18,53,8.494866490682025,1,19,11
2011-11-05 20:00:00,4,0,0,1,13.12,17.425,66,9.66929819135053,1,20,11
2011-11-05 21:00:00,4,0,0,1,13.12,17.425,66,9.119610414237796,1,21,11
2011-11-05 22:00:00,4,0,0,1,12.3,16.665,65,9.133572155799317,1,22,11
2011-11-05 23:00:00,4,0,0,1,11.48,15.91,70,8.649012220972482,1,23,11
2011-11-06 00:00:00,4,0,0,1,11.48,15.91,75,8.210694663262844,1,0,11
2011-11-06 01:00:00,4,0,0,1,10.66,15.15,81,7.908475964770244,1,1,11
2011-11-06 02:00:00,4,0,0,1,10.66,15.15,81,7.891683829369458,1,2,11
2011-11-06 03:00:00,4,0,0,1,9.84,14.395,87,7.407444315339271,1,3,11
2011-11-06 04:00:00,4,0,0,1,9.84,14.395,87,7.409173637265229,1,4,11
2011-11-06 05:00:00,4,0,0,1,9.84,12.12,87,8.9981,0,5,11
2011-11-06 06:00:00,4,0,0,1,10.66,14.395,81,6.0032,0,6,11
2011-11-06 07:00:00,4,0,0,1,10.66,13.635,87,7.0015,0,7,11
2011-11-06 08:00:00,4,0,0,2,11.48,15.15,87,6.0032,0,8,11
2011-11-06 09:00:00,4,0,0,2,12.3,15.91,75,6.0032,0,9,11
2011-11-06 10:00:00,4,0,0,1,14.76,18.18,66,6.0032,0,10,11
2011-11-06 11:00:00,4,0,0,1,17.22,21.21,58,6.0032,0,11,11
2011-11-06 12:00:00,4,0,0,1,18.04,21.97,54,15.215144166104546,1,12,11
2011-11-06 13:00:00,4,0,0,1,18.86,22.725,51,11.0014,0,13,11
2011-11-06 14:00:00,4,0,0,1,18.86,22.725,55,12.998,0,14,11
2011-11-06 15:00:00,4,0,0,1,19.68,23.485,51,12.998,0,15,11
2011-11-06 16:00:00,4,0,0,1,18.86,22.725,55,15.0013,0,16,11
2011-11-06 17:00:00,4,0,0,1,18.04,21.97,62,11.0014,0,17,11
2011-11-06 18:00:00,4,0,0,1,17.22,21.21,71,7.0015,0,18,11
2011-11-06 19:00:00,4,0,0,1,15.58,19.695,76,12.998,0,19,11
2011-11-06 20:00:00,4,0,0,1,14.76,18.18,81,7.0015,0,20,11
2011-11-06 21:00:00,4,0,0,1,14.76,18.18,81,6.0032,0,21,11
2011-11-06 22:00:00,4,0,0,1,14.76,18.94,87,9.315297718879476,1,22,11
2011-11-06 23:00:00,4,0,0,1,13.94,17.425,87,6.0032,0,23,11
2011-11-07 00:00:00,4,0,1,1,13.94,18.18,87,8.402266988696255,1,0,11
2011-11-07 01:00:00,4,0,1,1,13.94,18.18,87,8.404469984211321,1,1,11
2011-11-07 02:00:00,4,0,1,1,13.12,17.425,93,8.083622433261503,1,2,11
2011-11-07 03:00:00,4,0,1,1,13.12,17.425,93,8.101299209571758,1,3,11
2011-11-07 04:00:00,4,0,1,1,13.12,17.425,93,8.138749201776049,1,4,11
2011-11-07 05:00:00,4,0,1,1,12.3,16.665,93,8.01336450325885,1,5,11
2011-11-07 06:00:00,4,0,1,2,11.48,15.91,93,8.766961346521958,1,6,11
2011-11-07 07:00:00,4,0,1,2,11.48,15.91,93,8.71710224317287,1,7,11
2011-11-07 08:00:00,4,0,1,2,12.3,15.91,100,6.0032,0,8,11
2011-11-07 09:00:00,4,0,1,2,13.94,16.665,100,8.9981,0,9,11
2011-11-07 10:00:00,4,0,1,1,14.76,17.425,93,8.9981,0,10,11
2011-11-07 11:00:00,4,0,1,1,17.22,21.21,77,7.0015,0,11,11
2011-11-07 12:00:00,4,0,1,1,18.86,22.725,67,13.411817088532597,1,12,11
2011-11-07 13:00:00,4,0,1,1,22.14,25.76,49,6.0032,0,13,11
2011-11-07 14:00:00,4,0,1,1,22.96,26.515,37,11.0014,0,14,11
2011-11-07 15:00:00,4,0,1,1,22.96,26.515,37,7.0015,0,15,11
2011-11-07 16:00:00,4,0,1,1,21.32,25.0,45,15.787147294493368,1,16,11
2011-11-07 17:00:00,4,0,1,1,20.5,24.24,45,11.0014,0,17,11
2011-11-07 18:00:00,4,0,1,1,18.86,22.725,59,7.0015,0,18,11
2011-11-07 19:00:00,4,0,1,1,18.86,22.725,59,13.932670788498767,1,19,11
2011-11-07 20:00:00,4,0,1,1,16.4,20.455,71,11.430447541030253,1,20,11
2011-11-07 21:00:00,4,0,1,1,15.58,19.695,82,7.0015,0,21,11
2011-11-07 22:00:00,4,0,1,1,14.76,18.18,81,6.0032,0,22,11
2011-11-07 23:00:00,4,0,1,1,14.76,18.18,87,6.0032,0,23,11
2011-11-08 00:00:00,4,0,1,1,13.94,17.425,87,6.0032,0,0,11
2011-11-08 01:00:00,4,0,1,1,13.12,16.665,93,7.0015,0,1,11
2011-11-08 02:00:00,4,0,1,1,13.12,17.425,87,8.139439242376348,1,2,11
2011-11-08 03:00:00,4,0,1,1,13.12,17.425,87,8.162268387200037,1,3,11
2011-11-08 04:00:00,4,0,1,1,12.3,16.665,87,8.01138867591562,1,4,11
2011-11-08 05:00:00,4,0,1,1,12.3,15.91,87,6.0032,0,5,11
2011-11-08 06:00:00,4,0,1,1,12.3,16.665,87,8.067443381428978,1,6,11
2011-11-08 07:00:00,4,0,1,1,12.3,15.91,87,7.0015,0,7,11
2011-11-08 08:00:00,4,0,1,1,13.12,16.665,93,7.0015,0,8,11
2011-11-08 09:00:00,4,0,1,1,14.76,18.94,87,10.398681916725621,1,9,11
2011-11-08 10:00:00,4,0,1,1,17.22,21.21,71,6.0032,0,10,11
2011-11-08 11:00:00,4,0,1,1,18.86,22.725,63,8.9981,0,11,11
2011-11-08 12:00:00,4,0,1,1,21.32,25.0,52,8.9981,0,12,11
2011-11-08 13:00:00,4,0,1,1,22.14,25.76,49,11.0014,0,13,11
2011-11-08 14:00:00,4,0,1,1,22.96,26.515,46,7.0015,0,14,11
2011-11-08 15:00:00,4,0,1,1,23.78,27.275,46,7.0015,0,15,11
2011-11-08 16:00:00,4,0,1,1,22.96,26.515,46,8.9981,0,16,11
2011-11-08 17:00:00,4,0,1,1,21.32,25.0,43,11.0014,0,17,11
2011-11-08 18:00:00,4,0,1,1,19.68,23.485,55,8.9981,0,18,11
2011-11-08 19:00:00,4,0,1,1,18.86,22.725,59,13.932670788498767,1,19,11
2011-11-08 20:00:00,4,0,1,1,16.4,20.455,76,11.069130390329653,1,20,11
2011-11-08 21:00:00,4,0,1,1,16.4,20.455,76,10.83487622362376,1,21,11
2011-11-08 22:00:00,4,0,1,1,14.76,18.94,87,9.315297718879476,1,22,11
2011-11-08 23:00:00,4,0,1,1,14.76,18.94,81,9.272073457148592,1,23,11
2011-11-09 00:00:00,4,0,1,1,14.76,18.94,87,8.78091308574026,1,0,11
2011-11-09 01:00:00,4,0,1,1,13.94,18.18,87,8.404469984211321,1,1,11
2011-11-09 02:00:00,4,0,1,1,13.12,17.425,93,8.083622433261503,1,2,11
2011-11-09 03:00:00,4,0,1,1,13.12,17.425,93,8.101299209571758,1,3,11
2011-11-09 04:00:00,4,0,1,1,13.12,17.425,87,8.196790568263742,1,4,11
2011-11-09 05:00:00,4,0,1,1,12.3,16.665,87,8.07399575807687,1,5,11
2011-11-09 06:00:00,4,0,1,1,12.3,16.665,87,8.067443381428978,1,6,11
2011-11-09 07:00:00,4,0,1,1,12.3,16.665,87,8.090232418740127,1,7,11
2011-11-09 08:00:00,4,0,1,1,13.12,17.425,93,8.763881078501651,1,8,11
2011-11-09 09:00:00,4,0,1,1,13.94,18.18,93,9.681585980547144,1,9,11
2011-11-09 10:00:00,4,0,1,1,16.4,20.455,76,7.0015,0,10,11
2011-11-09 11:00:00,4,0,1,1,18.86,22.725,67,11.0014,0,11,11
2011-11-09 12:00:00,4,0,1,1,20.5,24.24,51,11.0014,0,12,11
2011-11-09 13:00:00,4,0,1,1,20.5,24.24,51,11.0014,0,13,11
2011-11-09 14:00:00,4,0,1,1,21.32,25.0,48,11.0014,0,14,11
2011-11-09 15:00:00,4,0,1,1,21.32,25.0,45,15.0013,0,15,11
2011-11-09 16:00:00,4,0,1,1,21.32,25.0,48,12.998,0,16,11
2011-11-09 17:00:00,4,0,1,1,18.86,22.725,63,7.0015,0,17,11
2011-11-09 18:00:00,4,0,1,1,18.04,21.97,67,7.0015,0,18,11
2011-11-09 19:00:00,4,0,1,1,18.04,21.97,72,7.0015,0,19,11
2011-11-09 20:00:00,4,0,1,1,18.04,21.97,77,11.055549603722262,1,20,11
2011-11-09 21:00:00,4,0,1,1,16.4,20.455,87,9.951402017444769,1,21,11
2011-11-09 22:00:00,4,0,1,1,16.4,20.455,87,9.84650922750404,1,22,11
2011-11-09 23:00:00,4,0,1,1,15.58,19.695,87,9.521906757702686,1,23,11
2011-11-10 00:00:00,4,0,1,1,16.4,20.455,87,8.95482872066041,1,0,11
2011-11-10 01:00:00,4,0,1,2,16.4,20.455,87,9.4425147725373,1,1,11
2011-11-10 02:00:00,4,0,1,2,15.58,19.695,94,9.112314385270544,1,2,11
2011-11-10 03:00:00,4,0,1,1,15.58,19.695,94,6.0032,0,3,11
2011-11-10 04:00:00,4,0,1,1,15.58,19.695,94,6.0032,0,4,11
2011-11-10 05:00:00,4,0,1,2,14.76,17.425,100,8.9981,0,5,11
2011-11-10 06:00:00,4,0,1,2,14.76,17.425,100,8.9981,0,6,11
2011-11-10 07:00:00,4,0,1,2,15.58,19.695,94,11.0014,0,7,11
2011-11-10 08:00:00,4,0,1,2,16.4,20.455,94,6.0032,0,8,11
2011-11-10 09:00:00,4,0,1,2,17.22,21.21,94,7.0015,0,9,11
2011-11-10 10:00:00,4,0,1,2,18.04,21.97,88,15.0013,0,10,11
2011-11-10 11:00:00,4,0,1,2,18.86,22.725,67,26.0027,0,11,11
2011-11-10 12:00:00,4,0,1,2,17.22,21.21,67,23.9994,0,12,11
2011-11-10 13:00:00,4,0,1,3,14.76,16.665,81,23.9994,0,13,11
2011-11-10 14:00:00,4,0,1,3,14.76,16.665,87,19.0012,0,14,11
2011-11-10 15:00:00,4,0,1,3,14.76,16.665,81,19.9995,0,15,11
2011-11-10 16:00:00,4,0,1,3,14.76,17.425,81,15.0013,0,16,11
2011-11-10 17:00:00,4,0,1,3,14.76,17.425,81,15.0013,0,17,11
2011-11-10 18:00:00,4,0,1,2,14.76,17.425,81,11.0014,0,18,11
2011-11-10 19:00:00,4,0,1,2,14.76,17.425,71,15.0013,0,19,11
2011-11-10 20:00:00,4,0,1,2,14.76,16.665,62,19.0012,0,20,11
2011-11-10 21:00:00,4,0,1,1,14.76,16.665,57,16.9979,0,21,11
2011-11-10 22:00:00,4,0,1,1,14.76,16.665,53,19.0012,0,22,11
2011-11-10 23:00:00,4,0,1,2,13.94,16.665,57,11.0014,0,23,11
2011-11-11 00:00:00,4,1,0,1,13.94,15.91,53,16.9979,0,0,11
2011-11-11 01:00:00,4,1,0,1,13.12,15.15,57,22.0028,0,1,11
2011-11-11 02:00:00,4,1,0,1,13.12,14.395,57,19.0012,0,2,11
2011-11-11 03:00:00,4,1,0,1,12.3,14.395,61,12.998,0,3,11
2011-11-11 04:00:00,4,1,0,1,12.3,14.395,61,12.998,0,4,11
2011-11-11 05:00:00,4,1,0,1,12.3,14.395,49,16.9979,0,5,11
2011-11-11 06:00:00,4,1,0,1,11.48,12.88,45,22.0028,0,6,11
2011-11-11 07:00:00,4,1,0,1,11.48,13.635,45,16.9979,0,7,11
2011-11-11 08:00:00,4,1,0,1,12.3,13.635,42,23.9994,0,8,11
2011-11-11 09:00:00,4,1,0,1,13.12,14.395,45,30.0026,0,9,11
2011-11-11 10:00:00,4,1,0,1,13.12,13.635,42,36.9974,0,10,11
2011-11-11 11:00:00,4,1,0,1,13.94,14.395,42,32.9975,0,11,11
2011-11-11 12:00:00,4,1,0,1,13.94,14.395,42,31.0009,0,12,11
2011-11-11 13:00:00,4,1,0,1,15.58,19.695,37,36.9974,0,13,11
2011-11-11 14:00:00,4,1,0,1,15.58,19.695,37,31.0009,0,14,11
2011-11-11 15:00:00,4,1,0,1,14.76,16.665,37,27.9993,0,15,11
2011-11-11 16:00:00,4,1,0,1,14.76,16.665,34,22.0028,0,16,11
2011-11-11 17:00:00,4,1,0,1,13.94,15.15,39,22.0028,0,17,11
2011-11-11 18:00:00,4,1,0,1,13.94,15.91,39,16.9979,0,18,11
2011-11-11 19:00:00,4,1,0,1,13.12,15.91,39,11.0014,0,19,11
2011-11-11 20:00:00,4,1,0,1,13.12,15.91,39,12.998,0,20,11
2011-11-11 21:00:00,4,1,0,1,12.3,15.15,45,11.0014,0,21,11
2011-11-11 22:00:00,4,1,0,1,13.12,15.91,39,12.998,0,22,11
2011-11-11 23:00:00,4,1,0,1,12.3,15.91,45,6.0032,0,23,11
2011-11-12 00:00:00,4,0,0,1,9.84,12.12,60,8.9981,0,0,11
2011-11-12 01:00:00,4,0,0,1,9.84,12.12,60,8.9981,0,1,11
2011-11-12 02:00:00,4,0,0,1,9.84,12.88,65,6.0032,0,2,11
2011-11-12 03:00:00,4,0,0,1,9.84,12.12,70,8.9981,0,3,11
2011-11-12 04:00:00,4,0,0,1,8.2,10.605,80,8.9981,0,4,11
2011-11-12 05:00:00,4,0,0,1,9.02,12.88,75,6.0032,0,5,11
2011-11-12 06:00:00,4,0,0,1,9.02,11.365,75,11.0014,0,6,11
2011-11-12 07:00:00,4,0,0,1,9.02,11.365,75,12.998,0,7,11
2011-11-12 08:00:00,4,0,0,1,10.66,12.88,70,12.998,0,8,11
2011-11-12 09:00:00,4,0,0,1,12.3,15.15,61,11.0014,0,9,11
2011-11-12 10:00:00,4,0,0,1,13.94,15.91,61,19.0012,0,10,11
2011-11-12 11:00:00,4,0,0,1,15.58,19.695,54,19.0012,0,11,11
2011-11-12 12:00:00,4,0,0,1,18.04,21.97,44,19.0012,0,12,11
2011-11-12 13:00:00,4,0,0,1,19.68,23.485,36,19.0012,0,13,11
2011-11-12 14:00:00,4,0,0,1,20.5,24.24,36,19.9995,0,14,11
2011-11-12 15:00:00,4,0,0,1,21.32,25.0,29,19.0012,0,15,11
2011-11-12 16:00:00,4,0,0,1,21.32,25.0,32,16.9979,0,16,11
2011-11-12 17:00:00,4,0,0,1,20.5,24.24,34,16.9979,0,17,11
2011-11-12 18:00:00,4,0,0,1,17.22,21.21,58,12.998,0,18,11
2011-11-12 19:00:00,4,0,0,1,17.22,21.21,50,16.9979,0,19,11
2011-11-12 20:00:00,4,0,0,1,17.22,21.21,50,19.0012,0,20,11
2011-11-12 21:00:00,4,0,0,1,17.22,21.21,47,19.0012,0,21,11
2011-11-12 22:00:00,4,0,0,1,17.22,21.21,47,16.9979,0,22,11
2011-11-12 23:00:00,4,0,0,1,16.4,20.455,58,11.0014,0,23,11
2011-11-13 00:00:00,4,0,0,2,16.4,20.455,58,12.998,0,0,11
2011-11-13 01:00:00,4,0,0,2,14.76,17.425,66,12.998,0,1,11
2011-11-13 02:00:00,4,0,0,1,14.76,18.18,57,7.0015,0,2,11
2011-11-13 03:00:00,4,0,0,2,14.76,17.425,62,8.9981,0,3,11
2011-11-13 04:00:00,4,0,0,2,14.76,17.425,62,8.9981,0,4,11
2011-11-13 05:00:00,4,0,0,1,13.94,16.665,61,11.0014,0,5,11
2011-11-13 06:00:00,4,0,0,1,13.94,16.665,66,8.9981,0,6,11
2011-11-13 07:00:00,4,0,0,1,13.94,15.91,66,15.0013,0,7,11
2011-11-13 08:00:00,4,0,0,1,13.94,17.425,66,6.0032,0,8,11
2011-11-13 09:00:00,4,0,0,1,16.4,20.455,54,19.0012,0,9,11
2011-11-13 10:00:00,4,0,0,1,18.04,21.97,44,22.0028,0,10,11
2011-11-13 11:00:00,4,0,0,1,18.86,22.725,40,27.9993,0,11,11
2011-11-13 12:00:00,4,0,0,2,21.32,25.0,29,27.9993,0,12,11
2011-11-13 13:00:00,4,0,0,2,21.32,25.0,29,27.9993,0,13,11
2011-11-13 14:00:00,4,0,0,2,22.14,25.76,28,32.9975,0,14,11
2011-11-13 15:00:00,4,0,0,2,20.5,24.24,42,22.0028,0,15,11
2011-11-13 16:00:00,4,0,0,2,22.14,25.76,28,26.0027,0,16,11
2011-11-13 17:00:00,4,0,0,1,21.32,25.0,27,22.0028,0,17,11
2011-11-13 18:00:00,4,0,0,1,21.32,25.0,27,22.0028,0,18,11
2011-11-13 19:00:00,4,0,0,1,20.5,24.24,29,23.9994,0,19,11
2011-11-13 20:00:00,4,0,0,1,20.5,24.24,31,23.9994,0,20,11
2011-11-13 21:00:00,4,0,0,1,19.68,23.485,36,16.9979,0,21,11
2011-11-13 22:00:00,4,0,0,1,19.68,23.485,41,26.0027,0,22,11
2011-11-13 23:00:00,4,0,0,1,18.86,22.725,51,19.9995,0,23,11
2011-11-14 00:00:00,4,0,1,1,18.86,22.725,59,19.0012,0,0,11
2011-11-14 01:00:00,4,0,1,1,18.86,22.725,63,19.9995,0,1,11
2011-11-14 02:00:00,4,0,1,1,18.86,22.725,63,23.9994,0,2,11
2011-11-14 03:00:00,4,0,1,1,18.04,21.97,67,19.0012,0,3,11
2011-11-14 04:00:00,4,0,1,1,18.04,21.97,67,15.0013,0,4,11
2011-11-14 05:00:00,4,0,1,2,18.04,21.97,67,16.9979,0,5,11
2011-11-14 06:00:00,4,0,1,2,18.04,21.97,72,15.0013,0,6,11
2011-11-14 07:00:00,4,0,1,1,18.04,21.97,72,16.9979,0,7,11
2011-11-14 08:00:00,4,0,1,2,18.86,22.725,67,12.998,0,8,11
2011-11-14 09:00:00,4,0,1,2,19.68,23.485,67,22.0028,0,9,11
2011-11-14 10:00:00,4,0,1,2,20.5,24.24,63,19.0012,0,10,11
2011-11-14 11:00:00,4,0,1,2,22.14,25.76,60,19.0012,0,11,11
2011-11-14 12:00:00,4,0,1,1,22.96,26.515,56,19.9995,0,12,11
2011-11-14 13:00:00,4,0,1,1,24.6,31.06,49,26.0027,0,13,11
2011-11-14 14:00:00,4,0,1,1,25.42,31.06,46,30.0026,0,14,11
2011-11-14 15:00:00,4,0,1,1,26.24,31.06,44,22.0028,0,15,11
2011-11-14 16:00:00,4,0,1,1,25.42,31.06,46,27.9993,0,16,11
2011-11-14 17:00:00,4,0,1,1,25.42,31.06,46,16.9979,0,17,11
2011-11-14 18:00:00,4,0,1,1,22.96,26.515,56,19.0012,0,18,11
2011-11-14 19:00:00,4,0,1,1,24.6,31.06,53,19.9995,0,19,11
2011-11-14 20:00:00,4,0,1,1,24.6,31.06,53,23.9994,0,20,11
2011-11-14 21:00:00,4,0,1,1,24.6,31.06,53,23.9994,0,21,11
2011-11-14 22:00:00,4,0,1,1,23.78,27.275,56,23.9994,0,22,11
2011-11-14 23:00:00,4,0,1,1,22.96,26.515,64,19.9995,0,23,11
2011-11-15 00:00:00,4,0,1,1,22.96,26.515,64,23.9994,0,0,11
2011-11-15 01:00:00,4,0,1,1,22.96,26.515,60,19.9995,0,1,11
2011-11-15 02:00:00,4,0,1,1,22.96,26.515,64,16.9979,0,2,11
2011-11-15 03:00:00,4,0,1,2,22.14,25.76,68,22.0028,0,3,11
2011-11-15 04:00:00,4,0,1,1,22.96,26.515,64,19.9995,0,4,11
2011-11-15 05:00:00,4,0,1,1,22.14,25.76,68,19.0012,0,5,11
2011-11-15 06:00:00,4,0,1,2,22.96,26.515,64,6.0032,0,6,11
2011-11-15 07:00:00,4,0,1,2,22.14,25.76,68,11.0014,0,7,11
2011-11-15 08:00:00,4,0,1,2,22.14,25.76,68,7.0015,0,8,11
2011-11-15 09:00:00,4,0,1,2,22.96,26.515,64,6.0032,0,9,11
2011-11-15 10:00:00,4,0,1,2,22.96,26.515,64,19.0012,0,10,11
2011-11-15 11:00:00,4,0,1,2,22.96,26.515,64,12.998,0,11,11
2011-11-15 12:00:00,4,0,1,2,22.14,25.76,68,12.916251459207416,1,12,11
2011-11-15 13:00:00,4,0,1,3,22.14,25.76,60,15.0013,0,13,11
2011-11-15 14:00:00,4,0,1,2,22.14,25.76,60,19.0012,0,14,11
2011-11-15 15:00:00,4,0,1,2,22.14,25.76,60,8.9981,0,15,11
2011-11-15 16:00:00,4,0,1,2,21.32,25.0,68,8.9981,0,16,11
2011-11-15 17:00:00,4,0,1,2,20.5,24.24,72,12.998,0,17,11
2011-11-15 18:00:00,4,0,1,2,20.5,24.24,72,19.0012,0,18,11
2011-11-15 19:00:00,4,0,1,2,20.5,24.24,72,23.9994,0,19,11
2011-11-15 20:00:00,4,0,1,2,19.68,23.485,82,8.9981,0,20,11
2011-11-15 21:00:00,4,0,1,2,20.5,24.24,77,6.0032,0,21,11
2011-11-15 22:00:00,4,0,1,2,18.86,22.725,88,7.0015,0,22,11
2011-11-15 23:00:00,4,0,1,2,18.86,22.725,94,7.0015,0,23,11
2011-11-16 00:00:00,4,0,1,2,18.86,22.725,94,11.327999222406806,1,0,11
2011-11-16 01:00:00,4,0,1,3,18.86,22.725,94,6.0032,0,1,11
2011-11-16 02:00:00,4,0,1,2,18.86,22.725,94,7.0015,0,2,11
2011-11-16 03:00:00,4,0,1,2,18.86,22.725,94,7.0015,0,3,11
2011-11-16 04:00:00,4,0,1,2,18.04,21.97,100,15.0013,0,4,11
2011-11-16 05:00:00,4,0,1,3,18.86,22.725,94,7.0015,0,5,11
2011-11-16 06:00:00,4,0,1,2,18.86,22.725,94,6.0032,0,6,11
2011-11-16 07:00:00,4,0,1,3,18.86,22.725,94,12.503726962978568,1,7,11
2011-11-16 08:00:00,4,0,1,3,18.86,22.725,94,12.59498360724327,1,8,11
2011-11-16 09:00:00,4,0,1,3,18.86,22.725,94,12.642534563296994,1,9,11
2011-11-16 10:00:00,4,0,1,3,18.86,22.725,94,12.624417849345742,1,10,11
2011-11-16 11:00:00,4,0,1,3,18.86,22.725,94,6.0032,0,11,11
2011-11-16 12:00:00,4,0,1,3,18.86,22.725,100,10.065217744208176,1,12,11
2011-11-16 13:00:00,4,0,1,3,18.86,22.725,94,8.9981,0,13,11
2011-11-16 14:00:00,4,0,1,2,18.86,22.725,100,8.9981,0,14,11
2011-11-16 15:00:00,4,0,1,3,19.68,23.485,94,7.0015,0,15,11
2011-11-16 16:00:00,4,0,1,3,19.68,23.485,94,7.0015,0,16,11
2011-11-16 17:00:00,4,0,1,2,19.68,23.485,88,12.998,0,17,11
2011-11-16 18:00:00,4,0,1,3,18.86,22.725,88,26.0027,0,18,11
2011-11-16 19:00:00,4,0,1,3,18.86,22.725,88,26.0027,0,19,11
2011-11-16 20:00:00,4,0,1,3,18.04,21.97,88,26.0027,0,20,11
2011-11-16 21:00:00,4,0,1,3,18.04,21.97,88,19.0012,0,21,11
2011-11-16 22:00:00,4,0,1,3,17.22,21.21,88,15.0013,0,22,11
2011-11-16 23:00:00,4,0,1,3,17.22,21.21,88,8.9981,0,23,11
2011-11-17 00:00:00,4,0,1,2,17.22,21.21,88,16.9979,0,0,11
2011-11-17 01:00:00,4,0,1,2,17.22,21.21,82,11.0014,0,1,11
2011-11-17 02:00:00,4,0,1,2,17.22,21.21,82,15.0013,0,2,11
2011-11-17 03:00:00,4,0,1,2,17.22,21.21,77,22.0028,0,3,11
2011-11-17 04:00:00,4,0,1,2,16.4,20.455,62,27.9993,0,4,11
2011-11-17 05:00:00,4,0,1,3,13.94,15.15,71,22.0028,0,5,11
2011-11-17 06:00:00,4,0,1,3,14.76,17.425,57,15.0013,0,6,11
2011-11-17 07:00:00,4,0,1,3,13.94,15.91,61,19.0012,0,7,11
2011-11-17 08:00:00,4,0,1,3,13.94,15.15,61,19.9995,0,8,11
2011-11-17 09:00:00,4,0,1,2,13.94,15.15,61,22.0028,0,9,11
2011-11-17 10:00:00,4,0,1,2,13.94,15.15,61,22.0028,0,10,11
2011-11-17 11:00:00,4,0,1,3,13.12,15.15,66,22.0028,0,11,11
2011-11-17 12:00:00,4,0,1,2,13.94,15.15,53,19.9995,0,12,11
2011-11-17 13:00:00,4,0,1,2,13.94,15.15,49,30.0026,0,13,11
2011-11-17 14:00:00,4,0,1,2,13.94,15.15,49,26.0027,0,14,11
2011-11-17 15:00:00,4,0,1,2,13.94,15.15,49,30.0026,0,15,11
2011-11-17 16:00:00,4,0,1,1,13.12,14.395,39,27.9993,0,16,11
2011-11-17 17:00:00,4,0,1,1,13.12,14.395,42,26.0027,0,17,11
2011-11-17 18:00:00,4,0,1,1,13.12,15.91,39,12.998,0,18,11
2011-11-17 19:00:00,4,0,1,1,12.3,14.395,45,15.0013,0,19,11
2011-11-17 20:00:00,4,0,1,1,12.3,14.395,42,19.0012,0,20,11
2011-11-17 21:00:00,4,0,1,1,12.3,14.395,42,16.9979,0,21,11
2011-11-17 22:00:00,4,0,1,1,10.66,12.12,52,16.9979,0,22,11
2011-11-17 23:00:00,4,0,1,1,10.66,12.88,52,15.0013,0,23,11
2011-11-18 00:00:00,4,0,1,1,10.66,12.88,48,11.0014,0,0,11
2011-11-18 01:00:00,4,0,1,1,10.66,11.365,44,22.0028,0,1,11
2011-11-18 02:00:00,4,0,1,1,9.84,11.365,44,15.0013,0,2,11
2011-11-18 03:00:00,4,0,1,1,9.84,10.605,41,19.0012,0,3,11
2011-11-18 04:00:00,4,0,1,1,9.02,11.365,44,11.0014,0,4,11
2011-11-18 05:00:00,4,0,1,1,9.02,11.365,44,8.9981,0,5,11
2011-11-18 06:00:00,4,0,1,1,9.02,12.88,44,6.0032,0,6,11
2011-11-18 07:00:00,4,0,1,1,9.02,11.365,44,11.0014,0,7,11
2011-11-18 08:00:00,4,0,1,1,9.02,11.365,44,12.998,0,8,11
2011-11-18 09:00:00,4,0,1,1,10.66,12.88,41,12.998,0,9,11
2011-11-18 10:00:00,4,0,1,1,10.66,12.12,41,19.0012,0,10,11
2011-11-18 11:00:00,4,0,1,1,12.3,15.15,36,8.9981,0,11,11
2011-11-18 12:00:00,4,0,1,1,13.12,16.665,33,10.321537705929757,1,12,11
2011-11-18 13:00:00,4,0,1,1,13.94,15.91,31,15.0013,0,13,11
2011-11-18 14:00:00,4,0,1,1,13.94,16.665,31,8.9981,0,14,11
2011-11-18 15:00:00,4,0,1,1,13.94,16.665,29,8.9981,0,15,11
2011-11-18 16:00:00,4,0,1,1,13.94,16.665,29,8.9981,0,16,11
2011-11-18 17:00:00,4,0,1,1,13.12,16.665,31,8.9981,0,17,11
2011-11-18 18:00:00,4,0,1,1,12.3,15.15,36,11.0014,0,18,11
2011-11-18 19:00:00,4,0,1,1,11.48,13.635,41,11.0014,0,19,11
2011-11-18 20:00:00,4,0,1,1,11.48,13.635,48,12.998,0,20,11
2011-11-18 21:00:00,4,0,1,1,11.48,13.635,48,11.0014,0,21,11
2011-11-18 22:00:00,4,0,1,1,10.66,13.635,52,7.0015,0,22,11
2011-11-18 23:00:00,4,0,1,1,10.66,13.635,60,8.9981,0,23,11
2011-11-19 00:00:00,4,0,0,1,10.66,12.88,56,12.998,0,0,11
2011-11-19 01:00:00,4,0,0,1,10.66,11.365,52,19.9995,0,1,11
2011-11-19 02:00:00,4,0,0,1,9.84,12.12,56,11.0014,0,2,11
2011-11-19 03:00:00,4,0,0,1,10.66,12.12,48,16.9979,0,3,11
2011-11-19 04:00:00,4,0,0,1,10.66,11.365,48,22.0028,0,4,11
2011-11-19 05:00:00,4,0,0,1,9.84,11.365,56,16.9979,0,5,11
2011-11-19 06:00:00,4,0,0,1,9.84,10.605,60,22.0028,0,6,11
2011-11-19 07:00:00,4,0,0,1,9.84,11.365,60,16.9979,0,7,11
2011-11-19 08:00:00,4,0,0,1,10.66,12.12,56,16.9979,0,8,11
2011-11-19 09:00:00,4,0,0,1,11.48,12.88,52,19.9995,0,9,11
2011-11-19 10:00:00,4,0,0,1,13.12,15.15,45,16.9979,0,10,11
2011-11-19 11:00:00,4,0,0,1,14.76,18.94,40,14.191670443601424,1,11,11
2011-11-19 12:00:00,4,0,0,1,16.4,20.455,35,19.0012,0,12,11
2011-11-19 13:00:00,4,0,0,1,17.22,21.21,30,19.0012,0,13,11
2011-11-19 14:00:00,4,0,0,1,17.22,21.21,32,19.9995,0,14,11
2011-11-19 15:00:00,4,0,0,1,17.22,21.21,41,12.998,0,15,11
2011-11-19 16:00:00,4,0,0,1,17.22,21.21,38,19.9995,0,16,11
2011-11-19 17:00:00,4,0,0,1,16.4,20.455,40,12.998,0,17,11
2011-11-19 18:00:00,4,0,0,1,15.58,19.695,46,8.9981,0,18,11
2011-11-19 19:00:00,4,0,0,2,13.94,16.665,71,8.9981,0,19,11
2011-11-19 20:00:00,4,0,0,2,14.76,18.18,57,7.0015,0,20,11
2011-11-19 21:00:00,4,0,0,2,14.76,17.425,62,12.998,0,21,11
2011-11-19 22:00:00,4,0,0,2,15.58,19.695,62,11.0014,0,22,11
2011-11-19 23:00:00,4,0,0,1,15.58,19.695,62,15.0013,0,23,11
2011-12-01 00:00:00,4,0,1,1,11.48,12.88,52,22.0028,0,0,12
2011-12-01 01:00:00,4,0,1,1,10.66,12.12,60,19.0012,0,1,12
2011-12-01 02:00:00,4,0,1,1,10.66,11.365,56,19.9995,0,2,12
2011-12-01 03:00:00,4,0,1,1,10.66,12.12,56,16.9979,0,3,12
2011-12-01 04:00:00,4,0,1,1,10.66,12.12,56,19.0012,0,4,12
2011-12-01 05:00:00,4,0,1,1,10.66,12.12,56,16.9979,0,5,12
2011-12-01 06:00:00,4,0,1,1,9.84,10.605,65,19.0012,0,6,12
2011-12-01 07:00:00,4,0,1,1,9.84,10.605,65,23.9994,0,7,12
2011-12-01 08:00:00,4,0,1,1,10.66,11.365,60,22.0028,0,8,12
2011-12-01 09:00:00,4,0,1,1,12.3,13.635,52,22.0028,0,9,12
2011-12-01 10:00:00,4,0,1,1,13.12,15.15,53,19.9995,0,10,12
2011-12-01 11:00:00,4,0,1,1,13.94,15.91,49,16.9979,0,11,12
2011-12-01 12:00:00,4,0,1,1,14.76,17.425,46,15.0013,0,12,12
2011-12-01 13:00:00,4,0,1,1,16.4,20.455,40,15.0013,0,13,12
2011-12-01 14:00:00,4,0,1,1,16.4,20.455,40,15.0013,0,14,12
2011-12-01 15:00:00,4,0,1,1,16.4,20.455,40,15.0013,0,15,12
2011-12-01 16:00:00,4,0,1,1,16.4,20.455,40,12.998,0,16,12
2011-12-01 17:00:00,4,0,1,1,14.76,17.425,46,8.9981,0,17,12
2011-12-01 18:00:00,4,0,1,1,14.76,18.18,43,7.0015,0,18,12
2011-12-01 19:00:00,4,0,1,1,13.94,17.425,46,7.0015,0,19,12
2011-12-01 20:00:00,4,0,1,1,13.94,17.425,46,7.0015,0,20,12
2011-12-01 21:00:00,4,0,1,1,12.3,15.91,61,7.0015,0,21,12
2011-12-01 22:00:00,4,0,1,1,12.3,16.665,61,8.774457489727261,1,22,12
2011-12-01 23:00:00,4,0,1,1,10.66,14.395,70,6.0032,0,23,12
2011-12-02 00:00:00,4,0,1,1,10.66,14.395,70,6.0032,0,0,12
2011-12-02 01:00:00,4,0,1,1,9.84,14.395,75,7.422244734204941,1,1,12
2011-12-02 02:00:00,4,0,1,1,9.84,14.395,75,7.407570788258854,1,2,12
2011-12-02 03:00:00,4,0,1,1,9.02,13.635,80,7.469561740505181,1,3,12
2011-12-02 04:00:00,4,0,1,1,9.02,13.635,80,7.464051919036629,1,4,12
2011-12-02 05:00:00,4,0,1,1,9.02,12.88,80,6.0032,0,5,12
2011-12-02 06:00:00,4,0,1,1,9.02,13.635,80,7.47447845735641,1,6,12
2011-12-02 07:00:00,4,0,1,1,9.02,12.88,87,6.0032,0,7,12
2011-12-02 08:00:00,4,0,1,1,9.84,14.395,87,8.19221150246682,1,8,12
2011-12-02 09:00:00,4,0,1,1,11.48,15.91,81,9.435702024011274,1,9,12
2011-12-02 10:00:00,4,0,1,1,12.3,14.395,75,15.0013,0,10,12
2011-12-02 11:00:00,4,0,1,1,13.94,16.665,66,11.0014,0,11,12
2011-12-02 12:00:00,4,0,1,1,14.76,17.425,57,8.9981,0,12,12
2011-12-02 13:00:00,4,0,1,1,16.4,20.455,47,8.9981,0,13,12
2011-12-02 14:00:00,4,0,1,1,17.22,21.21,44,7.0015,0,14,12
2011-12-02 15:00:00,4,0,1,1,17.22,21.21,41,6.0032,0,15,12
2011-12-02 16:00:00,4,0,1,1,17.22,21.21,41,6.0032,0,16,12
2011-12-02 17:00:00,4,0,1,1,17.22,21.21,38,16.851255111839148,1,17,12
2011-12-02 18:00:00,4,0,1,1,16.4,20.455,50,16.26622514370876,1,18,12
2011-12-02 19:00:00,4,0,1,1,13.94,15.91,53,16.9979,0,19,12
2011-12-02 20:00:00,4,0,1,1,15.58,19.695,40,19.0012,0,20,12
2011-12-02 21:00:00,4,0,1,1,13.94,16.665,49,12.998,0,21,12
2011-12-02 22:00:00,4,0,1,1,13.12,15.91,53,12.998,0,22,12
2011-12-02 23:00:00,4,0,1,1,13.12,15.15,53,19.0012,0,23,12
2011-12-03 00:00:00,4,0,0,1,12.3,14.395,56,16.9979,0,0,12
2011-12-03 01:00:00,4,0,0,1,10.66,12.88,65,12.998,0,1,12
2011-12-03 02:00:00,4,0,0,1,10.66,12.88,65,11.0014,0,2,12
2011-12-03 03:00:00,4,0,0,1,9.84,12.12,70,8.9981,0,3,12
2011-12-03 04:00:00,4,0,0,1,9.02,11.365,75,8.9981,0,4,12
2011-12-03 05:00:00,4,0,0,1,9.84,12.88,70,6.0032,0,5,12
2011-12-03 06:00:00,4,0,0,1,9.84,12.88,65,7.0015,0,6,12
2011-12-03 07:00:00,4,0,0,1,9.02,12.88,75,6.0032,0,7,12
2011-12-03 08:00:00,4,0,0,1,9.84,12.88,75,6.0032,0,8,12
2011-12-03 09:00:00,4,0,0,1,10.66,13.635,70,7.0015,0,9,12
2011-12-03 10:00:00,4,0,0,1,13.12,16.665,61,8.9981,0,10,12
2011-12-03 11:00:00,4,0,0,1,13.12,16.665,57,6.0032,0,11,12
2011-12-03 12:00:00,4,0,0,1,14.76,18.94,50,13.110675917444418,1,12,12
2011-12-03 13:00:00,4,0,0,1,14.76,18.18,50,6.0032,0,13,12
2011-12-03 14:00:00,4,0,0,1,14.76,18.94,46,13.445694975841752,1,14,12
2011-12-03 15:00:00,4,0,0,1,15.58,19.695,46,16.445551220919906,1,15,12
2011-12-03 16:00:00,4,0,0,1,15.58,19.695,46,16.407739432348436,1,16,12
2011-12-03 17:00:00,4,0,0,1,14.76,18.94,62,12.23471948036193,1,17,12
2011-12-03 18:00:00,4,0,0,1,13.94,16.665,53,8.9981,0,18,12
2011-12-03 19:00:00,4,0,0,1,12.3,15.91,61,6.0032,0,19,12
2011-12-03 20:00:00,4,0,0,1,12.3,15.91,61,6.0032,0,20,12
2011-12-03 21:00:00,4,0,0,2,12.3,15.91,61,6.0032,0,21,12
2011-12-03 22:00:00,4,0,0,2,13.12,16.665,61,6.0032,0,22,12
2011-12-03 23:00:00,4,0,0,1,12.3,15.15,70,8.9981,0,23,12
2011-12-04 00:00:00,4,0,0,1,12.3,15.91,70,7.0015,0,0,12
2011-12-04 01:00:00,4,0,0,1,12.3,15.91,75,6.0032,0,1,12
2011-12-04 02:00:00,4,0,0,1,10.66,15.15,81,7.832265332413572,1,2,12
2011-12-04 03:00:00,4,0,0,1,11.48,15.91,75,8.11072210336432,1,3,12
2011-12-04 04:00:00,4,0,0,1,10.66,15.15,87,7.710373583504791,1,4,12
2011-12-04 05:00:00,4,0,0,1,10.66,15.15,81,7.901315910675021,1,5,12
2011-12-04 06:00:00,4,0,0,1,9.84,14.395,93,7.347823653558247,1,6,12
2011-12-04 07:00:00,4,0,0,1,10.66,15.15,87,7.74115633228689,1,7,12
2011-12-04 08:00:00,4,0,0,1,10.66,15.15,87,8.515827750665439,1,8,12
2011-12-04 09:00:00,4,0,0,1,12.3,16.665,81,9.555832974461426,1,9,12
2011-12-04 10:00:00,4,0,0,1,13.12,16.665,81,8.9981,0,10,12
2011-12-04 11:00:00,4,0,0,1,13.94,16.665,81,11.0014,0,11,12
2011-12-04 12:00:00,4,0,0,1,14.76,17.425,81,11.0014,0,12,12
2011-12-04 13:00:00,4,0,0,1,16.4,20.455,66,15.0013,0,13,12
2011-12-04 14:00:00,4,0,0,1,17.22,21.21,62,8.9981,0,14,12
2011-12-04 15:00:00,4,0,0,1,17.22,21.21,62,12.998,0,15,12
2011-12-04 16:00:00,4,0,0,1,17.22,21.21,58,15.0013,0,16,12
2011-12-04 17:00:00,4,0,0,1,15.58,19.695,76,8.9981,0,17,12
2011-12-04 18:00:00,4,0,0,1,15.58,19.695,71,10.943809968302736,1,18,12
2011-12-04 19:00:00,4,0,0,1,15.58,19.695,76,10.598838287037573,1,19,12
2011-12-04 20:00:00,4,0,0,1,14.76,17.425,76,8.9981,0,20,12
2011-12-04 21:00:00,4,0,0,1,14.76,18.18,81,7.0015,0,21,12
2011-12-04 22:00:00,4,0,0,1,13.94,17.425,87,7.0015,0,22,12
2011-12-04 23:00:00,4,0,0,1,13.94,17.425,87,7.0015,0,23,12
2011-12-05 00:00:00,4,0,1,1,13.12,16.665,87,6.0032,0,0,12
2011-12-05 01:00:00,4,0,1,1,13.12,17.425,87,8.123504796914757,1,1,12
2011-12-05 02:00:00,4,0,1,1,13.12,17.425,87,8.11831365026531,1,2,12
2011-12-05 03:00:00,4,0,1,1,13.12,17.425,87,8.141142795089,1,3,12
2011-12-05 04:00:00,4,0,1,1,12.3,15.91,87,7.0015,0,4,12
2011-12-05 05:00:00,4,0,1,1,12.3,15.91,87,7.0015,0,5,12
2011-12-05 06:00:00,4,0,1,1,12.3,15.91,93,6.0032,0,6,12
2011-12-05 07:00:00,4,0,1,1,13.12,17.425,90,8.282384170328184,1,7,12
2011-12-05 08:00:00,4,0,1,1,13.12,17.425,93,8.817268387962331,1,8,12
2011-12-05 09:00:00,4,0,1,2,14.76,18.18,87,6.0032,0,9,12
2011-12-05 10:00:00,4,0,1,2,14.76,18.18,87,6.0032,0,10,12
2011-12-05 11:00:00,4,0,1,2,14.76,18.18,87,6.0032,0,11,12
2011-12-05 12:00:00,4,0,1,2,16.4,20.455,76,7.0015,0,12,12
2011-12-05 13:00:00,4,0,1,2,17.22,21.21,71,6.0032,0,13,12
2011-12-05 14:00:00,4,0,1,2,18.86,22.725,67,12.98300583708511,1,14,12
2011-12-05 15:00:00,4,0,1,2,18.86,22.725,72,6.0032,0,15,12
2011-12-05 16:00:00,4,0,1,1,20.5,24.24,63,6.0032,0,16,12
2011-12-05 17:00:00,4,0,1,1,17.22,21.21,77,10.997860341875104,1,17,12
2011-12-05 18:00:00,4,0,1,1,18.04,21.97,77,11.019939214214304,1,18,12
2011-12-05 19:00:00,4,0,1,2,18.86,22.725,77,12.215863488779025,1,19,12
2011-12-05 20:00:00,4,0,1,2,18.86,22.725,82,7.0015,0,20,12
2011-12-05 21:00:00,4,0,1,2,18.04,21.97,88,6.0032,0,21,12
2011-12-05 22:00:00,4,0,1,2,18.04,21.97,88,8.9981,0,22,12
2011-12-05 23:00:00,4,0,1,2,18.86,22.725,88,8.9981,0,23,12
2011-12-06 00:00:00,4,0,1,2,20.5,24.24,77,19.9995,0,0,12
2011-12-06 01:00:00,4,0,1,2,18.86,22.725,88,19.9995,0,1,12
2011-12-06 02:00:00,4,0,1,2,18.86,22.725,87,12.998,0,2,12
2011-12-06 03:00:00,4,0,1,2,18.86,22.725,87,12.998,0,3,12
2011-12-06 04:00:00,4,0,1,3,18.86,22.725,88,15.0013,0,4,12
2011-12-06 05:00:00,4,0,1,3,18.86,22.725,88,15.0013,0,5,12
2011-12-06 06:00:00,4,0,1,2,18.04,21.97,94,19.0012,0,6,12
2011-12-06 07:00:00,4,0,1,2,18.86,22.725,94,12.998,0,7,12
2011-12-06 08:00:00,4,0,1,2,18.86,22.725,94,12.998,0,8,12
2011-12-06 09:00:00,4,0,1,2,18.86,22.725,94,15.0013,0,9,12
2011-12-06 10:00:00,4,0,1,3,18.86,22.725,94,19.0012,0,10,12
2011-12-06 11:00:00,4,0,1,3,18.86,22.725,94,16.9979,0,11,12
2011-12-06 12:00:00,4,0,1,3,18.86,22.725,100,15.0013,0,12,12
2011-12-06 13:00:00,4,0,1,3,18.86,22.725,100,12.998,0,13,12
2011-12-06 14:00:00,4,0,1,3,19.68,23.485,100,15.0013,0,14,12
2011-12-06 15:00:00,4,0,1,3,20.5,24.24,100,12.998,0,15,12
2011-12-06 16:00:00,4,0,1,3,18.86,22.725,100,16.9979,0,16,12
2011-12-06 17:00:00,4,0,1,2,18.86,22.725,100,15.0013,0,17,12
2011-12-06 18:00:00,4,0,1,2,18.86,22.725,100,19.0012,0,18,12
2011-12-06 19:00:00,4,0,1,3,18.86,22.725,100,19.9995,0,19,12
2011-12-06 20:00:00,4,0,1,3,18.86,22.725,100,19.9995,0,20,12
2011-12-06 21:00:00,4,0,1,2,18.04,21.97,100,12.998,0,21,12
2011-12-06 22:00:00,4,0,1,3,18.86,22.725,100,11.0014,0,22,12
2011-12-06 23:00:00,4,0,1,3,18.86,22.725,100,11.0014,0,23,12
2011-12-07 00:00:00,4,0,1,1,18.04,21.97,100,12.998,0,0,12
2011-12-07 01:00:00,4,0,1,2,18.86,22.725,100,16.9979,0,1,12
2011-12-07 02:00:00,4,0,1,3,18.86,22.725,100,15.0013,0,2,12
2011-12-07 03:00:00,4,0,1,3,18.86,22.725,100,15.0013,0,3,12
2011-12-07 04:00:00,4,0,1,3,18.86,22.725,100,11.0014,0,4,12
2011-12-07 05:00:00,4,0,1,3,18.86,22.725,100,11.0014,0,5,12
2011-12-07 06:00:00,4,0,1,3,19.68,23.485,100,27.9993,0,6,12
2011-12-07 07:00:00,4,0,1,3,18.04,21.97,100,7.0015,0,7,12
2011-12-07 08:00:00,4,0,1,3,18.04,21.97,100,12.222595503030247,1,8,12
2011-12-07 09:00:00,4,0,1,3,18.04,21.97,100,16.9979,0,9,12
2011-12-07 10:00:00,4,0,1,3,18.04,21.97,100,6.0032,0,10,12
2011-12-07 11:00:00,4,0,1,3,18.04,21.97,100,6.0032,0,11,12
2011-12-07 12:00:00,4,0,1,3,18.04,21.97,100,8.9981,0,12,12
2011-12-07 13:00:00,4,0,1,3,18.04,21.97,100,12.998,0,13,12
2011-12-07 14:00:00,4,0,1,3,18.04,21.97,100,12.998,0,14,12
2011-12-07 15:00:00,4,0,1,3,17.22,21.21,94,15.0013,0,15,12
2011-12-07 16:00:00,4,0,1,3,17.22,21.21,94,12.998,0,16,12
2011-12-07 17:00:00,4,0,1,3,16.4,20.455,100,22.0028,0,17,12
2011-12-07 18:00:00,4,0,1,3,16.4,20.455,94,19.9995,0,18,12
2011-12-07 19:00:00,4,0,1,3,13.94,14.395,87,43.0006,0,19,12
2011-12-07 20:00:00,4,0,1,3,13.94,14.395,87,43.0006,0,20,12
2011-12-07 21:00:00,4,0,1,3,12.3,12.88,87,35.0008,0,21,12
2011-12-07 22:00:00,4,0,1,3,9.84,9.85,93,30.0026,0,22,12
2011-12-07 23:00:00,4,0,1,1,9.84,10.605,93,26.0027,0,23,12
2011-12-08 00:00:00,4,0,1,2,10.66,11.365,87,19.9995,0,0,12
2011-12-08 01:00:00,4,0,1,1,10.66,11.365,81,23.9994,0,1,12
2011-12-08 02:00:00,4,0,1,1,11.48,13.635,65,15.0013,0,2,12
2011-12-08 03:00:00,4,0,1,1,10.66,11.365,60,19.9995,0,3,12
2011-12-08 04:00:00,4,0,1,2,9.84,9.85,60,31.0009,0,4,12
2011-12-08 05:00:00,4,0,1,1,9.02,10.605,64,15.0013,0,5,12
2011-12-08 06:00:00,4,0,1,1,9.02,10.605,55,19.0012,0,6,12
2011-12-08 07:00:00,4,0,1,1,9.02,10.605,60,15.0013,0,7,12
2011-12-08 08:00:00,4,0,1,1,9.02,10.605,55,19.0012,0,8,12
2011-12-08 09:00:00,4,0,1,1,9.84,10.605,52,26.0027,0,9,12
2011-12-08 10:00:00,4,0,1,1,10.66,11.365,52,22.0028,0,10,12
2011-12-08 11:00:00,4,0,1,1,11.48,13.635,52,16.9979,0,11,12
2011-12-08 12:00:00,4,0,1,1,11.48,12.88,52,22.0028,0,12,12
2011-12-08 13:00:00,4,0,1,1,12.3,13.635,49,23.9994,0,13,12
2011-12-08 14:00:00,4,0,1,1,13.12,15.15,45,16.9979,0,14,12
2011-12-08 15:00:00,4,0,1,1,13.12,16.665,45,8.9981,0,15,12
2011-12-08 16:00:00,4,0,1,1,13.12,15.91,45,12.998,0,16,12
2011-12-08 17:00:00,4,0,1,1,12.3,15.91,49,7.0015,0,17,12
2011-12-08 18:00:00,4,0,1,1,11.48,13.635,52,15.0013,0,18,12
2011-12-08 19:00:00,4,0,1,1,10.66,13.635,56,7.0015,0,19,12
2011-12-08 20:00:00,4,0,1,1,10.66,13.635,60,7.0015,0,20,12
2011-12-08 21:00:00,4,0,1,1,11.48,15.15,61,6.0032,0,21,12
2011-12-08 22:00:00,4,0,1,1,10.66,13.635,65,8.9981,0,22,12
2011-12-08 23:00:00,4,0,1,1,9.84,12.88,70,7.0015,0,23,12
2011-12-09 00:00:00,4,0,1,1,9.84,14.395,65,8.597118839891907,1,0,12
2011-12-09 01:00:00,4,0,1,1,9.84,14.395,65,8.581325904977923,1,1,12
2011-12-09 02:00:00,4,0,1,1,9.84,14.395,70,8.366083273673269,1,2,12
2011-12-09 03:00:00,4,0,1,1,9.02,13.635,80,7.469561740505181,1,3,12
2011-12-09 04:00:00,4,0,1,1,9.02,13.635,80,7.464051919036629,1,4,12
2011-12-09 05:00:00,4,0,1,1,9.02,13.635,80,7.476690178853037,1,5,12
2011-12-09 06:00:00,4,0,1,1,9.02,12.88,80,6.0032,0,6,12
2011-12-09 07:00:00,4,0,1,1,9.02,12.88,75,6.0032,0,7,12
2011-12-09 08:00:00,4,0,1,1,9.84,14.395,81,8.434539692650121,1,8,12
2011-12-09 09:00:00,4,0,1,1,10.66,14.395,81,6.0032,0,9,12
2011-12-09 10:00:00,4,0,1,2,12.3,15.15,70,11.0014,0,10,12
2011-12-09 11:00:00,4,0,1,1,13.12,15.15,70,16.9979,0,11,12
2011-12-09 12:00:00,4,0,1,1,14.76,16.665,57,19.9995,0,12,12
2011-12-09 13:00:00,4,0,1,1,15.58,19.695,50,12.998,0,13,12
2011-12-09 14:00:00,4,0,1,1,15.58,19.695,46,19.0012,0,14,12
2011-12-09 15:00:00,4,0,1,1,15.58,19.695,46,19.0012,0,15,12
2011-12-09 16:00:00,4,0,1,1,14.76,17.425,62,8.9981,0,16,12
2011-12-09 17:00:00,4,0,1,1,13.94,17.425,66,7.0015,0,17,12
2011-12-09 18:00:00,4,0,1,1,13.94,18.18,61,11.386737213078883,1,18,12
2011-12-09 19:00:00,4,0,1,1,13.94,18.18,61,10.822373414462344,1,19,12
2011-12-09 20:00:00,4,0,1,1,12.3,16.665,81,9.283860980652895,1,20,12
2011-12-09 21:00:00,4,0,1,1,12.3,16.665,75,8.608468328618837,1,21,12
2011-12-09 22:00:00,4,0,1,1,11.48,15.91,87,8.444329435729893,1,22,12
2011-12-09 23:00:00,4,0,1,1,11.48,15.91,81,8.269247504748726,1,23,12
2011-12-10 00:00:00,4,0,0,2,10.66,13.635,81,7.0015,0,0,12
2011-12-10 01:00:00,4,0,0,2,10.66,12.88,70,11.0014,0,1,12
2011-12-10 02:00:00,4,0,0,2,11.48,15.15,61,6.0032,0,2,12
2011-12-10 03:00:00,4,0,0,2,11.48,15.15,61,6.0032,0,3,12
2011-12-10 04:00:00,4,0,0,2,10.66,13.635,65,7.0015,0,4,12
2011-12-10 05:00:00,4,0,0,1,10.66,12.88,60,11.0014,0,5,12
2011-12-10 06:00:00,4,0,0,1,9.84,12.88,65,7.0015,0,6,12
2011-12-10 07:00:00,4,0,0,1,9.84,11.365,65,12.998,0,7,12
2011-12-10 08:00:00,4,0,0,1,10.66,13.635,65,8.9981,0,8,12
2011-12-10 09:00:00,4,0,0,1,11.48,12.88,61,19.0012,0,9,12
2011-12-10 10:00:00,4,0,0,1,13.12,15.15,57,16.9979,0,10,12
2011-12-10 11:00:00,4,0,0,1,13.12,14.395,53,27.9993,0,11,12
2011-12-10 12:00:00,4,0,0,1,13.12,14.395,45,27.9993,0,12,12
2011-12-10 13:00:00,4,0,0,1,13.94,15.15,34,27.9993,0,13,12
2011-12-10 14:00:00,4,0,0,1,13.94,15.15,31,22.0028,0,14,12
2011-12-10 15:00:00,4,0,0,1,13.94,15.15,34,23.9994,0,15,12
2011-12-10 16:00:00,4,0,0,1,13.12,14.395,31,26.0027,0,16,12
2011-12-10 17:00:00,4,0,0,1,11.48,12.88,36,22.0028,0,17,12
2011-12-10 18:00:00,4,0,0,1,10.66,12.88,38,15.0013,0,18,12
2011-12-10 19:00:00,4,0,0,1,10.66,12.12,38,19.0012,0,19,12
2011-12-10 20:00:00,4,0,0,1,9.84,11.365,35,15.0013,0,20,12
2011-12-10 21:00:00,4,0,0,1,9.02,10.605,44,15.0013,0,21,12
2011-12-10 22:00:00,4,0,0,1,9.02,11.365,41,8.9981,0,22,12
2011-12-10 23:00:00,4,0,0,1,8.2,10.605,47,11.0014,0,23,12
2011-12-11 00:00:00,4,0,0,1,8.2,9.85,51,15.0013,0,0,12
2011-12-11 01:00:00,4,0,0,1,6.56,7.575,59,15.0013,0,1,12
2011-12-11 02:00:00,4,0,0,1,7.38,8.335,55,16.9979,0,2,12
2011-12-11 03:00:00,4,0,0,1,6.56,9.09,59,8.9981,0,3,12
2011-12-11 04:00:00,4,0,0,1,6.56,8.335,59,11.0014,0,4,12
2011-12-11 05:00:00,4,0,0,1,7.38,10.605,59,7.0015,0,5,12
2011-12-11 06:00:00,4,0,0,1,6.56,11.365,59,8.349341547486636,1,6,12
2011-12-11 07:00:00,4,0,0,1,7.38,12.12,55,8.595493894635178,1,7,12
2011-12-11 08:00:00,4,0,0,1,6.56,11.365,69,9.134256922718754,1,8,12
2011-12-11 09:00:00,4,0,0,1,8.2,12.88,59,10.529645375969338,1,9,12
2011-12-11 10:00:00,4,0,0,1,9.84,14.395,44,11.187944261024102,1,10,12
2011-12-11 11:00:00,4,0,0,1,10.66,15.15,35,12.666648249750509,1,11,12
2011-12-11 12:00:00,4,0,0,1,10.66,15.15,35,13.095869211813998,1,12,12
2011-12-11 13:00:00,4,0,0,1,12.3,16.665,31,8.600374906117422,1,13,12
2011-12-11 14:00:00,4,0,0,1,12.3,16.665,28,13.80551665417338,1,14,12
2011-12-11 15:00:00,4,0,0,1,12.3,16.665,26,15.538622239695215,1,15,12
2011-12-11 16:00:00,4,0,0,1,12.3,16.665,26,14.931050201787615,1,16,12
2011-12-11 17:00:00,4,0,0,1,11.48,15.91,30,8.70034037384267,1,17,12
2011-12-11 18:00:00,4,0,0,1,9.84,11.365,48,12.998,0,18,12
2011-12-11 19:00:00,4,0,0,1,9.02,11.365,55,12.998,0,19,12
2011-12-11 20:00:00,4,0,0,1,9.02,12.12,55,7.0015,0,20,12
2011-12-11 21:00:00,4,0,0,1,9.02,13.635,55,9.236109353442924,1,21,12
2011-12-11 22:00:00,4,0,0,1,9.02,13.635,55,9.37508780363466,1,22,12
2011-12-11 23:00:00,4,0,0,1,8.2,12.88,69,8.55337722749032,1,23,12
2011-12-12 00:00:00,4,0,1,1,8.2,11.365,69,6.0032,0,0,12
2011-12-12 01:00:00,4,0,1,1,8.2,12.88,69,7.922248375027371,1,1,12
2011-12-12 02:00:00,4,0,1,1,8.2,12.88,69,7.975562308111521,1,2,12
2011-12-12 03:00:00,4,0,1,1,7.38,12.12,74,8.108247962001505,1,3,12
2011-12-12 04:00:00,4,0,1,1,7.38,12.12,74,8.094393260735492,1,4,12
2011-12-12 05:00:00,4,0,1,1,6.56,11.365,80,8.043070685626986,1,5,12
2011-12-12 06:00:00,4,0,1,1,6.56,9.09,80,7.0015,0,6,12
2011-12-12 07:00:00,4,0,1,1,5.74,7.575,86,8.9981,0,7,12
2011-12-12 08:00:00,4,0,1,2,6.56,9.09,80,7.0015,0,8,12
2011-12-12 09:00:00,4,0,1,2,7.38,10.605,74,6.0032,0,9,12
2011-12-12 10:00:00,4,0,1,2,9.02,12.12,69,7.0015,0,10,12
2011-12-12 11:00:00,4,0,1,2,10.66,14.395,60,6.0032,0,11,12
2011-12-12 12:00:00,4,0,1,1,11.48,14.395,52,7.0015,0,12,12
2011-12-12 13:00:00,4,0,1,2,12.3,15.91,52,7.0015,0,13,12
2011-12-12 14:00:00,4,0,1,2,13.12,16.665,53,8.9981,0,14,12
2011-12-12 15:00:00,4,0,1,2,13.12,16.665,57,7.0015,0,15,12
2011-12-12 16:00:00,4,0,1,2,13.12,16.665,57,6.0032,0,16,12
2011-12-12 17:00:00,4,0,1,2,12.3,16.665,56,11.284680395214666,1,17,12
2011-12-12 18:00:00,4,0,1,1,12.3,15.91,56,6.0032,0,18,12
2011-12-12 19:00:00,4,0,1,1,11.48,15.15,61,6.0032,0,19,12
2011-12-12 20:00:00,4,0,1,1,12.3,15.91,56,6.0032,0,20,12
2011-12-12 21:00:00,4,0,1,1,10.66,15.15,81,9.098468880181978,1,21,12
2011-12-12 22:00:00,4,0,1,1,10.66,15.15,70,8.786712482632046,1,22,12
2011-12-12 23:00:00,4,0,1,1,9.84,14.395,75,8.67820489782245,1,23,12
2011-12-13 00:00:00,4,0,1,1,9.02,13.635,80,7.491019917450079,1,0,12
2011-12-13 01:00:00,4,0,1,1,8.2,12.88,80,7.392662367079147,1,1,12
2011-12-13 02:00:00,4,0,1,1,8.2,12.88,80,7.386508249415886,1,2,12
2011-12-13 03:00:00,4,0,1,1,7.38,12.12,80,7.96310007128339,1,3,12
2011-12-13 04:00:00,4,0,1,1,8.2,12.88,80,7.399962545006667,1,4,12
2011-12-13 05:00:00,4,0,1,1,7.38,12.12,86,8.011060587900857,1,5,12
2011-12-13 06:00:00,4,0,1,1,8.2,12.88,80,7.422318853889216,1,6,12
2011-12-13 07:00:00,4,0,1,1,6.56,8.335,80,11.0014,0,7,12
2011-12-13 08:00:00,4,0,1,1,8.2,11.365,69,7.0015,0,8,12
2011-12-13 09:00:00,4,0,1,1,10.66,12.88,60,11.0014,0,9,12
2011-12-13 10:00:00,4,0,1,1,12.3,15.15,52,11.0014,0,10,12
2011-12-13 11:00:00,4,0,1,1,13.94,15.91,46,16.9979,0,11,12
2011-12-13 12:00:00,4,0,1,1,14.76,16.665,43,23.9994,0,12,12
2011-12-13 13:00:00,4,0,1,1,16.4,20.455,37,22.0028,0,13,12
2011-12-13 14:00:00,4,0,1,1,16.4,20.455,37,16.9979,0,14,12
2011-12-13 15:00:00,4,0,1,1,16.4,20.455,35,16.9979,0,15,12
2011-12-13 16:00:00,4,0,1,1,15.58,19.695,37,16.9979,0,16,12
2011-12-13 17:00:00,4,0,1,1,14.76,17.425,40,12.998,0,17,12
2011-12-13 18:00:00,4,0,1,1,13.94,15.91,42,15.0013,0,18,12
2011-12-13 19:00:00,4,0,1,1,13.12,15.91,49,11.0014,0,19,12
2011-12-13 20:00:00,4,0,1,1,13.12,15.91,49,11.0014,0,20,12
2011-12-13 21:00:00,4,0,1,1,12.3,15.15,52,11.0014,0,21,12
2011-12-13 22:00:00,4,0,1,1,12.3,15.15,52,11.0014,0,22,12
2011-12-13 23:00:00,4,0,1,1,10.66,15.15,70,8.646948722816795,1,23,12
2011-12-14 00:00:00,4,0,1,1,10.66,15.15,75,8.030725837881961,1,0,12
2011-12-14 01:00:00,4,0,1,1,10.66,15.15,75,7.9610937148993,1,1,12
2011-12-14 02:00:00,4,0,1,1,10.66,15.15,75,7.946419768953212,1,2,12
2011-12-14 03:00:00,4,0,1,1,11.48,15.91,65,10.237486603561708,1,3,12
2011-12-14 04:00:00,4,0,1,1,10.66,15.15,75,7.9703533040303665,1,4,12
2011-12-14 05:00:00,4,0,1,2,10.66,15.15,81,9.028783487387777,1,5,12
2011-12-14 06:00:00,4,0,1,2,10.66,15.15,87,8.705732317234109,1,6,12
2011-12-14 07:00:00,4,0,1,1,11.48,15.91,75,8.413685457814442,1,7,12
2011-12-14 08:00:00,4,0,1,2,10.66,15.15,87,8.64430735332707,1,8,12
2011-12-14 09:00:00,4,0,1,2,12.3,16.665,61,12.236745407722907,1,9,12
2011-12-14 10:00:00,4,0,1,2,13.12,17.425,57,12.747720687833487,1,10,12
2011-12-14 11:00:00,4,0,1,2,13.94,18.18,55,12.279143951346347,1,11,12
2011-12-14 12:00:00,4,0,1,2,14.76,18.18,57,6.0032,0,12,12
2011-12-14 13:00:00,4,0,1,2,14.76,18.18,57,7.0015,0,13,12
2011-12-14 14:00:00,4,0,1,2,15.58,19.695,54,6.0032,0,14,12
2011-12-14 15:00:00,4,0,1,2,15.58,19.695,54,7.0015,0,15,12
2011-12-14 16:00:00,4,0,1,2,15.58,19.695,54,7.0015,0,16,12
2011-12-14 17:00:00,4,0,1,2,14.76,18.18,57,7.0015,0,17,12
2011-12-14 18:00:00,4,0,1,2,14.76,17.425,62,11.0014,0,18,12
2011-12-14 19:00:00,4,0,1,2,14.76,18.18,62,7.0015,0,19,12
2011-12-14 20:00:00,4,0,1,2,13.94,17.425,66,7.0015,0,20,12
2011-12-14 21:00:00,4,0,1,2,13.94,16.665,66,11.0014,0,21,12
2011-12-14 22:00:00,4,0,1,1,13.94,16.665,66,11.0014,0,22,12
2011-12-14 23:00:00,4,0,1,1,13.12,15.91,70,11.0014,0,23,12
2011-12-15 00:00:00,4,0,1,1,13.12,15.91,70,11.0014,0,0,12
2011-12-15 01:00:00,4,0,1,2,13.12,15.91,70,11.0014,0,1,12
2011-12-15 02:00:00,4,0,1,2,13.12,16.665,70,8.9981,0,2,12
2011-12-15 03:00:00,4,0,1,2,13.12,16.665,70,8.9981,0,3,12
2011-12-15 04:00:00,4,0,1,2,13.12,15.15,70,15.0013,0,4,12
2011-12-15 05:00:00,4,0,1,2,13.12,15.15,70,19.0012,0,5,12
2011-12-15 06:00:00,4,0,1,1,13.12,15.91,66,12.998,0,6,12
2011-12-15 07:00:00,4,0,1,1,13.12,15.91,70,12.998,0,7,12
2011-12-15 08:00:00,4,0,1,2,13.94,15.91,66,15.0013,0,8,12
2011-12-15 09:00:00,4,0,1,2,14.76,16.665,62,19.0012,0,9,12
2011-12-15 10:00:00,4,0,1,2,16.4,20.455,58,19.9995,0,10,12
2011-12-15 11:00:00,4,0,1,2,16.4,20.455,62,27.9993,0,11,12
2011-12-15 12:00:00,4,0,1,2,18.86,22.725,59,32.9975,0,12,12
2011-12-15 13:00:00,4,0,1,2,20.5,24.24,55,23.9994,0,13,12
2011-12-15 14:00:00,4,0,1,2,21.32,25.0,52,22.0028,0,14,12
2011-12-15 15:00:00,4,0,1,3,21.32,25.0,55,15.0013,0,15,12
2011-12-15 16:00:00,4,0,1,3,18.86,22.725,72,11.0014,0,16,12
2011-12-15 17:00:00,4,0,1,2,21.32,25.0,59,19.0012,0,17,12
2011-12-15 18:00:00,4,0,1,2,21.32,25.0,59,19.9995,0,18,12
2011-12-15 19:00:00,4,0,1,2,21.32,25.0,59,19.0012,0,19,12
2011-12-15 20:00:00,4,0,1,1,21.32,25.0,59,22.0028,0,20,12
2011-12-15 21:00:00,4,0,1,1,20.5,24.24,63,19.9995,0,21,12
2011-12-15 22:00:00,4,0,1,1,21.32,25.0,63,22.0028,0,22,12
2011-12-15 23:00:00,4,0,1,1,21.32,25.0,63,22.0028,0,23,12
2011-12-16 00:00:00,4,0,1,1,20.5,24.24,72,22.0028,0,0,12
2011-12-16 01:00:00,4,0,1,1,20.5,24.24,72,15.0013,0,1,12
2011-12-16 02:00:00,4,0,1,1,19.68,23.485,77,7.0015,0,2,12
2011-12-16 03:00:00,4,0,1,1,18.86,22.725,82,8.9981,0,3,12
2011-12-16 04:00:00,4,0,1,2,20.5,24.24,59,12.998,0,4,12
2011-12-16 05:00:00,4,0,1,1,19.68,23.485,44,26.0027,0,5,12
2011-12-16 06:00:00,4,0,1,2,18.04,21.97,33,19.9995,0,6,12
2011-12-16 07:00:00,4,0,1,2,15.58,19.695,46,19.9995,0,7,12
2011-12-16 08:00:00,4,0,1,1,14.76,16.665,46,27.9993,0,8,12
2011-12-16 09:00:00,4,0,1,1,14.76,16.665,46,26.0027,0,9,12
2011-12-16 10:00:00,4,0,1,1,13.94,15.15,46,19.9995,0,10,12
2011-12-16 11:00:00,4,0,1,2,13.94,15.15,42,19.9995,0,11,12
2011-12-16 12:00:00,4,0,1,2,13.94,15.15,42,23.9994,0,12,12
2011-12-16 13:00:00,4,0,1,2,13.94,15.15,39,23.9994,0,13,12
2011-12-16 14:00:00,4,0,1,2,13.94,15.91,42,15.0013,0,14,12
2011-12-16 15:00:00,4,0,1,2,13.12,15.15,45,19.9995,0,15,12
2011-12-16 16:00:00,4,0,1,2,13.12,15.15,45,15.0013,0,16,12
2011-12-16 17:00:00,4,0,1,2,13.12,15.15,45,19.0012,0,17,12
2011-12-16 18:00:00,4,0,1,2,13.12,15.15,45,16.9979,0,18,12
2011-12-16 19:00:00,4,0,1,2,13.12,15.15,45,15.0013,0,19,12
2011-12-16 20:00:00,4,0,1,2,13.12,15.91,45,12.998,0,20,12
2011-12-16 21:00:00,4,0,1,2,13.12,15.91,45,11.0014,0,21,12
2011-12-16 22:00:00,4,0,1,2,12.3,15.15,49,11.0014,0,22,12
2011-12-16 23:00:00,4,0,1,2,12.3,15.15,49,8.9981,0,23,12
2011-12-17 00:00:00,4,0,0,1,12.3,14.395,49,19.0012,0,0,12
2011-12-17 01:00:00,4,0,0,2,12.3,14.395,52,16.9979,0,1,12
2011-12-17 02:00:00,4,0,0,2,11.48,13.635,56,15.0013,0,2,12
2011-12-17 03:00:00,4,0,0,1,10.66,12.88,60,12.998,0,3,12
2011-12-17 04:00:00,4,0,0,1,9.84,12.12,65,11.0014,0,4,12
2011-12-17 05:00:00,4,0,0,2,10.66,12.88,60,12.998,0,5,12
2011-12-17 06:00:00,4,0,0,2,10.66,12.12,56,19.0012,0,6,12
2011-12-17 07:00:00,4,0,0,2,10.66,12.88,56,15.0013,0,7,12
2011-12-17 08:00:00,4,0,0,2,10.66,12.88,56,15.0013,0,8,12
2011-12-17 09:00:00,4,0,0,2,10.66,12.12,56,16.9979,0,9,12
2011-12-17 10:00:00,4,0,0,2,10.66,12.12,52,19.0012,0,10,12
2011-12-17 11:00:00,4,0,0,2,11.48,12.88,45,22.0028,0,11,12
2011-12-17 12:00:00,4,0,0,2,11.48,12.88,45,19.0012,0,12,12
2011-12-17 13:00:00,4,0,0,2,11.48,13.635,48,16.9979,0,13,12
2011-12-17 14:00:00,4,0,0,1,11.48,12.88,45,23.9994,0,14,12
2011-12-17 15:00:00,4,0,0,1,11.48,12.88,45,19.0012,0,15,12
2011-12-17 16:00:00,4,0,0,1,11.48,13.635,45,15.0013,0,16,12
2011-12-17 17:00:00,4,0,0,1,10.66,12.88,48,15.0013,0,17,12
2011-12-17 18:00:00,4,0,0,1,10.66,11.365,48,26.0027,0,18,12
2011-12-17 19:00:00,4,0,0,3,9.84,10.605,65,22.0028,0,19,12
2011-12-17 20:00:00,4,0,0,1,9.02,10.605,69,16.9979,0,20,12
2011-12-17 21:00:00,4,0,0,1,8.2,10.605,75,11.0014,0,21,12
2011-12-17 22:00:00,4,0,0,1,8.2,10.605,75,11.0014,0,22,12
2011-12-17 23:00:00,4,0,0,1,8.2,11.365,75,9.836003411725141,1,23,12
2011-12-18 00:00:00,4,0,0,1,8.2,10.605,75,8.9981,0,0,12
2011-12-18 01:00:00,4,0,0,1,8.2,11.365,69,7.0015,0,1,12
2011-12-18 02:00:00,4,0,0,1,9.02,12.12,55,7.0015,0,2,12
2011-12-18 03:00:00,4,0,0,1,9.02,10.605,55,15.0013,0,3,12
2011-12-18 04:00:00,4,0,0,1,9.02,10.605,55,15.0013,0,4,12
2011-12-18 05:00:00,4,0,0,1,8.2,11.365,59,7.0015,0,5,12
2011-12-18 06:00:00,4,0,0,1,8.2,10.605,59,8.9981,0,6,12
2011-12-18 07:00:00,4,0,0,1,8.2,10.605,59,11.0014,0,7,12
2011-12-18 08:00:00,4,0,0,1,8.2,12.88,69,8.942251252557627,1,8,12
2011-12-18 09:00:00,4,0,0,1,9.02,11.365,64,11.0014,0,9,12
2011-12-18 10:00:00,4,0,0,1,9.84,11.365,60,16.9979,0,10,12
2011-12-18 11:00:00,4,0,0,2,9.84,11.365,60,15.0013,0,11,12
2011-12-18 12:00:00,4,0,0,1,10.66,12.88,60,15.0013,0,12,12
2011-12-18 13:00:00,4,0,0,1,12.3,13.635,49,19.9995,0,13,12
2011-12-18 14:00:00,4,0,0,1,12.3,14.395,49,19.0012,0,14,12
2011-12-18 15:00:00,4,0,0,1,13.12,15.15,45,19.0012,0,15,12
2011-12-18 16:00:00,4,0,0,1,11.48,13.635,48,16.9979,0,16,12
2011-12-18 17:00:00,4,0,0,1,11.48,13.635,46,11.0014,0,17,12
2011-12-18 18:00:00,4,0,0,1,11.48,13.635,45,12.998,0,18,12
2011-12-18 19:00:00,4,0,0,1,10.66,13.635,52,8.9981,0,19,12
2011-12-18 20:00:00,4,0,0,1,9.84,12.88,60,7.0015,0,20,12
2011-12-18 21:00:00,4,0,0,1,9.02,13.635,64,8.864146458169158,1,21,12
2011-12-18 22:00:00,4,0,0,1,9.02,11.365,75,12.998,0,22,12
2011-12-18 23:00:00,4,0,0,1,8.2,11.365,75,7.0015,0,23,12
2011-12-19 00:00:00,4,0,1,1,8.2,11.365,75,6.0032,0,0,12
2011-12-19 01:00:00,4,0,1,1,7.38,10.605,80,6.0032,0,1,12
2011-12-19 02:00:00,4,0,1,1,7.38,10.605,80,6.0032,0,2,12
2011-12-19 03:00:00,4,0,1,1,6.56,9.85,86,6.0032,0,3,12
2011-12-19 04:00:00,4,0,1,1,6.56,9.09,86,8.9981,0,4,12
2011-12-19 05:00:00,4,0,1,1,5.74,8.335,93,7.0015,0,5,12
2011-12-19 06:00:00,4,0,1,1,6.56,9.09,86,7.0015,0,6,12
2011-12-19 07:00:00,4,0,1,1,7.38,10.605,74,7.0015,0,7,12
2011-12-19 08:00:00,4,0,1,1,8.2,9.85,75,12.998,0,8,12
2011-12-19 09:00:00,4,0,1,1,9.02,10.605,69,15.0013,0,9,12
2011-12-19 10:00:00,4,0,1,1,9.84,11.365,67,12.998,0,10,12
2011-12-19 11:00:00,4,0,1,1,10.66,12.12,65,16.9979,0,11,12
2011-12-19 12:00:00,4,0,1,1,12.3,13.635,61,22.0028,0,12,12
2011-12-19 13:00:00,4,0,1,1,13.94,15.15,49,22.0028,0,13,12
2011-12-19 14:00:00,4,0,1,1,14.76,17.425,46,15.0013,0,14,12
2011-12-19 15:00:00,4,0,1,1,15.58,19.695,46,11.0014,0,15,12
2011-12-19 16:00:00,4,0,1,1,16.4,20.455,40,16.9979,0,16,12
2011-12-19 17:00:00,4,0,1,1,15.58,19.695,46,12.998,0,17,12
2011-12-19 18:00:00,4,0,1,1,14.76,17.425,50,12.998,0,18,12
2011-12-19 19:00:00,4,0,1,2,14.76,17.425,53,11.0014,0,19,12
2011-12-19 20:00:00,4,0,1,1,16.4,20.455,40,11.0014,0,20,12
2011-12-19 21:00:00,4,0,1,2,14.76,17.425,53,8.9981,0,21,12
2011-12-19 22:00:00,4,0,1,2,14.76,17.425,57,11.0014,0,22,12
2011-12-19 23:00:00,4,0,1,1,14.76,17.425,53,11.0014,0,23,12
2012-01-01 00:00:00,1,0,0,1,14.76,18.94,66,12.450030527102156,1,0,1
2012-01-01 01:00:00,1,0,0,1,14.76,17.425,66,8.9981,0,1,1
2012-01-01 02:00:00,1,0,0,1,13.12,17.425,76,10.281439555625228,1,2,1
2012-01-01 03:00:00,1,0,0,1,12.3,16.665,81,10.01671675532245,1,3,1
2012-01-01 04:00:00,1,0,0,1,11.48,15.15,81,6.0032,0,4,1
2012-01-01 05:00:00,1,0,0,1,11.48,14.395,81,7.0015,0,5,1
2012-01-01 06:00:00,1,0,0,1,10.66,13.635,93,8.9981,0,6,1
2012-01-01 07:00:00,1,0,0,1,10.66,12.88,93,11.0014,0,7,1
2012-01-01 08:00:00,1,0,0,1,10.66,13.635,87,7.0015,0,8,1
2012-01-01 09:00:00,1,0,0,1,10.66,13.635,93,7.0015,0,9,1
2012-01-01 10:00:00,1,0,0,1,12.3,15.91,81,7.0015,0,10,1
2012-01-01 11:00:00,1,0,0,1,13.94,16.665,76,8.9981,0,11,1
2012-01-01 12:00:00,1,0,0,1,16.4,20.455,62,19.0012,0,12,1
2012-01-01 13:00:00,1,0,0,1,17.22,21.21,58,19.0012,0,13,1
2012-01-01 14:00:00,1,0,0,1,18.04,21.97,54,19.9995,0,14,1
2012-01-01 15:00:00,1,0,0,1,18.86,22.725,51,19.9995,0,15,1
2012-01-01 16:00:00,1,0,0,2,18.04,21.97,54,19.9995,0,16,1
2012-01-01 17:00:00,1,0,0,2,19.68,23.485,48,11.0014,0,17,1
2012-01-01 18:00:00,1,0,0,3,18.86,22.725,59,16.9979,0,18,1
2012-01-01 19:00:00,1,0,0,3,17.22,21.21,67,26.0027,0,19,1
2012-01-01 20:00:00,1,0,0,2,18.04,21.97,62,19.9995,0,20,1
2012-01-01 21:00:00,1,0,0,2,18.04,21.97,67,16.9979,0,21,1
2012-01-01 22:00:00,1,0,0,1,18.86,22.725,55,27.9993,0,22,1
2012-01-01 23:00:00,1,0,0,1,18.04,21.97,51,19.9995,0,23,1
2012-01-02 00:00:00,1,1,0,1,16.4,20.455,40,31.0009,0,0,1
2012-01-02 01:00:00,1,1,0,1,14.76,16.665,43,27.9993,0,1,1
2012-01-02 02:00:00,1,1,0,1,14.76,15.91,34,30.0026,0,2,1
2012-01-02 04:00:00,1,1,0,1,11.48,12.88,45,22.0028,0,4,1
2012-01-02 05:00:00,1,1,0,1,11.48,12.88,45,22.0028,0,5,1
2012-01-02 06:00:00,1,1,0,1,10.66,11.365,41,26.0027,0,6,1
2012-01-02 07:00:00,1,1,0,1,9.84,10.605,32,26.0027,0,7,1
2012-01-02 08:00:00,1,1,0,1,9.84,11.365,35,16.9979,0,8,1
2012-01-02 09:00:00,1,1,0,1,9.84,12.88,35,11.097959926394012,1,9,1
2012-01-02 10:00:00,1,1,0,1,10.66,12.12,35,19.0012,0,10,1
2012-01-02 11:00:00,1,1,0,1,10.66,10.605,35,32.9975,0,11,1
2012-01-02 12:00:00,1,1,0,1,11.48,13.635,36,16.9979,0,12,1
2012-01-02 13:00:00,1,1,0,1,12.3,13.635,36,19.9995,0,13,1
2012-01-02 14:00:00,1,1,0,1,12.3,13.635,36,27.9993,0,14,1
2012-01-02 15:00:00,1,1,0,1,11.48,12.12,38,30.0026,0,15,1
2012-01-02 16:00:00,1,1,0,1,10.66,11.365,35,27.9993,0,16,1
2012-01-02 17:00:00,1,1,0,1,10.66,11.365,35,26.0027,0,17,1
2012-01-02 18:00:00,1,1,0,1,10.66,12.12,33,16.9979,0,18,1
2012-01-02 19:00:00,1,1,0,1,9.84,11.365,38,15.0013,0,19,1
2012-01-02 20:00:00,1,1,0,1,9.84,11.365,41,15.0013,0,20,1
2012-01-02 21:00:00,1,1,0,2,9.84,10.605,41,22.0028,0,21,1
2012-01-02 22:00:00,1,1,0,2,9.02,10.605,44,19.0012,0,22,1
2012-01-02 23:00:00,1,1,0,1,9.02,10.605,44,16.9979,0,23,1
2012-01-03 00:00:00,1,0,1,1,8.2,9.85,51,16.9979,0,0,1
2012-01-03 01:00:00,1,0,1,1,7.38,9.09,55,15.0013,0,1,1
2012-01-03 02:00:00,1,0,1,1,7.38,8.335,51,16.9979,0,2,1
2012-01-03 03:00:00,1,0,1,1,6.56,6.82,55,19.0012,0,3,1
2012-01-03 04:00:00,1,0,1,1,6.56,7.575,55,16.9979,0,4,1
2012-01-03 05:00:00,1,0,1,1,5.74,6.82,54,12.998,0,5,1
2012-01-03 06:00:00,1,0,1,1,5.74,6.06,59,19.0012,0,6,1
2012-01-03 07:00:00,1,0,1,1,5.74,6.06,59,16.9979,0,7,1
2012-01-03 08:00:00,1,0,1,1,6.56,6.82,55,19.0012,0,8,1
2012-01-03 09:00:00,1,0,1,1,6.56,6.82,50,19.0012,0,9,1
2012-01-03 10:00:00,1,0,1,1,6.56,6.06,47,31.0009,0,10,1
2012-01-03 11:00:00,1,0,1,1,7.38,6.82,37,35.0008,0,11,1
2012-01-03 12:00:00,1,0,1,1,7.38,6.82,37,35.0008,0,12,1
2012-01-03 13:00:00,1,0,1,1,7.38,6.06,34,43.9989,0,13,1
2012-01-03 14:00:00,1,0,1,1,6.56,6.06,43,35.0008,0,14,1
2012-01-03 15:00:00,1,0,1,1,6.56,6.06,37,27.9993,0,15,1
2012-01-03 16:00:00,1,0,1,1,5.74,4.545,39,39.0007,0,16,1
2012-01-03 17:00:00,1,0,1,1,5.74,5.305,26,31.0009,0,17,1
2012-01-03 18:00:00,1,0,1,1,5.74,4.545,26,35.0008,0,18,1
2012-01-03 19:00:00,1,0,1,1,4.92,4.545,28,27.9993,0,19,1
2012-01-03 20:00:00,1,0,1,1,4.92,6.06,33,16.9979,0,20,1
2012-01-03 21:00:00,1,0,1,1,4.1,5.305,36,15.0013,0,21,1
2012-01-03 22:00:00,1,0,1,1,4.1,5.305,46,16.9979,0,22,1
2012-01-03 23:00:00,1,0,1,1,4.1,3.79,46,26.0027,0,23,1
2012-01-04 00:00:00,1,0,1,1,3.28,3.03,42,22.0028,0,0,1
2012-01-04 01:00:00,1,0,1,1,1.64,1.515,38,19.9995,0,1,1
2012-01-04 02:00:00,1,0,1,1,0.82,0.76,34,19.0012,0,2,1
2012-01-04 03:00:00,1,0,1,1,0.82,0.76,34,19.0012,0,3,1
2012-01-04 04:00:00,1,0,1,1,0.82,2.275,41,12.998,0,4,1
2012-01-04 05:00:00,1,0,1,1,0.82,2.275,41,12.998,0,5,1
2012-01-04 06:00:00,1,0,1,1,0.82,2.275,41,11.0014,0,6,1
2012-01-04 07:00:00,1,0,1,1,0.82,2.275,44,12.998,0,7,1
2012-01-04 08:00:00,1,0,1,1,0.82,3.03,44,8.9981,0,8,1
2012-01-04 09:00:00,1,0,1,1,1.64,3.03,45,8.9981,0,9,1
2012-01-04 10:00:00,1,0,1,1,2.46,5.305,45,11.240552949168421,1,10,1
2012-01-04 11:00:00,1,0,1,2,3.28,6.06,42,6.0032,0,11,1
2012-01-04 12:00:00,1,0,1,2,4.1,5.305,46,12.998,0,12,1
2012-01-04 13:00:00,1,0,1,2,5.74,6.06,43,16.9979,0,13,1
2012-01-04 14:00:00,1,0,1,2,5.74,6.06,46,16.9979,0,14,1
2012-01-04 15:00:00,1,0,1,2,7.38,7.575,37,22.0028,0,15,1
2012-01-04 16:00:00,1,0,1,2,7.38,8.335,40,19.0012,0,16,1
2012-01-04 17:00:00,1,0,1,2,8.2,9.85,40,12.998,0,17,1
2012-01-04 18:00:00,1,0,1,2,8.2,10.605,37,8.9981,0,18,1
2012-01-04 19:00:00,1,0,1,2,8.2,11.365,40,7.0015,0,19,1
2012-01-04 20:00:00,1,0,1,2,8.2,9.85,40,12.998,0,20,1
2012-01-04 21:00:00,1,0,1,2,8.2,12.88,44,7.5088754024183695,1,21,1
2012-01-04 22:00:00,1,0,1,2,8.2,11.365,47,6.0032,0,22,1
2012-01-04 23:00:00,1,0,1,2,8.2,11.365,44,7.0015,0,23,1
2012-01-05 00:00:00,1,0,1,2,9.02,11.365,47,12.998,0,0,1
2012-01-05 01:00:00,1,0,1,1,8.2,11.365,51,6.0032,0,1,1
2012-01-05 02:00:00,1,0,1,1,8.2,11.365,51,6.0032,0,2,1
2012-01-05 03:00:00,1,0,1,1,8.2,12.88,61,7.435769705480292,1,3,1
2012-01-05 04:00:00,1,0,1,2,8.2,11.365,59,6.0032,0,4,1
2012-01-05 05:00:00,1,0,1,2,8.2,11.365,59,6.0032,0,5,1
2012-01-05 06:00:00,1,0,1,2,8.2,10.605,75,8.9981,0,6,1
2012-01-05 07:00:00,1,0,1,2,8.2,11.365,69,6.0032,0,7,1
2012-01-05 08:00:00,1,0,1,2,8.2,12.88,75,9.001358032228772,1,8,1
2012-01-05 09:00:00,1,0,1,2,9.02,13.635,69,10.563636842244707,1,9,1
2012-01-05 10:00:00,1,0,1,2,9.84,12.88,52,6.0032,0,10,1
2012-01-05 11:00:00,1,0,1,1,12.3,16.665,49,11.027671197443208,1,11,1
2012-01-05 12:00:00,1,0,1,1,12.3,14.395,49,16.9979,0,12,1
2012-01-05 13:00:00,1,0,1,1,13.94,15.15,42,19.9995,0,13,1
2012-01-05 14:00:00,1,0,1,1,13.94,15.91,39,19.0012,0,14,1
2012-01-05 15:00:00,1,0,1,1,14.76,16.665,34,19.0012,0,15,1
2012-01-05 16:00:00,1,0,1,1,14.76,16.665,34,19.0012,0,16,1
2012-01-05 17:00:00,1,0,1,2,14.76,17.425,34,12.998,0,17,1
2012-01-05 18:00:00,1,0,1,1,13.94,16.665,36,11.0014,0,18,1
2012-01-05 19:00:00,1,0,1,1,13.94,17.425,34,6.0032,0,19,1
2012-01-05 20:00:00,1,0,1,1,12.3,16.665,49,9.934211426918672,1,20,1
2012-01-05 21:00:00,1,0,1,1,10.66,13.635,60,8.9981,0,21,1
2012-01-05 22:00:00,1,0,1,1,10.66,12.88,60,11.0014,0,22,1
2012-01-05 23:00:00,1,0,1,1,9.84,12.88,70,7.0015,0,23,1
2012-01-06 00:00:00,1,0,1,1,9.02,12.88,75,6.0032,0,0,1
2012-01-06 01:00:00,1,0,1,1,9.02,13.635,75,8.521917275521197,1,1,1
2012-01-06 02:00:00,1,0,1,1,9.02,11.365,69,11.0014,0,2,1
2012-01-06 03:00:00,1,0,1,1,9.02,12.12,69,7.0015,0,3,1
2012-01-06 04:00:00,1,0,1,1,9.02,11.365,69,8.9981,0,4,1
2012-01-06 05:00:00,1,0,1,2,8.2,10.605,80,8.9981,0,5,1
2012-01-06 06:00:00,1,0,1,2,9.02,12.12,73,7.0015,0,6,1
2012-01-06 07:00:00,1,0,1,2,9.84,14.395,65,8.7455371281446,1,7,1
2012-01-06 08:00:00,1,0,1,1,9.84,12.12,70,8.9981,0,8,1
2012-01-06 09:00:00,1,0,1,1,9.84,12.12,70,11.0014,0,9,1
2012-01-06 10:00:00,1,0,1,1,10.66,12.88,65,12.998,0,10,1
2012-01-06 11:00:00,1,0,1,1,12.3,15.15,56,11.0014,0,11,1
2012-01-06 12:00:00,1,0,1,1,14.76,16.665,50,16.9979,0,12,1
2012-01-06 13:00:00,1,0,1,1,16.4,20.455,43,19.0012,0,13,1
2012-01-06 14:00:00,1,0,1,1,18.86,22.725,36,12.998,0,14,1
2012-01-06 15:00:00,1,0,1,1,21.32,25.0,27,16.9979,0,15,1
2012-01-06 16:00:00,1,0,1,1,21.32,25.0,27,19.0012,0,16,1
2012-01-06 17:00:00,1,0,1,1,18.86,22.725,36,15.0013,0,17,1
2012-01-06 18:00:00,1,0,1,1,20.5,24.24,29,16.9979,0,18,1
2012-01-06 19:00:00,1,0,1,1,18.86,22.725,33,19.0012,0,19,1
2012-01-06 20:00:00,1,0,1,1,17.22,21.21,41,12.998,0,20,1
2012-01-06 21:00:00,1,0,1,1,16.4,20.455,43,15.0013,0,21,1
2012-01-06 22:00:00,1,0,1,1,14.76,17.425,50,12.998,0,22,1
2012-01-06 23:00:00,1,0,1,1,14.76,18.94,50,14.03341419931691,1,23,1
2012-01-07 00:00:00,1,0,0,1,14.76,17.425,50,11.0014,0,0,1
2012-01-07 01:00:00,1,0,0,1,15.58,19.695,46,11.0014,0,1,1
2012-01-07 02:00:00,1,0,0,1,14.76,18.18,50,7.0015,0,2,1
2012-01-07 03:00:00,1,0,0,1,13.12,16.665,57,7.0015,0,3,1
2012-01-07 04:00:00,1,0,0,1,13.12,16.665,57,6.0032,0,4,1
2012-01-07 05:00:00,1,0,0,1,10.66,13.635,75,7.0015,0,5,1
2012-01-07 06:00:00,1,0,0,1,10.66,13.635,75,7.0015,0,6,1
2012-01-07 07:00:00,1,0,0,1,9.02,11.365,87,12.998,0,7,1
2012-01-07 08:00:00,1,0,0,1,9.84,12.88,75,7.0015,0,8,1
2012-01-07 09:00:00,1,0,0,1,9.02,11.365,80,8.9981,0,9,1
2012-01-07 10:00:00,1,0,0,1,11.48,15.15,75,6.0032,0,10,1
2012-01-07 11:00:00,1,0,0,1,13.94,15.91,57,15.0013,0,11,1
2012-01-07 12:00:00,1,0,0,1,16.4,20.455,43,15.0013,0,12,1
2012-01-07 13:00:00,1,0,0,1,18.04,21.97,44,12.998,0,13,1
2012-01-07 14:00:00,1,0,0,1,20.5,24.24,42,19.0012,0,14,1
2012-01-07 15:00:00,1,0,0,1,23.78,27.275,37,19.9995,0,15,1
2012-01-07 16:00:00,1,0,0,2,22.96,26.515,37,19.0012,0,16,1
2012-01-07 17:00:00,1,0,0,2,22.14,25.76,43,8.9981,0,17,1
2012-01-07 18:00:00,1,0,0,1,22.14,25.76,45,8.9981,0,18,1
2012-01-07 19:00:00,1,0,0,1,21.32,25.0,42,7.0015,0,19,1
2012-01-07 20:00:00,1,0,0,1,20.5,24.24,39,16.9979,0,20,1
2012-01-07 21:00:00,1,0,0,1,18.04,21.97,44,15.0013,0,21,1
2012-01-07 22:00:00,1,0,0,1,18.04,21.97,38,16.9979,0,22,1
2012-01-07 23:00:00,1,0,0,1,17.22,21.21,38,15.0013,0,23,1
2012-01-08 00:00:00,1,0,0,1,15.58,19.695,40,19.0012,0,0,1
2012-01-08 01:00:00,1,0,0,1,13.94,16.665,42,12.998,0,1,1
2012-01-08 02:00:00,1,0,0,1,14.76,16.665,37,19.0012,0,2,1
2012-01-08 03:00:00,1,0,0,1,13.94,16.665,42,8.9981,0,3,1
2012-01-08 04:00:00,1,0,0,1,13.12,15.15,49,16.9979,0,4,1
2012-01-08 05:00:00,1,0,0,2,13.12,16.665,49,7.0015,0,5,1
2012-01-08 06:00:00,1,0,0,2,12.3,16.665,52,11.161217916792717,1,6,1
2012-01-08 07:00:00,1,0,0,2,12.3,16.665,52,11.029220039879208,1,7,1
2012-01-08 08:00:00,1,0,0,1,12.3,15.15,52,8.9981,0,8,1
2012-01-08 09:00:00,1,0,0,1,13.12,16.665,53,8.9981,0,9,1
2012-01-08 10:00:00,1,0,0,1,13.94,16.665,49,11.0014,0,10,1
2012-01-08 11:00:00,1,0,0,1,14.76,17.425,46,15.0013,0,11,1
2012-01-08 12:00:00,1,0,0,1,15.58,19.695,43,15.0013,0,12,1
2012-01-08 13:00:00,1,0,0,1,16.4,20.455,37,19.9995,0,13,1
2012-01-08 14:00:00,1,0,0,1,16.4,20.455,40,12.998,0,14,1
2012-01-08 15:00:00,1,0,0,1,16.4,20.455,37,19.0012,0,15,1
2012-01-08 16:00:00,1,0,0,1,16.4,20.455,37,19.9995,0,16,1
2012-01-08 17:00:00,1,0,0,1,15.58,19.695,40,15.0013,0,17,1
2012-01-08 18:00:00,1,0,0,1,13.94,15.91,46,15.0013,0,18,1
2012-01-08 19:00:00,1,0,0,1,13.12,15.91,49,12.998,0,19,1
2012-01-08 20:00:00,1,0,0,1,12.3,15.15,52,11.0014,0,20,1
2012-01-08 21:00:00,1,0,0,1,11.48,13.635,56,15.0013,0,21,1
2012-01-08 22:00:00,1,0,0,1,10.66,13.635,60,7.0015,0,22,1
2012-01-08 23:00:00,1,0,0,1,10.66,12.12,56,16.9979,0,23,1
2012-01-09 00:00:00,1,0,1,1,9.84,11.365,60,15.0013,0,0,1
2012-01-09 01:00:00,1,0,1,1,9.84,12.12,60,8.9981,0,1,1
2012-01-09 02:00:00,1,0,1,1,9.84,12.12,56,8.9981,0,2,1
2012-01-09 03:00:00,1,0,1,1,9.84,12.12,52,11.0014,0,3,1
2012-01-09 04:00:00,1,0,1,1,9.02,12.12,64,7.0015,0,4,1
2012-01-09 05:00:00,1,0,1,2,8.2,11.365,64,6.0032,0,5,1
2012-01-09 06:00:00,1,0,1,2,9.02,11.365,60,8.9981,0,6,1
2012-01-09 07:00:00,1,0,1,2,9.02,12.12,60,7.0015,0,7,1
2012-01-09 08:00:00,1,0,1,2,9.02,12.88,55,6.0032,0,8,1
2012-01-09 09:00:00,1,0,1,2,9.02,13.635,64,9.503116894944167,1,9,1
2012-01-09 10:00:00,1,0,1,1,9.84,14.395,60,9.76712590048743,1,10,1
2012-01-09 11:00:00,1,0,1,2,10.66,14.395,56,6.0032,0,11,1
2012-01-09 12:00:00,1,0,1,2,10.66,13.635,56,7.0015,0,12,1
2012-01-09 13:00:00,1,0,1,2,10.66,13.635,56,7.0015,0,13,1
2012-01-09 14:00:00,1,0,1,3,9.02,11.365,75,11.0014,0,14,1
2012-01-09 15:00:00,1,0,1,3,9.02,11.365,75,11.0014,0,15,1
2012-01-09 16:00:00,1,0,1,3,9.02,12.88,87,6.0032,0,16,1
2012-01-09 17:00:00,1,0,1,3,9.02,13.635,87,9.411897025965558,1,17,1
2012-01-09 18:00:00,1,0,1,4,8.2,11.365,86,6.0032,0,18,1
2012-01-09 19:00:00,1,0,1,3,8.2,11.365,93,6.0032,0,19,1
2012-01-09 20:00:00,1,0,1,2,8.2,11.365,86,6.0032,0,20,1
2012-01-09 21:00:00,1,0,1,2,8.2,12.88,93,8.842454067339762,1,21,1
2012-01-09 22:00:00,1,0,1,2,8.2,11.365,92,7.0015,0,22,1
2012-01-09 23:00:00,1,0,1,2,9.02,12.12,87,7.0015,0,23,1
2012-01-10 00:00:00,1,0,1,2,9.02,12.12,87,7.0015,0,0,1
2012-01-10 01:00:00,1,0,1,2,9.02,12.12,93,7.0015,0,1,1
2012-01-10 02:00:00,1,0,1,2,9.02,11.365,87,11.0014,0,2,1
2012-01-10 04:00:00,1,0,1,2,8.2,10.605,86,11.0014,0,4,1
2012-01-10 05:00:00,1,0,1,1,16.4,20.455,47,15.0013,0,5,1
2012-01-10 06:00:00,1,0,1,2,7.38,9.09,93,12.998,0,6,1
2012-01-10 07:00:00,1,0,1,2,7.38,9.85,93,11.0014,0,7,1
2012-01-10 08:00:00,1,0,1,2,7.38,9.85,93,11.0014,0,8,1
2012-01-10 09:00:00,1,0,1,2,7.38,9.85,93,11.0014,0,9,1
2012-01-10 10:00:00,1,0,1,2,7.38,9.85,93,11.0014,0,10,1
2012-01-10 11:00:00,1,0,1,1,17.22,21.21,38,19.9995,0,11,1
2012-01-10 12:00:00,1,0,1,1,17.22,21.21,38,19.9995,0,12,1
2012-01-10 13:00:00,1,0,1,1,17.22,21.21,38,19.9995,0,13,1
2012-01-10 14:00:00,1,0,1,1,17.22,21.21,38,19.9995,0,14,1
2012-01-10 15:00:00,1,0,1,1,17.22,21.21,38,19.9995,0,15,1
2012-01-10 16:00:00,1,0,1,1,17.22,21.21,38,23.9994,0,16,1
2012-01-10 17:00:00,1,0,1,1,17.22,21.21,38,16.9979,0,17,1
2012-01-10 18:00:00,1,0,1,1,16.4,20.455,40,7.0015,0,18,1
2012-01-10 19:00:00,1,0,1,1,15.58,19.695,46,7.0015,0,19,1
2012-01-10 20:00:00,1,0,1,1,13.94,17.425,53,7.0015,0,20,1
2012-01-10 21:00:00,1,0,1,1,13.12,16.665,66,6.0032,0,21,1
2012-01-10 22:00:00,1,0,1,1,12.3,15.15,70,6.0032,0,22,1
2012-01-10 23:00:00,1,0,1,1,10.66,13.635,81,7.0015,0,23,1
2012-01-11 00:00:00,1,0,1,1,10.66,15.15,81,9.420897842177542,1,0,1
2012-01-11 01:00:00,1,0,1,1,9.84,12.88,87,6.0032,0,1,1
2012-01-11 02:00:00,1,0,1,1,8.2,10.605,85,11.0014,0,2,1
2012-01-11 03:00:00,1,0,1,1,9.02,13.635,80,8.49489169059808,1,3,1
2012-01-11 04:00:00,1,0,1,1,8.2,10.605,80,8.9981,0,4,1
2012-01-11 05:00:00,1,0,1,1,8.2,10.605,80,8.9981,0,5,1
2012-01-11 06:00:00,1,0,1,1,8.2,10.605,86,8.9981,0,6,1
2012-01-11 07:00:00,1,0,1,1,8.2,10.605,80,8.9981,0,7,1
2012-01-11 08:00:00,1,0,1,1,8.2,11.365,82,7.0015,0,8,1
2012-01-11 09:00:00,1,0,1,2,8.2,10.605,86,8.9981,0,9,1
2012-01-11 10:00:00,1,0,1,2,9.84,12.12,87,8.9981,0,10,1
2012-01-11 11:00:00,1,0,1,2,10.66,14.395,87,6.0032,0,11,1
2012-01-11 12:00:00,1,0,1,3,12.3,16.665,81,10.833211307369902,1,12,1
2012-01-11 13:00:00,1,0,1,3,13.12,17.425,76,10.653094477080497,1,13,1
2012-01-11 14:00:00,1,0,1,3,13.12,16.665,81,7.0015,0,14,1
2012-01-11 15:00:00,1,0,1,2,13.94,17.425,87,6.0032,0,15,1
2012-01-11 16:00:00,1,0,1,2,13.94,15.91,87,16.9979,0,16,1
2012-01-11 17:00:00,1,0,1,3,13.94,15.91,87,15.0013,0,17,1
2012-01-11 18:00:00,1,0,1,3,13.94,16.665,87,12.998,0,18,1
2012-01-11 19:00:00,1,0,1,3,13.12,15.15,93,15.0013,0,19,1
2012-01-11 20:00:00,1,0,1,3,13.12,15.91,93,11.0014,0,20,1
2012-01-11 21:00:00,1,0,1,3,13.94,15.91,87,15.0013,0,21,1
2012-01-11 22:00:00,1,0,1,3,13.94,16.665,87,12.998,0,22,1
2012-01-11 23:00:00,1,0,1,3,13.94,15.91,87,15.0013,0,23,1
2012-01-12 00:00:00,1,0,1,3,13.94,16.665,93,12.998,0,0,1
2012-01-12 01:00:00,1,0,1,3,14.76,17.425,93,12.998,0,1,1
2012-01-12 02:00:00,1,0,1,3,14.76,17.425,93,16.9979,0,2,1
2012-01-12 03:00:00,1,0,1,3,14.76,17.425,93,16.9979,0,3,1
2012-01-12 04:00:00,1,0,1,3,14.76,17.425,93,12.998,0,4,1
2012-01-12 05:00:00,1,0,1,3,13.94,17.425,93,6.0032,0,5,1
2012-01-12 06:00:00,1,0,1,3,14.76,17.425,93,8.9981,0,6,1
2012-01-12 07:00:00,1,0,1,2,13.94,15.91,87,19.0012,0,7,1
2012-01-12 08:00:00,1,0,1,1,13.12,15.91,81,12.998,0,8,1
2012-01-12 09:00:00,1,0,1,1,13.12,16.665,81,7.0015,0,9,1
2012-01-12 10:00:00,1,0,1,1,13.94,17.425,81,7.0015,0,10,1
2012-01-12 11:00:00,1,0,1,2,13.94,17.425,81,7.0015,0,11,1
2012-01-12 12:00:00,1,0,1,2,13.94,17.425,81,7.0015,0,12,1
2012-01-12 13:00:00,1,0,1,1,17.22,21.21,77,11.0014,0,13,1
2012-01-12 14:00:00,1,0,1,1,17.22,21.21,77,11.0014,0,14,1
2012-01-12 15:00:00,1,0,1,1,18.04,21.97,72,8.9981,0,15,1
2012-01-12 16:00:00,1,0,1,1,18.86,22.725,67,12.998,0,16,1
2012-01-12 17:00:00,1,0,1,1,18.86,22.725,63,11.0014,0,17,1
2012-01-12 18:00:00,1,0,1,1,18.04,21.97,67,12.998,0,18,1
2012-01-12 19:00:00,1,0,1,2,17.22,21.21,71,11.0014,0,19,1
2012-01-12 20:00:00,1,0,1,2,17.22,21.21,71,12.998,0,20,1
2012-01-12 21:00:00,1,0,1,1,18.04,21.97,67,8.9981,0,21,1
2012-01-12 22:00:00,1,0,1,1,15.58,19.695,76,19.9995,0,22,1
2012-01-12 23:00:00,1,0,1,1,16.4,20.455,76,22.0028,0,23,1
2012-01-13 00:00:00,1,0,1,2,16.4,20.455,71,19.0012,0,0,1
2012-01-13 01:00:00,1,0,1,2,15.58,19.695,76,19.9995,0,1,1
2012-01-13 02:00:00,1,0,1,1,16.4,20.455,76,23.9994,0,2,1
2012-01-13 03:00:00,1,0,1,1,14.76,16.665,87,16.9979,0,3,1
2012-01-13 04:00:00,1,0,1,3,13.12,14.395,70,32.9975,0,4,1
2012-01-13 05:00:00,1,0,1,2,12.3,12.12,70,36.9974,0,5,1
2012-01-13 06:00:00,1,0,1,2,10.66,12.88,75,15.0013,0,6,1
2012-01-13 07:00:00,1,0,1,1,10.66,12.88,60,15.0013,0,7,1
2012-01-13 08:00:00,1,0,1,1,9.84,10.605,52,23.9994,0,8,1
2012-01-13 09:00:00,1,0,1,1,9.02,9.85,47,26.0027,0,9,1
2012-01-13 10:00:00,1,0,1,1,9.84,9.85,44,30.0026,0,10,1
2012-01-13 11:00:00,1,0,1,1,9.84,9.09,38,40.9973,0,11,1
2012-01-13 12:00:00,1,0,1,1,9.84,9.85,38,32.9975,0,12,1
2012-01-13 13:00:00,1,0,1,1,10.66,10.605,33,35.0008,0,13,1
2012-01-13 14:00:00,1,0,1,1,10.66,10.605,33,36.9974,0,14,1
2012-01-13 15:00:00,1,0,1,1,10.66,10.605,33,39.0007,0,15,1
2012-01-13 16:00:00,1,0,1,1,11.48,12.12,30,31.0009,0,16,1
2012-01-13 17:00:00,1,0,1,1,11.48,12.12,33,27.9993,0,17,1
2012-01-13 18:00:00,1,0,1,1,10.66,11.365,38,19.9995,0,18,1
2012-01-13 19:00:00,1,0,1,1,10.66,12.12,38,19.0012,0,19,1
2012-01-13 20:00:00,1,0,1,1,9.84,12.12,41,11.0014,0,20,1
2012-01-13 21:00:00,1,0,1,1,9.84,10.605,41,19.0012,0,21,1
2012-01-13 22:00:00,1,0,1,1,8.2,9.09,47,22.0028,0,22,1
2012-01-13 23:00:00,1,0,1,1,7.38,9.09,47,12.998,0,23,1
2012-01-14 00:00:00,1,0,0,1,6.56,9.09,47,7.0015,0,0,1
2012-01-14 01:00:00,1,0,0,1,6.56,7.575,47,12.998,0,1,1
2012-01-14 02:00:00,1,0,0,1,6.56,8.335,47,11.0014,0,2,1
2012-01-14 03:00:00,1,0,0,1,5.74,8.335,54,7.0015,0,3,1
2012-01-14 04:00:00,1,0,0,1,5.74,7.575,50,8.9981,0,4,1
2012-01-14 05:00:00,1,0,0,1,5.74,7.575,50,8.9981,0,5,1
2012-01-14 06:00:00,1,0,0,1,5.74,7.575,50,12.34914658862731,1,6,1
2012-01-14 07:00:00,1,0,0,1,5.74,7.575,50,8.9981,0,7,1
2012-01-14 08:00:00,1,0,0,1,4.92,7.575,54,7.0015,0,8,1
2012-01-14 09:00:00,1,0,0,1,5.74,8.335,50,7.0015,0,9,1
2012-01-14 10:00:00,1,0,0,1,6.56,11.365,47,8.916580101114388,1,10,1
2012-01-14 11:00:00,1,0,0,1,8.2,9.85,40,12.998,0,11,1
2012-01-14 12:00:00,1,0,0,1,9.02,10.605,41,16.9979,0,12,1
2012-01-14 13:00:00,1,0,0,1,9.02,10.605,44,19.0012,0,13,1
2012-01-14 14:00:00,1,0,0,1,9.84,10.605,41,19.9995,0,14,1
2012-01-14 15:00:00,1,0,0,1,9.84,10.605,38,19.9995,0,15,1
2012-01-14 16:00:00,1,0,0,1,9.84,11.365,38,15.0013,0,16,1
2012-01-14 17:00:00,1,0,0,1,9.84,11.365,41,16.9979,0,17,1
2012-01-14 18:00:00,1,0,0,1,9.02,11.365,41,12.998,0,18,1
2012-01-14 19:00:00,1,0,0,1,8.2,9.85,47,15.0013,0,19,1
2012-01-14 20:00:00,1,0,0,1,8.2,9.85,44,16.9979,0,20,1
2012-01-14 21:00:00,1,0,0,1,7.38,8.335,43,16.9979,0,21,1
2012-01-14 22:00:00,1,0,0,1,6.56,6.82,47,23.9994,0,22,1
2012-01-14 23:00:00,1,0,0,1,6.56,7.575,47,15.0013,0,23,1
2012-01-15 00:00:00,1,0,0,1,6.56,6.82,47,22.0028,0,0,1
2012-01-15 01:00:00,1,0,0,2,6.56,6.82,47,19.9995,0,1,1
2012-01-15 02:00:00,1,0,0,2,6.56,6.82,47,19.0012,0,2,1
2012-01-15 03:00:00,1,0,0,2,6.56,6.82,48,26.0027,0,3,1
2012-01-15 04:00:00,1,0,0,2,6.56,6.82,47,26.0027,0,4,1
2012-01-15 05:00:00,1,0,0,2,6.56,6.82,47,22.0028,0,5,1
2012-01-15 06:00:00,1,0,0,2,5.74,6.06,50,19.0012,0,6,1
2012-01-15 07:00:00,1,0,0,1,4.92,6.06,54,19.0012,0,7,1
2012-01-15 08:00:00,1,0,0,1,4.92,6.06,54,15.0013,0,8,1
2012-01-15 09:00:00,1,0,0,1,4.92,6.82,54,12.998,0,9,1
2012-01-15 10:00:00,1,0,0,1,5.74,6.06,54,19.0012,0,10,1
2012-01-15 11:00:00,1,0,0,1,6.56,7.575,47,15.0013,0,11,1
2012-01-15 12:00:00,1,0,0,1,7.38,8.335,40,19.9995,0,12,1
2012-01-15 13:00:00,1,0,0,1,8.2,9.09,34,19.0012,0,13,1
2012-01-15 14:00:00,1,0,0,1,8.2,9.09,32,23.9994,0,14,1
2012-01-15 15:00:00,1,0,0,1,9.02,11.365,27,12.998,0,15,1
2012-01-15 16:00:00,1,0,0,1,9.02,10.605,29,19.9995,0,16,1
2012-01-15 17:00:00,1,0,0,1,9.02,10.605,25,16.9979,0,17,1
2012-01-15 18:00:00,1,0,0,1,7.38,9.09,29,15.0013,0,18,1
2012-01-15 19:00:00,1,0,0,1,6.56,8.335,37,11.0014,0,19,1
2012-01-15 20:00:00,1,0,0,1,6.56,9.09,37,7.0015,0,20,1
2012-01-15 21:00:00,1,0,0,1,6.56,8.335,40,11.0014,0,21,1
2012-01-15 22:00:00,1,0,0,1,7.38,10.605,37,6.0032,0,22,1
2012-01-15 23:00:00,1,0,0,1,6.56,9.85,43,6.0032,0,23,1
2012-01-16 00:00:00,1,1,0,1,5.74,7.575,46,8.9981,0,0,1
2012-01-16 01:00:00,1,1,0,1,5.74,8.335,43,7.0015,0,1,1
2012-01-16 02:00:00,1,1,0,1,5.74,10.605,46,9.674095395204704,1,2,1
2012-01-16 03:00:00,1,1,0,1,4.92,9.85,50,9.922127898178061,1,3,1
2012-01-16 04:00:00,1,1,0,1,4.92,7.575,58,7.0015,0,4,1
2012-01-16 05:00:00,1,1,0,1,4.92,8.335,54,6.0032,0,5,1
2012-01-16 06:00:00,1,1,0,1,4.1,6.82,54,6.0032,0,6,1
2012-01-16 07:00:00,1,1,0,1,4.1,6.82,54,7.0015,0,7,1
2012-01-16 08:00:00,1,1,0,1,4.1,6.06,58,11.0014,0,8,1
2012-01-16 09:00:00,1,1,0,1,4.1,6.06,58,11.0014,0,9,1
2012-01-16 10:00:00,1,1,0,2,5.74,6.82,59,12.998,0,10,1
2012-01-16 11:00:00,1,1,0,1,6.56,7.575,59,16.9979,0,11,1
2012-01-16 12:00:00,1,1,0,1,8.2,9.09,55,22.0028,0,12,1
2012-01-16 13:00:00,1,1,0,2,9.84,9.85,41,27.9993,0,13,1
2012-01-16 14:00:00,1,1,0,1,9.84,10.605,44,26.0027,0,14,1
2012-01-16 15:00:00,1,1,0,1,10.66,10.605,44,30.0026,0,15,1
2012-01-16 16:00:00,1,1,0,1,10.66,11.365,44,23.9994,0,16,1
2012-01-16 17:00:00,1,1,0,1,10.66,11.365,48,22.0028,0,17,1
2012-01-16 18:00:00,1,1,0,1,10.66,11.365,52,22.0028,0,18,1
2012-01-16 19:00:00,1,1,0,1,10.66,12.12,56,19.0012,0,19,1
2012-01-16 20:00:00,1,1,0,1,10.66,12.12,60,19.0012,0,20,1
2012-01-16 21:00:00,1,1,0,1,11.48,12.88,52,22.0028,0,21,1
2012-01-16 22:00:00,1,1,0,2,12.3,13.635,49,23.9994,0,22,1
2012-01-16 23:00:00,1,1,0,3,10.66,11.365,70,19.9995,0,23,1
2012-01-17 00:00:00,1,0,1,2,10.66,11.365,70,22.0028,0,0,1
2012-01-17 01:00:00,1,0,1,2,11.48,12.88,65,23.9994,0,1,1
2012-01-17 02:00:00,1,0,1,3,11.48,13.635,75,16.9979,0,2,1
2012-01-17 04:00:00,1,0,1,3,13.12,15.15,66,22.0028,0,4,1
2012-01-17 05:00:00,1,0,1,3,13.12,15.15,66,22.0028,0,5,1
2012-01-17 06:00:00,1,0,1,3,12.3,14.395,75,16.9979,0,6,1
2012-01-17 07:00:00,1,0,1,3,12.3,14.395,81,15.0013,0,7,1
2012-01-17 08:00:00,1,0,1,3,12.3,14.395,81,19.0012,0,8,1
2012-01-17 09:00:00,1,0,1,3,13.12,15.15,81,16.9979,0,9,1
2012-01-17 10:00:00,1,0,1,3,12.3,14.395,87,16.9979,0,10,1
2012-01-17 11:00:00,1,0,1,2,13.94,17.425,87,7.0015,0,11,1
2012-01-17 12:00:00,1,0,1,2,13.12,15.15,87,19.0012,0,12,1
2012-01-17 13:00:00,1,0,1,2,15.58,19.695,76,22.0028,0,13,1
2012-01-17 14:00:00,1,0,1,1,18.04,21.97,62,32.9975,0,14,1
2012-01-17 15:00:00,1,0,1,1,18.04,21.97,62,32.9975,0,15,1
2012-01-17 16:00:00,1,0,1,1,18.86,22.725,63,36.9974,0,16,1
2012-01-17 17:00:00,1,0,1,1,18.86,22.725,63,30.0026,0,17,1
2012-01-17 18:00:00,1,0,1,1,18.86,22.725,63,30.0026,0,18,1
2012-01-17 19:00:00,1,0,1,1,18.86,22.725,63,27.9993,0,19,1
2012-01-17 20:00:00,1,0,1,1,18.86,22.725,63,23.9994,0,20,1
2012-01-17 21:00:00,1,0,1,1,18.86,22.725,67,31.0009,0,21,1
2012-01-17 22:00:00,1,0,1,1,18.86,22.725,72,26.0027,0,22,1
2012-01-17 23:00:00,1,0,1,1,18.86,22.725,72,26.0027,0,23,1
2012-01-18 00:00:00,1,0,1,2,18.86,22.725,77,22.0028,0,0,1
2012-01-18 01:00:00,1,0,1,2,18.86,22.725,77,22.0028,0,1,1
2012-01-18 02:00:00,1,0,1,2,18.04,21.97,51,32.9975,0,2,1
2012-01-18 03:00:00,1,0,1,2,18.04,21.97,51,32.9975,0,3,1
2012-01-18 04:00:00,1,0,1,1,13.94,14.395,46,35.0008,0,4,1
2012-01-18 05:00:00,1,0,1,1,13.94,14.395,46,35.0008,0,5,1
2012-01-18 06:00:00,1,0,1,1,13.94,14.395,36,35.0008,0,6,1
2012-01-18 07:00:00,1,0,1,1,13.12,14.395,42,23.9994,0,7,1
2012-01-18 08:00:00,1,0,1,1,12.3,13.635,52,27.9993,0,8,1
2012-01-18 09:00:00,1,0,1,1,11.48,12.88,52,22.0028,0,9,1
2012-01-18 10:00:00,1,0,1,1,12.3,13.635,42,31.0009,0,10,1
2012-01-18 11:00:00,1,0,1,1,12.3,13.635,42,26.0027,0,11,1
2012-01-18 12:00:00,1,0,1,1,12.3,12.88,39,32.9975,0,12,1
2012-01-18 13:00:00,1,0,1,1,12.3,13.635,42,31.0009,0,13,1
2012-01-18 14:00:00,1,0,1,1,12.3,13.635,33,26.0027,0,14,1
2012-01-18 15:00:00,1,0,1,1,12.3,12.88,33,35.0008,0,15,1
2012-01-18 16:00:00,1,0,1,1,11.48,11.365,30,35.0008,0,16,1
2012-01-18 17:00:00,1,0,1,1,10.66,10.605,33,30.0026,0,17,1
2012-01-18 18:00:00,1,0,1,1,9.84,10.605,32,23.9994,0,18,1
2012-01-18 19:00:00,1,0,1,1,9.02,9.85,37,26.0027,0,19,1
2012-01-18 20:00:00,1,0,1,1,9.02,10.605,37,16.9979,0,20,1
2012-01-18 21:00:00,1,0,1,1,8.2,8.335,40,27.9993,0,21,1
2012-01-18 22:00:00,1,0,1,1,7.38,8.335,47,16.9979,0,22,1
2012-01-18 23:00:00,1,0,1,1,6.56,6.82,47,19.9995,0,23,1
2012-01-19 00:00:00,1,0,1,1,5.74,6.82,50,12.998,0,0,1
2012-01-19 01:00:00,1,0,1,1,5.74,7.575,50,11.0014,0,1,1
2012-01-19 02:00:00,1,0,1,1,5.74,7.575,50,8.9981,0,2,1
2012-01-19 03:00:00,1,0,1,1,4.92,7.575,54,7.0015,0,3,1
2012-01-19 04:00:00,1,0,1,1,4.92,7.575,54,7.0015,0,4,1
2012-01-19 05:00:00,1,0,1,1,4.92,6.06,55,16.9979,0,5,1
2012-01-19 06:00:00,1,0,1,1,4.92,6.82,54,11.0014,0,6,1
2012-01-19 07:00:00,1,0,1,1,4.92,8.335,54,6.0032,0,7,1
2012-01-19 08:00:00,1,0,1,1,4.92,7.575,54,7.0015,0,8,1
2012-01-19 09:00:00,1,0,1,1,4.92,9.85,54,10.881172672218167,1,9,1
2012-01-19 10:00:00,1,0,1,1,5.74,10.605,59,10.019511608663754,1,10,1
2012-01-19 11:00:00,1,0,1,1,6.56,8.335,55,11.0014,0,11,1
2012-01-19 12:00:00,1,0,1,1,8.2,9.85,51,12.998,0,12,1
2012-01-19 13:00:00,1,0,1,1,9.02,10.605,47,19.0012,0,13,1
2012-01-19 14:00:00,1,0,1,1,9.84,11.365,44,12.998,0,14,1
2012-01-19 15:00:00,1,0,1,1,10.66,11.365,44,19.9995,0,15,1
2012-01-19 16:00:00,1,0,1,1,10.66,11.365,41,22.0028,0,16,1
2012-01-19 17:00:00,1,0,1,2,10.66,11.365,44,22.0028,0,17,1
2012-01-19 18:00:00,1,0,1,2,10.66,11.365,44,22.0028,0,18,1
2012-01-19 19:00:00,1,0,1,2,10.66,11.365,48,19.9995,0,19,1
2012-01-19 20:00:00,1,0,1,1,10.66,10.605,52,30.0026,0,20,1
2012-01-19 21:00:00,1,0,1,1,10.66,11.365,44,23.9994,0,21,1
2012-01-19 22:00:00,1,0,1,2,10.66,11.365,44,27.9993,0,22,1
2012-01-19 23:00:00,1,0,1,1,10.66,11.365,48,22.0028,0,23,1
2012-02-01 00:00:00,1,0,1,1,18.04,21.97,38,19.0012,0,0,2
2012-02-01 01:00:00,1,0,1,1,18.04,21.97,41,19.0012,0,1,2
2012-02-01 02:00:00,1,0,1,1,18.04,21.97,44,19.0012,0,2,2
2012-02-01 03:00:00,1,0,1,1,18.04,21.97,44,12.998,0,3,2
2012-02-01 04:00:00,1,0,1,1,16.4,20.455,50,11.0014,0,4,2
2012-02-01 05:00:00,1,0,1,1,16.4,20.455,50,11.0014,0,5,2
2012-02-01 06:00:00,1,0,1,3,16.4,20.455,54,11.0014,0,6,2
2012-02-01 07:00:00,1,0,1,3,15.58,19.695,62,6.0032,0,7,2
2012-02-01 08:00:00,1,0,1,3,14.76,18.18,73,7.0015,0,8,2
2012-02-01 09:00:00,1,0,1,2,14.76,17.425,71,12.998,0,9,2
2012-02-01 10:00:00,1,0,1,1,16.4,20.455,62,8.9981,0,10,2
2012-02-01 11:00:00,1,0,1,1,16.4,20.455,58,11.0014,0,11,2
2012-02-01 12:00:00,1,0,1,1,18.04,21.97,54,7.0015,0,12,2
2012-02-01 13:00:00,1,0,1,1,18.86,22.725,47,15.0013,0,13,2
2012-02-01 14:00:00,1,0,1,1,25.42,31.06,33,15.0013,0,14,2
2012-02-01 15:00:00,1,0,1,1,24.6,31.06,35,19.0012,0,15,2
2012-02-01 16:00:00,1,0,1,1,24.6,31.06,40,15.0013,0,16,2
2012-02-01 17:00:00,1,0,1,1,23.78,27.275,43,12.998,0,17,2
2012-02-01 18:00:00,1,0,1,1,22.96,26.515,46,11.0014,0,18,2
2012-02-01 19:00:00,1,0,1,1,22.14,25.76,52,19.0012,0,19,2
2012-02-01 20:00:00,1,0,1,1,21.32,25.0,52,11.0014,0,20,2
2012-02-01 21:00:00,1,0,1,1,21.32,25.0,52,11.0014,0,21,2
2012-02-01 22:00:00,1,0,1,1,20.5,24.24,55,12.998,0,22,2
2012-02-01 23:00:00,1,0,1,1,18.86,22.725,63,6.0032,0,23,2
2012-02-02 00:00:00,1,0,1,1,18.86,22.725,59,8.9981,0,0,2
2012-02-02 01:00:00,1,0,1,2,18.86,22.725,55,13.366953623659985,1,1,2
2012-02-02 02:00:00,1,0,1,2,17.22,21.21,67,8.9981,0,2,2
2012-02-02 03:00:00,1,0,1,2,17.22,21.21,67,8.9981,0,3,2
2012-02-02 04:00:00,1,0,1,3,16.4,20.455,82,6.0032,0,4,2
2012-02-02 05:00:00,1,0,1,3,16.4,20.455,82,14.162187886868956,1,5,2
2012-02-02 06:00:00,1,0,1,3,14.76,18.94,90,13.265545829766609,1,6,2
2012-02-02 07:00:00,1,0,1,3,14.76,18.94,93,12.094586274650293,1,7,2
2012-02-02 08:00:00,1,0,1,3,16.4,20.455,87,15.30637396227931,1,8,2
2012-02-02 09:00:00,1,0,1,3,15.58,19.695,87,15.389119605176514,1,9,2
2012-02-02 10:00:00,1,0,1,3,17.22,21.21,77,7.0015,0,10,2
2012-02-02 11:00:00,1,0,1,3,16.4,20.455,82,16.9979,0,11,2
2012-02-02 12:00:00,1,0,1,1,17.22,21.21,82,14.022390949254671,1,12,2
2012-02-02 13:00:00,1,0,1,2,17.22,21.21,77,14.375713963791728,1,13,2
2012-02-02 14:00:00,1,0,1,1,16.4,20.455,76,7.0015,0,14,2
2012-02-02 15:00:00,1,0,1,1,18.86,22.725,67,11.0014,0,15,2
2012-02-02 16:00:00,1,0,1,1,18.86,22.725,55,19.0012,0,16,2
2012-02-02 17:00:00,1,0,1,1,17.22,21.21,54,32.9975,0,17,2
2012-02-02 18:00:00,1,0,1,1,16.4,20.455,43,31.0009,0,18,2
2012-02-02 19:00:00,1,0,1,1,15.58,19.695,43,35.0008,0,19,2
2012-02-02 20:00:00,1,0,1,1,14.76,15.91,46,35.0008,0,20,2
2012-02-02 21:00:00,1,0,1,1,13.94,15.15,46,27.9993,0,21,2
2012-02-02 22:00:00,1,0,1,1,13.12,14.395,49,27.9993,0,22,2
2012-02-02 23:00:00,1,0,1,1,13.12,15.15,49,16.9979,0,23,2
2012-02-03 00:00:00,1,0,1,1,13.12,14.395,53,26.0027,0,0,2
2012-02-03 01:00:00,1,0,1,1,12.3,13.635,56,22.0028,0,1,2
2012-02-03 02:00:00,1,0,1,1,12.3,14.395,52,15.0013,0,2,2
2012-02-03 03:00:00,1,0,1,1,11.48,12.88,56,19.9995,0,3,2
2012-02-03 04:00:00,1,0,1,1,10.66,12.88,60,15.0013,0,4,2
2012-02-03 05:00:00,1,0,1,1,10.66,12.88,60,15.0013,0,5,2
2012-02-03 06:00:00,1,0,1,1,9.84,12.12,65,11.0014,0,6,2
2012-02-03 07:00:00,1,0,1,1,9.84,11.365,65,15.0013,0,7,2
2012-02-03 08:00:00,1,0,1,1,9.84,11.365,65,15.0013,0,8,2
2012-02-03 09:00:00,1,0,1,1,9.84,11.365,65,12.998,0,9,2
2012-02-03 10:00:00,1,0,1,1,11.48,12.88,56,19.0012,0,10,2
2012-02-03 11:00:00,1,0,1,1,13.12,15.15,53,19.9995,0,11,2
2012-02-03 12:00:00,1,0,1,1,13.94,16.665,46,8.9981,0,12,2
2012-02-03 13:00:00,1,0,1,1,14.76,18.18,46,16.52191581356568,1,13,2
2012-02-03 14:00:00,1,0,1,1,14.76,17.425,46,15.0013,0,14,2
2012-02-03 15:00:00,1,0,1,1,15.58,19.695,40,18.802293329895726,1,15,2
2012-02-03 16:00:00,1,0,1,1,16.4,20.455,37,7.0015,0,16,2
2012-02-03 17:00:00,1,0,1,1,16.4,20.455,37,6.0032,0,17,2
2012-02-03 18:00:00,1,0,1,1,15.58,19.695,40,8.9981,0,18,2
2012-02-03 19:00:00,1,0,1,1,13.94,17.425,49,7.0015,0,19,2
2012-02-03 20:00:00,1,0,1,1,13.94,17.425,49,7.0015,0,20,2
2012-02-03 21:00:00,1,0,1,1,13.94,17.425,49,7.0015,0,21,2
2012-02-03 22:00:00,1,0,1,1,13.94,17.425,49,7.0015,0,22,2
2012-02-03 23:00:00,1,0,1,1,10.66,13.635,70,7.0015,0,23,2
2012-02-04 00:00:00,1,0,0,1,10.66,13.635,70,7.0015,0,0,2
2012-02-04 01:00:00,1,0,0,1,10.66,13.635,70,7.0015,0,1,2
2012-02-04 02:00:00,1,0,0,1,9.84,12.88,70,6.0032,0,2,2
2012-02-04 03:00:00,1,0,0,1,9.84,14.395,75,8.344861938967556,1,3,2
2012-02-04 04:00:00,1,0,0,1,9.84,12.88,81,6.0032,0,4,2
2012-02-04 05:00:00,1,0,0,1,9.84,12.88,81,6.0032,0,5,2
2012-02-04 06:00:00,1,0,0,1,9.02,11.365,87,8.9981,0,6,2
2012-02-04 07:00:00,1,0,0,2,9.84,12.12,87,8.9981,0,7,2
2012-02-04 08:00:00,1,0,0,1,9.84,14.395,87,9.2593407138786,1,8,2
2012-02-04 09:00:00,1,0,0,1,9.84,12.12,81,8.9981,0,9,2
2012-02-04 10:00:00,1,0,0,1,9.84,12.88,87,7.0015,0,10,2
2012-02-04 11:00:00,1,0,0,1,12.3,16.665,70,11.932403488447749,1,11,2
2012-02-04 12:00:00,1,0,0,2,12.3,15.91,70,6.0032,0,12,2
2012-02-04 13:00:00,1,0,0,2,12.3,14.395,70,12.998,0,13,2
2012-02-04 14:00:00,1,0,0,2,13.12,15.15,66,15.0013,0,14,2
2012-02-04 15:00:00,1,0,0,2,13.12,15.15,66,15.0013,0,15,2
2012-02-04 16:00:00,1,0,0,2,13.94,16.665,61,11.0014,0,16,2
2012-02-04 17:00:00,1,0,0,3,12.3,14.395,70,12.998,0,17,2
2012-02-04 18:00:00,1,0,0,3,11.48,13.635,75,11.0014,0,18,2
2012-02-04 19:00:00,1,0,0,3,10.66,13.635,87,8.9981,0,19,2
2012-02-04 20:00:00,1,0,0,3,9.84,11.365,93,12.998,0,20,2
2012-02-04 21:00:00,1,0,0,3,9.84,12.12,93,8.9981,0,21,2
2012-02-04 22:00:00,1,0,0,2,9.84,12.88,87,6.0032,0,22,2
2012-02-04 23:00:00,1,0,0,2,9.84,12.12,87,8.9981,0,23,2
2012-02-05 00:00:00,1,0,0,2,9.84,12.12,87,8.9981,0,0,2
2012-02-05 01:00:00,1,0,0,2,9.84,12.88,93,7.0015,0,1,2
2012-02-05 02:00:00,1,0,0,2,9.84,12.88,93,7.0015,0,2,2
2012-02-05 03:00:00,1,0,0,3,9.84,12.88,87,6.0032,0,3,2
2012-02-05 04:00:00,1,0,0,2,9.84,12.12,87,8.9981,0,4,2
2012-02-05 05:00:00,1,0,0,3,10.66,12.88,81,12.998,0,5,2
2012-02-05 06:00:00,1,0,0,2,10.66,12.12,70,16.9979,0,6,2
2012-02-05 07:00:00,1,0,0,2,9.84,12.12,75,11.0014,0,7,2
2012-02-05 08:00:00,1,0,0,2,9.84,12.12,75,11.0014,0,8,2
2012-02-05 09:00:00,1,0,0,2,9.84,11.365,70,15.0013,0,9,2
2012-02-05 10:00:00,1,0,0,2,10.66,12.12,65,19.0012,0,10,2
2012-02-05 11:00:00,1,0,0,2,10.66,12.88,70,12.998,0,11,2
2012-02-05 12:00:00,1,0,0,2,10.66,12.88,65,12.998,0,12,2
2012-02-05 13:00:00,1,0,0,2,11.48,13.635,61,11.0014,0,13,2
2012-02-05 14:00:00,1,0,0,1,12.3,15.15,61,11.0014,0,14,2
2012-02-05 15:00:00,1,0,0,2,12.3,14.395,56,16.9979,0,15,2
2012-02-05 16:00:00,1,0,0,1,12.3,14.395,56,15.0013,0,16,2
2012-02-05 17:00:00,1,0,0,1,13.12,15.91,53,11.0014,0,17,2
2012-02-05 18:00:00,1,0,0,1,12.3,14.395,52,16.9979,0,18,2
2012-02-05 19:00:00,1,0,0,1,12.3,14.395,52,15.0013,0,19,2
2012-02-05 20:00:00,1,0,0,1,11.48,13.635,56,12.998,0,20,2
2012-02-05 21:00:00,1,0,0,1,11.48,14.395,56,7.0015,0,21,2
2012-02-05 22:00:00,1,0,0,1,10.66,13.635,60,7.0015,0,22,2
2012-02-05 23:00:00,1,0,0,1,9.84,12.12,70,8.9981,0,23,2
2012-02-06 00:00:00,1,0,1,1,9.84,12.12,65,8.9981,0,0,2
2012-02-06 01:00:00,1,0,1,1,9.02,12.88,75,6.0032,0,1,2
2012-02-06 02:00:00,1,0,1,1,9.02,13.635,75,8.535612827203847,1,2,2
2012-02-06 04:00:00,1,0,1,1,7.38,10.605,80,7.0015,0,4,2
2012-02-06 05:00:00,1,0,1,1,7.38,10.605,80,7.0015,0,5,2
2012-02-06 06:00:00,1,0,1,1,6.56,9.09,86,7.0015,0,6,2
2012-02-06 07:00:00,1,0,1,1,6.56,9.09,86,7.0015,0,7,2
2012-02-06 08:00:00,1,0,1,1,6.56,9.09,86,8.9981,0,8,2
2012-02-06 09:00:00,1,0,1,1,7.38,10.605,80,7.0015,0,9,2
2012-02-06 10:00:00,1,0,1,1,9.02,12.12,75,7.0015,0,10,2
2012-02-06 11:00:00,1,0,1,1,10.66,13.635,70,8.9981,0,11,2
2012-02-06 12:00:00,1,0,1,1,13.12,15.91,61,11.0014,0,12,2
2012-02-06 13:00:00,1,0,1,1,15.58,19.695,40,15.0013,0,13,2
2012-02-06 14:00:00,1,0,1,1,16.4,20.455,35,11.0014,0,14,2
2012-02-06 15:00:00,1,0,1,1,17.22,21.21,32,19.0012,0,15,2
2012-02-06 16:00:00,1,0,1,1,16.4,20.455,43,16.9979,0,16,2
2012-02-06 17:00:00,1,0,1,1,16.4,20.455,43,16.9979,0,17,2
2012-02-06 18:00:00,1,0,1,1,15.58,19.695,43,15.0013,0,18,2
2012-02-06 19:00:00,1,0,1,1,14.76,16.665,43,16.9979,0,19,2
2012-02-06 20:00:00,1,0,1,1,13.94,16.665,46,11.0014,0,20,2
2012-02-06 21:00:00,1,0,1,1,13.12,15.91,57,11.0014,0,21,2
2012-02-06 22:00:00,1,0,1,1,12.3,15.15,65,8.9981,0,22,2
2012-02-06 23:00:00,1,0,1,1,12.3,15.15,65,8.9981,0,23,2
2012-02-07 00:00:00,1,0,1,1,12.3,14.395,70,12.998,0,0,2
2012-02-07 01:00:00,1,0,1,1,11.48,14.395,61,8.9981,0,1,2
2012-02-07 02:00:00,1,0,1,1,12.3,16.665,61,11.691420651088974,1,2,2
2012-02-07 03:00:00,1,0,1,2,12.3,16.665,70,10.253449499655357,1,3,2
2012-02-07 04:00:00,1,0,1,2,12.3,16.665,70,10.156444106089209,1,4,2
2012-02-07 05:00:00,1,0,1,1,13.12,16.665,49,6.0032,0,5,2
2012-02-07 06:00:00,1,0,1,1,13.12,15.15,45,19.9995,0,6,2
2012-02-07 07:00:00,1,0,1,1,13.12,17.425,45,11.713121256460195,1,7,2
2012-02-07 08:00:00,1,0,1,1,12.3,15.91,49,11.103709734109776,1,8,2
2012-02-07 09:00:00,1,0,1,1,13.12,16.665,49,12.131050712050914,1,9,2
2012-02-07 10:00:00,1,0,1,1,13.94,16.665,46,11.0014,0,10,2
2012-02-07 11:00:00,1,0,1,1,14.76,17.425,46,12.998,0,11,2
2012-02-07 12:00:00,1,0,1,1,16.4,20.455,40,22.0028,0,12,2
2012-02-07 13:00:00,1,0,1,1,18.04,21.97,38,16.9979,0,13,2
2012-02-07 14:00:00,1,0,1,1,18.04,21.97,38,16.9979,0,14,2
2012-02-07 15:00:00,1,0,1,1,18.04,21.97,38,12.998,0,15,2
2012-02-07 16:00:00,1,0,1,1,18.04,21.97,35,16.9979,0,16,2
2012-02-07 17:00:00,1,0,1,1,18.04,21.97,35,12.998,0,17,2
2012-02-07 18:00:00,1,0,1,1,17.22,21.21,38,12.998,0,18,2
2012-02-07 19:00:00,1,0,1,1,15.58,19.695,43,15.0013,0,19,2
2012-02-07 20:00:00,1,0,1,1,14.76,17.425,50,8.9981,0,20,2
2012-02-07 21:00:00,1,0,1,1,13.94,17.425,61,7.0015,0,21,2
2012-02-07 22:00:00,1,0,1,1,13.12,15.91,57,12.998,0,22,2
2012-02-07 23:00:00,1,0,1,1,13.12,16.665,57,8.9981,0,23,2
2012-02-08 00:00:00,1,0,1,1,12.3,14.395,56,15.0013,0,0,2
2012-02-08 01:00:00,1,0,1,1,11.48,13.635,61,11.0014,0,1,2
2012-02-08 02:00:00,1,0,1,1,10.66,15.15,65,9.558872959538684,1,2,2
2012-02-08 03:00:00,1,0,1,1,10.66,15.15,65,9.545370456535956,1,3,2
2012-02-08 04:00:00,1,0,1,1,9.84,12.88,70,6.0032,0,4,2
2012-02-08 05:00:00,1,0,1,1,9.84,12.88,70,6.0032,0,5,2
2012-02-08 06:00:00,1,0,1,2,9.84,14.395,70,8.333065689999996,1,6,2
2012-02-08 07:00:00,1,0,1,2,9.84,12.88,70,7.0015,0,7,2
2012-02-08 08:00:00,1,0,1,2,9.84,11.365,70,15.0013,0,8,2
2012-02-08 09:00:00,1,0,1,2,9.84,12.88,70,11.0014,0,9,2
2012-02-08 10:00:00,1,0,1,2,10.66,12.88,70,15.0013,0,10,2
2012-02-08 11:00:00,1,0,1,2,10.66,12.88,65,15.0013,0,11,2
2012-02-08 12:00:00,1,0,1,2,11.48,12.88,65,19.0012,0,12,2
2012-02-08 13:00:00,1,0,1,2,11.48,14.395,61,7.0015,0,13,2
2012-02-08 14:00:00,1,0,1,2,12.3,15.15,56,11.0014,0,14,2
2012-02-08 15:00:00,1,0,1,3,12.3,15.91,61,7.0015,0,15,2
2012-02-08 16:00:00,1,0,1,3,10.66,13.635,81,7.0015,0,16,2
2012-02-08 17:00:00,1,0,1,3,9.84,12.88,87,7.0015,0,17,2
2012-02-08 18:00:00,1,0,1,3,9.84,12.88,87,7.0015,0,18,2
2012-02-08 19:00:00,1,0,1,3,9.84,12.88,87,7.0015,0,19,2
2012-02-08 20:00:00,1,0,1,3,9.84,12.12,87,8.9981,0,20,2
2012-02-08 21:00:00,1,0,1,3,9.84,11.365,87,12.998,0,21,2
2012-02-08 22:00:00,1,0,1,2,9.84,12.12,87,8.9981,0,22,2
2012-02-08 23:00:00,1,0,1,2,9.84,12.12,87,11.0014,0,23,2
2012-02-09 00:00:00,1,0,1,2,9.84,12.12,87,11.0014,0,0,2
2012-02-09 01:00:00,1,0,1,2,9.84,12.12,87,8.9981,0,1,2
2012-02-09 02:00:00,1,0,1,1,9.02,11.365,80,8.9981,0,2,2
2012-02-09 03:00:00,1,0,1,1,9.02,10.605,80,19.0012,0,3,2
2012-02-09 04:00:00,1,0,1,2,9.02,9.85,75,30.0026,0,4,2
2012-02-09 05:00:00,1,0,1,1,8.2,9.09,75,19.0012,0,5,2
2012-02-09 06:00:00,1,0,1,1,8.2,9.09,75,19.0012,0,6,2
2012-02-09 07:00:00,1,0,1,1,8.2,9.85,69,16.9979,0,7,2
2012-02-09 08:00:00,1,0,1,1,8.2,9.85,64,16.9979,0,8,2
2012-02-09 09:00:00,1,0,1,1,8.2,9.85,59,15.0013,0,9,2
2012-02-09 10:00:00,1,0,1,1,9.02,10.605,51,15.0013,0,10,2
2012-02-09 11:00:00,1,0,1,1,9.84,11.365,52,15.0013,0,11,2
2012-02-09 12:00:00,1,0,1,1,10.66,11.365,48,22.0028,0,12,2
2012-02-09 13:00:00,1,0,1,1,12.3,13.635,42,22.0028,0,13,2
2012-02-09 14:00:00,1,0,1,1,13.12,15.15,39,19.9995,0,14,2
2012-02-09 15:00:00,1,0,1,1,13.12,15.15,36,19.9995,0,15,2
2012-02-09 16:00:00,1,0,1,1,13.94,16.665,36,13.049750708493933,1,16,2
2012-02-09 17:00:00,1,0,1,1,13.94,16.665,34,8.9981,0,17,2
2012-02-09 18:00:00,1,0,1,1,13.94,16.665,31,11.0014,0,18,2
2012-02-09 19:00:00,1,0,1,1,13.12,16.665,33,7.0015,0,19,2
2012-02-09 20:00:00,1,0,1,1,13.12,17.425,36,9.242946715276373,1,20,2
2012-02-09 21:00:00,1,0,1,1,12.3,15.91,52,6.0032,0,21,2
2012-02-09 22:00:00,1,0,1,2,12.3,16.665,56,10.734801019407628,1,22,2
2012-02-09 23:00:00,1,0,1,2,12.3,16.665,52,9.78042524081124,1,23,2
2012-02-10 00:00:00,1,0,1,2,11.48,15.15,65,6.0032,0,0,2
2012-02-10 01:00:00,1,0,1,2,11.48,15.15,61,6.0032,0,1,2
2012-02-10 02:00:00,1,0,1,1,10.66,14.395,52,6.0032,0,2,2
2012-02-10 03:00:00,1,0,1,1,10.66,14.395,56,6.0032,0,3,2
2012-02-10 04:00:00,1,0,1,1,10.66,14.395,56,6.0032,0,4,2
2012-02-10 05:00:00,1,0,1,1,9.84,11.365,52,15.0013,0,5,2
2012-02-10 06:00:00,1,0,1,1,8.2,9.85,59,12.998,0,6,2
2012-02-10 07:00:00,1,0,1,1,8.2,10.605,59,11.0014,0,7,2
2012-02-10 08:00:00,1,0,1,1,8.2,10.605,59,11.0014,0,8,2
2012-02-10 09:00:00,1,0,1,1,9.02,11.365,55,11.0014,0,9,2
2012-02-10 10:00:00,1,0,1,2,10.66,13.635,48,8.9981,0,10,2
2012-02-10 11:00:00,1,0,1,2,11.48,14.395,45,7.0015,0,11,2
2012-02-10 12:00:00,1,0,1,2,12.3,15.15,42,8.9981,0,12,2
2012-02-10 13:00:00,1,0,1,2,12.3,15.91,42,6.0032,0,13,2
2012-02-10 14:00:00,1,0,1,2,13.12,16.665,39,6.0032,0,14,2
2012-02-10 15:00:00,1,0,1,2,13.12,16.665,45,8.9981,0,15,2
2012-02-10 16:00:00,1,0,1,2,13.94,15.91,42,16.9979,0,16,2
2012-02-10 17:00:00,1,0,1,2,13.94,16.665,42,12.998,0,17,2
2012-02-10 18:00:00,1,0,1,3,12.3,15.15,61,8.9981,0,18,2
2012-02-10 19:00:00,1,0,1,2,13.12,17.425,57,14.337113398750288,1,19,2
2012-02-10 20:00:00,1,0,1,2,13.12,17.425,57,12.964613347473176,1,20,2
2012-02-10 21:00:00,1,0,1,2,13.12,16.665,66,6.0032,0,21,2
2012-02-10 22:00:00,1,0,1,2,13.12,17.425,66,11.442023571695001,1,22,2
2012-02-10 23:00:00,1,0,1,2,12.3,15.91,70,6.0032,0,23,2
2012-02-11 00:00:00,1,0,0,2,12.3,15.15,70,8.9981,0,0,2
2012-02-11 01:00:00,1,0,0,3,11.48,14.395,81,8.9981,0,1,2
2012-02-11 02:00:00,1,0,0,3,10.66,12.88,81,12.998,0,2,2
2012-02-11 03:00:00,1,0,0,3,9.84,11.365,87,15.0013,0,3,2
2012-02-11 04:00:00,1,0,0,3,9.84,11.365,87,15.0013,0,4,2
2012-02-11 05:00:00,1,0,0,3,9.02,11.365,93,11.0014,0,5,2
2012-02-11 06:00:00,1,0,0,3,9.02,11.365,93,8.9981,0,6,2
2012-02-11 07:00:00,1,0,0,3,9.02,11.365,93,8.9981,0,7,2
2012-02-11 08:00:00,1,0,0,3,9.02,11.365,93,8.9981,0,8,2
2012-02-11 09:00:00,1,0,0,3,9.02,12.12,93,7.0015,0,9,2
2012-02-11 10:00:00,1,0,0,3,9.02,12.12,93,7.0015,0,10,2
2012-02-11 11:00:00,1,0,0,2,9.84,12.88,81,7.0015,0,11,2
2012-02-11 12:00:00,1,0,0,2,10.66,12.88,81,11.0014,0,12,2
2012-02-11 13:00:00,1,0,0,2,10.66,12.12,81,19.0012,0,13,2
2012-02-11 14:00:00,1,0,0,2,10.66,12.12,81,16.9979,0,14,2
2012-02-11 15:00:00,1,0,0,2,12.3,13.635,61,19.9995,0,15,2
2012-02-11 16:00:00,1,0,0,3,9.02,9.85,75,27.9993,0,16,2
2012-02-11 17:00:00,1,0,0,3,9.02,9.09,69,31.0009,0,17,2
2012-02-11 18:00:00,1,0,0,2,9.02,9.09,47,43.9989,0,18,2
2012-02-11 19:00:00,1,0,0,2,8.2,7.575,40,36.9974,0,19,2
2012-02-11 20:00:00,1,0,0,2,6.56,6.06,43,36.9974,0,20,2
2012-02-11 21:00:00,1,0,0,1,5.74,3.79,43,43.0006,0,21,2
2012-02-11 22:00:00,1,0,0,2,5.74,5.305,39,26.0027,0,22,2
2012-02-11 23:00:00,1,0,0,3,4.92,3.79,50,32.9975,0,23,2
2012-02-12 00:00:00,1,0,0,3,4.1,3.79,68,26.0027,0,0,2
2012-02-12 01:00:00,1,0,0,3,3.28,2.275,79,31.0009,0,1,2
2012-02-12 02:00:00,1,0,0,2,4.1,3.03,58,39.0007,0,2,2
2012-02-12 03:00:00,1,0,0,2,4.1,2.275,46,46.0022,0,3,2
2012-02-12 04:00:00,1,0,0,2,4.1,2.275,46,47.9988,0,4,2
2012-02-12 05:00:00,1,0,0,1,4.1,3.79,49,26.0027,0,5,2
2012-02-12 06:00:00,1,0,0,1,4.1,3.79,49,26.0027,0,6,2
2012-02-12 07:00:00,1,0,0,1,3.28,4.545,53,12.998,0,7,2
2012-02-12 08:00:00,1,0,0,1,3.28,3.79,53,16.9979,0,8,2
2012-02-12 09:00:00,1,0,0,1,4.1,4.545,49,19.9995,0,9,2
2012-02-12 10:00:00,1,0,0,1,4.92,5.305,42,23.9994,0,10,2
2012-02-12 11:00:00,1,0,0,1,4.92,5.305,42,19.9995,0,11,2
2012-02-12 12:00:00,1,0,0,1,5.74,3.79,39,43.0006,0,12,2
2012-02-12 13:00:00,1,0,0,1,6.56,6.06,40,30.0026,0,13,2
2012-02-12 14:00:00,1,0,0,1,6.56,6.06,40,35.0008,0,14,2
2012-02-12 15:00:00,1,0,0,1,6.56,6.06,40,36.9974,0,15,2
2012-02-12 16:00:00,1,0,0,1,8.2,8.335,34,31.0009,0,16,2
2012-02-12 17:00:00,1,0,0,1,7.38,7.575,37,27.9993,0,17,2
2012-02-12 18:00:00,1,0,0,1,6.56,6.06,40,31.0009,0,18,2
2012-02-12 19:00:00,1,0,0,1,6.56,6.82,40,19.0012,0,19,2
2012-02-12 20:00:00,1,0,0,1,5.74,6.06,42,22.0028,0,20,2
2012-02-12 21:00:00,1,0,0,1,5.74,6.06,43,19.9995,0,21,2
2012-02-12 22:00:00,1,0,0,1,5.74,7.575,43,11.0014,0,22,2
2012-02-12 23:00:00,1,0,0,1,5.74,6.82,43,15.0013,0,23,2
2012-02-13 00:00:00,1,0,1,1,5.74,6.82,46,15.0013,0,0,2
2012-02-13 01:00:00,1,0,1,1,4.92,6.06,50,15.0013,0,1,2
2012-02-13 02:00:00,1,0,1,1,5.74,6.82,46,12.998,0,2,2
2012-02-13 03:00:00,1,0,1,1,4.92,7.575,54,7.0015,0,3,2
2012-02-13 04:00:00,1,0,1,1,4.92,8.335,54,6.0032,0,4,2
2012-02-13 05:00:00,1,0,1,1,4.1,6.06,58,8.9981,0,5,2
2012-02-13 06:00:00,1,0,1,1,4.1,5.305,54,15.0013,0,6,2
2012-02-13 07:00:00,1,0,1,1,4.1,5.305,54,12.998,0,7,2
2012-02-13 08:00:00,1,0,1,1,4.1,6.06,54,8.9981,0,8,2
2012-02-13 09:00:00,1,0,1,1,4.92,6.82,50,12.998,0,9,2
2012-02-13 10:00:00,1,0,1,1,5.74,7.575,50,8.9981,0,10,2
2012-02-13 11:00:00,1,0,1,1,9.02,11.365,37,12.998,0,11,2
2012-02-13 12:00:00,1,0,1,1,11.48,12.88,28,22.0028,0,12,2
2012-02-13 13:00:00,1,0,1,1,13.12,15.15,22,15.0013,0,13,2
2012-02-13 14:00:00,1,0,1,1,13.94,17.425,23,7.0015,0,14,2
2012-02-13 15:00:00,1,0,1,1,14.76,17.425,27,8.9981,0,15,2
2012-02-13 16:00:00,1,0,1,1,14.76,17.425,23,12.998,0,16,2
2012-02-13 17:00:00,1,0,1,1,14.76,17.425,23,12.998,0,17,2
2012-02-13 18:00:00,1,0,1,1,13.94,15.91,25,16.9979,0,18,2
2012-02-13 19:00:00,1,0,1,1,13.94,16.665,25,8.9981,0,19,2
2012-02-13 20:00:00,1,0,1,1,12.3,15.15,42,11.0014,0,20,2
2012-02-13 21:00:00,1,0,1,1,11.48,14.395,45,8.9981,0,21,2
2012-02-13 22:00:00,1,0,1,1,10.66,13.635,56,7.0015,0,22,2
2012-02-13 23:00:00,1,0,1,1,11.48,15.91,41,10.660301456413688,1,23,2
2012-02-14 00:00:00,1,0,1,2,10.66,15.15,60,10.757098462143691,1,0,2
2012-02-14 01:00:00,1,0,1,2,10.66,15.15,56,10.257620955830511,1,1,2
2012-02-14 02:00:00,1,0,1,2,11.48,15.91,41,10.912483550994915,1,2,2
2012-02-14 03:00:00,1,0,1,2,10.66,15.15,52,11.123994010079917,1,3,2
2012-02-14 04:00:00,1,0,1,2,10.66,13.635,65,7.0015,0,4,2
2012-02-14 05:00:00,1,0,1,2,10.66,13.635,65,7.0015,0,5,2
2012-02-14 06:00:00,1,0,1,2,10.66,15.15,56,10.808373116256229,1,6,2
2012-02-14 07:00:00,1,0,1,2,9.84,12.88,60,6.0032,0,7,2
2012-02-14 08:00:00,1,0,1,2,9.84,14.395,70,10.166034795060291,1,8,2
2012-02-14 09:00:00,1,0,1,2,10.66,14.395,56,6.0032,0,9,2
2012-02-14 10:00:00,1,0,1,2,10.66,13.635,60,8.9981,0,10,2
2012-02-14 11:00:00,1,0,1,2,12.3,15.15,45,11.0014,0,11,2
2012-02-14 12:00:00,1,0,1,2,12.3,14.395,52,15.0013,0,12,2
2012-02-14 13:00:00,1,0,1,2,14.76,16.665,40,16.9979,0,13,2
2012-02-14 14:00:00,1,0,1,1,16.4,20.455,40,15.0013,0,14,2
2012-02-14 15:00:00,1,0,1,2,17.22,21.21,38,30.0026,0,15,2
2012-02-14 16:00:00,1,0,1,1,17.22,21.21,35,19.9995,0,16,2
2012-02-14 17:00:00,1,0,1,1,17.22,21.21,38,23.9994,0,17,2
2012-02-14 18:00:00,1,0,1,2,15.58,19.695,46,19.9995,0,18,2
2012-02-14 19:00:00,1,0,1,2,14.76,17.425,50,11.0014,0,19,2
2012-02-14 20:00:00,1,0,1,2,15.58,19.695,46,8.9981,0,20,2
2012-02-14 21:00:00,1,0,1,2,14.76,18.18,50,7.0015,0,21,2
2012-02-14 22:00:00,1,0,1,2,14.76,18.18,50,7.0015,0,22,2
2012-02-14 23:00:00,1,0,1,2,14.76,18.18,50,6.0032,0,23,2
2012-02-15 00:00:00,1,0,1,1,13.12,17.425,57,11.922634283735551,1,0,2
2012-02-15 01:00:00,1,0,1,1,13.94,18.18,53,11.645643267315082,1,1,2
2012-02-15 02:00:00,1,0,1,1,12.3,16.665,61,11.691420651088974,1,2,2
2012-02-15 03:00:00,1,0,1,1,11.48,15.91,75,9.451411822869433,1,3,2
2012-02-15 04:00:00,1,0,1,1,11.48,14.395,70,7.0015,0,4,2
2012-02-15 05:00:00,1,0,1,1,11.48,14.395,70,7.0015,0,5,2
2012-02-15 06:00:00,1,0,1,1,12.3,15.15,61,8.9981,0,6,2
2012-02-15 07:00:00,1,0,1,2,12.3,14.395,65,12.998,0,7,2
2012-02-15 08:00:00,1,0,1,1,13.12,14.395,61,23.9994,0,8,2
2012-02-15 09:00:00,1,0,1,1,13.12,15.15,61,22.0028,0,9,2
2012-02-15 10:00:00,1,0,1,1,13.94,15.15,57,19.9995,0,10,2
2012-02-15 11:00:00,1,0,1,1,14.76,16.665,53,19.0012,0,11,2
2012-02-15 12:00:00,1,0,1,1,15.58,19.695,46,26.0027,0,12,2
2012-02-15 13:00:00,1,0,1,1,16.4,20.455,43,19.0012,0,13,2
2012-02-15 14:00:00,1,0,1,1,17.22,21.21,41,23.9994,0,14,2
2012-02-15 15:00:00,1,0,1,1,17.22,21.21,41,15.0013,0,15,2
2012-02-15 16:00:00,1,0,1,1,17.22,21.21,38,12.998,0,16,2
2012-02-15 17:00:00,1,0,1,1,17.22,21.21,38,12.998,0,17,2
2012-02-15 18:00:00,1,0,1,1,16.4,20.455,40,15.0013,0,18,2
2012-02-15 19:00:00,1,0,1,1,15.58,19.695,43,11.0014,0,19,2
2012-02-15 20:00:00,1,0,1,1,14.76,17.425,46,11.0014,0,20,2
2012-02-15 21:00:00,1,0,1,1,13.94,16.665,53,11.0014,0,21,2
2012-02-15 22:00:00,1,0,1,1,13.94,17.425,49,7.0015,0,22,2
2012-02-15 23:00:00,1,0,1,1,13.94,17.425,53,6.0032,0,23,2
2012-02-16 00:00:00,1,0,1,2,12.3,15.15,70,8.9981,0,0,2
2012-02-16 01:00:00,1,0,1,2,12.3,16.665,70,10.417879676755604,1,1,2
2012-02-16 02:00:00,1,0,1,2,12.3,15.91,70,6.0032,0,2,2
2012-02-16 03:00:00,1,0,1,2,12.3,16.665,61,11.57907073502836,1,3,2
2012-02-16 04:00:00,1,0,1,3,12.3,15.91,70,6.0032,0,4,2
2012-02-16 05:00:00,1,0,1,2,12.3,16.665,70,10.141977713524975,1,5,2
2012-02-16 06:00:00,1,0,1,2,12.3,15.91,70,6.0032,0,6,2
2012-02-16 07:00:00,1,0,1,2,12.3,15.15,70,8.9981,0,7,2
2012-02-16 08:00:00,1,0,1,2,12.3,15.91,70,6.0032,0,8,2
2012-02-16 09:00:00,1,0,1,2,12.3,15.15,70,11.0014,0,9,2
2012-02-16 10:00:00,1,0,1,3,13.12,16.665,70,8.9981,0,10,2
2012-02-16 11:00:00,1,0,1,3,13.12,16.665,70,7.0015,0,11,2
2012-02-16 12:00:00,1,0,1,3,13.12,16.665,76,6.0032,0,12,2
2012-02-16 13:00:00,1,0,1,3,13.94,15.91,71,16.9979,0,13,2
2012-02-16 14:00:00,1,0,1,3,13.12,15.91,81,12.998,0,14,2
2012-02-16 15:00:00,1,0,1,3,13.94,18.18,76,12.321172609676147,1,15,2
2012-02-16 16:00:00,1,0,1,3,13.94,18.18,81,12.322227353175437,1,16,2
2012-02-16 17:00:00,1,0,1,3,13.94,18.18,87,12.262036564562282,1,17,2
2012-02-16 18:00:00,1,0,1,3,13.94,16.665,87,8.9981,0,18,2
2012-02-16 19:00:00,1,0,1,2,13.12,15.91,87,11.0014,0,19,2
2012-02-16 20:00:00,1,0,1,2,13.12,16.665,87,8.9981,0,20,2
2012-02-16 21:00:00,1,0,1,2,13.94,17.425,81,7.0015,0,21,2
2012-02-16 22:00:00,1,0,1,2,13.12,17.425,81,12.0145737288654,1,22,2
2012-02-16 23:00:00,1,0,1,1,13.12,16.665,81,6.0032,0,23,2
2012-02-17 00:00:00,1,0,1,2,12.3,16.665,87,10.157876939893251,1,0,2
2012-02-17 01:00:00,1,0,1,2,12.3,16.665,93,10.109057248086067,1,1,2
2012-02-17 02:00:00,1,0,1,2,12.3,15.91,93,7.0015,0,2,2
2012-02-17 03:00:00,1,0,1,2,11.48,14.395,93,7.0015,0,3,2
2012-02-17 04:00:00,1,0,1,2,11.48,13.635,93,12.998,0,4,2
2012-02-17 05:00:00,1,0,1,2,11.48,13.635,93,11.0014,0,5,2
2012-02-17 06:00:00,1,0,1,2,11.48,14.395,96,8.9981,0,6,2
2012-02-17 07:00:00,1,0,1,2,11.48,14.395,93,7.0015,0,7,2
2012-02-17 08:00:00,1,0,1,2,10.66,15.15,100,11.571968055698704,1,8,2
2012-02-17 09:00:00,1,0,1,2,10.66,15.15,100,12.336928500192885,1,9,2
2012-02-17 10:00:00,1,0,1,1,13.94,15.91,71,19.0012,0,10,2
2012-02-17 11:00:00,1,0,1,1,14.76,16.665,62,27.9993,0,11,2
2012-02-17 12:00:00,1,0,1,1,15.58,19.695,46,26.0027,0,12,2
2012-02-17 13:00:00,1,0,1,1,16.4,20.455,43,23.9994,0,13,2
2012-02-17 14:00:00,1,0,1,1,16.4,20.455,37,23.9994,0,14,2
2012-02-17 15:00:00,1,0,1,1,17.22,21.21,35,27.9993,0,15,2
2012-02-17 16:00:00,1,0,1,1,17.22,21.21,32,19.9995,0,16,2
2012-02-17 17:00:00,1,0,1,1,17.22,21.21,32,22.0028,0,17,2
2012-02-17 18:00:00,1,0,1,1,16.4,20.455,35,16.9979,0,18,2
2012-02-17 19:00:00,1,0,1,1,15.58,19.695,37,15.0013,0,19,2
2012-02-17 20:00:00,1,0,1,1,16.4,20.455,35,12.998,0,20,2
2012-02-17 21:00:00,1,0,1,1,15.58,19.695,37,12.998,0,21,2
2012-02-17 22:00:00,1,0,1,1,14.76,17.425,40,15.0013,0,22,2
2012-02-17 23:00:00,1,0,1,1,14.76,17.425,40,12.998,0,23,2
2012-02-18 00:00:00,1,0,0,1,13.94,16.665,42,11.0014,0,0,2
2012-02-18 01:00:00,1,0,0,1,13.12,15.91,49,11.0014,0,1,2
2012-02-18 02:00:00,1,0,0,1,12.3,14.395,61,16.9979,0,2,2
2012-02-18 03:00:00,1,0,0,1,11.48,14.395,65,7.0015,0,3,2
2012-02-18 04:00:00,1,0,0,1,10.66,15.15,70,9.450190629255314,1,4,2
2012-02-18 05:00:00,1,0,0,1,9.84,12.88,70,6.0032,0,5,2
2012-02-18 06:00:00,1,0,0,1,9.84,14.395,70,8.313883037546507,1,6,2
2012-02-18 07:00:00,1,0,0,1,9.84,14.395,70,8.491698148215933,1,7,2
2012-02-18 08:00:00,1,0,0,1,9.02,13.635,87,9.257845432988855,1,8,2
2012-02-18 09:00:00,1,0,0,1,9.02,12.12,80,7.0015,0,9,2
2012-02-18 10:00:00,1,0,0,1,10.66,13.635,81,7.0015,0,10,2
2012-02-18 11:00:00,1,0,0,1,13.12,16.665,57,8.9981,0,11,2
2012-02-18 12:00:00,1,0,0,1,14.76,17.425,43,12.998,0,12,2
2012-02-18 13:00:00,1,0,0,1,16.4,20.455,43,19.0012,0,13,2
2012-02-18 14:00:00,1,0,0,1,18.04,21.97,35,23.9994,0,14,2
2012-02-18 15:00:00,1,0,0,1,17.22,21.21,41,16.9979,0,15,2
2012-02-18 16:00:00,1,0,0,1,18.04,21.97,44,22.0028,0,16,2
2012-02-18 17:00:00,1,0,0,1,19.68,23.485,36,19.0012,0,17,2
2012-02-18 18:00:00,1,0,0,1,18.86,22.725,38,19.9995,0,18,2
2012-02-18 19:00:00,1,0,0,1,18.04,21.97,44,11.0014,0,19,2
2012-02-18 20:00:00,1,0,0,1,18.04,21.97,44,11.0014,0,20,2
2012-02-18 21:00:00,1,0,0,1,18.04,21.97,33,19.9995,0,21,2
2012-02-18 22:00:00,1,0,0,1,16.4,20.455,40,30.0026,0,22,2
2012-02-18 23:00:00,1,0,0,2,14.76,16.665,40,26.0027,0,23,2
2012-02-19 00:00:00,1,0,0,2,13.94,15.15,39,23.9994,0,0,2
2012-02-19 01:00:00,1,0,0,2,13.12,15.15,39,16.9979,0,1,2
2012-02-19 02:00:00,1,0,0,2,12.3,14.395,36,19.0012,0,2,2
2012-02-19 03:00:00,1,0,0,2,12.3,14.395,36,15.0013,0,3,2
2012-02-19 04:00:00,1,0,0,2,11.48,12.88,41,26.0027,0,4,2
2012-02-19 05:00:00,1,0,0,2,10.66,11.365,48,19.9995,0,5,2
2012-02-19 06:00:00,1,0,0,1,9.84,10.605,52,22.0028,0,6,2
2012-02-19 07:00:00,1,0,0,2,9.84,10.605,52,19.0012,0,7,2
2012-02-19 08:00:00,1,0,0,2,9.84,11.365,56,12.998,0,8,2
2012-02-19 09:00:00,1,0,0,2,9.84,11.365,56,16.9979,0,9,2
2012-02-19 10:00:00,1,0,0,2,10.66,12.12,52,16.9979,0,10,2
2012-02-19 11:00:00,1,0,0,2,10.66,11.365,56,22.0028,0,11,2
2012-02-19 12:00:00,1,0,0,2,11.48,13.635,52,16.9979,0,12,2
2012-02-19 13:00:00,1,0,0,1,12.3,15.15,49,11.0014,0,13,2
2012-02-19 14:00:00,1,0,0,2,13.12,15.91,45,12.998,0,14,2
2012-02-19 15:00:00,1,0,0,2,12.3,14.395,49,12.998,0,15,2
2012-02-19 16:00:00,1,0,0,2,13.12,15.15,45,19.0012,0,16,2
2012-02-19 17:00:00,1,0,0,2,12.3,14.395,49,16.9979,0,17,2
2012-02-19 18:00:00,1,0,0,2,12.3,13.635,49,22.0028,0,18,2
2012-02-19 19:00:00,1,0,0,2,12.3,14.395,52,16.9979,0,19,2
2012-02-19 20:00:00,1,0,0,2,12.3,14.395,52,19.0012,0,20,2
2012-02-19 21:00:00,1,0,0,3,10.66,12.88,65,11.0014,0,21,2
2012-02-19 22:00:00,1,0,0,3,9.84,12.88,75,6.0032,0,22,2
2012-02-19 23:00:00,1,0,0,2,9.02,11.365,93,11.0014,0,23,2
2012-03-01 00:00:00,1,0,1,2,17.22,21.21,94,13.501497749770316,1,0,3
2012-03-01 01:00:00,1,0,1,3,18.86,22.725,94,7.0015,0,1,3
2012-03-01 02:00:00,1,0,1,2,18.86,22.725,94,19.0012,0,2,3
2012-03-01 03:00:00,1,0,1,1,18.86,22.725,94,15.0013,0,3,3
2012-03-01 04:00:00,1,0,1,1,19.68,23.485,88,12.998,0,4,3
2012-03-01 05:00:00,1,0,1,1,19.68,23.485,88,11.0014,0,5,3
2012-03-01 06:00:00,1,0,1,2,17.22,21.21,94,13.11737720958016,1,6,3
2012-03-01 07:00:00,1,0,1,2,18.04,21.97,94,8.9981,0,7,3
2012-03-01 08:00:00,1,0,1,1,17.22,21.21,94,8.9981,0,8,3
2012-03-01 09:00:00,1,0,1,1,18.86,22.725,77,16.9979,0,9,3
2012-03-01 10:00:00,1,0,1,1,21.32,25.0,55,11.0014,0,10,3
2012-03-01 11:00:00,1,0,1,1,22.96,26.515,43,12.998,0,11,3
2012-03-01 12:00:00,1,0,1,1,22.96,26.515,37,15.0013,0,12,3
2012-03-01 13:00:00,1,0,1,1,23.78,27.275,32,16.9979,0,13,3
2012-03-01 14:00:00,1,0,1,1,23.78,27.275,35,15.0013,0,14,3
2012-03-01 15:00:00,1,0,1,1,24.6,31.06,31,16.9979,0,15,3
2012-03-01 16:00:00,1,0,1,1,23.78,27.275,32,19.9995,0,16,3
2012-03-01 17:00:00,1,0,1,1,22.96,26.515,35,19.9995,0,17,3
2012-03-01 18:00:00,1,0,1,1,22.14,25.76,34,23.9994,0,18,3
2012-03-01 19:00:00,1,0,1,1,19.68,23.485,41,22.0028,0,19,3
2012-03-01 20:00:00,1,0,1,1,18.04,21.97,44,27.9993,0,20,3
2012-03-01 21:00:00,1,0,1,1,17.22,21.21,47,31.0009,0,21,3
2012-03-01 22:00:00,1,0,1,1,15.58,19.695,50,16.9979,0,22,3
2012-03-01 23:00:00,1,0,1,1,14.76,17.425,50,15.0013,0,23,3
2012-03-02 00:00:00,1,0,1,1,13.94,16.665,53,11.0014,0,0,3
2012-03-02 01:00:00,1,0,1,1,13.94,15.91,49,15.0013,0,1,3
2012-03-02 02:00:00,1,0,1,1,13.94,15.91,53,19.0012,0,2,3
2012-03-02 03:00:00,1,0,1,1,13.12,15.91,57,12.998,0,3,3
2012-03-02 04:00:00,1,0,1,1,13.12,17.425,61,12.274190448702923,1,4,3
2012-03-02 05:00:00,1,0,1,1,12.3,16.665,70,10.251570172676095,1,5,3
2012-03-02 06:00:00,1,0,1,1,12.3,16.665,70,10.306532755047701,1,6,3
2012-03-02 07:00:00,1,0,1,1,12.3,16.665,70,10.399921010461883,1,7,3
2012-03-02 08:00:00,1,0,1,1,11.48,15.15,75,6.0032,0,8,3
2012-03-02 09:00:00,1,0,1,1,12.3,16.665,81,11.524273594637474,1,9,3
2012-03-02 10:00:00,1,0,1,1,14.76,17.425,50,11.0014,0,10,3
2012-03-02 11:00:00,1,0,1,1,15.58,19.695,46,12.998,0,11,3
2012-03-02 12:00:00,1,0,1,1,16.4,20.455,43,11.0014,0,12,3
2012-03-02 13:00:00,1,0,1,1,17.22,21.21,44,15.0013,0,13,3
2012-03-02 14:00:00,1,0,1,2,18.04,21.97,44,19.0012,0,14,3
2012-03-02 15:00:00,1,0,1,2,17.22,21.21,50,19.9995,0,15,3
2012-03-02 16:00:00,1,0,1,3,16.4,20.455,58,19.9995,0,16,3
2012-03-02 17:00:00,1,0,1,3,14.76,17.425,81,15.0013,0,17,3
2012-03-02 18:00:00,1,0,1,3,14.76,17.425,87,12.998,0,18,3
2012-03-02 19:00:00,1,0,1,3,14.76,17.425,87,12.998,0,19,3
2012-03-02 20:00:00,1,0,1,2,14.76,17.425,87,12.998,0,20,3
2012-03-02 21:00:00,1,0,1,3,14.76,18.18,87,6.0032,0,21,3
2012-03-02 22:00:00,1,0,1,2,14.76,18.94,87,13.42535799465713,1,22,3
2012-03-02 23:00:00,1,0,1,2,14.76,18.94,87,13.301932689723643,1,23,3
2012-03-03 00:00:00,1,0,0,3,14.76,18.18,93,6.0032,0,0,3
2012-03-03 01:00:00,1,0,0,3,14.76,18.94,93,11.730663857759877,1,1,3
2012-03-03 02:00:00,1,0,0,3,14.76,18.18,93,6.0032,0,2,3
2012-03-03 03:00:00,1,0,0,2,14.76,17.425,93,11.0014,0,3,3
2012-03-03 04:00:00,1,0,0,2,14.76,17.425,93,12.998,0,4,3
2012-03-03 05:00:00,1,0,0,2,14.76,18.18,93,6.0032,0,5,3
2012-03-03 06:00:00,1,0,0,2,14.76,18.18,93,6.0032,0,6,3
2012-03-03 07:00:00,1,0,0,2,14.76,17.425,93,8.9981,0,7,3
2012-03-03 08:00:00,1,0,0,3,14.76,18.94,93,15.224812025735586,1,8,3
2012-03-03 09:00:00,1,0,0,3,15.58,19.695,87,6.0032,0,9,3
2012-03-03 10:00:00,1,0,0,2,16.4,20.455,87,13.061212212730698,1,10,3
2012-03-03 11:00:00,1,0,0,2,16.4,20.455,87,6.0032,0,11,3
2012-03-03 12:00:00,1,0,0,2,17.22,21.21,67,16.9979,0,12,3
2012-03-03 13:00:00,1,0,0,1,18.04,21.97,51,19.0012,0,13,3
2012-03-03 14:00:00,1,0,0,2,18.86,22.725,44,23.9994,0,14,3
2012-03-03 15:00:00,1,0,0,1,19.68,23.485,29,19.9995,0,15,3
2012-03-03 16:00:00,1,0,0,1,20.5,24.24,27,19.9995,0,16,3
2012-03-03 17:00:00,1,0,0,1,20.5,24.24,23,22.0028,0,17,3
2012-03-03 18:00:00,1,0,0,1,20.5,24.24,25,16.9979,0,18,3
2012-03-03 19:00:00,1,0,0,1,18.86,22.725,33,11.0014,0,19,3
2012-03-03 20:00:00,1,0,0,1,18.04,21.97,30,8.9981,0,20,3
2012-03-03 21:00:00,1,0,0,1,18.86,22.725,19,22.0028,0,21,3
2012-03-03 22:00:00,1,0,0,1,18.04,21.97,21,8.9981,0,22,3
2012-03-03 23:00:00,1,0,0,1,17.22,21.21,24,20.613700830096096,1,23,3
2012-03-04 00:00:00,1,0,0,2,16.4,20.455,30,23.9994,0,0,3
2012-03-04 01:00:00,1,0,0,2,15.58,19.695,34,12.998,0,1,3
2012-03-04 02:00:00,1,0,0,2,14.76,17.425,40,11.0014,0,2,3
2012-03-04 03:00:00,1,0,0,2,14.76,17.425,43,8.9981,0,3,3
2012-03-04 04:00:00,1,0,0,2,13.94,16.665,46,12.998,0,4,3
2012-03-04 05:00:00,1,0,0,2,13.94,15.91,46,15.0013,0,5,3
2012-03-04 06:00:00,1,0,0,2,12.3,13.635,52,19.9995,0,6,3
2012-03-04 07:00:00,1,0,0,2,12.3,13.635,52,19.9995,0,7,3
2012-03-04 08:00:00,1,0,0,1,12.3,13.635,52,22.0028,0,8,3
2012-03-04 09:00:00,1,0,0,1,12.3,13.635,49,30.0026,0,9,3
2012-03-04 10:00:00,1,0,0,1,12.3,13.635,49,22.0028,0,10,3
2012-03-04 11:00:00,1,0,0,1,13.12,14.395,45,26.0027,0,11,3
2012-03-04 12:00:00,1,0,0,1,13.94,15.15,42,23.9994,0,12,3
2012-03-04 13:00:00,1,0,0,1,14.76,16.665,37,23.9994,0,13,3
2012-03-04 14:00:00,1,0,0,1,14.76,16.665,34,23.9994,0,14,3
2012-03-04 15:00:00,1,0,0,1,14.76,15.91,32,35.0008,0,15,3
2012-03-04 16:00:00,1,0,0,1,14.76,15.91,29,32.9975,0,16,3
2012-03-04 17:00:00,1,0,0,1,13.94,14.395,31,36.9974,0,17,3
2012-03-04 18:00:00,1,0,0,1,13.12,13.635,33,40.9973,0,18,3
2012-03-04 19:00:00,1,0,0,1,12.3,12.88,36,32.9975,0,19,3
2012-03-04 20:00:00,1,0,0,1,11.48,13.635,38,16.9979,0,20,3
2012-03-04 21:00:00,1,0,0,1,11.48,13.635,36,15.0013,0,21,3
2012-03-04 22:00:00,1,0,0,1,10.66,12.12,41,16.9979,0,22,3
2012-03-04 23:00:00,1,0,0,1,10.66,12.88,41,12.998,0,23,3
2012-03-05 00:00:00,1,0,1,1,9.84,11.365,44,12.998,0,0,3
2012-03-05 01:00:00,1,0,1,1,9.84,12.12,48,8.9981,0,1,3
2012-03-05 02:00:00,1,0,1,1,9.84,12.12,48,8.9981,0,2,3
2012-03-05 03:00:00,1,0,1,1,9.02,11.365,51,11.0014,0,3,3
2012-03-05 04:00:00,1,0,1,1,8.2,11.365,55,6.0032,0,4,3
2012-03-05 05:00:00,1,0,1,1,8.2,11.365,55,6.0032,0,5,3
2012-03-05 06:00:00,1,0,1,1,7.38,9.85,59,8.9981,0,6,3
2012-03-05 07:00:00,1,0,1,1,7.38,9.85,59,8.9981,0,7,3
2012-03-05 08:00:00,1,0,1,1,8.2,11.365,59,7.0015,0,8,3
2012-03-05 09:00:00,1,0,1,2,9.02,12.88,60,6.0032,0,9,3
2012-03-05 10:00:00,1,0,1,2,9.84,12.88,60,11.626657772166778,1,10,3
2012-03-05 11:00:00,1,0,1,2,10.66,13.635,56,8.9981,0,11,3
2012-03-05 12:00:00,1,0,1,2,10.66,15.15,52,11.47481718126398,1,12,3
2012-03-05 13:00:00,1,0,1,2,10.66,12.88,55,19.9995,0,13,3
2012-03-05 14:00:00,1,0,1,2,11.48,12.88,57,23.9994,0,14,3
2012-03-05 15:00:00,1,0,1,2,12.3,14.395,53,12.998,0,15,3
2012-03-05 16:00:00,1,0,1,1,12.3,13.635,45,19.9995,0,16,3
2012-03-05 17:00:00,1,0,1,3,12.3,13.635,45,19.9995,0,17,3
2012-03-05 18:00:00,1,0,1,3,11.48,11.365,55,43.9989,0,18,3
2012-03-05 19:00:00,1,0,1,1,10.66,12.88,53,15.0013,0,19,3
2012-03-05 20:00:00,1,0,1,1,10.66,11.365,37,31.0009,0,20,3
2012-03-05 21:00:00,1,0,1,1,10.66,11.365,37,26.0027,0,21,3
2012-03-05 22:00:00,1,0,1,1,9.84,10.605,35,22.0028,0,22,3
2012-03-05 23:00:00,1,0,1,1,9.02,9.09,37,39.0007,0,23,3
2012-03-06 00:00:00,1,0,1,1,9.02,10.605,37,19.9995,0,0,3
2012-03-06 01:00:00,1,0,1,1,8.2,9.85,44,16.9979,0,1,3
2012-03-06 02:00:00,1,0,1,1,8.2,9.85,44,15.0013,0,2,3
2012-03-06 03:00:00,1,0,1,1,7.38,8.335,51,19.0012,0,3,3
2012-03-06 04:00:00,1,0,1,1,7.38,8.335,51,19.9995,0,4,3
2012-03-06 05:00:00,1,0,1,1,7.38,9.09,51,15.0013,0,5,3
2012-03-06 06:00:00,1,0,1,1,7.38,10.605,51,7.0015,0,6,3
2012-03-06 07:00:00,1,0,1,1,6.56,9.09,55,8.9981,0,7,3
2012-03-06 08:00:00,1,0,1,1,6.56,9.09,59,7.0015,0,8,3
2012-03-06 09:00:00,1,0,1,1,9.02,13.635,47,10.785707293441545,1,9,3
2012-03-06 10:00:00,1,0,1,1,9.84,12.88,44,11.01551435864441,1,10,3
2012-03-06 11:00:00,1,0,1,1,10.66,12.88,41,11.0014,0,11,3
2012-03-06 12:00:00,1,0,1,1,10.66,13.635,41,7.0015,0,12,3
2012-03-06 13:00:00,1,0,1,1,12.3,15.15,39,8.9981,0,13,3
2012-03-06 14:00:00,1,0,1,1,13.12,15.15,36,15.0013,0,14,3
2012-03-06 15:00:00,1,0,1,1,13.94,15.15,36,19.9995,0,15,3
2012-03-06 16:00:00,1,0,1,1,14.76,16.665,32,19.0012,0,16,3
2012-03-06 17:00:00,1,0,1,1,14.76,16.665,34,19.0012,0,17,3
2012-03-06 18:00:00,1,0,1,1,13.94,15.15,42,22.0028,0,18,3
2012-03-06 19:00:00,1,0,1,1,13.94,15.15,46,19.9995,0,19,3
2012-03-06 20:00:00,1,0,1,1,13.12,15.91,49,12.998,0,20,3
2012-03-06 21:00:00,1,0,1,1,13.12,15.91,49,12.998,0,21,3
2012-03-06 22:00:00,1,0,1,1,11.48,13.635,56,11.0014,0,22,3
2012-03-06 23:00:00,1,0,1,1,11.48,13.635,61,15.0013,0,23,3
2012-03-07 00:00:00,1,0,1,1,11.48,12.88,65,19.0012,0,0,3
2012-03-07 01:00:00,1,0,1,1,12.3,13.635,61,19.9995,0,1,3
2012-03-07 02:00:00,1,0,1,1,12.3,14.395,56,19.0012,0,2,3
2012-03-07 03:00:00,1,0,1,1,12.3,13.635,56,23.9994,0,3,3
2012-03-07 04:00:00,1,0,1,1,11.48,12.88,61,22.0028,0,4,3
2012-03-07 05:00:00,1,0,1,1,11.48,12.88,56,19.9995,0,5,3
2012-03-07 06:00:00,1,0,1,1,11.48,12.88,61,26.0027,0,6,3
2012-03-07 07:00:00,1,0,1,1,10.66,11.365,65,26.0027,0,7,3
2012-03-07 08:00:00,1,0,1,1,11.48,12.88,61,19.9995,0,8,3
2012-03-07 09:00:00,1,0,1,1,12.3,13.635,61,22.0028,0,9,3
2012-03-07 10:00:00,1,0,1,1,14.76,16.665,50,19.9995,0,10,3
2012-03-07 11:00:00,1,0,1,1,17.22,21.21,38,19.9995,0,11,3
2012-03-07 12:00:00,1,0,1,1,18.04,21.97,38,26.0027,0,12,3
2012-03-07 13:00:00,1,0,1,1,20.5,24.24,34,27.9993,0,13,3
2012-03-07 14:00:00,1,0,1,1,21.32,25.0,36,22.0028,0,14,3
2012-03-07 15:00:00,1,0,1,1,22.14,25.76,37,30.0026,0,15,3
2012-03-07 16:00:00,1,0,1,1,22.96,26.515,37,27.9993,0,16,3
2012-03-07 17:00:00,1,0,1,1,22.96,26.515,43,32.9975,0,17,3
2012-03-07 18:00:00,1,0,1,1,22.96,26.515,40,31.0009,0,18,3
2012-03-07 19:00:00,1,0,1,1,22.14,25.76,42,23.9994,0,19,3
2012-03-07 20:00:00,1,0,1,1,20.5,24.24,51,16.9979,0,20,3
2012-03-07 21:00:00,1,0,1,1,18.04,21.97,62,16.9979,0,21,3
2012-03-07 22:00:00,1,0,1,1,18.86,22.725,59,19.9995,0,22,3
2012-03-07 23:00:00,1,0,1,1,18.04,21.97,62,22.0028,0,23,3
2012-03-08 00:00:00,1,0,1,1,18.04,21.97,62,22.0028,0,0,3
2012-03-08 01:00:00,1,0,1,1,18.86,22.725,63,22.0028,0,1,3
2012-03-08 02:00:00,1,0,1,1,18.86,22.725,63,26.0027,0,2,3
2012-03-08 03:00:00,1,0,1,1,18.86,22.725,63,26.0027,0,3,3
2012-03-08 04:00:00,1,0,1,1,18.04,21.97,72,19.0012,0,4,3
2012-03-08 05:00:00,1,0,1,1,17.22,21.21,77,15.0013,0,5,3
2012-03-08 06:00:00,1,0,1,1,17.22,21.21,77,16.9979,0,6,3
2012-03-08 07:00:00,1,0,1,1,17.22,21.21,77,23.9994,0,7,3
2012-03-08 08:00:00,1,0,1,1,18.04,21.97,77,26.0027,0,8,3
2012-03-08 09:00:00,1,0,1,1,18.86,22.725,72,31.0009,0,9,3
2012-03-08 10:00:00,1,0,1,1,20.5,24.24,68,31.0009,0,10,3
2012-03-08 11:00:00,1,0,1,2,22.14,25.76,60,31.0009,0,11,3
2012-03-08 12:00:00,1,0,1,2,22.96,26.515,60,30.0026,0,12,3
2012-03-08 13:00:00,1,0,1,2,24.6,31.06,49,43.0006,0,13,3
2012-03-08 14:00:00,1,0,1,2,25.42,31.06,43,43.0006,0,14,3
2012-03-08 15:00:00,1,0,1,1,26.24,31.06,38,46.0022,0,15,3
2012-03-08 16:00:00,1,0,1,2,25.42,31.06,41,43.0006,0,16,3
2012-03-08 17:00:00,1,0,1,1,25.42,31.06,38,43.9989,0,17,3
2012-03-08 18:00:00,1,0,1,2,25.42,31.06,38,36.9974,0,18,3
2012-03-08 19:00:00,1,0,1,2,24.6,31.06,40,30.0026,0,19,3
2012-03-08 20:00:00,1,0,1,2,24.6,31.06,43,26.0027,0,20,3
2012-03-08 21:00:00,1,0,1,1,24.6,31.06,43,26.0027,0,21,3
2012-03-08 22:00:00,1,0,1,1,22.96,26.515,49,22.0028,0,22,3
2012-03-08 23:00:00,1,0,1,2,22.96,26.515,49,30.0026,0,23,3
2012-03-09 00:00:00,1,0,1,2,23.78,27.275,49,31.0009,0,0,3
2012-03-09 01:00:00,1,0,1,3,22.96,26.515,52,32.9975,0,1,3
2012-03-09 02:00:00,1,0,1,3,19.68,23.485,77,27.9993,0,2,3
2012-03-09 03:00:00,1,0,1,1,18.86,22.725,77,35.0008,0,3,3
2012-03-09 04:00:00,1,0,1,3,16.4,20.455,66,19.0012,0,4,3
2012-03-09 05:00:00,1,0,1,3,16.4,20.455,66,19.0012,0,5,3
2012-03-09 06:00:00,1,0,1,2,16.4,20.455,50,23.9994,0,6,3
2012-03-09 07:00:00,1,0,1,2,15.58,19.695,40,19.9995,0,7,3
2012-03-09 08:00:00,1,0,1,2,13.94,14.395,42,35.0008,0,8,3
2012-03-09 09:00:00,1,0,1,2,13.94,14.395,42,35.0008,0,9,3
2012-03-09 10:00:00,1,0,1,2,13.94,14.395,36,32.9975,0,10,3
2012-03-09 11:00:00,1,0,1,2,14.76,16.665,34,23.9994,0,11,3
2012-03-09 12:00:00,1,0,1,1,14.76,16.665,34,27.9993,0,12,3
2012-03-09 13:00:00,1,0,1,2,15.58,19.695,29,26.0027,0,13,3
2012-03-09 14:00:00,1,0,1,1,17.22,21.21,28,31.0009,0,14,3
2012-03-09 15:00:00,1,0,1,1,18.86,22.725,24,16.9979,0,15,3
2012-03-09 16:00:00,1,0,1,1,19.68,23.485,23,27.9993,0,16,3
2012-03-09 17:00:00,1,0,1,1,18.86,22.725,24,26.0027,0,17,3
2012-03-09 18:00:00,1,0,1,1,18.04,21.97,26,35.0008,0,18,3
2012-03-09 19:00:00,1,0,1,1,17.22,21.21,28,40.9973,0,19,3
2012-03-09 20:00:00,1,0,1,1,15.58,19.695,32,23.9994,0,20,3
2012-03-09 21:00:00,1,0,1,1,14.76,16.665,34,22.0028,0,21,3
2012-03-09 22:00:00,1,0,1,1,13.94,14.395,31,32.9975,0,22,3
2012-03-09 23:00:00,1,0,1,1,13.12,15.15,33,19.9995,0,23,3
2012-03-10 00:00:00,1,0,0,1,12.3,13.635,36,23.9994,0,0,3
2012-03-10 01:00:00,1,0,0,1,12.3,14.395,36,16.9979,0,1,3
2012-03-10 02:00:00,1,0,0,1,10.66,12.12,41,16.9979,0,2,3
2012-03-10 03:00:00,1,0,0,1,10.66,11.365,41,19.9995,0,3,3
2012-03-10 04:00:00,1,0,0,1,9.84,10.605,41,23.9994,0,4,3
2012-03-10 05:00:00,1,0,0,1,9.02,10.605,42,19.0012,0,5,3
2012-03-10 06:00:00,1,0,0,1,9.02,10.605,44,19.0012,0,6,3
2012-03-10 07:00:00,1,0,0,1,9.02,10.605,44,16.9979,0,7,3
2012-03-10 08:00:00,1,0,0,1,9.02,10.605,44,19.9995,0,8,3
2012-03-10 09:00:00,1,0,0,1,9.84,10.605,41,22.0028,0,9,3
2012-03-10 10:00:00,1,0,0,1,10.66,11.365,35,27.9993,0,10,3
2012-03-10 11:00:00,1,0,0,1,12.3,13.635,33,22.0028,0,11,3
2012-03-10 12:00:00,1,0,0,1,12.3,13.635,33,22.0028,0,12,3
2012-03-10 13:00:00,1,0,0,1,13.12,15.15,29,19.0012,0,13,3
2012-03-10 14:00:00,1,0,0,1,13.94,15.91,27,19.0012,0,14,3
2012-03-10 15:00:00,1,0,0,1,13.94,18.18,25,9.0741092018122,1,15,3
2012-03-10 16:00:00,1,0,0,1,14.76,18.18,23,12.67913720216287,1,16,3
2012-03-10 17:00:00,1,0,0,1,14.76,18.94,23,13.35904547589164,1,17,3
2012-03-10 18:00:00,1,0,0,1,14.76,18.18,21,6.0032,0,18,3
2012-03-10 19:00:00,1,0,0,1,13.94,18.18,25,9.102555134035669,1,19,3
2012-03-10 20:00:00,1,0,0,1,13.12,16.665,33,8.9981,0,20,3
2012-03-10 21:00:00,1,0,0,1,12.3,14.395,39,15.0013,0,21,3
2012-03-10 22:00:00,1,0,0,1,10.66,12.88,44,11.0014,0,22,3
2012-03-10 23:00:00,1,0,0,1,10.66,12.88,41,12.998,0,23,3
2012-03-11 00:00:00,1,0,0,1,10.66,14.395,44,6.0032,0,0,3
2012-03-11 01:00:00,1,0,0,1,9.84,12.12,52,11.0014,0,1,3
2012-03-11 03:00:00,1,0,0,1,9.84,12.12,60,8.9981,0,3,3
2012-03-11 04:00:00,1,0,0,1,9.84,12.12,60,8.9981,0,4,3
2012-03-11 05:00:00,1,0,0,1,9.84,12.12,60,11.0014,0,5,3
2012-03-11 06:00:00,1,0,0,1,9.84,12.12,70,11.0014,0,6,3
2012-03-11 07:00:00,1,0,0,1,9.02,11.365,69,8.9981,0,7,3
2012-03-11 08:00:00,1,0,0,1,9.02,11.365,69,8.9981,0,8,3
2012-03-11 09:00:00,1,0,0,1,10.66,12.88,60,15.0013,0,9,3
2012-03-11 10:00:00,1,0,0,1,13.12,15.15,49,19.0012,0,10,3
2012-03-11 11:00:00,1,0,0,1,14.76,16.665,43,19.0012,0,11,3
2012-03-11 12:00:00,1,0,0,1,16.4,20.455,37,19.9995,0,12,3
2012-03-11 13:00:00,1,0,0,1,17.22,21.21,41,19.9995,0,13,3
2012-03-11 14:00:00,1,0,0,1,18.86,22.725,31,19.0012,0,14,3
2012-03-11 15:00:00,1,0,0,1,20.5,24.24,29,19.9995,0,15,3
2012-03-11 16:00:00,1,0,0,1,20.5,24.24,31,23.9994,0,16,3
2012-03-11 17:00:00,1,0,0,1,21.32,25.0,27,19.9995,0,17,3
2012-03-11 18:00:00,1,0,0,1,21.32,25.0,29,19.0012,0,18,3
2012-03-11 19:00:00,1,0,0,1,20.5,24.24,31,19.0012,0,19,3
2012-03-11 20:00:00,1,0,0,1,18.04,21.97,47,15.0013,0,20,3
2012-03-11 21:00:00,1,0,0,1,17.22,21.21,54,15.0013,0,21,3
2012-03-11 22:00:00,1,0,0,1,16.4,20.455,54,12.998,0,22,3
2012-03-11 23:00:00,1,0,0,1,16.4,20.455,50,11.0014,0,23,3
2012-03-12 00:00:00,1,0,1,1,15.58,19.695,54,12.998,0,0,3
2012-03-12 01:00:00,1,0,1,1,15.58,19.695,50,8.9981,0,1,3
2012-03-12 02:00:00,1,0,1,1,15.58,19.695,54,7.0015,0,2,3
2012-03-12 03:00:00,1,0,1,1,14.76,17.425,50,8.9981,0,3,3
2012-03-12 04:00:00,1,0,1,1,13.94,16.665,61,12.998,0,4,3
2012-03-12 05:00:00,1,0,1,1,13.94,16.665,61,12.998,0,5,3
2012-03-12 06:00:00,1,0,1,1,13.94,17.425,57,7.0015,0,6,3
2012-03-12 07:00:00,1,0,1,1,13.94,17.425,53,7.0015,0,7,3
2012-03-12 08:00:00,1,0,1,1,13.94,16.665,61,8.9981,0,8,3
2012-03-12 09:00:00,1,0,1,1,15.58,19.695,54,11.0014,0,9,3
2012-03-12 10:00:00,1,0,1,1,16.4,20.455,50,15.0013,0,10,3
2012-03-12 11:00:00,1,0,1,1,18.04,21.97,44,15.0013,0,11,3
2012-03-12 12:00:00,1,0,1,1,19.68,23.485,39,15.0013,0,12,3
2012-03-12 13:00:00,1,0,1,2,22.14,25.76,32,16.9979,0,13,3
2012-03-12 14:00:00,1,0,1,2,23.78,27.275,32,19.0012,0,14,3
2012-03-12 15:00:00,1,0,1,1,22.96,26.515,40,8.9981,0,15,3
2012-03-12 16:00:00,1,0,1,1,25.42,31.06,35,30.0026,0,16,3
2012-03-12 17:00:00,1,0,1,2,25.42,31.06,38,27.9993,0,17,3
2012-03-12 18:00:00,1,0,1,2,24.6,31.06,43,12.998,0,18,3
2012-03-12 19:00:00,1,0,1,2,22.96,26.515,49,15.0013,0,19,3
2012-03-12 20:00:00,1,0,1,2,22.96,26.515,49,15.0013,0,20,3
2012-03-12 21:00:00,1,0,1,2,22.14,25.76,56,15.0013,0,21,3
2012-03-12 22:00:00,1,0,1,2,22.96,26.515,56,15.0013,0,22,3
2012-03-12 23:00:00,1,0,1,1,22.96,26.515,56,15.0013,0,23,3
2012-03-13 00:00:00,1,0,1,2,22.96,26.515,52,12.998,0,0,3
2012-03-13 01:00:00,1,0,1,2,21.32,25.0,59,15.0013,0,1,3
2012-03-13 02:00:00,1,0,1,3,21.32,25.0,72,19.9995,0,2,3
2012-03-13 03:00:00,1,0,1,3,21.32,25.0,72,19.9995,0,3,3
2012-03-13 04:00:00,1,0,1,2,18.86,22.725,82,12.998,0,4,3
2012-03-13 05:00:00,1,0,1,2,18.86,22.725,82,12.998,0,5,3
2012-03-13 06:00:00,1,0,1,3,18.86,22.725,82,12.998,0,6,3
2012-03-13 07:00:00,1,0,1,2,18.86,22.725,82,19.0012,0,7,3
2012-03-13 08:00:00,1,0,1,1,18.86,22.725,82,19.0012,0,8,3
2012-03-13 09:00:00,1,0,1,1,19.68,23.485,82,19.0012,0,9,3
2012-03-13 10:00:00,1,0,1,1,21.32,25.0,77,15.0013,0,10,3
2012-03-13 11:00:00,1,0,1,1,22.14,25.76,73,19.0012,0,11,3
2012-03-13 12:00:00,1,0,1,1,24.6,30.305,60,19.0012,0,12,3
2012-03-13 13:00:00,1,0,1,1,24.6,30.305,60,26.0027,0,13,3
2012-03-13 14:00:00,1,0,1,1,26.24,31.06,53,22.0028,0,14,3
2012-03-13 15:00:00,1,0,1,1,28.7,31.82,39,15.0013,0,15,3
2012-03-13 16:00:00,1,0,1,1,29.52,32.575,34,26.0027,0,16,3
2012-03-13 17:00:00,1,0,1,1,28.7,31.82,37,7.0015,0,17,3
2012-03-13 18:00:00,1,0,1,1,28.7,31.82,34,19.9995,0,18,3
2012-03-13 19:00:00,1,0,1,1,26.24,31.06,47,15.0013,0,19,3
2012-03-13 20:00:00,1,0,1,1,24.6,31.06,49,11.0014,0,20,3
2012-03-13 21:00:00,1,0,1,1,23.78,27.275,56,7.0015,0,21,3
2012-03-13 22:00:00,1,0,1,1,22.96,26.515,60,6.0032,0,22,3
2012-03-13 23:00:00,1,0,1,1,22.96,26.515,56,8.9981,0,23,3
2012-03-14 00:00:00,1,0,1,1,22.14,25.76,60,7.0015,0,0,3
2012-03-14 01:00:00,1,0,1,1,21.32,25.0,63,6.0032,0,1,3
2012-03-14 02:00:00,1,0,1,1,20.5,24.24,68,12.998,0,2,3
2012-03-14 03:00:00,1,0,1,1,19.68,23.485,72,12.998,0,3,3
2012-03-14 04:00:00,1,0,1,1,19.68,23.485,67,6.0032,0,4,3
2012-03-14 05:00:00,1,0,1,1,18.04,21.97,82,8.9981,0,5,3
2012-03-14 06:00:00,1,0,1,1,18.04,21.97,82,6.0032,0,6,3
2012-03-14 07:00:00,1,0,1,1,18.04,21.97,82,7.0015,0,7,3
2012-03-14 08:00:00,1,0,1,1,18.04,21.97,82,13.072543611271982,1,8,3
2012-03-14 09:00:00,1,0,1,1,21.32,25.0,68,13.8438822383002,1,9,3
2012-03-14 10:00:00,1,0,1,1,22.96,26.515,56,7.0015,0,10,3
2012-03-14 11:00:00,1,0,1,2,25.42,31.06,41,11.0014,0,11,3
2012-03-14 12:00:00,1,0,1,2,26.24,31.06,29,21.507262769943274,1,12,3
2012-03-14 13:00:00,1,0,1,1,27.06,31.06,27,15.0013,0,13,3
2012-03-14 14:00:00,1,0,1,1,28.7,31.82,23,22.0028,0,14,3
2012-03-14 15:00:00,1,0,1,1,28.7,31.82,24,20.40703746417554,1,15,3
2012-03-14 16:00:00,1,0,1,1,29.52,31.82,25,12.998,0,16,3
2012-03-14 17:00:00,1,0,1,1,28.7,31.82,28,6.0032,0,17,3
2012-03-14 18:00:00,1,0,1,1,28.7,31.82,32,19.51073774910551,1,18,3
2012-03-14 19:00:00,1,0,1,1,26.24,31.06,33,11.0014,0,19,3
2012-03-14 20:00:00,1,0,1,1,25.42,31.06,35,7.0015,0,20,3
2012-03-14 21:00:00,1,0,1,1,24.6,31.06,40,6.0032,0,21,3
2012-03-14 22:00:00,1,0,1,1,21.32,25.0,55,8.9981,0,22,3
2012-03-14 23:00:00,1,0,1,1,22.96,26.515,43,11.0014,0,23,3
2012-03-15 00:00:00,1,0,1,1,22.14,25.76,49,8.9981,0,0,3
2012-03-15 01:00:00,1,0,1,1,20.5,24.24,59,7.0015,0,1,3
2012-03-15 02:00:00,1,0,1,1,20.5,24.24,59,12.933227298971135,1,2,3
2012-03-15 03:00:00,1,0,1,1,20.5,24.24,63,13.39611759571646,1,3,3
2012-03-15 04:00:00,1,0,1,1,18.04,21.97,77,7.0015,0,4,3
2012-03-15 05:00:00,1,0,1,1,18.86,22.725,67,12.517947840723997,1,5,3
2012-03-15 06:00:00,1,0,1,1,18.04,21.97,72,6.0032,0,6,3
2012-03-15 07:00:00,1,0,1,1,18.04,21.97,72,6.0032,0,7,3
2012-03-15 08:00:00,1,0,1,1,18.04,21.97,77,7.0015,0,8,3
2012-03-15 09:00:00,1,0,1,1,19.68,23.485,77,6.0032,0,9,3
2012-03-15 10:00:00,1,0,1,1,21.32,25.0,68,7.0015,0,10,3
2012-03-15 11:00:00,1,0,1,1,22.96,26.515,60,8.9981,0,11,3
2012-03-15 12:00:00,1,0,1,2,25.42,31.06,50,8.9981,0,12,3
2012-03-15 13:00:00,1,0,1,2,27.06,31.06,41,6.0032,0,13,3
2012-03-15 14:00:00,1,0,1,2,29.52,32.575,30,7.0015,0,14,3
2012-03-15 15:00:00,1,0,1,1,29.52,32.575,32,15.0013,0,15,3
2012-03-15 16:00:00,1,0,1,1,29.52,32.575,37,26.0027,0,16,3
2012-03-15 17:00:00,1,0,1,1,28.7,31.82,39,16.9979,0,17,3
2012-03-15 18:00:00,1,0,1,1,27.06,31.06,44,19.0012,0,18,3
2012-03-15 19:00:00,1,0,1,2,26.24,31.06,50,12.998,0,19,3
2012-03-15 20:00:00,1,0,1,2,23.78,27.275,60,23.9994,0,20,3
2012-03-15 21:00:00,1,0,1,1,22.14,25.76,68,19.0012,0,21,3
2012-03-15 22:00:00,1,0,1,1,21.32,25.0,68,8.9981,0,22,3
2012-03-15 23:00:00,1,0,1,1,19.68,23.485,72,12.998,0,23,3
2012-03-16 00:00:00,1,0,1,1,18.04,21.97,77,16.9979,0,0,3
2012-03-16 01:00:00,1,0,1,2,17.22,21.21,82,22.0028,0,1,3
2012-03-16 02:00:00,1,0,1,2,17.22,21.21,82,12.998,0,2,3
2012-03-16 03:00:00,1,0,1,2,16.4,20.455,87,19.0012,0,3,3
2012-03-16 04:00:00,1,0,1,2,16.4,20.455,87,16.9979,0,4,3
2012-03-16 05:00:00,1,0,1,2,16.4,20.455,87,15.0013,0,5,3
2012-03-16 06:00:00,1,0,1,2,16.4,20.455,87,11.0014,0,6,3
2012-03-16 07:00:00,1,0,1,2,16.4,20.455,87,12.998,0,7,3
2012-03-16 08:00:00,1,0,1,2,16.4,20.455,87,15.0013,0,8,3
2012-03-16 09:00:00,1,0,1,2,17.22,21.21,82,13.348948967779904,1,9,3
2012-03-16 10:00:00,1,0,1,2,16.4,20.455,87,6.0032,0,10,3
2012-03-16 11:00:00,1,0,1,2,18.04,21.97,77,14.27874316868137,1,11,3
2012-03-16 12:00:00,1,0,1,2,18.04,21.97,82,8.9981,0,12,3
2012-03-16 13:00:00,1,0,1,2,18.86,22.725,77,6.0032,0,13,3
2012-03-16 14:00:00,1,0,1,2,19.68,23.485,72,14.982821205481944,1,14,3
2012-03-16 15:00:00,1,0,1,3,18.86,22.725,82,7.0015,0,15,3
2012-03-16 16:00:00,1,0,1,3,19.68,23.485,77,16.785206403806914,1,16,3
2012-03-16 17:00:00,1,0,1,3,19.68,23.485,82,6.0032,0,17,3
2012-03-16 18:00:00,1,0,1,3,19.68,23.485,82,6.0032,0,18,3
2012-03-16 19:00:00,1,0,1,2,18.86,22.725,88,14.607687134248323,1,19,3
2012-03-16 20:00:00,1,0,1,1,18.86,22.725,88,13.829143378048169,1,20,3
2012-03-16 21:00:00,1,0,1,2,18.04,21.97,94,15.353483586662344,1,21,3
2012-03-16 22:00:00,1,0,1,2,18.04,21.97,94,15.529943929430027,1,22,3
2012-03-16 23:00:00,1,0,1,2,18.04,21.97,94,15.472544435333269,1,23,3
2012-03-17 00:00:00,1,0,0,2,18.04,21.97,94,6.0032,0,0,3
2012-03-17 01:00:00,1,0,0,2,18.04,21.97,94,12.701932720591612,1,1,3
2012-03-17 02:00:00,1,0,0,2,18.04,21.97,88,12.562072111264438,1,2,3
2012-03-17 03:00:00,1,0,0,2,18.04,21.97,88,12.507362257062955,1,3,3
2012-03-17 04:00:00,1,0,0,2,17.22,21.21,94,13.266504894044065,1,4,3
2012-03-17 05:00:00,1,0,0,2,17.22,21.21,94,6.0032,0,5,3
2012-03-17 06:00:00,1,0,0,2,17.22,21.21,94,12.998,0,6,3
2012-03-17 07:00:00,1,0,0,2,16.4,20.455,100,8.9981,0,7,3
2012-03-17 08:00:00,1,0,0,2,17.22,21.21,94,7.0015,0,8,3
2012-03-17 09:00:00,1,0,0,2,18.04,21.97,88,6.0032,0,9,3
2012-03-17 10:00:00,1,0,0,2,20.5,24.24,77,6.0032,0,10,3
2012-03-17 11:00:00,1,0,0,2,21.32,25.0,77,8.9981,0,11,3
2012-03-17 12:00:00,1,0,0,1,22.96,26.515,68,11.0014,0,12,3
2012-03-17 13:00:00,1,0,0,1,24.6,30.305,60,7.0015,0,13,3
2012-03-17 14:00:00,1,0,0,1,25.42,31.06,53,6.0032,0,14,3
2012-03-17 15:00:00,1,0,0,1,26.24,31.06,53,8.9981,0,15,3
2012-03-17 16:00:00,1,0,0,1,26.24,31.06,50,17.322044478943386,1,16,3
2012-03-17 17:00:00,1,0,0,1,26.24,31.06,50,8.9981,0,17,3
2012-03-17 18:00:00,1,0,0,1,25.42,31.06,57,19.9995,0,18,3
2012-03-17 19:00:00,1,0,0,1,23.78,27.275,64,19.0012,0,19,3
2012-03-17 20:00:00,1,0,0,1,22.96,26.515,64,12.998,0,20,3
2012-03-17 21:00:00,1,0,0,1,22.14,25.76,68,11.0014,0,21,3
2012-03-17 22:00:00,1,0,0,1,22.14,25.76,68,12.451763980796347,1,22,3
2012-03-17 23:00:00,1,0,0,1,20.5,24.24,77,11.0014,0,23,3
2012-03-18 00:00:00,1,0,0,1,18.86,22.725,88,12.998,0,0,3
2012-03-18 01:00:00,1,0,0,1,18.86,22.725,82,8.9981,0,1,3
2012-03-18 02:00:00,1,0,0,2,18.86,22.725,82,7.0015,0,2,3
2012-03-18 03:00:00,1,0,0,2,18.04,21.97,88,8.9981,0,3,3
2012-03-18 04:00:00,1,0,0,2,17.22,21.21,94,11.0014,0,4,3
2012-03-18 05:00:00,1,0,0,2,16.4,20.455,94,7.0015,0,5,3
2012-03-18 06:00:00,1,0,0,2,16.4,20.455,94,7.0015,0,6,3
2012-03-18 07:00:00,1,0,0,3,17.22,21.21,88,11.0014,0,7,3
2012-03-18 08:00:00,1,0,0,2,17.22,21.21,88,7.0015,0,8,3
2012-03-18 09:00:00,1,0,0,2,17.22,21.21,88,6.0032,0,9,3
2012-03-18 10:00:00,1,0,0,2,17.22,21.21,88,7.0015,0,10,3
2012-03-18 11:00:00,1,0,0,2,18.04,21.97,82,11.0014,0,11,3
2012-03-18 12:00:00,1,0,0,2,18.04,21.97,88,8.9981,0,12,3
2012-03-18 13:00:00,1,0,0,2,18.86,22.725,82,11.0014,0,13,3
2012-03-18 14:00:00,1,0,0,2,20.5,24.24,77,6.0032,0,14,3
2012-03-18 15:00:00,1,0,0,1,22.14,25.76,68,6.0032,0,15,3
2012-03-18 16:00:00,1,0,0,1,22.14,25.76,73,6.0032,0,16,3
2012-03-18 17:00:00,1,0,0,1,22.96,26.515,64,6.0032,0,17,3
2012-03-18 18:00:00,1,0,0,1,22.96,26.515,64,11.0014,0,18,3
2012-03-18 19:00:00,1,0,0,1,22.96,26.515,64,11.0014,0,19,3
2012-03-18 20:00:00,1,0,0,1,21.32,25.0,77,8.9981,0,20,3
2012-03-18 21:00:00,1,0,0,1,21.32,25.0,72,6.0032,0,21,3
2012-03-18 22:00:00,1,0,0,1,20.5,24.24,77,7.0015,0,22,3
2012-03-18 23:00:00,1,0,0,1,19.68,23.485,82,11.0014,0,23,3
2012-03-19 00:00:00,1,0,1,1,19.68,23.485,82,7.0015,0,0,3
2012-03-19 01:00:00,1,0,1,1,18.86,22.725,88,7.0015,0,1,3
2012-03-19 02:00:00,1,0,1,1,18.86,22.725,88,11.0014,0,2,3
2012-03-19 03:00:00,1,0,1,1,18.86,22.725,88,6.0032,0,3,3
2012-03-19 04:00:00,1,0,1,1,18.04,21.97,94,12.101337998137842,1,4,3
2012-03-19 05:00:00,1,0,1,1,18.04,21.97,94,12.045208877724718,1,5,3
2012-03-19 06:00:00,1,0,1,1,18.86,22.725,88,8.9981,0,6,3
2012-03-19 07:00:00,1,0,1,1,18.86,22.725,88,12.998,0,7,3
2012-03-19 08:00:00,1,0,1,1,18.86,22.725,88,7.0015,0,8,3
2012-03-19 09:00:00,1,0,1,1,20.5,24.24,72,11.0014,0,9,3
2012-03-19 10:00:00,1,0,1,1,21.32,25.0,72,8.9981,0,10,3
2012-03-19 11:00:00,1,0,1,1,22.96,26.515,68,11.0014,0,11,3
2012-03-19 12:00:00,1,0,1,1,24.6,30.305,64,16.9979,0,12,3
2012-03-19 13:00:00,1,0,1,1,25.42,30.305,61,16.9979,0,13,3
2012-03-19 14:00:00,1,0,1,2,26.24,31.06,57,12.998,0,14,3
2012-03-19 15:00:00,1,0,1,1,26.24,31.06,57,15.0013,0,15,3
2012-03-19 16:00:00,1,0,1,1,27.06,31.06,50,15.0013,0,16,3
2012-03-19 17:00:00,1,0,1,1,26.24,31.06,53,15.0013,0,17,3
2012-03-19 18:00:00,1,0,1,1,26.24,31.06,57,16.9979,0,18,3
2012-03-19 19:00:00,1,0,1,1,25.42,30.305,61,15.0013,0,19,3
2012-03-19 20:00:00,1,0,1,1,24.6,30.305,64,15.0013,0,20,3
2012-03-19 21:00:00,1,0,1,1,24.6,30.305,64,11.0014,0,21,3
2012-03-19 22:00:00,1,0,1,2,22.96,26.515,73,11.0014,0,22,3
2012-03-19 23:00:00,1,0,1,2,22.96,26.515,78,8.9981,0,23,3
2012-04-01 00:00:00,2,0,0,2,14.76,16.665,76,16.9979,0,0,4
2012-04-01 01:00:00,2,0,0,2,14.76,17.425,76,11.0014,0,1,4
2012-04-01 02:00:00,2,0,0,2,14.76,17.425,76,11.0014,0,2,4
2012-04-01 03:00:00,2,0,0,2,13.94,16.665,81,8.9981,0,3,4
2012-04-01 04:00:00,2,0,0,2,13.94,17.425,81,6.0032,0,4,4
2012-04-01 05:00:00,2,0,0,2,13.94,17.425,81,6.0032,0,5,4
2012-04-01 06:00:00,2,0,0,2,14.76,17.425,76,8.9981,0,6,4
2012-04-01 07:00:00,2,0,0,2,14.76,17.425,71,8.9981,0,7,4
2012-04-01 08:00:00,2,0,0,2,14.76,18.18,76,6.0032,0,8,4
2012-04-01 09:00:00,2,0,0,2,14.76,17.425,81,8.9981,0,9,4
2012-04-01 10:00:00,2,0,0,2,16.4,20.455,71,7.0015,0,10,4
2012-04-01 11:00:00,2,0,0,2,16.4,20.455,71,12.998,0,11,4
2012-04-01 12:00:00,2,0,0,2,17.22,21.21,67,15.0013,0,12,4
2012-04-01 13:00:00,2,0,0,2,18.04,21.97,62,12.998,0,13,4
2012-04-01 14:00:00,2,0,0,2,19.68,23.485,55,15.0013,0,14,4
2012-04-01 15:00:00,2,0,0,1,20.5,24.24,55,16.9979,0,15,4
2012-04-01 16:00:00,2,0,0,1,21.32,25.0,52,16.9979,0,16,4
2012-04-01 17:00:00,2,0,0,1,21.32,25.0,55,19.0012,0,17,4
2012-04-01 18:00:00,2,0,0,1,21.32,25.0,52,19.9995,0,18,4
2012-04-01 19:00:00,2,0,0,1,21.32,25.0,55,15.0013,0,19,4
2012-04-01 20:00:00,2,0,0,2,20.5,24.24,59,15.0013,0,20,4
2012-04-01 21:00:00,2,0,0,2,20.5,24.24,59,11.0014,0,21,4
2012-04-01 22:00:00,2,0,0,3,20.5,24.24,63,7.0015,0,22,4
2012-04-01 23:00:00,2,0,0,3,18.86,22.725,72,15.11559368513385,1,23,4
2012-04-02 00:00:00,2,0,1,3,18.04,21.97,82,7.0015,0,0,4
2012-04-02 01:00:00,2,0,1,3,17.22,21.21,88,6.0032,0,1,4
2012-04-02 02:00:00,2,0,1,3,18.04,21.97,94,8.9981,0,2,4
2012-04-02 04:00:00,2,0,1,1,16.4,20.455,76,32.9975,0,4,4
2012-04-02 05:00:00,2,0,1,1,16.4,20.455,76,32.9975,0,5,4
2012-04-02 06:00:00,2,0,1,1,14.76,15.91,71,31.0009,0,6,4
2012-04-02 07:00:00,2,0,1,1,13.94,15.15,66,26.0027,0,7,4
2012-04-02 08:00:00,2,0,1,1,14.76,16.665,57,22.0028,0,8,4
2012-04-02 09:00:00,2,0,1,1,15.58,19.695,54,23.9994,0,9,4
2012-04-02 10:00:00,2,0,1,1,16.4,20.455,50,35.0008,0,10,4
2012-04-02 11:00:00,2,0,1,1,17.22,21.21,47,30.0026,0,11,4
2012-04-02 12:00:00,2,0,1,1,18.04,21.97,44,30.0026,0,12,4
2012-04-02 13:00:00,2,0,1,1,18.86,22.725,36,19.9995,0,13,4
2012-04-02 14:00:00,2,0,1,1,18.86,22.725,31,27.9993,0,14,4
2012-04-02 15:00:00,2,0,1,1,19.68,23.485,33,27.9993,0,15,4
2012-04-02 16:00:00,2,0,1,1,20.5,24.24,34,22.0028,0,16,4
2012-04-02 17:00:00,2,0,1,1,20.5,24.24,29,19.0012,0,17,4
2012-04-02 18:00:00,2,0,1,1,20.5,24.24,27,16.9979,0,18,4
2012-04-02 19:00:00,2,0,1,1,20.5,24.24,27,16.9979,0,19,4
2012-04-02 20:00:00,2,0,1,1,18.86,22.725,31,11.0014,0,20,4
2012-04-02 21:00:00,2,0,1,1,18.86,22.725,28,8.9981,0,21,4
2012-04-02 22:00:00,2,0,1,1,17.22,21.21,44,12.998,0,22,4
2012-04-02 23:00:00,2,0,1,1,18.04,21.97,35,11.0014,0,23,4
2012-04-03 00:00:00,2,0,1,1,16.4,20.455,43,8.9981,0,0,4
2012-04-03 01:00:00,2,0,1,1,15.58,19.695,46,15.0013,0,1,4
2012-04-03 02:00:00,2,0,1,1,14.76,17.425,53,11.0014,0,2,4
2012-04-03 03:00:00,2,0,1,1,15.58,19.695,46,17.52719621917133,1,3,4
2012-04-03 04:00:00,2,0,1,1,13.12,16.665,66,6.0032,0,4,4
2012-04-03 05:00:00,2,0,1,1,13.12,16.665,66,6.0032,0,5,4
2012-04-03 06:00:00,2,0,1,1,12.3,15.91,61,6.0032,0,6,4
2012-04-03 07:00:00,2,0,1,1,13.12,16.665,66,6.0032,0,7,4
2012-04-03 08:00:00,2,0,1,1,13.94,18.18,57,13.653634885520665,1,8,4
2012-04-03 09:00:00,2,0,1,1,17.22,21.21,38,6.0032,0,9,4
2012-04-03 10:00:00,2,0,1,1,18.04,21.97,33,19.446042971203585,1,10,4
2012-04-03 11:00:00,2,0,1,1,19.68,23.485,23,21.91806428597256,1,11,4
2012-04-03 12:00:00,2,0,1,1,21.32,25.0,25,21.640142101632932,1,12,4
2012-04-03 13:00:00,2,0,1,1,22.96,26.515,19,16.9979,0,13,4
2012-04-03 14:00:00,2,0,1,1,22.96,26.515,21,15.0013,0,14,4
2012-04-03 15:00:00,2,0,1,1,24.6,29.545,20,12.998,0,15,4
2012-04-03 16:00:00,2,0,1,1,25.42,30.305,21,11.0014,0,16,4
2012-04-03 17:00:00,2,0,1,1,25.42,30.305,17,12.998,0,17,4
2012-04-03 18:00:00,2,0,1,1,24.6,30.305,26,11.0014,0,18,4
2012-04-03 19:00:00,2,0,1,1,22.96,26.515,26,7.0015,0,19,4
2012-04-03 20:00:00,2,0,1,1,22.96,26.515,24,8.9981,0,20,4
2012-04-03 21:00:00,2,0,1,1,22.14,25.76,45,15.052321236888083,1,21,4
2012-04-03 22:00:00,2,0,1,1,20.5,24.24,51,14.700085271293604,1,22,4
2012-04-03 23:00:00,2,0,1,1,20.5,24.24,59,12.424439115928886,1,23,4
2012-04-04 00:00:00,2,0,1,1,19.68,23.485,48,15.051235361199035,1,0,4
2012-04-04 01:00:00,2,0,1,1,18.86,22.725,59,13.030934680469246,1,1,4
2012-04-04 02:00:00,2,0,1,1,18.86,22.725,51,15.881467117204114,1,2,4
2012-04-04 03:00:00,2,0,1,1,18.04,21.97,58,6.0032,0,3,4
2012-04-04 04:00:00,2,0,1,1,17.22,21.21,67,6.0032,0,4,4
2012-04-04 05:00:00,2,0,1,1,17.22,21.21,67,6.0032,0,5,4
2012-04-04 06:00:00,2,0,1,2,17.22,21.21,58,15.375514896609321,1,6,4
2012-04-04 07:00:00,2,0,1,2,18.04,21.97,62,13.917887647257718,1,7,4
2012-04-04 08:00:00,2,0,1,2,18.04,21.97,72,7.0015,0,8,4
2012-04-04 09:00:00,2,0,1,2,19.68,23.485,55,8.9981,0,9,4
2012-04-04 10:00:00,2,0,1,2,22.14,25.76,45,8.9981,0,10,4
2012-04-04 11:00:00,2,0,1,2,24.6,31.06,43,23.9994,0,11,4
2012-04-04 12:00:00,2,0,1,2,24.6,31.06,46,27.9993,0,12,4
2012-04-04 13:00:00,2,0,1,2,24.6,31.06,46,16.9979,0,13,4
2012-04-04 14:00:00,2,0,1,2,25.42,31.06,46,12.998,0,14,4
2012-04-04 15:00:00,2,0,1,2,26.24,31.06,44,19.0012,0,15,4
2012-04-04 16:00:00,2,0,1,2,26.24,31.06,44,19.0012,0,16,4
2012-04-04 17:00:00,2,0,1,1,27.06,31.06,41,19.9995,0,17,4
2012-04-04 18:00:00,2,0,1,1,27.06,31.06,41,16.9979,0,18,4
2012-04-04 19:00:00,2,0,1,1,27.06,31.06,39,15.0013,0,19,4
2012-04-04 20:00:00,2,0,1,1,26.24,31.06,27,15.0013,0,20,4
2012-04-04 21:00:00,2,0,1,1,24.6,30.305,23,22.0028,0,21,4
2012-04-04 22:00:00,2,0,1,1,22.96,26.515,22,11.0014,0,22,4
2012-04-04 23:00:00,2,0,1,1,21.32,25.0,23,27.9993,0,23,4
2012-04-05 00:00:00,2,0,1,1,21.32,25.0,23,27.9993,0,0,4
2012-04-05 01:00:00,2,0,1,1,19.68,23.485,27,22.0028,0,1,4
2012-04-05 02:00:00,2,0,1,1,18.86,22.725,33,30.0026,0,2,4
2012-04-05 03:00:00,2,0,1,1,17.22,21.21,41,19.9995,0,3,4
2012-04-05 04:00:00,2,0,1,1,15.58,19.695,43,19.0012,0,4,4
2012-04-05 05:00:00,2,0,1,1,15.58,19.695,43,19.0012,0,5,4
2012-04-05 06:00:00,2,0,1,1,14.76,16.665,46,22.0028,0,6,4
2012-04-05 07:00:00,2,0,1,1,13.94,16.665,49,12.998,0,7,4
2012-04-05 08:00:00,2,0,1,1,14.76,17.425,46,15.0013,0,8,4
2012-04-05 09:00:00,2,0,1,1,16.4,20.455,37,16.9979,0,9,4
2012-04-05 10:00:00,2,0,1,1,17.22,21.21,35,19.0012,0,10,4
2012-04-05 11:00:00,2,0,1,2,17.22,21.21,38,15.0013,0,11,4
2012-04-05 12:00:00,2,0,1,1,18.04,21.97,33,19.650860013536615,1,12,4
2012-04-05 13:00:00,2,0,1,1,18.86,22.725,31,20.937065458326327,1,13,4
2012-04-05 14:00:00,2,0,1,1,18.86,22.725,33,11.0014,0,14,4
2012-04-05 15:00:00,2,0,1,1,20.5,24.24,31,7.0015,0,15,4
2012-04-05 16:00:00,2,0,1,1,20.5,24.24,31,12.998,0,16,4
2012-04-05 17:00:00,2,0,1,1,20.5,24.24,31,11.0014,0,17,4
2012-04-05 18:00:00,2,0,1,1,20.5,24.24,31,7.0015,0,18,4
2012-04-05 19:00:00,2,0,1,1,19.68,23.485,31,16.9979,0,19,4
2012-04-05 20:00:00,2,0,1,1,18.04,21.97,41,12.998,0,20,4
2012-04-05 21:00:00,2,0,1,1,17.22,21.21,47,12.998,0,21,4
2012-04-05 22:00:00,2,0,1,1,16.4,20.455,47,12.998,0,22,4
2012-04-05 23:00:00,2,0,1,1,16.4,20.455,50,8.9981,0,23,4
2012-04-06 00:00:00,2,0,1,1,16.4,20.455,43,16.57755379585436,1,0,4
2012-04-06 01:00:00,2,0,1,1,14.76,17.425,62,8.9981,0,1,4
2012-04-06 02:00:00,2,0,1,1,14.76,16.665,50,26.0027,0,2,4
2012-04-06 03:00:00,2,0,1,1,13.94,15.15,53,22.0028,0,3,4
2012-04-06 04:00:00,2,0,1,1,13.94,15.91,49,16.9979,0,4,4
2012-04-06 05:00:00,2,0,1,1,13.12,15.15,53,22.0028,0,5,4
2012-04-06 06:00:00,2,0,1,1,12.3,13.635,49,26.0027,0,6,4
2012-04-06 07:00:00,2,0,1,1,12.3,14.395,49,19.0012,0,7,4
2012-04-06 08:00:00,2,0,1,1,12.3,13.635,49,22.0028,0,8,4
2012-04-06 09:00:00,2,0,1,1,13.94,15.15,42,22.0028,0,9,4
2012-04-06 10:00:00,2,0,1,1,14.76,16.665,40,22.0028,0,10,4
2012-04-06 11:00:00,2,0,1,1,16.4,20.455,37,19.9995,0,11,4
2012-04-06 12:00:00,2,0,1,1,17.22,21.21,35,19.9995,0,12,4
2012-04-06 13:00:00,2,0,1,1,18.04,21.97,33,22.0028,0,13,4
2012-04-06 14:00:00,2,0,1,1,19.68,23.485,29,26.0027,0,14,4
2012-04-06 15:00:00,2,0,1,1,20.5,24.24,27,19.0012,0,15,4
2012-04-06 16:00:00,2,0,1,1,20.5,24.24,22,27.9993,0,16,4
2012-04-06 17:00:00,2,0,1,1,21.32,25.0,23,27.9993,0,17,4
2012-04-06 18:00:00,2,0,1,1,20.5,24.24,22,31.0009,0,18,4
2012-04-06 19:00:00,2,0,1,1,19.68,23.485,23,19.9995,0,19,4
2012-04-06 20:00:00,2,0,1,1,18.86,22.725,24,19.0012,0,20,4
2012-04-06 21:00:00,2,0,1,1,18.04,21.97,26,8.9981,0,21,4
2012-04-06 22:00:00,2,0,1,1,16.4,20.455,35,15.0013,0,22,4
2012-04-06 23:00:00,2,0,1,1,17.22,21.21,30,19.0012,0,23,4
2012-04-07 00:00:00,2,0,0,1,17.22,21.21,26,19.9995,0,0,4
2012-04-07 01:00:00,2,0,0,1,16.4,20.455,28,16.9979,0,1,4
2012-04-07 02:00:00,2,0,0,1,14.76,16.665,29,23.9994,0,2,4
2012-04-07 03:00:00,2,0,0,1,14.76,16.665,32,16.9979,0,3,4
2012-04-07 04:00:00,2,0,0,1,13.12,15.91,36,11.0014,0,4,4
2012-04-07 05:00:00,2,0,0,1,13.12,15.91,33,11.0014,0,5,4
2012-04-07 06:00:00,2,0,0,1,13.12,15.91,36,12.998,0,6,4
2012-04-07 07:00:00,2,0,0,1,13.12,15.15,33,19.0012,0,7,4
2012-04-07 08:00:00,2,0,0,1,13.94,15.91,34,16.9979,0,8,4
2012-04-07 09:00:00,2,0,0,1,16.4,20.455,30,16.9979,0,9,4
2012-04-07 10:00:00,2,0,0,1,17.22,21.21,28,16.9979,0,10,4
2012-04-07 11:00:00,2,0,0,1,18.04,21.97,24,19.9995,0,11,4
2012-04-07 12:00:00,2,0,0,1,18.86,22.725,23,26.0027,0,12,4
2012-04-07 13:00:00,2,0,0,1,20.5,24.24,22,12.998,0,13,4
2012-04-07 14:00:00,2,0,0,1,20.5,24.24,22,19.9995,0,14,4
2012-04-07 15:00:00,2,0,0,1,21.32,25.0,19,27.9993,0,15,4
2012-04-07 16:00:00,2,0,0,1,22.14,25.76,19,26.0027,0,16,4
2012-04-07 17:00:00,2,0,0,1,22.14,25.76,19,27.9993,0,17,4
2012-04-07 18:00:00,2,0,0,1,22.14,25.76,18,19.9995,0,18,4
2012-04-07 19:00:00,2,0,0,1,22.14,25.76,16,22.0028,0,19,4
2012-04-07 20:00:00,2,0,0,1,20.5,24.24,20,15.0013,0,20,4
2012-04-07 21:00:00,2,0,0,1,20.5,24.24,20,12.998,0,21,4
2012-04-07 22:00:00,2,0,0,1,19.68,23.485,20,12.998,0,22,4
2012-04-07 23:00:00,2,0,0,1,18.86,22.725,23,15.0013,0,23,4
2012-04-08 00:00:00,2,0,0,1,18.04,21.97,24,15.0013,0,0,4
2012-04-08 01:00:00,2,0,0,1,18.04,21.97,24,15.0013,0,1,4
2012-04-08 02:00:00,2,0,0,1,18.04,21.97,24,15.0013,0,2,4
2012-04-08 03:00:00,2,0,0,1,17.22,21.21,26,8.9981,0,3,4
2012-04-08 04:00:00,2,0,0,1,16.4,20.455,40,18.19061778918193,1,4,4
2012-04-08 05:00:00,2,0,0,1,15.58,19.695,46,17.93079529927087,1,5,4
2012-04-08 06:00:00,2,0,0,1,14.76,18.94,37,15.569582951988435,1,6,4
2012-04-08 07:00:00,2,0,0,1,15.58,19.695,27,11.0014,0,7,4
2012-04-08 08:00:00,2,0,0,1,16.4,20.455,30,12.998,0,8,4
2012-04-08 09:00:00,2,0,0,1,18.04,21.97,26,15.0013,0,9,4
2012-04-08 10:00:00,2,0,0,1,20.5,24.24,25,15.0013,0,10,4
2012-04-08 11:00:00,2,0,0,1,20.5,24.24,25,19.0012,0,11,4
2012-04-08 12:00:00,2,0,0,1,22.14,25.76,24,16.9979,0,12,4
2012-04-08 13:00:00,2,0,0,1,23.78,27.275,23,11.0014,0,13,4
2012-04-08 14:00:00,2,0,0,1,24.6,29.545,18,30.0026,0,14,4
2012-04-08 15:00:00,2,0,0,1,25.42,30.305,17,23.9994,0,15,4
2012-04-08 16:00:00,2,0,0,1,26.24,30.305,19,22.0028,0,16,4
2012-04-08 17:00:00,2,0,0,1,25.42,30.305,22,19.9995,0,17,4
2012-04-08 18:00:00,2,0,0,1,25.42,30.305,25,22.0028,0,18,4
2012-04-08 19:00:00,2,0,0,1,24.6,30.305,23,26.0027,0,19,4
2012-04-08 20:00:00,2,0,0,1,22.96,26.515,28,27.9993,0,20,4
2012-04-08 21:00:00,2,0,0,1,21.32,25.0,34,15.0013,0,21,4
2012-04-08 22:00:00,2,0,0,1,20.5,24.24,36,15.0013,0,22,4
2012-04-08 23:00:00,2,0,0,1,20.5,24.24,39,16.9979,0,23,4
2012-04-09 00:00:00,2,0,1,1,19.68,23.485,39,19.0012,0,0,4
2012-04-09 01:00:00,2,0,1,1,18.86,22.725,41,8.9981,0,1,4
2012-04-09 02:00:00,2,0,1,1,18.86,22.725,31,12.998,0,2,4
2012-04-09 03:00:00,2,0,1,1,18.04,21.97,30,11.0014,0,3,4
2012-04-09 04:00:00,2,0,1,1,18.04,21.97,24,12.998,0,4,4
2012-04-09 05:00:00,2,0,1,1,18.04,21.97,24,12.998,0,5,4
2012-04-09 06:00:00,2,0,1,1,17.22,21.21,26,15.0013,0,6,4
2012-04-09 07:00:00,2,0,1,1,17.22,21.21,28,12.998,0,7,4
2012-04-09 08:00:00,2,0,1,1,18.04,21.97,30,12.998,0,8,4
2012-04-09 09:00:00,2,0,1,1,18.86,22.725,31,23.9994,0,9,4
2012-04-09 10:00:00,2,0,1,1,20.5,24.24,27,32.9975,0,10,4
2012-04-09 11:00:00,2,0,1,1,21.32,25.0,27,27.9993,0,11,4
2012-04-09 12:00:00,2,0,1,1,22.14,25.76,28,47.9988,0,12,4
2012-04-09 13:00:00,2,0,1,1,22.14,25.76,28,39.0007,0,13,4
2012-04-09 14:00:00,2,0,1,1,22.96,26.515,28,36.9974,0,14,4
2012-04-09 15:00:00,2,0,1,1,23.78,27.275,28,36.9974,0,15,4
2012-04-09 16:00:00,2,0,1,1,22.96,26.515,30,27.9993,0,16,4
2012-04-09 17:00:00,2,0,1,1,22.14,25.76,32,27.9993,0,17,4
2012-04-09 18:00:00,2,0,1,1,22.14,25.76,34,19.9995,0,18,4
2012-04-09 19:00:00,2,0,1,1,21.32,25.0,34,23.9994,0,19,4
2012-04-09 20:00:00,2,0,1,1,20.5,24.24,36,30.0026,0,20,4
2012-04-09 21:00:00,2,0,1,3,19.68,23.485,41,27.9993,0,21,4
2012-04-09 22:00:00,2,0,1,2,18.86,22.725,41,32.9975,0,22,4
2012-04-09 23:00:00,2,0,1,1,18.04,21.97,44,19.9995,0,23,4
2012-04-10 00:00:00,2,0,1,2,18.04,21.97,47,19.0012,0,0,4
2012-04-10 01:00:00,2,0,1,1,17.22,21.21,50,15.0013,0,1,4
2012-04-10 02:00:00,2,0,1,1,14.76,17.425,71,8.9981,0,2,4
2012-04-10 03:00:00,2,0,1,1,14.76,17.425,71,8.9981,0,3,4
2012-04-10 04:00:00,2,0,1,1,13.94,16.665,71,8.9981,0,4,4
2012-04-10 05:00:00,2,0,1,1,13.94,16.665,71,8.9981,0,5,4
2012-04-10 06:00:00,2,0,1,1,13.94,17.425,71,7.0015,0,6,4
2012-04-10 07:00:00,2,0,1,1,13.94,17.425,71,7.0015,0,7,4
2012-04-10 08:00:00,2,0,1,1,15.58,19.695,62,8.9981,0,8,4
2012-04-10 09:00:00,2,0,1,1,17.22,21.21,67,12.998,0,9,4
2012-04-10 10:00:00,2,0,1,1,18.86,22.725,47,11.0014,0,10,4
2012-04-10 11:00:00,2,0,1,1,20.5,24.24,36,20.908137436959937,1,11,4
2012-04-10 12:00:00,2,0,1,1,22.14,25.76,22,19.0012,0,12,4
2012-04-10 13:00:00,2,0,1,1,21.32,25.0,23,11.0014,0,13,4
2012-04-10 14:00:00,2,0,1,1,22.14,25.76,24,12.998,0,14,4
2012-04-10 15:00:00,2,0,1,1,22.96,26.515,21,19.9995,0,15,4
2012-04-10 16:00:00,2,0,1,1,23.78,27.275,21,16.9979,0,16,4
2012-04-10 17:00:00,2,0,1,1,22.96,26.515,21,35.0008,0,17,4
2012-04-10 18:00:00,2,0,1,1,22.14,25.76,22,27.9993,0,18,4
2012-04-10 19:00:00,2,0,1,1,21.32,25.0,20,23.9994,0,19,4
2012-04-10 20:00:00,2,0,1,1,18.86,22.725,28,26.0027,0,20,4
2012-04-10 21:00:00,2,0,1,1,18.04,21.97,30,30.0026,0,21,4
2012-04-10 22:00:00,2,0,1,1,16.4,20.455,37,32.9975,0,22,4
2012-04-10 23:00:00,2,0,1,1,14.76,16.665,40,27.9993,0,23,4
2012-04-11 00:00:00,2,0,1,1,13.94,15.15,36,27.9993,0,0,4
2012-04-11 01:00:00,2,0,1,1,13.94,15.91,39,19.0012,0,1,4
2012-04-11 02:00:00,2,0,1,1,13.12,15.15,45,19.0012,0,2,4
2012-04-11 03:00:00,2,0,1,1,12.3,14.395,49,15.0013,0,3,4
2012-04-11 05:00:00,2,0,1,1,11.48,13.635,56,12.998,0,5,4
2012-04-11 06:00:00,2,0,1,1,11.48,14.395,56,7.0015,0,6,4
2012-04-11 07:00:00,2,0,1,1,11.48,14.395,52,8.9981,0,7,4
2012-04-11 08:00:00,2,0,1,1,12.3,14.395,49,15.0013,0,8,4
2012-04-11 09:00:00,2,0,1,2,13.12,15.15,49,19.9995,0,9,4
2012-04-11 10:00:00,2,0,1,2,13.94,15.15,49,22.0028,0,10,4
2012-04-11 11:00:00,2,0,1,2,15.58,19.695,43,22.0028,0,11,4
2012-04-11 12:00:00,2,0,1,2,14.76,16.665,46,26.0027,0,12,4
2012-04-11 13:00:00,2,0,1,2,16.4,20.455,40,23.9994,0,13,4
2012-04-11 14:00:00,2,0,1,1,14.76,17.425,57,12.998,0,14,4
2012-04-11 15:00:00,2,0,1,3,15.58,19.695,46,15.0013,0,15,4
2012-04-11 16:00:00,2,0,1,1,18.04,21.97,33,19.9995,0,16,4
2012-04-11 17:00:00,2,0,1,1,17.22,21.21,35,26.0027,0,17,4
2012-04-11 18:00:00,2,0,1,3,16.4,20.455,43,27.9993,0,18,4
2012-04-11 19:00:00,2,0,1,1,16.4,20.455,40,23.9994,0,19,4
2012-04-11 20:00:00,2,0,1,1,14.76,16.665,46,22.0028,0,20,4
2012-04-11 21:00:00,2,0,1,1,13.94,15.15,57,26.0027,0,21,4
2012-04-11 22:00:00,2,0,1,1,13.94,15.15,57,22.0028,0,22,4
2012-04-11 23:00:00,2,0,1,1,13.94,15.15,57,19.9995,0,23,4
2012-04-12 00:00:00,2,0,1,1,13.12,15.15,66,19.0012,0,0,4
2012-04-12 01:00:00,2,0,1,1,13.12,15.15,66,15.0013,0,1,4
2012-04-12 02:00:00,2,0,1,1,13.12,15.15,61,19.0012,0,2,4
2012-04-12 03:00:00,2,0,1,1,13.12,15.15,61,16.9979,0,3,4
2012-04-12 04:00:00,2,0,1,1,12.3,14.395,61,15.0013,0,4,4
2012-04-12 05:00:00,2,0,1,1,12.3,14.395,61,15.0013,0,5,4
2012-04-12 06:00:00,2,0,1,1,12.3,14.395,65,16.9979,0,6,4
2012-04-12 07:00:00,2,0,1,1,12.3,13.635,65,22.0028,0,7,4
2012-04-12 08:00:00,2,0,1,1,13.12,15.15,66,22.0028,0,8,4
2012-04-12 09:00:00,2,0,1,1,14.76,16.665,57,23.9994,0,9,4
2012-04-12 10:00:00,2,0,1,1,16.4,20.455,50,19.9995,0,10,4
2012-04-12 11:00:00,2,0,1,1,17.22,21.21,47,19.9995,0,11,4
2012-04-12 12:00:00,2,0,1,1,18.86,22.725,41,30.0026,0,12,4
2012-04-12 13:00:00,2,0,1,1,19.68,23.485,36,30.0026,0,13,4
2012-04-12 14:00:00,2,0,1,1,20.5,24.24,31,22.0028,0,14,4
2012-04-12 15:00:00,2,0,1,1,19.68,23.485,31,16.9979,0,15,4
2012-04-12 16:00:00,2,0,1,1,19.68,23.485,31,19.0012,0,16,4
2012-04-12 17:00:00,2,0,1,1,20.5,24.24,27,26.0027,0,17,4
2012-04-12 18:00:00,2,0,1,1,20.5,24.24,27,26.0027,0,18,4
2012-04-12 19:00:00,2,0,1,1,18.86,22.725,31,19.9995,0,19,4
2012-04-12 20:00:00,2,0,1,1,18.04,21.97,33,16.9979,0,20,4
2012-04-12 21:00:00,2,0,1,1,17.22,21.21,35,8.9981,0,21,4
2012-04-12 22:00:00,2,0,1,1,17.22,21.21,35,12.998,0,22,4
2012-04-12 23:00:00,2,0,1,1,17.22,21.21,35,12.998,0,23,4
2012-04-13 00:00:00,2,0,1,1,16.4,20.455,37,16.9979,0,0,4
2012-04-13 01:00:00,2,0,1,1,14.76,17.425,46,12.998,0,1,4
2012-04-13 02:00:00,2,0,1,1,13.94,16.665,49,12.998,0,2,4
2012-04-13 03:00:00,2,0,1,1,13.94,16.665,61,11.0014,0,3,4
2012-04-13 04:00:00,2,0,1,2,13.94,16.665,53,8.9981,0,4,4
2012-04-13 05:00:00,2,0,1,2,13.94,16.665,53,11.0014,0,5,4
2012-04-13 06:00:00,2,0,1,1,13.12,15.91,57,11.0014,0,6,4
2012-04-13 07:00:00,2,0,1,1,13.94,15.91,61,15.0013,0,7,4
2012-04-13 08:00:00,2,0,1,1,15.58,19.695,46,11.0014,0,8,4
2012-04-13 09:00:00,2,0,1,1,17.22,21.21,41,11.0014,0,9,4
2012-04-13 10:00:00,2,0,1,1,18.04,21.97,38,12.998,0,10,4
2012-04-13 11:00:00,2,0,1,1,18.86,22.725,36,8.9981,0,11,4
2012-04-13 12:00:00,2,0,1,1,20.5,24.24,31,21.386761879905933,1,12,4
2012-04-13 13:00:00,2,0,1,1,21.32,25.0,27,19.0012,0,13,4
2012-04-13 14:00:00,2,0,1,1,21.32,25.0,27,21.923274768724475,1,14,4
2012-04-13 15:00:00,2,0,1,1,22.14,25.76,28,16.9979,0,15,4
2012-04-13 16:00:00,2,0,1,1,22.96,26.515,26,16.9979,0,16,4
2012-04-13 17:00:00,2,0,1,1,22.96,26.515,24,11.0014,0,17,4
2012-04-13 18:00:00,2,0,1,1,22.14,25.76,26,8.9981,0,18,4
2012-04-13 19:00:00,2,0,1,1,22.14,25.76,24,11.0014,0,19,4
2012-04-13 20:00:00,2,0,1,1,20.5,24.24,29,8.9981,0,20,4
2012-04-13 21:00:00,2,0,1,1,20.5,24.24,36,17.42541254949147,1,21,4
2012-04-13 22:00:00,2,0,1,1,18.04,21.97,62,7.0015,0,22,4
2012-04-13 23:00:00,2,0,1,1,17.22,21.21,62,6.0032,0,23,4
2012-04-14 00:00:00,2,0,0,1,16.4,20.455,58,8.9981,0,0,4
2012-04-14 01:00:00,2,0,0,1,16.4,20.455,58,8.9981,0,1,4
2012-04-14 02:00:00,2,0,0,1,15.58,19.695,66,8.9981,0,2,4
2012-04-14 03:00:00,2,0,0,1,14.76,18.18,66,6.0032,0,3,4
2012-04-14 04:00:00,2,0,0,1,14.76,18.18,71,7.0015,0,4,4
2012-04-14 05:00:00,2,0,0,1,14.76,18.18,66,7.0015,0,5,4
2012-04-14 06:00:00,2,0,0,1,13.94,16.665,76,11.0014,0,6,4
2012-04-14 07:00:00,2,0,0,1,14.76,18.18,71,7.0015,0,7,4
2012-04-14 08:00:00,2,0,0,1,14.76,17.425,71,8.9981,0,8,4
2012-04-14 09:00:00,2,0,0,1,17.22,21.21,54,8.9981,0,9,4
2012-04-14 10:00:00,2,0,0,1,18.86,22.725,51,11.0014,0,10,4
2012-04-14 11:00:00,2,0,0,1,21.32,25.0,45,12.998,0,11,4
2012-04-14 12:00:00,2,0,0,1,23.78,27.275,35,16.9979,0,12,4
2012-04-14 13:00:00,2,0,0,1,25.42,31.06,33,19.9995,0,13,4
2012-04-14 14:00:00,2,0,0,2,26.24,31.06,27,30.0026,0,14,4
2012-04-14 15:00:00,2,0,0,2,26.24,31.06,27,23.9994,0,15,4
2012-04-14 16:00:00,2,0,0,2,26.24,31.06,27,23.9994,0,16,4
2012-04-14 17:00:00,2,0,0,2,25.42,31.06,33,16.9979,0,17,4
2012-04-14 18:00:00,2,0,0,2,25.42,31.06,35,15.0013,0,18,4
2012-04-14 19:00:00,2,0,0,2,24.6,31.06,40,11.0014,0,19,4
2012-04-14 20:00:00,2,0,0,2,22.96,26.515,46,8.9981,0,20,4
2012-04-14 21:00:00,2,0,0,2,22.96,26.515,43,8.9981,0,21,4
2012-04-14 22:00:00,2,0,0,2,22.14,25.76,52,11.0014,0,22,4
2012-04-14 23:00:00,2,0,0,2,22.14,25.76,56,12.998,0,23,4
2012-04-15 00:00:00,2,0,0,2,22.14,25.76,56,12.998,0,0,4
2012-04-15 01:00:00,2,0,0,2,22.14,25.76,56,11.0014,0,1,4
2012-04-15 02:00:00,2,0,0,2,22.14,25.76,56,7.0015,0,2,4
2012-04-15 03:00:00,2,0,0,2,21.32,25.0,59,8.9981,0,3,4
2012-04-15 04:00:00,2,0,0,2,22.14,25.76,52,16.75318471621619,1,4,4
2012-04-15 05:00:00,2,0,0,1,20.5,24.24,68,11.0014,0,5,4
2012-04-15 06:00:00,2,0,0,1,20.5,24.24,63,8.9981,0,6,4
2012-04-15 07:00:00,2,0,0,1,20.5,24.24,63,7.0015,0,7,4
2012-04-15 08:00:00,2,0,0,1,21.32,25.0,59,14.93089304011866,1,8,4
2012-04-15 09:00:00,2,0,0,1,22.14,25.76,56,15.0013,0,9,4
2012-04-15 10:00:00,2,0,0,1,23.78,27.275,53,15.0013,0,10,4
2012-04-15 11:00:00,2,0,0,1,25.42,31.06,46,19.9995,0,11,4
2012-04-15 12:00:00,2,0,0,1,26.24,31.06,44,19.0012,0,12,4
2012-04-15 13:00:00,2,0,0,1,27.06,31.06,44,19.0012,0,13,4
2012-04-15 14:00:00,2,0,0,1,28.7,31.82,39,19.0012,0,14,4
2012-04-15 15:00:00,2,0,0,1,28.7,31.82,39,26.0027,0,15,4
2012-04-15 16:00:00,2,0,0,1,29.52,32.575,39,23.9994,0,16,4
2012-04-15 17:00:00,2,0,0,1,28.7,31.82,42,22.0028,0,17,4
2012-04-15 18:00:00,2,0,0,1,28.7,31.82,42,16.9979,0,18,4
2012-04-15 19:00:00,2,0,0,1,28.7,31.82,42,16.9979,0,19,4
2012-04-15 20:00:00,2,0,0,1,26.24,31.06,50,15.0013,0,20,4
2012-04-15 21:00:00,2,0,0,1,25.42,31.06,57,16.9979,0,21,4
2012-04-15 22:00:00,2,0,0,1,27.88,31.82,44,23.9994,0,22,4
2012-04-15 23:00:00,2,0,0,1,27.06,31.06,50,26.0027,0,23,4
2012-04-16 00:00:00,2,1,0,1,26.24,31.06,53,22.0028,0,0,4
2012-04-16 01:00:00,2,1,0,1,25.42,30.305,61,23.9994,0,1,4
2012-04-16 02:00:00,2,1,0,1,24.6,30.305,64,16.9979,0,2,4
2012-04-16 03:00:00,2,1,0,1,23.78,27.275,68,12.998,0,3,4
2012-04-16 04:00:00,2,1,0,1,22.14,25.76,77,15.0013,0,4,4
2012-04-16 05:00:00,2,1,0,1,22.14,25.76,77,15.0013,0,5,4
2012-04-16 06:00:00,2,1,0,1,21.32,25.0,83,11.0014,0,6,4
2012-04-16 07:00:00,2,1,0,1,21.32,25.0,83,8.9981,0,7,4
2012-04-16 08:00:00,2,1,0,2,22.96,26.515,83,11.0014,0,8,4
2012-04-16 09:00:00,2,1,0,1,25.42,30.305,69,15.0013,0,9,4
2012-04-16 10:00:00,2,1,0,1,25.42,30.305,69,16.9979,0,10,4
2012-04-16 11:00:00,2,1,0,1,26.24,30.305,65,16.9979,0,11,4
2012-04-16 12:00:00,2,1,0,1,27.88,31.82,57,16.9979,0,12,4
2012-04-16 13:00:00,2,1,0,1,30.34,33.335,45,19.9995,0,13,4
2012-04-16 14:00:00,2,1,0,1,31.16,34.09,45,22.0028,0,14,4
2012-04-16 15:00:00,2,1,0,1,32.8,34.85,33,30.0026,0,15,4
2012-04-16 16:00:00,2,1,0,1,32.8,34.85,33,31.0009,0,16,4
2012-04-16 17:00:00,2,1,0,1,32.8,34.85,33,26.0027,0,17,4
2012-04-16 18:00:00,2,1,0,1,32.8,34.85,31,26.0027,0,18,4
2012-04-16 19:00:00,2,1,0,1,31.16,33.335,35,26.0027,0,19,4
2012-04-16 20:00:00,2,1,0,1,30.34,32.575,37,19.9995,0,20,4
2012-04-16 21:00:00,2,1,0,1,27.88,31.82,51,16.9979,0,21,4
2012-04-16 22:00:00,2,1,0,1,27.88,31.82,51,16.9979,0,22,4
2012-04-16 23:00:00,2,1,0,1,28.7,31.82,45,19.9995,0,23,4
2012-04-17 00:00:00,2,0,1,1,27.06,31.06,54,12.998,0,0,4
2012-04-17 01:00:00,2,0,1,1,26.24,31.06,57,11.0014,0,1,4
2012-04-17 02:00:00,2,0,1,1,22.96,26.515,83,7.0015,0,2,4
2012-04-17 03:00:00,2,0,1,1,22.96,26.515,83,6.0032,0,3,4
2012-04-17 04:00:00,2,0,1,1,27.06,31.06,44,15.0013,0,4,4
2012-04-17 05:00:00,2,0,1,1,24.6,31.06,53,16.9979,0,5,4
2012-04-17 06:00:00,2,0,1,1,24.6,31.06,46,16.9979,0,6,4
2012-04-17 07:00:00,2,0,1,1,24.6,31.06,43,16.9979,0,7,4
2012-04-17 08:00:00,2,0,1,1,24.6,31.06,43,15.0013,0,8,4
2012-04-17 09:00:00,2,0,1,1,24.6,31.06,38,32.9975,0,9,4
2012-04-17 10:00:00,2,0,1,1,24.6,31.06,38,27.9993,0,10,4
2012-04-17 11:00:00,2,0,1,1,24.6,31.06,33,27.9993,0,11,4
2012-04-17 12:00:00,2,0,1,1,24.6,31.06,33,23.9994,0,12,4
2012-04-17 13:00:00,2,0,1,1,25.42,31.06,29,16.9979,0,13,4
2012-04-17 14:00:00,2,0,1,1,26.24,31.06,27,19.0012,0,14,4
2012-04-17 15:00:00,2,0,1,1,27.06,31.06,24,22.0028,0,15,4
2012-04-17 16:00:00,2,0,1,1,27.88,31.06,22,23.9994,0,16,4
2012-04-17 17:00:00,2,0,1,1,26.24,30.305,25,19.9995,0,17,4
2012-04-17 18:00:00,2,0,1,1,26.24,30.305,25,19.0012,0,18,4
2012-04-17 19:00:00,2,0,1,1,24.6,30.305,26,16.9979,0,19,4
2012-04-17 20:00:00,2,0,1,1,24.6,30.305,23,19.0012,0,20,4
2012-04-17 21:00:00,2,0,1,1,22.96,26.515,26,19.9995,0,21,4
2012-04-17 22:00:00,2,0,1,1,22.14,25.76,30,16.9979,0,22,4
2012-04-17 23:00:00,2,0,1,1,22.14,25.76,32,15.0013,0,23,4
2012-04-18 00:00:00,2,0,1,1,22.14,25.76,32,11.0014,0,0,4
2012-04-18 01:00:00,2,0,1,1,21.32,25.0,34,12.998,0,1,4
2012-04-18 02:00:00,2,0,1,2,20.5,24.24,42,12.998,0,2,4
2012-04-18 03:00:00,2,0,1,2,20.5,24.24,42,15.0013,0,3,4
2012-04-18 04:00:00,2,0,1,2,20.5,24.24,42,19.0012,0,4,4
2012-04-18 05:00:00,2,0,1,2,20.5,24.24,39,19.0012,0,5,4
2012-04-18 06:00:00,2,0,1,2,20.5,24.24,39,19.0012,0,6,4
2012-04-18 07:00:00,2,0,1,2,20.5,24.24,39,12.998,0,7,4
2012-04-18 08:00:00,2,0,1,3,20.5,24.24,39,12.998,0,8,4
2012-04-18 09:00:00,2,0,1,3,19.68,23.485,44,19.9995,0,9,4
2012-04-18 10:00:00,2,0,1,3,19.68,23.485,47,15.0013,0,10,4
2012-04-18 11:00:00,2,0,1,3,18.86,22.725,47,16.9979,0,11,4
2012-04-18 12:00:00,2,0,1,3,18.86,22.725,51,7.0015,0,12,4
2012-04-18 13:00:00,2,0,1,3,18.86,22.725,59,18.027551060396892,1,13,4
2012-04-18 14:00:00,2,0,1,3,18.04,21.97,72,7.0015,0,14,4
2012-04-18 15:00:00,2,0,1,3,17.22,21.21,77,12.998,0,15,4
2012-04-18 16:00:00,2,0,1,2,17.22,21.21,77,15.0013,0,16,4
2012-04-18 17:00:00,2,0,1,2,17.22,21.21,77,12.998,0,17,4
2012-04-18 18:00:00,2,0,1,2,17.22,21.21,77,15.142980821637845,1,18,4
2012-04-18 19:00:00,2,0,1,2,17.22,21.21,77,8.9981,0,19,4
2012-04-18 20:00:00,2,0,1,2,17.22,21.21,77,7.0015,0,20,4
2012-04-18 21:00:00,2,0,1,2,17.22,21.21,82,6.0032,0,21,4
2012-04-18 22:00:00,2,0,1,2,17.22,21.21,77,6.0032,0,22,4
2012-04-18 23:00:00,2,0,1,2,17.22,21.21,77,14.038780454557205,1,23,4
2012-04-19 00:00:00,2,0,1,3,17.22,21.21,77,15.139245459444329,1,0,4
2012-04-19 01:00:00,2,0,1,3,17.22,21.21,77,7.0015,0,1,4
2012-04-19 02:00:00,2,0,1,2,17.22,21.21,77,14.86295656817763,1,2,4
2012-04-19 03:00:00,2,0,1,2,17.22,21.21,77,14.874376893598164,1,3,4
2012-04-19 04:00:00,2,0,1,2,17.22,21.21,71,13.631336777742405,1,4,4
2012-04-19 05:00:00,2,0,1,1,16.4,20.455,82,13.625583193487016,1,5,4
2012-04-19 06:00:00,2,0,1,2,16.4,20.455,82,7.0015,0,6,4
2012-04-19 07:00:00,2,0,1,2,16.4,20.455,82,8.9981,0,7,4
2012-04-19 08:00:00,2,0,1,2,17.22,21.21,82,7.0015,0,8,4
2012-04-19 09:00:00,2,0,1,2,18.86,22.725,72,14.449622365762703,1,9,4
2012-04-19 10:00:00,2,0,1,1,19.68,23.485,63,6.0032,0,10,4
2012-04-19 11:00:00,2,0,1,1,21.32,25.0,48,17.53487954125984,1,11,4
2012-04-19 12:00:00,2,0,1,1,22.14,25.76,49,17.381920822764247,1,12,4
2012-04-19 13:00:00,2,0,1,1,22.96,26.515,46,17.223104300646856,1,13,4
2012-04-19 14:00:00,2,0,1,1,23.78,27.275,43,17.006066775270277,1,14,4
2012-04-19 15:00:00,2,0,1,1,24.6,31.06,43,16.91286726822779,1,15,4
2012-04-19 16:00:00,2,0,1,1,25.42,31.06,41,7.0015,0,16,4
2012-04-19 17:00:00,2,0,1,1,24.6,31.06,43,6.0032,0,17,4
2012-04-19 18:00:00,2,0,1,1,24.6,31.06,43,6.0032,0,18,4
2012-04-19 19:00:00,2,0,1,1,23.78,27.275,46,8.9981,0,19,4
2012-04-19 20:00:00,2,0,1,1,22.96,26.515,49,15.0013,0,20,4
2012-04-19 21:00:00,2,0,1,1,21.32,25.0,55,7.0015,0,21,4
2012-04-19 22:00:00,2,0,1,1,21.32,25.0,59,12.998,0,22,4
2012-04-19 23:00:00,2,0,1,1,20.5,24.24,63,7.0015,0,23,4
2012-05-01 00:00:00,2,0,1,2,20.5,24.24,59,12.998,0,0,5
2012-05-01 01:00:00,2,0,1,2,20.5,24.24,63,8.9981,0,1,5
2012-05-01 02:00:00,2,0,1,2,20.5,24.24,72,6.0032,0,2,5
2012-05-01 03:00:00,2,0,1,2,20.5,24.24,77,10.76237436456585,1,3,5
2012-05-01 04:00:00,2,0,1,2,21.32,25.0,72,6.0032,0,4,5
2012-05-01 05:00:00,2,0,1,2,21.32,25.0,72,6.0032,0,5,5
2012-05-01 06:00:00,2,0,1,3,21.32,25.0,77,7.0015,0,6,5
2012-05-01 07:00:00,2,0,1,2,20.5,24.24,94,16.9979,0,7,5
2012-05-01 08:00:00,2,0,1,2,21.32,25.0,94,19.0012,0,8,5
2012-05-01 09:00:00,2,0,1,2,22.14,25.76,88,12.998,0,9,5
2012-05-01 10:00:00,2,0,1,1,25.42,29.545,78,16.9979,0,10,5
2012-05-01 11:00:00,2,0,1,2,27.06,31.06,65,19.0012,0,11,5
2012-05-01 12:00:00,2,0,1,2,28.7,32.575,58,15.0013,0,12,5
2012-05-01 13:00:00,2,0,1,2,29.52,33.335,51,15.0013,0,13,5
2012-05-01 14:00:00,2,0,1,2,30.34,33.335,48,16.9979,0,14,5
2012-05-01 15:00:00,2,0,1,2,30.34,33.335,45,15.0013,0,15,5
2012-05-01 16:00:00,2,0,1,1,30.34,33.335,45,12.998,0,16,5
2012-05-01 17:00:00,2,0,1,1,30.34,33.335,48,6.0032,0,17,5
2012-05-01 18:00:00,2,0,1,1,28.7,32.575,54,8.9981,0,18,5
2012-05-01 19:00:00,2,0,1,1,28.7,32.575,54,8.9981,0,19,5
2012-05-01 20:00:00,2,0,1,1,27.06,31.06,61,11.0014,0,20,5
2012-05-01 21:00:00,2,0,1,1,26.24,30.305,65,8.9981,0,21,5
2012-05-01 22:00:00,2,0,1,1,26.24,30.305,65,11.996332243710905,1,22,5
2012-05-01 23:00:00,2,0,1,1,24.6,28.79,78,11.112572858266144,1,23,5
2012-05-02 00:00:00,2,0,1,1,24.6,28.79,78,7.0015,0,0,5
2012-05-02 01:00:00,2,0,1,1,22.96,26.515,83,10.414517209856287,1,1,5
2012-05-02 02:00:00,2,0,1,1,22.96,26.515,83,10.352299155474467,1,2,5
2012-05-02 03:00:00,2,0,1,1,22.96,26.515,83,6.0032,0,3,5
2012-05-02 04:00:00,2,0,1,1,22.14,25.76,88,9.968311684808988,1,4,5
2012-05-02 05:00:00,2,0,1,1,22.14,25.76,90,8.9981,0,5,5
2012-05-02 06:00:00,2,0,1,3,22.96,26.515,84,14.172482815823322,1,6,5
2012-05-02 07:00:00,2,0,1,2,22.14,25.76,88,12.998,0,7,5
2012-05-02 08:00:00,2,0,1,2,22.96,26.515,88,12.69014635868813,1,8,5
2012-05-02 09:00:00,2,0,1,2,22.96,26.515,88,13.253349510651294,1,9,5
2012-05-02 10:00:00,2,0,1,2,23.78,27.275,83,7.0015,0,10,5
2012-05-02 11:00:00,2,0,1,2,23.78,27.275,81,8.9981,0,11,5
2012-05-02 12:00:00,2,0,1,2,23.78,27.275,83,15.0013,0,12,5
2012-05-02 13:00:00,2,0,1,2,23.78,27.275,78,12.998,0,13,5
2012-05-02 14:00:00,2,0,1,1,25.42,30.305,69,6.0032,0,14,5
2012-05-02 15:00:00,2,0,1,1,26.24,30.305,65,12.998,0,15,5
2012-05-02 16:00:00,2,0,1,1,26.24,30.305,65,11.0014,0,16,5
2012-05-02 17:00:00,2,0,1,1,24.6,29.545,73,16.9979,0,17,5
2012-05-02 18:00:00,2,0,1,1,22.96,26.515,73,15.0013,0,18,5
2012-05-02 19:00:00,2,0,1,1,22.14,25.76,77,16.9979,0,19,5
2012-05-02 20:00:00,2,0,1,1,21.32,25.0,77,16.9979,0,20,5
2012-05-02 21:00:00,2,0,1,1,21.32,25.0,77,15.0013,0,21,5
2012-05-02 22:00:00,2,0,1,1,20.5,24.24,82,15.0013,0,22,5
2012-05-02 23:00:00,2,0,1,2,20.5,24.24,77,16.9979,0,23,5
2012-05-03 00:00:00,2,0,1,2,19.68,23.485,82,15.0013,0,0,5
2012-05-03 01:00:00,2,0,1,2,18.86,22.725,88,7.0015,0,1,5
2012-05-03 02:00:00,2,0,1,2,18.86,22.725,88,8.9981,0,2,5
2012-05-03 03:00:00,2,0,1,2,18.86,22.725,88,9.995396364822186,1,3,5
2012-05-03 04:00:00,2,0,1,2,18.86,22.725,88,16.9979,0,4,5
2012-05-03 05:00:00,2,0,1,2,18.86,22.725,88,16.9979,0,5,5
2012-05-03 06:00:00,2,0,1,2,18.86,22.725,88,11.0014,0,6,5
2012-05-03 07:00:00,2,0,1,3,18.04,21.97,94,7.0015,0,7,5
2012-05-03 08:00:00,2,0,1,3,18.86,22.725,88,12.998,0,8,5
2012-05-03 09:00:00,2,0,1,2,19.68,23.485,88,7.0015,0,9,5
2012-05-03 10:00:00,2,0,1,2,21.32,25.0,77,13.84347443923847,1,10,5
2012-05-03 11:00:00,2,0,1,1,22.14,25.76,77,13.91171021775696,1,11,5
2012-05-03 12:00:00,2,0,1,1,22.96,26.515,73,8.9981,0,12,5
2012-05-03 13:00:00,2,0,1,1,24.6,29.545,69,12.998,0,13,5
2012-05-03 14:00:00,2,0,1,1,26.24,30.305,65,12.998,0,14,5
2012-05-03 15:00:00,2,0,1,1,27.06,31.06,61,12.998,0,15,5
2012-05-03 16:00:00,2,0,1,1,27.88,31.82,57,11.0014,0,16,5
2012-05-03 17:00:00,2,0,1,1,29.52,33.335,54,8.9981,0,17,5
2012-05-03 18:00:00,2,0,1,1,29.52,33.335,58,8.9981,0,18,5
2012-05-03 19:00:00,2,0,1,1,28.7,32.575,61,12.998,0,19,5
2012-05-03 20:00:00,2,0,1,1,26.24,30.305,73,12.998,0,20,5
2012-05-03 21:00:00,2,0,1,1,25.42,29.545,78,8.9981,0,21,5
2012-05-03 22:00:00,2,0,1,1,25.42,29.545,78,11.432142090321939,1,22,5
2012-05-03 23:00:00,2,0,1,1,24.6,28.03,83,10.7062648724001,1,23,5
2012-05-04 00:00:00,2,0,1,1,24.6,28.79,78,22.0028,0,0,5
2012-05-04 01:00:00,2,0,1,1,24.6,28.79,78,7.0015,0,1,5
2012-05-04 02:00:00,2,0,1,1,23.78,27.275,83,8.9981,0,2,5
2012-05-04 03:00:00,2,0,1,1,22.96,26.515,88,15.0013,0,3,5
2012-05-04 04:00:00,2,0,1,1,22.96,26.515,88,12.998,0,4,5
2012-05-04 05:00:00,2,0,1,1,22.96,26.515,88,12.998,0,5,5
2012-05-04 06:00:00,2,0,1,1,22.14,25.76,94,7.0015,0,6,5
2012-05-04 07:00:00,2,0,1,1,22.96,26.515,88,11.546865776678837,1,7,5
2012-05-04 08:00:00,2,0,1,1,22.96,26.515,88,12.58938591744322,1,8,5
2012-05-04 09:00:00,2,0,1,1,24.6,28.79,78,13.351370376817528,1,9,5
2012-05-04 10:00:00,2,0,1,2,25.42,29.545,73,8.9981,0,10,5
2012-05-04 11:00:00,2,0,1,2,28.7,32.575,61,16.41419736785095,1,11,5
2012-05-04 12:00:00,2,0,1,3,25.42,29.545,78,23.9994,0,12,5
2012-05-04 13:00:00,2,0,1,2,26.24,30.305,73,14.788321441099372,1,13,5
2012-05-04 14:00:00,2,0,1,2,27.06,31.06,74,19.0012,0,14,5
2012-05-04 15:00:00,2,0,1,2,29.52,34.09,62,7.0015,0,15,5
2012-05-04 16:00:00,2,0,1,1,31.16,34.09,48,11.0014,0,16,5
2012-05-04 17:00:00,2,0,1,1,28.7,32.575,54,31.0009,0,17,5
2012-05-04 18:00:00,2,0,1,1,28.7,32.575,54,31.0009,0,18,5
2012-05-04 19:00:00,2,0,1,1,28.7,32.575,51,8.9981,0,19,5
2012-05-04 20:00:00,2,0,1,1,27.88,31.82,51,7.0015,0,20,5
2012-05-04 21:00:00,2,0,1,1,26.24,30.305,69,12.998,0,21,5
2012-05-04 22:00:00,2,0,1,1,24.6,28.03,83,8.9981,0,22,5
2012-05-04 23:00:00,2,0,1,1,24.6,28.03,83,6.0032,0,23,5
2012-05-05 00:00:00,2,0,0,1,24.6,28.03,83,10.286945944679863,1,0,5
2012-05-05 01:00:00,2,0,0,1,24.6,28.03,83,10.281188217469234,1,1,5
2012-05-05 02:00:00,2,0,0,1,23.78,27.275,88,9.90495158510299,1,2,5
2012-05-05 03:00:00,2,0,0,1,23.78,27.275,83,10.177740395723346,1,3,5
2012-05-05 04:00:00,2,0,0,1,22.96,26.515,88,7.0015,0,4,5
2012-05-05 05:00:00,2,0,0,1,22.96,26.515,88,6.0032,0,5,5
2012-05-05 06:00:00,2,0,0,2,22.14,25.76,94,9.853032458100639,1,6,5
2012-05-05 07:00:00,2,0,0,1,22.96,26.515,88,11.546865776678837,1,7,5
2012-05-05 08:00:00,2,0,0,1,23.78,27.275,83,6.0032,0,8,5
2012-05-05 09:00:00,2,0,0,1,25.42,29.545,78,7.0015,0,9,5
2012-05-05 10:00:00,2,0,0,1,27.06,31.06,65,8.9981,0,10,5
2012-05-05 11:00:00,2,0,0,1,28.7,32.575,58,6.0032,0,11,5
2012-05-05 12:00:00,2,0,0,1,29.52,33.335,58,7.0015,0,12,5
2012-05-05 13:00:00,2,0,0,1,30.34,34.09,55,8.9981,0,13,5
2012-05-05 14:00:00,2,0,0,3,28.7,32.575,61,19.9995,0,14,5
2012-05-05 15:00:00,2,0,0,3,27.06,31.06,74,12.998,0,15,5
2012-05-05 16:00:00,2,0,0,2,27.88,31.82,65,26.0027,0,16,5
2012-05-05 17:00:00,2,0,0,2,27.88,31.82,65,19.9995,0,17,5
2012-05-05 18:00:00,2,0,0,2,27.06,31.06,69,23.9994,0,18,5
2012-05-05 19:00:00,2,0,0,2,25.42,29.545,73,22.0028,0,19,5
2012-05-05 20:00:00,2,0,0,1,24.6,28.79,78,16.9979,0,20,5
2012-05-05 21:00:00,2,0,0,2,23.78,27.275,78,15.0013,0,21,5
2012-05-05 22:00:00,2,0,0,2,23.78,27.275,78,12.998,0,22,5
2012-05-05 23:00:00,2,0,0,2,22.96,26.515,83,19.0012,0,23,5
2012-05-06 00:00:00,2,0,0,2,22.96,26.515,83,8.9981,0,0,5
2012-05-06 01:00:00,2,0,0,2,22.14,25.76,83,15.0013,0,1,5
2012-05-06 02:00:00,2,0,0,2,22.14,25.76,83,19.0012,0,2,5
2012-05-06 03:00:00,2,0,0,2,22.14,25.76,83,12.998,0,3,5
2012-05-06 04:00:00,2,0,0,3,21.32,25.0,83,11.0014,0,4,5
2012-05-06 05:00:00,2,0,0,3,21.32,25.0,83,11.0014,0,5,5
2012-05-06 06:00:00,2,0,0,3,21.32,25.0,83,15.0013,0,6,5
2012-05-06 07:00:00,2,0,0,3,21.32,25.0,83,11.0014,0,7,5
2012-05-06 08:00:00,2,0,0,2,20.5,24.24,88,8.9981,0,8,5
2012-05-06 09:00:00,2,0,0,2,21.32,25.0,83,11.0014,0,9,5
2012-05-06 10:00:00,2,0,0,2,22.14,25.76,77,7.0015,0,10,5
2012-05-06 11:00:00,2,0,0,1,22.96,26.515,73,7.0015,0,11,5
2012-05-06 12:00:00,2,0,0,2,24.6,30.305,64,6.0032,0,12,5
2012-05-06 13:00:00,2,0,0,2,24.6,30.305,64,14.572747367675877,1,13,5
2012-05-06 14:00:00,2,0,0,2,24.6,30.305,64,7.0015,0,14,5
2012-05-06 15:00:00,2,0,0,2,25.42,30.305,61,7.0015,0,15,5
2012-05-06 16:00:00,2,0,0,2,25.42,30.305,61,15.480280841462806,1,16,5
2012-05-06 17:00:00,2,0,0,2,25.42,30.305,65,8.9981,0,17,5
2012-05-06 18:00:00,2,0,0,2,25.42,30.305,61,12.998,0,18,5
2012-05-06 19:00:00,2,0,0,2,24.6,30.305,64,11.0014,0,19,5
2012-05-06 20:00:00,2,0,0,1,24.6,30.305,64,12.998,0,20,5
2012-05-06 21:00:00,2,0,0,1,22.96,26.515,73,12.998,0,21,5
2012-05-06 22:00:00,2,0,0,1,22.96,26.515,73,11.0014,0,22,5
2012-05-06 23:00:00,2,0,0,1,21.32,25.0,77,12.998,0,23,5
2012-05-07 00:00:00,2,0,1,2,21.32,25.0,77,8.9981,0,0,5
2012-05-07 01:00:00,2,0,1,2,21.32,25.0,77,12.998,0,1,5
2012-05-07 02:00:00,2,0,1,1,20.5,24.24,77,12.998,0,2,5
2012-05-07 03:00:00,2,0,1,1,20.5,24.24,77,12.998,0,3,5
2012-05-07 04:00:00,2,0,1,2,18.86,22.725,88,8.9981,0,4,5
2012-05-07 05:00:00,2,0,1,1,18.86,22.725,88,7.0015,0,5,5
2012-05-07 06:00:00,2,0,1,1,18.86,22.725,88,7.0015,0,6,5
2012-05-07 07:00:00,2,0,1,2,19.68,23.485,82,7.0015,0,7,5
2012-05-07 08:00:00,2,0,1,2,20.5,24.24,82,12.998,0,8,5
2012-05-07 09:00:00,2,0,1,2,20.5,24.24,82,15.0013,0,9,5
2012-05-07 10:00:00,2,0,1,2,21.32,25.0,77,12.998,0,10,5
2012-05-07 11:00:00,2,0,1,2,22.14,25.76,73,12.998,0,11,5
2012-05-07 12:00:00,2,0,1,2,22.96,26.515,68,15.0013,0,12,5
2012-05-07 13:00:00,2,0,1,2,24.6,31.06,53,22.0028,0,13,5
2012-05-07 14:00:00,2,0,1,2,25.42,31.06,50,23.9994,0,14,5
2012-05-07 15:00:00,2,0,1,2,25.42,31.06,53,19.9995,0,15,5
2012-05-07 16:00:00,2,0,1,2,24.6,31.06,53,26.0027,0,16,5
2012-05-07 17:00:00,2,0,1,2,24.6,31.06,53,22.0028,0,17,5
2012-05-07 18:00:00,2,0,1,2,24.6,31.06,53,23.9994,0,18,5
2012-05-07 19:00:00,2,0,1,1,23.78,27.275,56,22.0028,0,19,5
2012-05-07 20:00:00,2,0,1,1,22.14,25.76,52,19.0012,0,20,5
2012-05-07 21:00:00,2,0,1,2,22.14,25.76,45,15.0013,0,21,5
2012-05-07 22:00:00,2,0,1,2,22.14,25.76,45,16.9979,0,22,5
2012-05-07 23:00:00,2,0,1,2,22.14,25.76,45,12.998,0,23,5
2012-05-08 00:00:00,2,0,1,2,21.32,25.0,52,16.9979,0,0,5
2012-05-08 01:00:00,2,0,1,2,21.32,25.0,59,15.0013,0,1,5
2012-05-08 02:00:00,2,0,1,2,21.32,25.0,63,19.9995,0,2,5
2012-05-08 03:00:00,2,0,1,2,21.32,25.0,68,19.0012,0,3,5
2012-05-08 04:00:00,2,0,1,2,21.32,25.0,68,22.0028,0,4,5
2012-05-08 05:00:00,2,0,1,2,21.32,25.0,72,19.0012,0,5,5
2012-05-08 06:00:00,2,0,1,1,20.5,24.24,77,19.9995,0,6,5
2012-05-08 07:00:00,2,0,1,1,21.32,25.0,72,19.0012,0,7,5
2012-05-08 08:00:00,2,0,1,2,22.14,25.76,73,19.9995,0,8,5
2012-05-08 09:00:00,2,0,1,2,22.96,26.515,68,23.9994,0,9,5
2012-05-08 10:00:00,2,0,1,2,23.78,27.275,68,27.9993,0,10,5
2012-05-08 11:00:00,2,0,1,2,24.6,30.305,64,26.0027,0,11,5
2012-05-08 12:00:00,2,0,1,2,25.42,30.305,65,22.0028,0,12,5
2012-05-08 13:00:00,2,0,1,3,26.24,30.305,65,16.9979,0,13,5
2012-05-08 14:00:00,2,0,1,3,25.42,30.305,69,22.0028,0,14,5
2012-05-08 15:00:00,2,0,1,3,25.42,29.545,73,16.9979,0,15,5
2012-05-08 16:00:00,2,0,1,3,26.24,30.305,73,15.0013,0,16,5
2012-05-08 17:00:00,2,0,1,2,26.24,30.305,69,19.0012,0,17,5
2012-05-08 18:00:00,2,0,1,2,26.24,30.305,69,19.0012,0,18,5
2012-05-08 19:00:00,2,0,1,2,26.24,30.305,69,19.0012,0,19,5
2012-05-08 20:00:00,2,0,1,2,26.24,30.305,69,19.0012,0,20,5
2012-05-08 21:00:00,2,0,1,2,26.24,30.305,65,19.0012,0,21,5
2012-05-08 22:00:00,2,0,1,3,24.6,28.79,78,16.9979,0,22,5
2012-05-08 23:00:00,2,0,1,3,24.6,28.79,78,22.0028,0,23,5
2012-05-09 00:00:00,2,0,1,2,23.78,27.275,83,12.998,0,0,5
2012-05-09 01:00:00,2,0,1,2,24.6,28.79,78,16.9979,0,1,5
2012-05-09 02:00:00,2,0,1,3,22.96,26.515,88,30.0026,0,2,5
2012-05-09 03:00:00,2,0,1,3,22.96,26.515,88,11.0014,0,3,5
2012-05-09 04:00:00,2,0,1,3,22.96,26.515,88,15.0013,0,4,5
2012-05-09 05:00:00,2,0,1,2,22.96,26.515,88,8.9981,0,5,5
2012-05-09 06:00:00,2,0,1,2,22.96,26.515,88,7.0015,0,6,5
2012-05-09 07:00:00,2,0,1,2,22.96,26.515,94,12.998,0,7,5
2012-05-09 08:00:00,2,0,1,2,24.6,28.03,83,8.9981,0,8,5
2012-05-09 09:00:00,2,0,1,2,24.6,28.03,83,13.391941252300155,1,9,5
2012-05-09 10:00:00,2,0,1,2,25.42,30.305,65,16.9979,0,10,5
2012-05-09 11:00:00,2,0,1,2,25.42,31.06,59,19.9995,0,11,5
2012-05-09 12:00:00,2,0,1,2,25.42,31.06,57,15.0013,0,12,5
2012-05-09 13:00:00,2,0,1,2,26.24,31.06,53,16.9979,0,13,5
2012-05-09 14:00:00,2,0,1,2,26.24,31.06,53,16.9979,0,14,5
2012-05-09 15:00:00,2,0,1,2,26.24,31.06,53,7.0015,0,15,5
2012-05-09 16:00:00,2,0,1,2,27.06,31.06,50,12.998,0,16,5
2012-05-09 17:00:00,2,0,1,2,26.24,31.06,53,8.9981,0,17,5
2012-05-09 18:00:00,2,0,1,3,21.32,25.0,77,39.0007,0,18,5
2012-05-09 19:00:00,2,0,1,3,20.5,24.24,77,23.9994,0,19,5
2012-05-09 20:00:00,2,0,1,3,20.5,24.24,82,15.0013,0,20,5
2012-05-09 21:00:00,2,0,1,3,20.5,24.24,82,11.0014,0,21,5
2012-05-09 22:00:00,2,0,1,3,19.68,23.485,82,7.0015,0,22,5
2012-05-09 23:00:00,2,0,1,3,19.68,23.485,82,12.998,0,23,5
2012-05-10 00:00:00,2,0,1,3,20.5,24.24,77,11.0014,0,0,5
2012-05-10 01:00:00,2,0,1,2,19.68,23.485,88,8.9981,0,1,5
2012-05-10 02:00:00,2,0,1,2,19.68,23.485,88,7.0015,0,2,5
2012-05-10 03:00:00,2,0,1,1,18.86,22.725,88,15.0013,0,3,5
2012-05-10 04:00:00,2,0,1,1,18.86,22.725,77,12.998,0,4,5
2012-05-10 05:00:00,2,0,1,1,18.86,22.725,72,19.9995,0,5,5
2012-05-10 06:00:00,2,0,1,1,18.04,21.97,72,15.0013,0,6,5
2012-05-10 07:00:00,2,0,1,1,18.04,21.97,72,19.9995,0,7,5
2012-05-10 08:00:00,2,0,1,1,18.86,22.725,67,23.9994,0,8,5
2012-05-10 09:00:00,2,0,1,1,20.5,24.24,59,31.0009,0,9,5
2012-05-10 10:00:00,2,0,1,1,20.5,24.24,51,27.9993,0,10,5
2012-05-10 11:00:00,2,0,1,1,21.32,25.0,48,35.0008,0,11,5
2012-05-10 12:00:00,2,0,1,1,21.32,25.0,48,27.9993,0,12,5
2012-05-10 13:00:00,2,0,1,1,22.14,25.76,39,30.0026,0,13,5
2012-05-10 14:00:00,2,0,1,1,22.96,26.515,37,27.9993,0,14,5
2012-05-10 15:00:00,2,0,1,1,22.14,25.76,37,26.0027,0,15,5
2012-05-10 16:00:00,2,0,1,1,23.78,27.275,30,31.0009,0,16,5
2012-05-10 17:00:00,2,0,1,1,24.6,31.06,31,26.0027,0,17,5
2012-05-10 18:00:00,2,0,1,1,22.96,26.515,35,35.0008,0,18,5
2012-05-10 19:00:00,2,0,1,1,22.14,25.76,37,23.9994,0,19,5
2012-05-10 20:00:00,2,0,1,1,21.32,25.0,40,22.0028,0,20,5
2012-05-10 21:00:00,2,0,1,1,20.5,24.24,42,12.998,0,21,5
2012-05-10 22:00:00,2,0,1,1,20.5,24.24,42,7.0015,0,22,5
2012-05-10 23:00:00,2,0,1,1,19.68,23.485,48,7.0015,0,23,5
2012-05-11 00:00:00,2,0,1,1,18.86,22.725,55,7.0015,0,0,5
2012-05-11 01:00:00,2,0,1,1,18.86,22.725,51,8.9981,0,1,5
2012-05-11 02:00:00,2,0,1,1,18.86,22.725,44,11.0014,0,2,5
2012-05-11 03:00:00,2,0,1,1,18.86,22.725,41,19.0012,0,3,5
2012-05-11 04:00:00,2,0,1,1,17.22,21.21,50,12.998,0,4,5
2012-05-11 05:00:00,2,0,1,1,17.22,21.21,47,11.0014,0,5,5
2012-05-11 06:00:00,2,0,1,1,17.22,21.21,50,16.9979,0,6,5
2012-05-11 07:00:00,2,0,1,1,17.22,21.21,50,16.9979,0,7,5
2012-05-11 08:00:00,2,0,1,1,18.86,22.725,44,16.9979,0,8,5
2012-05-11 09:00:00,2,0,1,1,19.68,23.485,41,19.9995,0,9,5
2012-05-11 10:00:00,2,0,1,1,21.32,25.0,36,22.0028,0,10,5
2012-05-11 11:00:00,2,0,1,1,22.96,26.515,35,16.9979,0,11,5
2012-05-11 12:00:00,2,0,1,1,22.96,26.515,28,27.9993,0,12,5
2012-05-11 13:00:00,2,0,1,1,24.6,30.305,26,26.0027,0,13,5
2012-05-11 14:00:00,2,0,1,1,25.42,30.305,23,15.0013,0,14,5
2012-05-11 15:00:00,2,0,1,1,25.42,30.305,25,12.998,0,15,5
2012-05-11 16:00:00,2,0,1,1,25.42,30.305,25,22.0028,0,16,5
2012-05-11 17:00:00,2,0,1,1,26.24,30.305,23,16.9979,0,17,5
2012-05-11 18:00:00,2,0,1,1,26.24,30.305,23,19.0012,0,18,5
2012-05-11 19:00:00,2,0,1,1,26.24,30.305,23,16.9979,0,19,5
2012-05-11 20:00:00,2,0,1,1,25.42,30.305,25,8.9981,0,20,5
2012-05-11 21:00:00,2,0,1,1,24.6,30.305,28,7.0015,0,21,5
2012-05-11 22:00:00,2,0,1,1,22.96,26.515,35,15.0013,0,22,5
2012-05-11 23:00:00,2,0,1,1,22.14,25.76,37,12.998,0,23,5
2012-05-12 00:00:00,2,0,0,1,21.32,25.0,42,11.0014,0,0,5
2012-05-12 01:00:00,2,0,0,1,20.5,24.24,48,13.905426422004927,1,1,5
2012-05-12 02:00:00,2,0,0,1,18.86,22.725,59,8.9981,0,2,5
2012-05-12 03:00:00,2,0,0,1,19.68,23.485,59,12.421867800578635,1,3,5
2012-05-12 04:00:00,2,0,0,1,18.04,21.97,67,7.0015,0,4,5
2012-05-12 05:00:00,2,0,0,1,17.22,21.21,67,8.9981,0,5,5
2012-05-12 06:00:00,2,0,0,1,17.22,21.21,67,6.0032,0,6,5
2012-05-12 07:00:00,2,0,0,1,17.22,21.21,71,8.9981,0,7,5
2012-05-12 08:00:00,2,0,0,1,21.32,25.0,48,16.68478875043444,1,8,5
2012-05-12 09:00:00,2,0,0,1,22.14,25.76,49,16.705700071784108,1,9,5
2012-05-12 10:00:00,2,0,0,1,22.96,26.515,49,6.0032,0,10,5
2012-05-12 11:00:00,2,0,0,1,25.42,31.06,41,6.0032,0,11,5
2012-05-12 12:00:00,2,0,0,1,26.24,31.06,36,11.0014,0,12,5
2012-05-12 13:00:00,2,0,0,1,26.24,31.06,36,12.998,0,13,5
2012-05-12 14:00:00,2,0,0,1,27.06,31.06,36,12.998,0,14,5
2012-05-12 15:00:00,2,0,0,1,27.88,31.06,24,12.998,0,15,5
2012-05-12 16:00:00,2,0,0,2,28.7,31.82,21,12.998,0,16,5
2012-05-12 17:00:00,2,0,0,2,27.06,31.06,36,12.998,0,17,5
2012-05-12 18:00:00,2,0,0,2,27.06,31.06,31,12.998,0,18,5
2012-05-12 19:00:00,2,0,0,2,26.24,31.06,36,11.0014,0,19,5
2012-05-12 20:00:00,2,0,0,1,25.42,31.06,46,11.0014,0,20,5
2012-05-12 21:00:00,2,0,0,2,24.6,30.305,60,8.9981,0,21,5
2012-05-12 22:00:00,2,0,0,1,22.96,26.515,68,8.9981,0,22,5
2012-05-12 23:00:00,2,0,0,1,23.78,27.275,56,6.0032,0,23,5
2012-05-13 00:00:00,2,0,0,1,22.96,26.515,64,11.0014,0,0,5
2012-05-13 01:00:00,2,0,0,2,22.14,25.76,68,8.9981,0,1,5
2012-05-13 02:00:00,2,0,0,2,22.14,25.76,68,11.0014,0,2,5
2012-05-13 03:00:00,2,0,0,2,22.14,25.76,64,8.9981,0,3,5
2012-05-13 04:00:00,2,0,0,2,22.14,25.76,68,12.998,0,4,5
2012-05-13 05:00:00,2,0,0,1,21.32,25.0,72,12.998,0,5,5
2012-05-13 06:00:00,2,0,0,1,21.32,25.0,68,11.0014,0,6,5
2012-05-13 07:00:00,2,0,0,1,21.32,25.0,68,11.0014,0,7,5
2012-05-13 08:00:00,2,0,0,1,22.96,26.515,64,11.0014,0,8,5
2012-05-13 09:00:00,2,0,0,1,24.6,31.06,56,8.9981,0,9,5
2012-05-13 10:00:00,2,0,0,1,24.6,30.305,60,16.9979,0,10,5
2012-05-13 11:00:00,2,0,0,1,25.42,31.06,57,16.9979,0,11,5
2012-05-13 12:00:00,2,0,0,1,26.24,31.06,57,15.0013,0,12,5
2012-05-13 13:00:00,2,0,0,1,27.88,31.82,54,16.9979,0,13,5
2012-05-13 14:00:00,2,0,0,1,28.7,32.575,48,8.9981,0,14,5
2012-05-13 15:00:00,2,0,0,1,29.52,32.575,45,23.9994,0,15,5
2012-05-13 16:00:00,2,0,0,1,29.52,32.575,42,16.9979,0,16,5
2012-05-13 17:00:00,2,0,0,1,28.7,31.82,45,27.9993,0,17,5
2012-05-13 18:00:00,2,0,0,2,27.88,31.82,44,23.9994,0,18,5
2012-05-13 19:00:00,2,0,0,2,27.06,31.06,50,27.9993,0,19,5
2012-05-13 20:00:00,2,0,0,2,27.06,31.06,50,19.0012,0,20,5
2012-05-13 21:00:00,2,0,0,2,26.24,31.06,53,12.998,0,21,5
2012-05-13 22:00:00,2,0,0,2,25.42,30.305,61,11.0014,0,22,5
2012-05-13 23:00:00,2,0,0,2,25.42,31.06,57,15.0013,0,23,5
2012-05-14 00:00:00,2,0,1,2,24.6,31.06,56,16.9979,0,0,5
2012-05-14 01:00:00,2,0,1,2,24.6,30.305,60,19.0012,0,1,5
2012-05-14 02:00:00,2,0,1,1,24.6,30.305,60,19.9995,0,2,5
2012-05-14 03:00:00,2,0,1,2,23.78,27.275,68,22.0028,0,3,5
2012-05-14 04:00:00,2,0,1,2,22.14,25.76,77,15.0013,0,4,5
2012-05-14 05:00:00,2,0,1,2,22.14,25.76,77,11.0014,0,5,5
2012-05-14 06:00:00,2,0,1,3,21.32,25.0,94,19.9995,0,6,5
2012-05-14 07:00:00,2,0,1,3,21.32,25.0,94,12.998,0,7,5
2012-05-14 08:00:00,2,0,1,3,22.14,25.76,88,15.0013,0,8,5
2012-05-14 09:00:00,2,0,1,3,22.14,25.76,88,19.0012,0,9,5
2012-05-14 10:00:00,2,0,1,3,22.14,25.76,88,16.9979,0,10,5
2012-05-14 11:00:00,2,0,1,2,22.96,26.515,83,15.0013,0,11,5
2012-05-14 12:00:00,2,0,1,2,22.96,26.515,88,19.0012,0,12,5
2012-05-14 13:00:00,2,0,1,2,25.42,29.545,73,15.0013,0,13,5
2012-05-14 14:00:00,2,0,1,2,25.42,29.545,73,16.9979,0,14,5
2012-05-14 15:00:00,2,0,1,2,25.42,29.545,73,11.0014,0,15,5
2012-05-14 16:00:00,2,0,1,3,25.42,30.305,69,19.0012,0,16,5
2012-05-14 17:00:00,2,0,1,3,22.96,26.515,88,16.9979,0,17,5
2012-05-14 18:00:00,2,0,1,2,23.78,27.275,83,14.327193185630813,1,18,5
2012-05-14 19:00:00,2,0,1,3,23.78,27.275,88,8.9981,0,19,5
2012-05-14 20:00:00,2,0,1,2,23.78,27.275,88,12.998,0,20,5
2012-05-14 21:00:00,2,0,1,2,23.78,27.275,83,6.0032,0,21,5
2012-05-14 22:00:00,2,0,1,2,23.78,27.275,78,6.0032,0,22,5
2012-05-14 23:00:00,2,0,1,2,23.78,27.275,78,7.0015,0,23,5
2012-05-15 00:00:00,2,0,1,2,22.96,26.515,88,8.9981,0,0,5
2012-05-15 01:00:00,2,0,1,3,22.96,26.515,88,8.9981,0,1,5
2012-05-15 02:00:00,2,0,1,2,22.96,26.515,88,8.9981,0,2,5
2012-05-15 03:00:00,2,0,1,3,23.78,27.275,83,8.9981,0,3,5
2012-05-15 04:00:00,2,0,1,3,22.96,26.515,94,14.603369936561112,1,4,5
2012-05-15 05:00:00,2,0,1,3,22.96,26.515,94,15.0013,0,5,5
2012-05-15 06:00:00,2,0,1,3,22.96,26.515,94,15.0013,0,6,5
2012-05-15 07:00:00,2,0,1,3,22.96,26.515,94,8.9981,0,7,5
2012-05-15 08:00:00,2,0,1,2,23.78,27.275,88,6.0032,0,8,5
2012-05-15 09:00:00,2,0,1,2,23.78,27.275,88,6.0032,0,9,5
2012-05-15 10:00:00,2,0,1,1,25.42,29.545,78,7.0015,0,10,5
2012-05-15 11:00:00,2,0,1,1,26.24,29.545,78,12.998,0,11,5
2012-05-15 12:00:00,2,0,1,1,26.24,30.305,73,12.998,0,12,5
2012-05-15 13:00:00,2,0,1,3,26.24,30.305,73,12.998,0,13,5
2012-05-15 14:00:00,2,0,1,2,26.24,30.305,73,12.998,0,14,5
2012-05-15 15:00:00,2,0,1,2,28.7,32.575,61,6.0032,0,15,5
2012-05-15 16:00:00,2,0,1,1,27.88,31.82,65,11.0014,0,16,5
2012-05-15 17:00:00,2,0,1,1,27.88,31.82,65,7.0015,0,17,5
2012-05-15 18:00:00,2,0,1,1,28.7,32.575,61,6.0032,0,18,5
2012-05-15 19:00:00,2,0,1,1,27.06,31.06,69,11.0014,0,19,5
2012-05-15 20:00:00,2,0,1,3,26.24,30.305,73,8.9981,0,20,5
2012-05-15 21:00:00,2,0,1,3,26.24,30.305,73,19.0012,0,21,5
2012-05-15 22:00:00,2,0,1,1,23.78,27.275,78,15.0013,0,22,5
2012-05-15 23:00:00,2,0,1,3,22.96,26.515,88,7.0015,0,23,5
2012-05-16 00:00:00,2,0,1,2,23.78,27.275,88,10.158571808418328,1,0,5
2012-05-16 01:00:00,2,0,1,2,23.78,27.275,88,8.9981,0,1,5
2012-05-16 02:00:00,2,0,1,1,22.96,26.515,94,12.998,0,2,5
2012-05-16 03:00:00,2,0,1,1,22.96,26.515,88,7.0015,0,3,5
2012-05-16 04:00:00,2,0,1,1,22.14,25.76,94,8.9981,0,4,5
2012-05-16 05:00:00,2,0,1,1,22.14,25.76,94,7.0015,0,5,5
2012-05-16 06:00:00,2,0,1,1,22.14,25.76,94,6.0032,0,6,5
2012-05-16 07:00:00,2,0,1,1,22.96,26.515,83,11.699118376734448,1,7,5
2012-05-16 08:00:00,2,0,1,1,23.78,27.275,83,12.544517120931367,1,8,5
2012-05-16 09:00:00,2,0,1,2,24.6,28.79,78,8.9981,0,9,5
2012-05-16 10:00:00,2,0,1,1,27.06,31.06,61,14.32960550324858,1,10,5
2012-05-16 11:00:00,2,0,1,1,28.7,32.575,54,8.9981,0,11,5
2012-05-16 12:00:00,2,0,1,1,28.7,32.575,54,12.998,0,12,5
2012-05-16 13:00:00,2,0,1,1,29.52,32.575,42,15.354267182706247,1,13,5
2012-05-16 14:00:00,2,0,1,1,29.52,32.575,42,6.0032,0,14,5
2012-05-16 15:00:00,2,0,1,2,29.52,33.335,48,7.0015,0,15,5
2012-05-16 16:00:00,2,0,1,1,29.52,32.575,45,7.0015,0,16,5
2012-05-16 17:00:00,2,0,1,1,29.52,33.335,51,12.998,0,17,5
2012-05-16 18:00:00,2,0,1,1,29.52,33.335,51,15.0013,0,18,5
2012-05-16 19:00:00,2,0,1,1,28.7,32.575,54,19.0012,0,19,5
2012-05-16 20:00:00,2,0,1,1,27.06,31.06,65,16.9979,0,20,5
2012-05-16 21:00:00,2,0,1,1,26.24,30.305,73,12.998,0,21,5
2012-05-16 22:00:00,2,0,1,1,26.24,30.305,73,11.0014,0,22,5
2012-05-16 23:00:00,2,0,1,1,25.42,29.545,78,7.0015,0,23,5
2012-05-17 00:00:00,2,0,1,1,24.6,28.79,78,8.9981,0,0,5
2012-05-17 01:00:00,2,0,1,1,24.6,28.03,83,11.0014,0,1,5
2012-05-17 02:00:00,2,0,1,1,24.6,28.79,78,11.0014,0,2,5
2012-05-17 03:00:00,2,0,1,1,24.6,29.545,73,16.9979,0,3,5
2012-05-17 04:00:00,2,0,1,1,24.6,30.305,64,22.0028,0,4,5
2012-05-17 05:00:00,2,0,1,1,22.96,26.515,68,22.0028,0,5,5
2012-05-17 06:00:00,2,0,1,1,22.14,25.76,73,23.9994,0,6,5
2012-05-17 07:00:00,2,0,1,1,22.14,25.76,73,26.0027,0,7,5
2012-05-17 08:00:00,2,0,1,1,21.32,25.0,55,30.0026,0,8,5
2012-05-17 09:00:00,2,0,1,1,22.14,25.76,52,27.9993,0,9,5
2012-05-17 10:00:00,2,0,1,1,22.96,26.515,52,16.9979,0,10,5
2012-05-17 11:00:00,2,0,1,1,23.78,27.275,49,15.0013,0,11,5
2012-05-17 12:00:00,2,0,1,1,24.6,31.06,43,12.998,0,12,5
2012-05-17 13:00:00,2,0,1,1,25.42,31.06,41,12.998,0,13,5
2012-05-17 14:00:00,2,0,1,1,26.24,31.06,38,12.998,0,14,5
2012-05-17 15:00:00,2,0,1,1,26.24,31.06,36,16.9979,0,15,5
2012-05-17 16:00:00,2,0,1,1,27.06,31.06,31,12.998,0,16,5
2012-05-17 17:00:00,2,0,1,1,27.06,31.06,31,8.9981,0,17,5
2012-05-17 18:00:00,2,0,1,1,27.06,31.06,27,11.0014,0,18,5
2012-05-17 19:00:00,2,0,1,1,26.24,31.06,31,12.998,0,19,5
2012-05-17 20:00:00,2,0,1,1,24.6,31.06,40,12.998,0,20,5
2012-05-17 21:00:00,2,0,1,1,23.78,27.275,40,7.0015,0,21,5
2012-05-17 22:00:00,2,0,1,1,22.96,26.515,43,6.0032,0,22,5
2012-05-17 23:00:00,2,0,1,1,22.14,25.76,49,8.9981,0,23,5
2012-05-18 00:00:00,2,0,1,1,21.32,25.0,59,7.0015,0,0,5
2012-05-18 01:00:00,2,0,1,1,20.5,24.24,59,6.0032,0,1,5
2012-05-18 02:00:00,2,0,1,1,19.68,23.485,67,8.9981,0,2,5
2012-05-18 03:00:00,2,0,1,1,18.86,22.725,72,6.0032,0,3,5
2012-05-18 04:00:00,2,0,1,1,18.86,22.725,77,11.0014,0,4,5
2012-05-18 05:00:00,2,0,1,1,18.86,22.725,77,7.0015,0,5,5
2012-05-18 06:00:00,2,0,1,1,18.04,21.97,77,8.9981,0,6,5
2012-05-18 07:00:00,2,0,1,1,18.86,22.725,82,7.0015,0,7,5
2012-05-18 08:00:00,2,0,1,1,21.32,25.0,59,8.9981,0,8,5
2012-05-18 09:00:00,2,0,1,1,22.96,26.515,56,7.0015,0,9,5
2012-05-18 10:00:00,2,0,1,1,24.6,31.06,46,8.9981,0,10,5
2012-05-18 11:00:00,2,0,1,1,25.42,31.06,43,15.774493654446012,1,11,5
2012-05-18 12:00:00,2,0,1,1,25.42,31.06,41,12.998,0,12,5
2012-05-18 13:00:00,2,0,1,1,26.24,31.06,36,11.0014,0,13,5
2012-05-18 14:00:00,2,0,1,1,27.06,31.06,34,8.9981,0,14,5
2012-05-18 15:00:00,2,0,1,1,27.06,31.06,36,12.998,0,15,5
2012-05-18 16:00:00,2,0,1,1,27.06,31.06,34,16.9979,0,16,5
2012-05-18 17:00:00,2,0,1,1,27.06,31.06,34,8.9981,0,17,5
2012-05-18 18:00:00,2,0,1,1,26.24,31.06,38,15.0013,0,18,5
2012-05-18 19:00:00,2,0,1,1,25.42,31.06,41,12.998,0,19,5
2012-05-18 20:00:00,2,0,1,1,25.42,31.06,41,11.0014,0,20,5
2012-05-18 21:00:00,2,0,1,1,24.6,31.06,40,14.275696286828442,1,21,5
2012-05-18 22:00:00,2,0,1,1,22.96,26.515,52,22.0028,0,22,5
2012-05-18 23:00:00,2,0,1,1,21.32,25.0,55,12.290479022248801,1,23,5
2012-05-19 00:00:00,2,0,0,1,21.32,25.0,48,7.0015,0,0,5
2012-05-19 01:00:00,2,0,0,1,20.5,24.24,48,13.905426422004927,1,1,5
2012-05-19 02:00:00,2,0,0,1,20.5,24.24,51,7.0015,0,2,5
2012-05-19 03:00:00,2,0,0,1,20.5,24.24,48,7.0015,0,3,5
2012-05-19 04:00:00,2,0,0,1,19.68,23.485,59,6.0032,0,4,5
2012-05-19 05:00:00,2,0,0,1,18.86,22.725,67,11.788020167634643,1,5,5
2012-05-19 06:00:00,2,0,0,1,18.04,21.97,72,6.0032,0,6,5
2012-05-19 07:00:00,2,0,0,1,18.86,22.725,67,7.0015,0,7,5
2012-05-19 08:00:00,2,0,0,1,21.32,25.0,52,11.0014,0,8,5
2012-05-19 09:00:00,2,0,0,1,22.96,26.515,43,11.0014,0,9,5
2012-05-19 10:00:00,2,0,0,1,22.96,26.515,43,16.152613476798678,1,10,5
2012-05-19 11:00:00,2,0,0,1,25.42,31.06,38,6.0032,0,11,5
2012-05-19 12:00:00,2,0,0,1,27.06,31.06,36,16.443953045722367,1,12,5
2012-05-19 13:00:00,2,0,0,1,28.7,31.82,37,8.9981,0,13,5
2012-05-19 14:00:00,2,0,0,1,29.52,32.575,30,6.0032,0,14,5
2012-05-19 15:00:00,2,0,0,1,29.52,32.575,30,7.0015,0,15,5
2012-05-19 16:00:00,2,0,0,1,30.34,32.575,30,7.0015,0,16,5
2012-05-19 17:00:00,2,0,0,1,30.34,32.575,30,6.0032,0,17,5
2012-05-19 18:00:00,2,0,0,1,30.34,32.575,33,6.0032,0,18,5
2012-05-19 19:00:00,2,0,0,1,28.7,31.82,39,8.9981,0,19,5
2012-05-19 20:00:00,2,0,0,1,27.88,31.82,41,6.0032,0,20,5
2012-05-19 21:00:00,2,0,0,1,26.24,31.06,50,14.208894753982337,1,21,5
2012-05-19 22:00:00,2,0,0,1,26.24,31.06,47,13.894300328464121,1,22,5
2012-05-19 23:00:00,2,0,0,1,24.6,31.06,56,11.0014,0,23,5
2012-06-01 00:00:00,2,0,1,1,27.06,31.06,50,16.9979,0,0,6
2012-06-01 01:00:00,2,0,1,1,26.24,31.06,53,15.0013,0,1,6
2012-06-01 02:00:00,2,0,1,1,26.24,31.06,57,15.0013,0,2,6
2012-06-01 03:00:00,2,0,1,2,25.42,29.545,73,6.0032,0,3,6
2012-06-01 04:00:00,2,0,1,2,25.42,29.545,73,6.0032,0,4,6
2012-06-01 05:00:00,2,0,1,2,25.42,29.545,78,6.0032,0,5,6
2012-06-01 06:00:00,2,0,1,3,25.42,28.03,88,8.9981,0,6,6
2012-06-01 07:00:00,2,0,1,2,26.24,28.79,89,12.998,0,7,6
2012-06-01 08:00:00,2,0,1,2,26.24,28.79,89,12.998,0,8,6
2012-06-01 09:00:00,2,0,1,2,26.24,28.79,83,15.0013,0,9,6
2012-06-01 10:00:00,2,0,1,2,27.06,30.305,78,19.0012,0,10,6
2012-06-01 11:00:00,2,0,1,2,28.7,33.335,74,19.0012,0,11,6
2012-06-01 12:00:00,2,0,1,2,28.7,33.335,74,23.9994,0,12,6
2012-06-01 13:00:00,2,0,1,1,29.52,34.09,70,19.9995,0,13,6
2012-06-01 14:00:00,2,0,1,3,29.52,34.09,66,19.0012,0,14,6
2012-06-01 15:00:00,2,0,1,3,29.52,34.09,66,19.0012,0,15,6
2012-06-01 16:00:00,2,0,1,3,30.34,34.09,58,30.0026,0,16,6
2012-06-01 17:00:00,2,0,1,3,28.7,32.575,70,16.9979,0,17,6
2012-06-01 18:00:00,2,0,1,3,25.42,28.03,88,23.9994,0,18,6
2012-06-01 19:00:00,2,0,1,3,25.42,28.03,88,23.9994,0,19,6
2012-06-01 20:00:00,2,0,1,3,25.42,27.275,94,16.9979,0,20,6
2012-06-01 21:00:00,2,0,1,3,26.24,29.545,78,16.9979,0,21,6
2012-06-01 22:00:00,2,0,1,3,24.6,27.275,88,8.9981,0,22,6
2012-06-01 23:00:00,2,0,1,3,24.6,27.275,88,8.9981,0,23,6
2012-06-02 00:00:00,2,0,0,2,22.96,26.515,83,8.9981,0,0,6
2012-06-02 01:00:00,2,0,0,2,22.96,26.515,83,7.0015,0,1,6
2012-06-02 02:00:00,2,0,0,2,22.14,25.76,88,10.018908858434951,1,2,6
2012-06-02 03:00:00,2,0,0,1,22.96,26.515,73,16.9979,0,3,6
2012-06-02 04:00:00,2,0,0,1,22.14,25.76,68,19.0012,0,4,6
2012-06-02 05:00:00,2,0,0,1,20.5,24.24,72,12.998,0,5,6
2012-06-02 06:00:00,2,0,0,2,20.5,24.24,77,12.998,0,6,6
2012-06-02 07:00:00,2,0,0,1,21.32,25.0,72,7.0015,0,7,6
2012-06-02 08:00:00,2,0,0,1,22.14,25.76,64,11.0014,0,8,6
2012-06-02 09:00:00,2,0,0,1,22.96,26.515,60,16.9979,0,9,6
2012-06-02 10:00:00,2,0,0,1,24.6,31.06,53,19.9995,0,10,6
2012-06-02 11:00:00,2,0,0,1,23.78,27.275,46,19.0012,0,11,6
2012-06-02 12:00:00,2,0,0,1,25.42,31.06,43,23.9994,0,12,6
2012-06-02 13:00:00,2,0,0,1,25.42,31.06,41,16.9979,0,13,6
2012-06-02 14:00:00,2,0,0,1,26.24,31.06,38,19.9995,0,14,6
2012-06-02 15:00:00,2,0,0,1,26.24,31.06,38,16.9979,0,15,6
2012-06-02 16:00:00,2,0,0,1,26.24,31.06,38,16.9979,0,16,6
2012-06-02 17:00:00,2,0,0,1,26.24,31.06,36,16.887817719554803,1,17,6
2012-06-02 18:00:00,2,0,0,1,26.24,31.06,36,16.84296474681256,1,18,6
2012-06-02 19:00:00,2,0,0,1,26.24,31.06,36,11.0014,0,19,6
2012-06-02 20:00:00,2,0,0,1,25.42,31.06,35,19.0012,0,20,6
2012-06-02 21:00:00,2,0,0,1,24.6,31.06,40,7.0015,0,21,6
2012-06-02 22:00:00,2,0,0,1,23.78,27.275,46,8.9981,0,22,6
2012-06-02 23:00:00,2,0,0,1,22.96,26.515,52,7.0015,0,23,6
2012-06-03 00:00:00,2,0,0,1,22.14,25.76,60,11.0014,0,0,6
2012-06-03 01:00:00,2,0,0,1,22.14,25.76,56,8.9981,0,1,6
2012-06-03 02:00:00,2,0,0,1,21.32,25.0,59,7.0015,0,2,6
2012-06-03 03:00:00,2,0,0,1,21.32,25.0,63,7.0015,0,3,6
2012-06-03 04:00:00,2,0,0,1,20.5,24.24,72,6.0032,0,4,6
2012-06-03 05:00:00,2,0,0,1,20.5,24.24,68,11.926889781004125,1,5,6
2012-06-03 06:00:00,2,0,0,1,18.86,22.725,82,7.0015,0,6,6
2012-06-03 07:00:00,2,0,0,1,20.5,24.24,68,7.0015,0,7,6
2012-06-03 08:00:00,2,0,0,1,22.14,25.76,60,6.0032,0,8,6
2012-06-03 09:00:00,2,0,0,1,24.6,31.06,46,12.998,0,9,6
2012-06-03 10:00:00,2,0,0,1,25.42,31.06,43,15.0013,0,10,6
2012-06-03 11:00:00,2,0,0,1,26.24,31.06,41,16.9979,0,11,6
2012-06-03 12:00:00,2,0,0,1,27.06,31.06,39,19.9995,0,12,6
2012-06-03 13:00:00,2,0,0,1,27.88,31.82,36,19.0012,0,13,6
2012-06-03 14:00:00,2,0,0,1,27.88,31.82,36,22.0028,0,14,6
2012-06-03 15:00:00,2,0,0,1,28.7,31.82,34,16.771746694634167,1,15,6
2012-06-03 16:00:00,2,0,0,1,28.7,31.82,34,19.9995,0,16,6
2012-06-03 17:00:00,2,0,0,1,28.7,31.82,34,16.9979,0,17,6
2012-06-03 18:00:00,2,0,0,1,28.7,31.82,34,16.9979,0,18,6
2012-06-03 19:00:00,2,0,0,1,27.88,31.82,34,19.0012,0,19,6
2012-06-03 20:00:00,2,0,0,1,27.06,31.06,39,12.998,0,20,6
2012-06-03 21:00:00,2,0,0,1,25.42,31.06,43,11.0014,0,21,6
2012-06-03 22:00:00,2,0,0,1,25.42,31.06,50,26.0027,0,22,6
2012-06-03 23:00:00,2,0,0,1,23.78,27.275,53,7.0015,0,23,6
2012-06-04 00:00:00,2,0,1,1,23.78,27.275,53,14.130420596831614,1,0,6
2012-06-04 01:00:00,2,0,1,3,22.96,26.515,60,11.0014,0,1,6
2012-06-04 02:00:00,2,0,1,1,22.96,26.515,60,15.0013,0,2,6
2012-06-04 03:00:00,2,0,1,2,22.96,26.515,60,11.0014,0,3,6
2012-06-04 04:00:00,2,0,1,1,22.14,25.76,64,6.0032,0,4,6
2012-06-04 05:00:00,2,0,1,1,21.32,25.0,68,11.950003636863475,1,5,6
2012-06-04 06:00:00,2,0,1,1,21.32,25.0,68,11.862935514805237,1,6,6
2012-06-04 07:00:00,2,0,1,1,22.96,26.515,60,15.0013,0,7,6
2012-06-04 08:00:00,2,0,1,1,24.6,31.06,49,15.0013,0,8,6
2012-06-04 09:00:00,2,0,1,1,25.42,31.06,43,19.0012,0,9,6
2012-06-04 10:00:00,2,0,1,1,26.24,31.06,41,31.0009,0,10,6
2012-06-04 11:00:00,2,0,1,1,26.24,31.06,38,32.9975,0,11,6
2012-06-04 12:00:00,2,0,1,1,26.24,31.06,41,30.0026,0,12,6
2012-06-04 13:00:00,2,0,1,1,26.24,31.06,41,23.9994,0,13,6
2012-06-04 14:00:00,2,0,1,1,25.42,31.06,41,32.9975,0,14,6
2012-06-04 15:00:00,2,0,1,1,27.06,31.06,39,19.9995,0,15,6
2012-06-04 16:00:00,2,0,1,1,27.06,31.06,39,31.0009,0,16,6
2012-06-04 17:00:00,2,0,1,1,26.24,31.06,38,30.0026,0,17,6
2012-06-04 18:00:00,2,0,1,1,26.24,31.06,38,26.0027,0,18,6
2012-06-04 19:00:00,2,0,1,1,25.42,31.06,38,27.9993,0,19,6
2012-06-04 20:00:00,2,0,1,1,24.6,31.06,40,23.9994,0,20,6
2012-06-04 21:00:00,2,0,1,1,23.78,27.275,49,16.9979,0,21,6
2012-06-04 22:00:00,2,0,1,1,22.96,26.515,52,19.0012,0,22,6
2012-06-04 23:00:00,2,0,1,1,23.78,27.275,49,19.9995,0,23,6
2012-06-05 00:00:00,2,0,1,1,22.14,25.76,68,27.9993,0,0,6
2012-06-05 01:00:00,2,0,1,2,21.32,25.0,77,22.0028,0,1,6
2012-06-05 02:00:00,2,0,1,3,21.32,25.0,72,19.9995,0,2,6
2012-06-05 03:00:00,2,0,1,3,20.5,24.24,82,12.998,0,3,6
2012-06-05 04:00:00,2,0,1,3,20.5,24.24,82,12.998,0,4,6
2012-06-05 05:00:00,2,0,1,3,19.68,23.485,82,11.0014,0,5,6
2012-06-05 06:00:00,2,0,1,1,19.68,23.485,82,16.9979,0,6,6
2012-06-05 07:00:00,2,0,1,1,19.68,23.485,77,19.9995,0,7,6
2012-06-05 08:00:00,2,0,1,2,19.68,23.485,77,15.0013,0,8,6
2012-06-05 09:00:00,2,0,1,2,21.32,25.0,72,16.9979,0,9,6
2012-06-05 10:00:00,2,0,1,2,21.32,25.0,63,19.9995,0,10,6
2012-06-05 11:00:00,2,0,1,2,22.96,26.515,56,12.998,0,11,6
2012-06-05 12:00:00,2,0,1,2,22.14,25.76,56,15.0013,0,12,6
2012-06-05 13:00:00,2,0,1,2,24.6,31.06,46,11.0014,0,13,6
2012-06-05 14:00:00,2,0,1,2,23.78,27.275,46,11.0014,0,14,6
2012-06-05 15:00:00,2,0,1,2,23.78,27.275,46,8.9981,0,15,6
2012-06-05 16:00:00,2,0,1,1,24.6,31.06,43,12.998,0,16,6
2012-06-05 17:00:00,2,0,1,1,24.6,31.06,43,15.89723458209404,1,17,6
2012-06-05 18:00:00,2,0,1,1,24.6,31.06,43,12.998,0,18,6
2012-06-05 19:00:00,2,0,1,1,23.78,27.275,46,16.9979,0,19,6
2012-06-05 20:00:00,2,0,1,1,22.96,26.515,49,15.0013,0,20,6
2012-06-05 21:00:00,2,0,1,1,22.14,25.76,56,11.0014,0,21,6
2012-06-05 22:00:00,2,0,1,1,22.96,26.515,52,7.0015,0,22,6
2012-06-05 23:00:00,2,0,1,1,22.14,25.76,56,6.0032,0,23,6
2012-06-06 00:00:00,2,0,1,1,21.32,25.0,59,6.0032,0,0,6
2012-06-06 01:00:00,2,0,1,1,21.32,25.0,68,11.865429255352101,1,1,6
2012-06-06 02:00:00,2,0,1,1,20.5,24.24,68,11.812006428333309,1,2,6
2012-06-06 03:00:00,2,0,1,1,18.86,22.725,82,9.951537358803144,1,3,6
2012-06-06 04:00:00,2,0,1,1,18.86,22.725,82,7.0015,0,4,6
2012-06-06 05:00:00,2,0,1,1,19.68,23.485,77,10.322261527248259,1,5,6
2012-06-06 06:00:00,2,0,1,1,19.68,23.485,77,10.361096270500822,1,6,6
2012-06-06 07:00:00,2,0,1,1,20.5,24.24,72,11.362506344614483,1,7,6
2012-06-06 08:00:00,2,0,1,1,22.14,25.76,68,12.683441269440586,1,8,6
2012-06-06 09:00:00,2,0,1,1,22.96,26.515,60,6.0032,0,9,6
2012-06-06 10:00:00,2,0,1,1,24.6,31.06,46,6.0032,0,10,6
2012-06-06 11:00:00,2,0,1,1,25.42,31.06,43,6.0032,0,11,6
2012-06-06 12:00:00,2,0,1,1,25.42,31.06,38,17.254447310631893,1,12,6
2012-06-06 13:00:00,2,0,1,1,25.42,31.06,41,6.0032,0,13,6
2012-06-06 14:00:00,2,0,1,1,26.24,31.06,38,17.03604624262006,1,14,6
2012-06-06 15:00:00,2,0,1,1,26.24,31.06,38,16.977326820005423,1,15,6
2012-06-06 16:00:00,2,0,1,1,26.24,31.06,41,8.9981,0,16,6
2012-06-06 17:00:00,2,0,1,1,25.42,31.06,43,8.9981,0,17,6
2012-06-06 18:00:00,2,0,1,3,24.6,31.06,53,12.998,0,18,6
2012-06-06 19:00:00,2,0,1,1,22.96,26.515,73,19.9995,0,19,6
2012-06-06 20:00:00,2,0,1,1,22.14,25.76,73,19.0012,0,20,6
2012-06-06 21:00:00,2,0,1,1,22.14,25.76,73,11.0014,0,21,6
2012-06-06 22:00:00,2,0,1,1,21.32,25.0,77,6.0032,0,22,6
2012-06-06 23:00:00,2,0,1,1,21.32,25.0,77,11.04165927405188,1,23,6
2012-06-07 00:00:00,2,0,1,1,21.32,25.0,77,8.9981,0,0,6
2012-06-07 01:00:00,2,0,1,1,21.32,25.0,77,11.0014,0,1,6
2012-06-07 02:00:00,2,0,1,1,21.32,25.0,77,6.0032,0,2,6
2012-06-07 03:00:00,2,0,1,1,20.5,24.24,77,7.0015,0,3,6
2012-06-07 04:00:00,2,0,1,1,18.86,22.725,88,7.0015,0,4,6
2012-06-07 05:00:00,2,0,1,1,19.68,23.485,82,6.0032,0,5,6
2012-06-07 06:00:00,2,0,1,1,18.86,22.725,88,7.0015,0,6,6
2012-06-07 07:00:00,2,0,1,1,20.5,24.24,82,11.0014,0,7,6
2012-06-07 08:00:00,2,0,1,1,21.32,25.0,77,12.323775459111856,1,8,6
2012-06-07 09:00:00,2,0,1,1,23.78,27.275,68,13.081149333189703,1,9,6
2012-06-07 10:00:00,2,0,1,1,24.6,30.305,64,6.0032,0,10,6
2012-06-07 11:00:00,2,0,1,1,27.06,31.06,47,15.0013,0,11,6
2012-06-07 12:00:00,2,0,1,1,28.7,31.82,42,15.727415008173208,1,12,6
2012-06-07 13:00:00,2,0,1,1,28.7,31.82,37,19.0012,0,13,6
2012-06-07 14:00:00,2,0,1,1,29.52,32.575,37,16.9979,0,14,6
2012-06-07 15:00:00,2,0,1,1,30.34,32.575,30,16.952453873502858,1,15,6
2012-06-07 16:00:00,2,0,1,1,29.52,32.575,34,15.0013,0,16,6
2012-06-07 17:00:00,2,0,1,1,29.52,32.575,34,16.9979,0,17,6
2012-06-07 18:00:00,2,0,1,1,28.7,31.82,34,19.0012,0,18,6
2012-06-07 19:00:00,2,0,1,1,28.7,31.82,34,19.0012,0,19,6
2012-06-07 20:00:00,2,0,1,1,27.06,31.06,36,19.9995,0,20,6
2012-06-07 21:00:00,2,0,1,1,25.42,31.06,41,22.0028,0,21,6
2012-06-07 22:00:00,2,0,1,1,24.6,31.06,46,11.0014,0,22,6
2012-06-07 23:00:00,2,0,1,1,22.96,26.515,52,8.9981,0,23,6
2012-06-08 00:00:00,2,0,1,1,22.96,26.515,56,11.0014,0,0,6
2012-06-08 01:00:00,2,0,1,1,22.96,26.515,56,11.0014,0,1,6
2012-06-08 02:00:00,2,0,1,1,22.96,26.515,56,12.240400609485418,1,2,6
2012-06-08 03:00:00,2,0,1,1,22.14,25.76,60,6.0032,0,3,6
2012-06-08 04:00:00,2,0,1,1,21.32,25.0,63,12.841241957822657,1,4,6
2012-06-08 05:00:00,2,0,1,1,20.5,24.24,72,7.0015,0,5,6
2012-06-08 06:00:00,2,0,1,1,21.32,25.0,68,6.0032,0,6,6
2012-06-08 07:00:00,2,0,1,1,21.32,25.0,72,7.0015,0,7,6
2012-06-08 08:00:00,2,0,1,1,23.78,27.275,60,6.0032,0,8,6
2012-06-08 09:00:00,2,0,1,1,25.42,31.06,53,11.0014,0,9,6
2012-06-08 10:00:00,2,0,1,1,27.06,31.06,47,16.9979,0,10,6
2012-06-08 11:00:00,2,0,1,1,28.7,31.82,42,16.9979,0,11,6
2012-06-08 12:00:00,2,0,1,1,29.52,32.575,39,22.0028,0,12,6
2012-06-08 13:00:00,2,0,1,1,30.34,32.575,37,16.9979,0,13,6
2012-06-08 14:00:00,2,0,1,1,31.16,33.335,31,26.0027,0,14,6
2012-06-08 15:00:00,2,0,1,1,31.16,33.335,29,19.0012,0,15,6
2012-06-08 16:00:00,2,0,1,1,31.16,33.335,29,19.9995,0,16,6
2012-06-08 17:00:00,2,0,1,1,31.16,33.335,29,12.998,0,17,6
2012-06-08 18:00:00,2,0,1,1,31.16,33.335,27,15.0013,0,18,6
2012-06-08 19:00:00,2,0,1,1,30.34,32.575,30,15.0013,0,19,6
2012-06-08 20:00:00,2,0,1,1,29.52,32.575,32,8.9981,0,20,6
2012-06-08 21:00:00,2,0,1,1,28.7,31.82,37,8.9981,0,21,6
2012-06-08 22:00:00,2,0,1,1,27.88,31.82,41,7.0015,0,22,6
2012-06-08 23:00:00,2,0,1,1,26.24,31.06,57,11.0014,0,23,6
2012-06-09 00:00:00,2,0,0,1,26.24,31.06,53,7.0015,0,0,6
2012-06-09 01:00:00,2,0,0,1,26.24,31.06,53,6.0032,0,1,6
2012-06-09 02:00:00,2,0,0,1,26.24,31.06,50,15.0013,0,2,6
2012-06-09 03:00:00,2,0,0,1,25.42,31.06,57,12.258408832031435,1,3,6
2012-06-09 04:00:00,2,0,0,1,25.42,31.06,57,12.214637314065792,1,4,6
2012-06-09 05:00:00,2,0,0,1,24.6,31.06,56,7.0015,0,5,6
2012-06-09 06:00:00,2,0,0,1,22.96,26.515,64,7.0015,0,6,6
2012-06-09 07:00:00,2,0,0,1,23.78,27.275,64,7.0015,0,7,6
2012-06-09 08:00:00,2,0,0,1,25.42,30.305,61,7.0015,0,8,6
2012-06-09 09:00:00,2,0,0,1,26.24,31.06,57,11.0014,0,9,6
2012-06-09 10:00:00,2,0,0,1,28.7,32.575,51,7.0015,0,10,6
2012-06-09 11:00:00,2,0,0,1,31.16,33.335,35,15.660329114126483,1,11,6
2012-06-09 12:00:00,2,0,0,1,32.8,34.85,29,16.9979,0,12,6
2012-06-09 13:00:00,2,0,0,1,33.62,34.85,24,19.0012,0,13,6
2012-06-09 14:00:00,2,0,0,1,33.62,34.85,23,12.998,0,14,6
2012-06-09 15:00:00,2,0,0,1,34.44,35.605,20,19.9995,0,15,6
2012-06-09 16:00:00,2,0,0,1,33.62,34.85,24,12.998,0,16,6
2012-06-09 17:00:00,2,0,0,1,34.44,35.605,24,18.29575124742652,1,17,6
2012-06-09 18:00:00,2,0,0,1,33.62,34.85,24,15.0013,0,18,6
2012-06-09 19:00:00,2,0,0,1,32.8,34.85,29,11.0014,0,19,6
2012-06-09 20:00:00,2,0,0,1,31.16,33.335,35,15.0013,0,20,6
2012-06-09 21:00:00,2,0,0,1,30.34,32.575,40,12.998,0,21,6
2012-06-09 22:00:00,2,0,0,1,28.7,32.575,58,11.0014,0,22,6
2012-06-09 23:00:00,2,0,0,1,27.88,31.82,61,11.0014,0,23,6
2012-06-10 00:00:00,2,0,0,1,27.06,31.06,69,7.0015,0,0,6
2012-06-10 01:00:00,2,0,0,1,26.24,30.305,73,8.9981,0,1,6
2012-06-10 02:00:00,2,0,0,1,26.24,30.305,69,8.9981,0,2,6
2012-06-10 03:00:00,2,0,0,1,26.24,30.305,73,7.0015,0,3,6
2012-06-10 04:00:00,2,0,0,1,25.42,29.545,78,6.0032,0,4,6
2012-06-10 05:00:00,2,0,0,1,25.42,30.305,69,6.0032,0,5,6
2012-06-10 06:00:00,2,0,0,1,25.42,29.545,73,10.422836210751734,1,6,6
2012-06-10 07:00:00,2,0,0,1,24.6,28.79,78,7.0015,0,7,6
2012-06-10 08:00:00,2,0,0,1,26.24,30.305,73,6.0032,0,8,6
2012-06-10 09:00:00,2,0,0,1,28.7,32.575,58,13.450033332342965,1,9,6
2012-06-10 10:00:00,2,0,0,1,31.16,34.09,40,7.0015,0,10,6
2012-06-10 11:00:00,2,0,0,1,31.16,34.09,45,6.0032,0,11,6
2012-06-10 12:00:00,2,0,0,1,33.62,35.605,30,16.108456876337286,1,12,6
2012-06-10 13:00:00,2,0,0,1,34.44,36.365,28,8.9981,0,13,6
2012-06-10 14:00:00,2,0,0,1,34.44,36.365,30,8.9981,0,14,6
2012-06-10 15:00:00,2,0,0,1,34.44,36.365,30,15.0013,0,15,6
2012-06-10 16:00:00,2,0,0,1,34.44,37.12,36,19.0012,0,16,6
2012-06-10 17:00:00,2,0,0,1,33.62,37.12,41,19.0012,0,17,6
2012-06-10 18:00:00,2,0,0,1,33.62,36.365,38,15.0013,0,18,6
2012-06-10 19:00:00,2,0,0,1,33.62,35.605,28,19.0012,0,19,6
2012-06-10 20:00:00,2,0,0,1,31.16,34.09,48,11.0014,0,20,6
2012-06-10 21:00:00,2,0,0,1,29.52,34.09,62,11.0014,0,21,6
2012-06-10 22:00:00,2,0,0,1,28.7,32.575,65,11.0014,0,22,6
2012-06-10 23:00:00,2,0,0,1,29.52,33.335,58,7.0015,0,23,6
2012-06-11 00:00:00,2,0,1,1,28.7,32.575,65,7.0015,0,0,6
2012-06-11 01:00:00,2,0,1,1,27.06,31.06,74,11.0014,0,1,6
2012-06-11 02:00:00,2,0,1,1,27.06,31.06,74,7.0015,0,2,6
2012-06-11 03:00:00,2,0,1,1,26.24,29.545,78,7.0015,0,3,6
2012-06-11 04:00:00,2,0,1,1,26.24,29.545,78,8.9981,0,4,6
2012-06-11 05:00:00,2,0,1,1,26.24,29.545,78,8.9981,0,5,6
2012-06-11 06:00:00,2,0,1,1,25.42,28.79,83,7.0015,0,6,6
2012-06-11 07:00:00,2,0,1,1,26.24,29.545,78,7.0015,0,7,6
2012-06-11 08:00:00,2,0,1,1,27.06,31.06,74,8.9981,0,8,6
2012-06-11 09:00:00,2,0,1,1,28.7,32.575,65,8.9981,0,9,6
2012-06-11 10:00:00,2,0,1,1,29.52,34.09,62,11.0014,0,10,6
2012-06-11 11:00:00,2,0,1,2,31.16,34.09,48,15.0013,0,11,6
2012-06-11 12:00:00,2,0,1,2,32.8,36.365,43,12.998,0,12,6
2012-06-11 13:00:00,2,0,1,2,32.8,35.605,41,19.9995,0,13,6
2012-06-11 14:00:00,2,0,1,2,33.62,36.365,34,19.0012,0,14,6
2012-06-11 15:00:00,2,0,1,1,32.8,35.605,41,23.9994,0,15,6
2012-06-11 16:00:00,2,0,1,2,32.8,35.605,41,27.9993,0,16,6
2012-06-11 17:00:00,2,0,1,2,32.8,35.605,41,23.9994,0,17,6
2012-06-11 18:00:00,2,0,1,2,32.8,36.365,43,19.9995,0,18,6
2012-06-11 19:00:00,2,0,1,2,31.16,34.09,48,22.0028,0,19,6
2012-06-11 20:00:00,2,0,1,2,30.34,33.335,48,15.0013,0,20,6
2012-06-11 21:00:00,2,0,1,2,29.52,33.335,58,12.998,0,21,6
2012-06-11 22:00:00,2,0,1,2,29.52,33.335,58,12.998,0,22,6
2012-06-11 23:00:00,2,0,1,2,28.7,32.575,58,15.0013,0,23,6
2012-06-12 00:00:00,2,0,1,2,28.7,32.575,58,15.0013,0,0,6
2012-06-12 01:00:00,2,0,1,2,27.88,31.82,65,11.0014,0,1,6
2012-06-12 02:00:00,2,0,1,2,27.88,31.82,65,12.998,0,2,6
2012-06-12 03:00:00,2,0,1,2,27.06,31.06,69,16.9979,0,3,6
2012-06-12 04:00:00,2,0,1,3,24.6,27.275,88,11.0014,0,4,6
2012-06-12 05:00:00,2,0,1,3,24.6,27.275,88,8.9981,0,5,6
2012-06-12 06:00:00,2,0,1,2,24.6,27.275,88,8.9981,0,6,6
2012-06-12 07:00:00,2,0,1,3,25.42,28.03,88,16.9979,0,7,6
2012-06-12 08:00:00,2,0,1,2,25.42,28.03,88,15.0013,0,8,6
2012-06-12 09:00:00,2,0,1,2,26.24,28.79,89,19.0012,0,9,6
2012-06-12 10:00:00,2,0,1,3,26.24,28.79,89,19.0012,0,10,6
2012-06-12 11:00:00,2,0,1,3,27.06,30.305,83,23.9994,0,11,6
2012-06-12 12:00:00,2,0,1,3,27.06,30.305,83,16.9979,0,12,6
2012-06-12 13:00:00,2,0,1,3,27.06,30.305,83,12.998,0,13,6
2012-06-12 14:00:00,2,0,1,3,26.24,28.79,89,16.9979,0,14,6
2012-06-12 15:00:00,2,0,1,3,27.06,29.545,89,12.998,0,15,6
2012-06-12 16:00:00,2,0,1,2,27.06,29.545,89,19.0012,0,16,6
2012-06-12 17:00:00,2,0,1,2,27.06,29.545,89,19.0012,0,17,6
2012-06-12 18:00:00,2,0,1,1,27.88,31.82,83,12.998,0,18,6
2012-06-12 19:00:00,2,0,1,1,27.88,31.82,83,12.998,0,19,6
2012-06-12 20:00:00,2,0,1,1,27.88,31.82,83,12.998,0,20,6
2012-06-12 21:00:00,2,0,1,1,27.88,31.82,83,7.0015,0,21,6
2012-06-12 22:00:00,2,0,1,1,27.06,29.545,94,7.0015,0,22,6
2012-06-12 23:00:00,2,0,1,3,27.06,29.545,94,15.0013,0,23,6
2012-06-13 00:00:00,2,0,1,2,27.06,29.545,94,12.998,0,0,6
2012-06-13 01:00:00,2,0,1,1,26.24,29.545,78,10.261165165969059,1,1,6
2012-06-13 02:00:00,2,0,1,1,25.42,28.79,83,8.9981,0,2,6
2012-06-13 03:00:00,2,0,1,1,25.42,28.79,83,12.998,0,3,6
2012-06-13 04:00:00,2,0,1,1,24.6,28.03,83,8.9981,0,4,6
2012-06-13 05:00:00,2,0,1,1,24.6,28.03,83,12.998,0,5,6
2012-06-13 06:00:00,2,0,1,1,24.6,28.03,83,15.0013,0,6,6
2012-06-13 07:00:00,2,0,1,1,24.6,28.03,83,19.9995,0,7,6
2012-06-13 08:00:00,2,0,1,2,25.42,29.545,73,35.0008,0,8,6
2012-06-13 09:00:00,2,0,1,2,26.24,30.305,69,39.0007,0,9,6
2012-06-13 10:00:00,2,0,1,2,26.24,30.305,65,27.9993,0,10,6
2012-06-13 11:00:00,2,0,1,2,27.06,31.06,54,30.0026,0,11,6
2012-06-13 12:00:00,2,0,1,2,27.88,31.82,44,27.9993,0,12,6
2012-06-13 13:00:00,2,0,1,2,28.7,31.82,45,26.0027,0,13,6
2012-06-13 14:00:00,2,0,1,2,29.52,32.575,37,27.9993,0,14,6
2012-06-13 15:00:00,2,0,1,1,29.52,32.575,32,32.9975,0,15,6
2012-06-13 16:00:00,2,0,1,1,29.52,32.575,30,32.9975,0,16,6
2012-06-13 17:00:00,2,0,1,1,29.52,32.575,32,32.9975,0,17,6
2012-06-13 18:00:00,2,0,1,1,29.52,32.575,32,30.0026,0,18,6
2012-06-13 19:00:00,2,0,1,1,28.7,31.82,34,26.0027,0,19,6
2012-06-13 20:00:00,2,0,1,1,27.88,31.82,36,27.9993,0,20,6
2012-06-13 21:00:00,2,0,1,1,26.24,31.06,44,23.9994,0,21,6
2012-06-13 22:00:00,2,0,1,1,25.42,31.06,50,19.9995,0,22,6
2012-06-13 23:00:00,2,0,1,1,25.42,31.06,50,19.0012,0,23,6
2012-06-14 00:00:00,2,0,1,1,24.6,31.06,53,19.9995,0,0,6
2012-06-14 01:00:00,2,0,1,1,24.6,31.06,56,15.0013,0,1,6
2012-06-14 02:00:00,2,0,1,2,25.42,31.06,53,16.9979,0,2,6
2012-06-14 03:00:00,2,0,1,2,25.42,31.06,53,19.0012,0,3,6
2012-06-14 04:00:00,2,0,1,2,24.6,31.06,56,16.9979,0,4,6
2012-06-14 05:00:00,2,0,1,2,24.6,31.06,56,16.9979,0,5,6
2012-06-14 06:00:00,2,0,1,1,23.78,27.275,60,19.0012,0,6,6
2012-06-14 07:00:00,2,0,1,1,24.6,30.305,60,19.0012,0,7,6
2012-06-14 08:00:00,2,0,1,1,24.6,30.305,64,22.0028,0,8,6
2012-06-14 09:00:00,2,0,1,1,25.42,30.305,61,15.0013,0,9,6
2012-06-14 10:00:00,2,0,1,1,26.24,30.305,65,27.9993,0,10,6
2012-06-14 11:00:00,2,0,1,1,27.06,31.06,57,16.9979,0,11,6
2012-06-14 12:00:00,2,0,1,2,27.06,31.06,61,15.0013,0,12,6
2012-06-14 13:00:00,2,0,1,1,27.88,31.82,57,11.0014,0,13,6
2012-06-14 14:00:00,2,0,1,1,28.7,32.575,54,19.0012,0,14,6
2012-06-14 15:00:00,2,0,1,1,30.34,33.335,48,19.9995,0,15,6
2012-06-14 16:00:00,2,0,1,1,29.52,33.335,51,19.0012,0,16,6
2012-06-14 17:00:00,2,0,1,1,29.52,33.335,48,15.0013,0,17,6
2012-06-14 18:00:00,2,0,1,1,30.34,33.335,42,12.998,0,18,6
2012-06-14 19:00:00,2,0,1,1,28.7,32.575,48,16.9979,0,19,6
2012-06-14 20:00:00,2,0,1,1,27.06,31.06,65,16.9979,0,20,6
2012-06-14 21:00:00,2,0,1,1,26.24,30.305,65,11.0014,0,21,6
2012-06-14 22:00:00,2,0,1,2,26.24,30.305,65,15.0013,0,22,6
2012-06-14 23:00:00,2,0,1,2,25.42,30.305,69,11.0014,0,23,6
2012-06-15 00:00:00,2,0,1,1,24.6,29.545,73,11.0014,0,0,6
2012-06-15 01:00:00,2,0,1,1,23.78,27.275,78,12.998,0,1,6
2012-06-15 02:00:00,2,0,1,1,22.96,26.515,83,7.0015,0,2,6
2012-06-15 03:00:00,2,0,1,1,22.96,26.515,83,11.0014,0,3,6
2012-06-15 04:00:00,2,0,1,1,22.96,26.515,83,11.0014,0,4,6
2012-06-15 05:00:00,2,0,1,1,22.14,25.76,88,7.0015,0,5,6
2012-06-15 06:00:00,2,0,1,1,22.14,25.76,83,8.9981,0,6,6
2012-06-15 07:00:00,2,0,1,1,22.96,26.515,83,11.0014,0,7,6
2012-06-15 08:00:00,2,0,1,1,24.6,29.545,69,11.0014,0,8,6
2012-06-15 09:00:00,2,0,1,1,25.42,30.305,65,11.0014,0,9,6
2012-06-15 10:00:00,2,0,1,1,26.24,31.06,57,11.0014,0,10,6
2012-06-15 11:00:00,2,0,1,1,27.06,31.06,50,12.998,0,11,6
2012-06-15 12:00:00,2,0,1,1,28.7,31.82,45,11.0014,0,12,6
2012-06-15 13:00:00,2,0,1,1,28.7,31.82,42,16.9979,0,13,6
2012-06-15 14:00:00,2,0,1,1,29.52,32.575,39,12.998,0,14,6
2012-06-15 15:00:00,2,0,1,1,29.52,32.575,39,12.998,0,15,6
2012-06-15 16:00:00,2,0,1,1,29.52,32.575,37,12.998,0,16,6
2012-06-15 17:00:00,2,0,1,1,30.34,32.575,37,19.0012,0,17,6
2012-06-15 18:00:00,2,0,1,1,29.52,32.575,39,15.0013,0,18,6
2012-06-15 19:00:00,2,0,1,1,28.7,31.82,42,11.0014,0,19,6
2012-06-15 20:00:00,2,0,1,1,27.88,31.82,44,12.998,0,20,6
2012-06-15 21:00:00,2,0,1,1,27.06,31.06,50,7.0015,0,21,6
2012-06-15 22:00:00,2,0,1,1,26.24,31.06,53,8.9981,0,22,6
2012-06-15 23:00:00,2,0,1,1,25.42,31.06,53,16.9979,0,23,6
2012-06-16 00:00:00,2,0,0,1,23.78,27.275,56,8.9981,0,0,6
2012-06-16 01:00:00,2,0,0,1,22.96,26.515,56,12.270978945747535,1,1,6
2012-06-16 02:00:00,2,0,0,1,23.78,27.275,53,14.454377121965505,1,2,6
2012-06-16 03:00:00,2,0,0,1,22.96,26.515,60,6.0032,0,3,6
2012-06-16 04:00:00,2,0,0,1,22.14,25.76,68,8.9981,0,4,6
2012-06-16 05:00:00,2,0,0,1,22.14,25.76,68,7.0015,0,5,6
2012-06-16 06:00:00,2,0,0,1,22.14,25.76,68,12.998,0,6,6
2012-06-16 07:00:00,2,0,0,1,22.14,25.76,68,12.998,0,7,6
2012-06-16 08:00:00,2,0,0,1,23.78,27.275,64,11.0014,0,8,6
2012-06-16 09:00:00,2,0,0,1,24.6,30.305,60,6.0032,0,9,6
2012-06-16 10:00:00,2,0,0,1,26.24,31.06,47,12.998,0,10,6
2012-06-16 11:00:00,2,0,0,1,27.06,31.06,39,11.0014,0,11,6
2012-06-16 12:00:00,2,0,0,1,27.88,31.82,41,7.0015,0,12,6
2012-06-16 13:00:00,2,0,0,1,29.52,32.575,34,11.0014,0,13,6
2012-06-16 14:00:00,2,0,0,1,29.52,32.575,37,15.0013,0,14,6
2012-06-16 15:00:00,2,0,0,1,30.34,32.575,35,16.9979,0,15,6
2012-06-16 16:00:00,2,0,0,2,29.52,32.575,37,7.0015,0,16,6
2012-06-16 17:00:00,2,0,0,2,29.52,32.575,37,16.9979,0,17,6
2012-06-16 18:00:00,2,0,0,2,29.52,32.575,37,15.0013,0,18,6
2012-06-16 19:00:00,2,0,0,2,28.7,31.82,42,12.998,0,19,6
2012-06-16 20:00:00,2,0,0,2,27.06,31.06,47,12.998,0,20,6
2012-06-16 21:00:00,2,0,0,2,26.24,31.06,50,15.0013,0,21,6
2012-06-16 22:00:00,2,0,0,1,25.42,31.06,53,19.9995,0,22,6
2012-06-16 23:00:00,2,0,0,1,24.6,31.06,53,19.9995,0,23,6
2012-06-17 00:00:00,2,0,0,1,22.96,26.515,56,8.9981,0,0,6
2012-06-17 01:00:00,2,0,0,1,22.96,26.515,60,11.0014,0,1,6
2012-06-17 02:00:00,2,0,0,1,22.96,26.515,56,6.0032,0,2,6
2012-06-17 03:00:00,2,0,0,1,22.14,25.76,64,7.0015,0,3,6
2012-06-17 04:00:00,2,0,0,1,22.14,25.76,64,6.0032,0,4,6
2012-06-17 05:00:00,2,0,0,1,22.14,25.76,68,8.9981,0,5,6
2012-06-17 06:00:00,2,0,0,1,21.32,25.0,72,7.0015,0,6,6
2012-06-17 07:00:00,2,0,0,1,21.32,25.0,72,6.0032,0,7,6
2012-06-17 08:00:00,2,0,0,1,22.96,26.515,68,16.9979,0,8,6
2012-06-17 09:00:00,2,0,0,1,22.96,26.515,68,11.0014,0,9,6
2012-06-17 10:00:00,2,0,0,1,23.78,27.275,64,13.038796802266836,1,10,6
2012-06-17 11:00:00,2,0,0,1,25.42,31.06,57,7.0015,0,11,6
2012-06-17 12:00:00,2,0,0,1,25.42,31.06,57,13.944302947410236,1,12,6
2012-06-17 13:00:00,2,0,0,1,26.24,31.06,53,11.0014,0,13,6
2012-06-17 14:00:00,2,0,0,1,26.24,31.06,53,15.649944901252157,1,14,6
2012-06-17 15:00:00,2,0,0,1,27.06,31.06,50,15.0013,0,15,6
2012-06-17 16:00:00,2,0,0,1,27.06,31.06,54,19.9995,0,16,6
2012-06-17 17:00:00,2,0,0,1,26.24,31.06,57,15.0013,0,17,6
2012-06-17 18:00:00,2,0,0,1,26.24,31.06,53,12.998,0,18,6
2012-06-17 19:00:00,2,0,0,1,26.24,31.06,53,11.0014,0,19,6
2012-06-17 20:00:00,2,0,0,1,25.42,31.06,57,12.998,0,20,6
2012-06-17 21:00:00,2,0,0,1,25.42,31.06,57,12.998,0,21,6
2012-06-17 22:00:00,2,0,0,1,24.6,30.305,60,12.998,0,22,6
2012-06-17 23:00:00,2,0,0,1,23.78,27.275,64,12.998,0,23,6
2012-06-18 00:00:00,2,0,1,1,22.96,26.515,73,16.9979,0,0,6
2012-06-18 01:00:00,2,0,1,1,22.14,25.76,77,15.0013,0,1,6
2012-06-18 02:00:00,2,0,1,1,22.14,25.76,77,15.0013,0,2,6
2012-06-18 03:00:00,2,0,1,2,21.32,25.0,83,15.0013,0,3,6
2012-06-18 04:00:00,2,0,1,2,22.14,25.76,77,12.998,0,4,6
2012-06-18 05:00:00,2,0,1,3,21.32,25.0,83,8.9981,0,5,6
2012-06-18 06:00:00,2,0,1,3,21.32,25.0,88,8.9981,0,6,6
2012-06-18 07:00:00,2,0,1,3,21.32,25.0,94,15.0013,0,7,6
2012-06-18 08:00:00,2,0,1,2,22.14,25.76,83,12.998,0,8,6
2012-06-18 09:00:00,2,0,1,2,22.14,25.76,83,15.0013,0,9,6
2012-06-18 10:00:00,2,0,1,3,22.14,25.76,88,7.0015,0,10,6
2012-06-18 11:00:00,2,0,1,2,22.14,25.76,88,11.0014,0,11,6
2012-06-18 12:00:00,2,0,1,3,22.96,26.515,78,8.9981,0,12,6
2012-06-18 13:00:00,2,0,1,2,23.78,27.275,73,8.9981,0,13,6
2012-06-18 14:00:00,2,0,1,2,23.78,27.275,68,12.998,0,14,6
2012-06-18 15:00:00,2,0,1,2,24.6,29.545,69,12.998,0,15,6
2012-06-18 16:00:00,2,0,1,2,24.6,29.545,73,12.998,0,16,6
2012-06-18 17:00:00,2,0,1,2,24.6,29.545,73,12.998,0,17,6
2012-06-18 18:00:00,2,0,1,2,25.42,30.305,69,11.0014,0,18,6
2012-06-18 19:00:00,2,0,1,2,25.42,29.545,73,6.0032,0,19,6
2012-06-18 20:00:00,2,0,1,2,25.42,29.545,73,8.9981,0,20,6
2012-06-18 21:00:00,2,0,1,2,25.42,29.545,73,7.0015,0,21,6
2012-06-18 22:00:00,2,0,1,2,25.42,29.545,73,11.0014,0,22,6
2012-06-18 23:00:00,2,0,1,3,24.6,28.79,78,12.998,0,23,6
2012-06-19 00:00:00,2,0,1,2,24.6,28.79,78,11.0014,0,0,6
2012-06-19 01:00:00,2,0,1,2,24.6,28.79,78,11.0014,0,1,6
2012-06-19 02:00:00,2,0,1,2,24.6,28.79,78,8.9981,0,2,6
2012-06-19 03:00:00,2,0,1,2,24.6,28.79,78,7.0015,0,3,6
2012-06-19 04:00:00,2,0,1,2,24.6,28.79,78,8.9981,0,4,6
2012-06-19 05:00:00,2,0,1,2,24.6,28.79,78,12.998,0,5,6
2012-06-19 06:00:00,2,0,1,2,24.6,28.79,78,7.0015,0,6,6
2012-06-19 07:00:00,2,0,1,2,24.6,28.79,78,8.9981,0,7,6
2012-06-19 08:00:00,2,0,1,2,24.6,28.79,78,11.0014,0,8,6
2012-06-19 09:00:00,2,0,1,1,26.24,30.305,73,6.0032,0,9,6
2012-06-19 10:00:00,2,0,1,1,26.24,30.305,73,6.0032,0,10,6
2012-06-19 11:00:00,2,0,1,1,27.06,31.06,69,8.9981,0,11,6
2012-06-19 12:00:00,2,0,1,1,28.7,32.575,65,6.0032,0,12,6
2012-06-19 13:00:00,2,0,1,1,30.34,34.09,58,8.9981,0,13,6
2012-06-19 14:00:00,2,0,1,1,31.16,35.605,58,7.0015,0,14,6
2012-06-19 15:00:00,2,0,1,1,31.98,37.12,59,11.0014,0,15,6
2012-06-19 16:00:00,2,0,1,1,32.8,37.88,55,15.0013,0,16,6
2012-06-19 17:00:00,2,0,1,1,32.8,37.88,55,12.998,0,17,6
2012-06-19 18:00:00,2,0,1,1,32.8,37.88,55,11.0014,0,18,6
2012-06-19 19:00:00,2,0,1,1,32.8,38.635,59,15.0013,0,19,6
2012-06-19 20:00:00,2,0,1,1,32.8,37.88,55,16.9979,0,20,6
2012-06-19 21:00:00,2,0,1,1,31.16,35.605,62,11.0014,0,21,6
2012-06-19 22:00:00,2,0,1,1,29.52,34.85,79,6.0032,0,22,6
2012-06-19 23:00:00,2,0,1,1,29.52,34.85,79,8.9981,0,23,6
2012-07-01 00:00:00,3,0,0,1,31.16,36.365,66,9.672392551511798,1,0,7
2012-07-01 01:00:00,3,0,0,1,30.34,34.85,70,8.9981,0,1,7
2012-07-01 02:00:00,3,0,0,1,29.52,34.85,74,6.0032,0,2,7
2012-07-01 03:00:00,3,0,0,1,29.52,35.605,84,8.9981,0,3,7
2012-07-01 04:00:00,3,0,0,1,28.7,33.335,79,12.998,0,4,7
2012-07-01 05:00:00,3,0,0,1,27.88,31.82,79,7.0015,0,5,7
2012-07-01 06:00:00,3,0,0,1,28.7,33.335,79,6.0032,0,6,7
2012-07-01 07:00:00,3,0,0,1,30.34,34.85,70,10.87175007784035,1,7,7
2012-07-01 08:00:00,3,0,0,1,31.98,37.12,62,7.0015,0,8,7
2012-07-01 09:00:00,3,0,0,1,33.62,39.395,56,15.555093481997167,1,9,7
2012-07-01 10:00:00,3,0,0,1,35.26,39.395,44,19.9995,0,10,7
2012-07-01 11:00:00,3,0,0,1,36.08,40.15,39,15.0013,0,11,7
2012-07-01 12:00:00,3,0,0,1,36.9,40.91,37,15.0013,0,12,7
2012-07-01 13:00:00,3,0,0,1,37.72,41.665,33,16.9979,0,13,7
2012-07-01 14:00:00,3,0,0,1,37.72,41.665,33,16.9979,0,14,7
2012-07-01 15:00:00,3,0,0,1,36.9,40.91,37,19.0012,0,15,7
2012-07-01 16:00:00,3,0,0,1,37.72,41.665,33,19.9995,0,16,7
2012-07-01 17:00:00,3,0,0,1,37.72,40.15,26,19.9995,0,17,7
2012-07-01 18:00:00,3,0,0,1,36.08,38.635,32,23.9994,0,18,7
2012-07-01 19:00:00,3,0,0,1,34.44,37.12,39,8.9981,0,19,7
2012-07-01 20:00:00,3,0,0,1,34.44,37.12,39,8.9981,0,20,7
2012-07-01 21:00:00,3,0,0,1,34.44,37.12,39,8.9981,0,21,7
2012-07-01 22:00:00,3,0,0,1,33.62,37.12,43,8.9981,0,22,7
2012-07-01 23:00:00,3,0,0,3,31.98,35.605,52,11.0014,0,23,7
2012-07-02 00:00:00,3,0,1,2,31.16,35.605,58,15.0013,0,0,7
2012-07-02 01:00:00,3,0,1,2,31.16,35.605,58,12.998,0,1,7
2012-07-02 02:00:00,3,0,1,2,30.34,33.335,51,16.9979,0,2,7
2012-07-02 03:00:00,3,0,1,2,29.52,33.335,54,27.9993,0,3,7
2012-07-02 04:00:00,3,0,1,2,29.52,33.335,54,19.9995,0,4,7
2012-07-02 05:00:00,3,0,1,2,29.52,33.335,51,13.876487807215241,1,5,7
2012-07-02 06:00:00,3,0,1,1,28.7,32.575,58,7.0015,0,6,7
2012-07-02 07:00:00,3,0,1,1,30.34,33.335,51,7.0015,0,7,7
2012-07-02 08:00:00,3,0,1,1,31.16,34.85,52,12.998,0,8,7
2012-07-02 09:00:00,3,0,1,1,31.98,34.85,46,16.9979,0,9,7
2012-07-02 10:00:00,3,0,1,1,32.8,36.365,43,16.9979,0,10,7
2012-07-02 11:00:00,3,0,1,1,34.44,36.365,28,19.9995,0,11,7
2012-07-02 12:00:00,3,0,1,1,34.44,36.365,32,12.998,0,12,7
2012-07-02 13:00:00,3,0,1,1,35.26,37.88,34,15.0013,0,13,7
2012-07-02 14:00:00,3,0,1,1,35.26,37.88,34,15.0013,0,14,7
2012-07-02 15:00:00,3,0,1,1,34.44,37.12,36,12.998,0,15,7
2012-07-02 16:00:00,3,0,1,1,34.44,37.12,36,19.0012,0,16,7
2012-07-02 17:00:00,3,0,1,1,34.44,36.365,32,8.9981,0,17,7
2012-07-02 18:00:00,3,0,1,1,34.44,36.365,32,11.0014,0,18,7
2012-07-02 19:00:00,3,0,1,1,31.98,34.85,43,8.9981,0,19,7
2012-07-02 20:00:00,3,0,1,1,31.98,34.85,43,8.9981,0,20,7
2012-07-02 21:00:00,3,0,1,1,31.16,34.09,45,8.9981,0,21,7
2012-07-02 22:00:00,3,0,1,1,30.34,33.335,51,11.0014,0,22,7
2012-07-02 23:00:00,3,0,1,1,30.34,33.335,51,7.0015,0,23,7
2012-07-03 00:00:00,3,0,1,1,29.52,33.335,54,11.882720726072344,1,0,7
2012-07-03 01:00:00,3,0,1,1,29.52,33.335,58,12.45484093676871,1,1,7
2012-07-03 02:00:00,3,0,1,1,29.52,33.335,58,12.457967003183859,1,2,7
2012-07-03 03:00:00,3,0,1,1,28.7,32.575,65,8.9981,0,3,7
2012-07-03 04:00:00,3,0,1,1,27.88,31.82,65,7.0015,0,4,7
2012-07-03 05:00:00,3,0,1,1,28.7,32.575,61,12.015398076493113,1,5,7
2012-07-03 06:00:00,3,0,1,1,28.7,32.575,65,8.9981,0,6,7
2012-07-03 07:00:00,3,0,1,1,30.34,34.09,58,13.195860167657713,1,7,7
2012-07-03 08:00:00,3,0,1,1,30.34,34.09,62,6.0032,0,8,7
2012-07-03 09:00:00,3,0,1,1,32.8,37.12,49,11.0014,0,9,7
2012-07-03 10:00:00,3,0,1,1,33.62,37.12,43,15.0013,0,10,7
2012-07-03 11:00:00,3,0,1,1,35.26,37.88,34,12.998,0,11,7
2012-07-03 12:00:00,3,0,1,1,36.08,37.88,28,12.998,0,12,7
2012-07-03 13:00:00,3,0,1,1,36.9,38.635,25,8.9981,0,13,7
2012-07-03 14:00:00,3,0,1,1,36.9,38.635,25,12.998,0,14,7
2012-07-03 15:00:00,3,0,1,2,36.9,38.635,24,13.812928079401454,1,15,7
2012-07-03 16:00:00,3,0,1,2,36.9,38.635,24,12.998,0,16,7
2012-07-03 17:00:00,3,0,1,2,35.26,37.12,30,11.0014,0,17,7
2012-07-03 18:00:00,3,0,1,2,35.26,37.12,30,14.852648763412136,1,18,7
2012-07-03 19:00:00,3,0,1,2,34.44,37.12,36,8.9981,0,19,7
2012-07-03 20:00:00,3,0,1,3,31.16,34.85,55,32.9975,0,20,7
2012-07-03 21:00:00,3,0,1,2,28.7,32.575,70,19.0012,0,21,7
2012-07-03 22:00:00,3,0,1,1,27.88,31.82,79,12.998,0,22,7
2012-07-03 23:00:00,3,0,1,1,27.06,30.305,83,10.688688023175274,1,23,7
2012-07-04 00:00:00,3,1,0,1,27.88,31.82,79,6.0032,0,0,7
2012-07-04 01:00:00,3,1,0,1,27.88,31.82,74,10.40430510203873,1,1,7
2012-07-04 02:00:00,3,1,0,1,27.06,30.305,83,8.9981,0,2,7
2012-07-04 03:00:00,3,1,0,1,27.88,31.82,74,12.998,0,3,7
2012-07-04 04:00:00,3,1,0,1,27.88,31.82,69,16.9979,0,4,7
2012-07-04 05:00:00,3,1,0,1,27.06,31.06,69,11.271071073856744,1,5,7
2012-07-04 06:00:00,3,1,0,1,27.06,31.06,69,11.272417589834115,1,6,7
2012-07-04 07:00:00,3,1,0,1,27.88,31.82,65,11.125309768556287,1,7,7
2012-07-04 08:00:00,3,1,0,1,28.7,32.575,61,7.0015,0,8,7
2012-07-04 09:00:00,3,1,0,1,31.16,34.85,52,14.684296256963835,1,9,7
2012-07-04 10:00:00,3,1,0,1,32.8,36.365,46,14.840454246398133,1,10,7
2012-07-04 11:00:00,3,1,0,1,33.62,37.88,46,8.9981,0,11,7
2012-07-04 12:00:00,3,1,0,1,35.26,39.395,41,15.0013,0,12,7
2012-07-04 13:00:00,3,1,0,1,36.9,40.91,35,15.512313530373973,1,13,7
2012-07-04 14:00:00,3,1,0,1,36.9,40.91,37,11.0014,0,14,7
2012-07-04 15:00:00,3,1,0,1,37.72,42.425,35,19.9995,0,15,7
2012-07-04 16:00:00,3,1,0,1,37.72,42.425,35,16.9979,0,16,7
2012-07-04 17:00:00,3,1,0,1,37.72,42.425,35,19.9995,0,17,7
2012-07-04 18:00:00,3,1,0,1,36.9,42.425,42,12.998,0,18,7
2012-07-04 19:00:00,3,1,0,1,35.26,40.15,47,15.0013,0,19,7
2012-07-04 20:00:00,3,1,0,1,35.26,40.15,47,15.0013,0,20,7
2012-07-04 21:00:00,3,1,0,1,34.44,40.15,53,8.9981,0,21,7
2012-07-04 22:00:00,3,1,0,1,33.62,39.395,56,15.0013,0,22,7
2012-07-04 23:00:00,3,1,0,2,31.98,34.85,43,6.0032,0,23,7
2012-07-05 00:00:00,3,0,1,1,30.34,33.335,51,7.0015,0,0,7
2012-07-05 01:00:00,3,0,1,1,30.34,33.335,51,19.0012,0,1,7
2012-07-05 02:00:00,3,0,1,1,30.34,33.335,51,12.64742784075366,1,2,7
2012-07-05 03:00:00,3,0,1,1,29.52,33.335,54,12.998,0,3,7
2012-07-05 04:00:00,3,0,1,1,29.52,33.335,58,12.771379040853626,1,4,7
2012-07-05 05:00:00,3,0,1,1,29.52,34.09,62,12.091757347862691,1,5,7
2012-07-05 06:00:00,3,0,1,1,29.52,33.335,58,13.148353895113045,1,6,7
2012-07-05 07:00:00,3,0,1,1,31.16,34.85,55,13.574340280220166,1,7,7
2012-07-05 08:00:00,3,0,1,1,32.8,37.12,49,8.9981,0,8,7
2012-07-05 09:00:00,3,0,1,1,34.44,39.395,49,19.9995,0,9,7
2012-07-05 10:00:00,3,0,1,1,35.26,39.395,44,23.9994,0,10,7
2012-07-05 11:00:00,3,0,1,1,36.9,40.91,35,19.9995,0,11,7
2012-07-05 12:00:00,3,0,1,1,36.9,40.91,35,23.9994,0,12,7
2012-07-05 13:00:00,3,0,1,1,37.72,41.665,33,15.0013,0,13,7
2012-07-05 14:00:00,3,0,1,1,37.72,41.665,33,22.0028,0,14,7
2012-07-05 15:00:00,3,0,1,1,37.72,41.665,33,23.9994,0,15,7
2012-07-05 16:00:00,3,0,1,1,37.72,41.665,33,16.9979,0,16,7
2012-07-05 17:00:00,3,0,1,1,37.72,42.425,35,11.0014,0,17,7
2012-07-05 18:00:00,3,0,1,2,36.9,41.665,39,22.0028,0,18,7
2012-07-05 19:00:00,3,0,1,2,36.08,40.15,39,16.9979,0,19,7
2012-07-05 20:00:00,3,0,1,2,35.26,39.395,41,15.0013,0,20,7
2012-07-05 21:00:00,3,0,1,1,34.44,38.635,47,12.998,0,21,7
2012-07-05 22:00:00,3,0,1,1,33.62,40.15,59,8.9981,0,22,7
2012-07-05 23:00:00,3,0,1,1,32.8,37.88,55,11.0014,0,23,7
2012-07-06 00:00:00,3,0,1,1,31.98,37.12,62,8.9981,0,0,7
2012-07-06 01:00:00,3,0,1,1,31.98,36.365,55,15.0013,0,1,7
2012-07-06 02:00:00,3,0,1,1,31.16,35.605,62,8.9981,0,2,7
2012-07-06 03:00:00,3,0,1,2,30.34,34.85,70,12.998,0,3,7
2012-07-06 04:00:00,3,0,1,1,30.34,34.85,66,15.0013,0,4,7
2012-07-06 05:00:00,3,0,1,1,30.34,34.85,66,12.998,0,5,7
2012-07-06 06:00:00,3,0,1,1,30.34,34.85,66,12.998,0,6,7
2012-07-06 07:00:00,3,0,1,1,31.98,34.85,46,8.9981,0,7,7
2012-07-06 08:00:00,3,0,1,1,32.8,35.605,41,11.0014,0,8,7
2012-07-06 09:00:00,3,0,1,1,33.62,36.365,36,8.9981,0,9,7
2012-07-06 10:00:00,3,0,1,1,35.26,37.12,30,15.348127086509226,1,10,7
2012-07-06 11:00:00,3,0,1,1,34.44,36.365,32,6.0032,0,11,7
2012-07-06 12:00:00,3,0,1,1,36.08,37.88,28,7.0015,0,12,7
2012-07-06 13:00:00,3,0,1,1,36.9,39.395,27,7.0015,0,13,7
2012-07-06 14:00:00,3,0,1,1,36.9,40.15,31,11.0014,0,14,7
2012-07-06 15:00:00,3,0,1,1,37.72,40.91,29,12.998,0,15,7
2012-07-06 16:00:00,3,0,1,1,37.72,40.91,29,7.0015,0,16,7
2012-07-06 17:00:00,3,0,1,1,37.72,40.91,29,14.21223605709161,1,17,7
2012-07-06 18:00:00,3,0,1,1,36.9,40.15,33,16.9979,0,18,7
2012-07-06 19:00:00,3,0,1,1,36.08,39.395,35,15.0013,0,19,7
2012-07-06 20:00:00,3,0,1,1,35.26,38.635,39,7.0015,0,20,7
2012-07-06 21:00:00,3,0,1,1,33.62,38.635,52,8.9981,0,21,7
2012-07-06 22:00:00,3,0,1,1,32.8,37.88,55,12.998,0,22,7
2012-07-06 23:00:00,3,0,1,1,32.8,39.395,63,7.0015,0,23,7
2012-07-07 00:00:00,3,0,0,1,31.98,37.88,66,8.9981,0,0,7
2012-07-07 01:00:00,3,0,0,1,31.16,36.365,70,11.0014,0,1,7
2012-07-07 02:00:00,3,0,0,1,31.16,37.12,72,11.0014,0,2,7
2012-07-07 03:00:00,3,0,0,1,30.34,35.605,74,8.9981,0,3,7
2012-07-07 04:00:00,3,0,0,1,30.34,35.605,74,11.0014,0,4,7
2012-07-07 05:00:00,3,0,0,1,30.34,35.605,74,12.998,0,5,7
2012-07-07 06:00:00,3,0,0,1,30.34,35.605,74,7.0015,0,6,7
2012-07-07 07:00:00,3,0,0,1,31.98,37.88,66,7.0015,0,7,7
2012-07-07 08:00:00,3,0,0,1,33.62,41.665,63,12.998,0,8,7
2012-07-07 09:00:00,3,0,0,1,34.44,41.665,59,11.0014,0,9,7
2012-07-07 10:00:00,3,0,0,1,37.72,43.18,37,15.0013,0,10,7
2012-07-07 11:00:00,3,0,0,1,38.54,43.94,38,12.998,0,11,7
2012-07-07 12:00:00,3,0,0,1,39.36,43.18,31,23.9994,0,12,7
2012-07-07 13:00:00,3,0,0,2,39.36,43.18,31,16.9979,0,13,7
2012-07-07 14:00:00,3,0,0,2,39.36,43.18,30,8.9981,0,14,7
2012-07-07 15:00:00,3,0,0,1,39.36,42.425,26,14.297956751773615,1,15,7
2012-07-07 16:00:00,3,0,0,1,41.0,43.18,19,11.0014,0,16,7
2012-07-07 17:00:00,3,0,0,1,39.36,42.425,26,8.9981,0,17,7
2012-07-07 18:00:00,3,0,0,1,38.54,41.665,29,6.0032,0,18,7
2012-07-07 19:00:00,3,0,0,1,37.72,41.665,33,8.9981,0,19,7
2012-07-07 20:00:00,3,0,0,1,36.9,40.91,37,11.0014,0,20,7
2012-07-07 21:00:00,3,0,0,1,36.08,39.395,37,12.998,0,21,7
2012-07-07 22:00:00,3,0,0,1,34.44,41.665,59,12.998,0,22,7
2012-07-07 23:00:00,3,0,0,1,34.44,40.91,56,11.0014,0,23,7
2012-07-08 00:00:00,3,0,0,1,33.62,39.395,56,8.9981,0,0,7
2012-07-08 01:00:00,3,0,0,1,33.62,39.395,56,7.0015,0,1,7
2012-07-08 02:00:00,3,0,0,1,33.62,38.635,52,7.0015,0,2,7
2012-07-08 03:00:00,3,0,0,1,32.8,38.635,59,7.0015,0,3,7
2012-07-08 04:00:00,3,0,0,1,31.98,37.88,66,7.0015,0,4,7
2012-07-08 05:00:00,3,0,0,1,31.98,37.12,62,10.322761363686745,1,5,7
2012-07-08 06:00:00,3,0,0,1,31.98,38.635,70,8.9981,0,6,7
2012-07-08 07:00:00,3,0,0,1,32.8,40.15,66,9.171062532745886,1,7,7
2012-07-08 08:00:00,3,0,0,1,34.44,40.15,53,8.9981,0,8,7
2012-07-08 09:00:00,3,0,0,1,35.26,40.91,50,7.0015,0,9,7
2012-07-08 10:00:00,3,0,0,1,36.9,43.18,45,15.30709858453095,1,10,7
2012-07-08 11:00:00,3,0,0,1,37.72,44.695,42,19.9995,0,11,7
2012-07-08 12:00:00,3,0,0,1,37.72,44.695,42,12.998,0,12,7
2012-07-08 13:00:00,3,0,0,1,38.54,43.94,38,16.9979,0,13,7
2012-07-08 14:00:00,3,0,0,1,39.36,45.455,36,11.0014,0,14,7
2012-07-08 15:00:00,3,0,0,3,37.72,44.695,42,19.0012,0,15,7
2012-07-08 16:00:00,3,0,0,2,32.8,40.15,66,15.0013,0,16,7
2012-07-08 17:00:00,3,0,0,1,31.98,37.12,59,15.89281953845959,1,17,7
2012-07-08 18:00:00,3,0,0,1,31.98,37.12,62,7.0015,0,18,7
2012-07-08 19:00:00,3,0,0,1,31.98,37.12,62,11.0014,0,19,7
2012-07-08 20:00:00,3,0,0,1,31.16,36.365,70,6.0032,0,20,7
2012-07-08 21:00:00,3,0,0,1,31.16,36.365,70,8.9981,0,21,7
2012-07-08 22:00:00,3,0,0,3,30.34,34.85,70,6.0032,0,22,7
2012-07-08 23:00:00,3,0,0,3,27.88,31.82,83,6.0032,0,23,7
2012-07-09 00:00:00,3,0,1,2,27.88,31.82,89,6.0032,0,0,7
2012-07-09 01:00:00,3,0,1,3,28.7,33.335,89,7.0015,0,1,7
2012-07-09 02:00:00,3,0,1,3,28.7,33.335,89,12.998,0,2,7
2012-07-09 03:00:00,3,0,1,3,28.7,33.335,89,12.998,0,3,7
2012-07-09 04:00:00,3,0,1,3,27.06,29.545,89,26.0027,0,4,7
2012-07-09 05:00:00,3,0,1,2,27.06,30.305,83,15.0013,0,5,7
2012-07-09 06:00:00,3,0,1,3,26.24,28.79,89,16.9979,0,6,7
2012-07-09 07:00:00,3,0,1,3,27.06,30.305,83,15.0013,0,7,7
2012-07-09 08:00:00,3,0,1,2,27.06,30.305,83,11.0014,0,8,7
2012-07-09 09:00:00,3,0,1,2,27.06,30.305,83,11.0014,0,9,7
2012-07-09 10:00:00,3,0,1,2,27.06,30.305,83,12.998,0,10,7
2012-07-09 11:00:00,3,0,1,2,29.52,34.09,62,8.9981,0,11,7
2012-07-09 12:00:00,3,0,1,2,30.34,34.09,58,8.9981,0,12,7
2012-07-09 13:00:00,3,0,1,2,31.16,34.85,55,16.9979,0,13,7
2012-07-09 14:00:00,3,0,1,2,30.34,34.09,55,16.9979,0,14,7
2012-07-09 15:00:00,3,0,1,2,31.16,34.09,45,15.0013,0,15,7
2012-07-09 16:00:00,3,0,1,1,31.98,34.85,40,19.0012,0,16,7
2012-07-09 17:00:00,3,0,1,1,31.98,34.85,40,11.0014,0,17,7
2012-07-09 18:00:00,3,0,1,1,31.16,34.09,48,8.9981,0,18,7
2012-07-09 19:00:00,3,0,1,1,30.34,34.09,55,11.0014,0,19,7
2012-07-09 20:00:00,3,0,1,2,30.34,34.09,55,7.0015,0,20,7
2012-07-09 21:00:00,3,0,1,2,30.34,34.09,55,6.0032,0,21,7
2012-07-09 22:00:00,3,0,1,2,29.52,33.335,58,7.0015,0,22,7
2012-07-09 23:00:00,3,0,1,2,28.7,32.575,65,7.0015,0,23,7
2012-07-10 00:00:00,3,0,1,1,28.7,32.575,70,6.0032,0,0,7
2012-07-10 01:00:00,3,0,1,1,28.7,33.335,74,8.9981,0,1,7
2012-07-10 02:00:00,3,0,1,1,28.7,33.335,74,8.9981,0,2,7
2012-07-10 03:00:00,3,0,1,1,27.88,31.82,79,9.835752836933285,1,3,7
2012-07-10 04:00:00,3,0,1,1,27.88,31.82,79,8.9981,0,4,7
2012-07-10 05:00:00,3,0,1,1,27.06,30.305,83,8.9981,0,5,7
2012-07-10 06:00:00,3,0,1,2,27.88,31.82,79,7.0015,0,6,7
2012-07-10 07:00:00,3,0,1,2,28.7,33.335,74,7.0015,0,7,7
2012-07-10 08:00:00,3,0,1,1,29.52,34.85,74,8.9981,0,8,7
2012-07-10 09:00:00,3,0,1,1,30.34,34.85,66,8.9981,0,9,7
2012-07-10 10:00:00,3,0,1,1,31.16,35.605,62,12.998,0,10,7
2012-07-10 11:00:00,3,0,1,1,32.8,36.365,46,12.998,0,11,7
2012-07-10 12:00:00,3,0,1,1,32.8,35.605,41,8.9981,0,12,7
2012-07-10 13:00:00,3,0,1,1,33.62,36.365,38,12.998,0,13,7
2012-07-10 14:00:00,3,0,1,1,33.62,36.365,38,11.0014,0,14,7
2012-07-10 15:00:00,3,0,1,1,32.8,35.605,41,15.0013,0,15,7
2012-07-10 16:00:00,3,0,1,1,32.8,36.365,43,15.0013,0,16,7
2012-07-10 17:00:00,3,0,1,1,31.98,35.605,49,12.998,0,17,7
2012-07-10 18:00:00,3,0,1,3,28.7,33.335,74,15.0013,0,18,7
2012-07-10 19:00:00,3,0,1,3,28.7,33.335,74,15.0013,0,19,7
2012-07-10 20:00:00,3,0,1,3,26.24,28.79,83,15.0013,0,20,7
2012-07-10 21:00:00,3,0,1,3,26.24,28.79,89,7.0015,0,21,7
2012-07-10 22:00:00,3,0,1,2,26.24,28.79,83,8.9981,0,22,7
2012-07-10 23:00:00,3,0,1,2,26.24,28.79,89,7.0015,0,23,7
2012-07-11 00:00:00,3,0,1,2,27.06,30.305,83,8.9981,0,0,7
2012-07-11 01:00:00,3,0,1,1,26.24,28.79,89,9.671992171359125,1,1,7
2012-07-11 02:00:00,3,0,1,1,26.24,28.79,89,9.623097197945548,1,2,7
2012-07-11 03:00:00,3,0,1,1,26.24,28.79,89,8.9981,0,3,7
2012-07-11 04:00:00,3,0,1,1,26.24,28.79,89,8.9981,0,4,7
2012-07-11 05:00:00,3,0,1,1,26.24,28.79,89,9.53882413756737,1,5,7
2012-07-11 06:00:00,3,0,1,1,26.24,28.79,89,8.9981,0,6,7
2012-07-11 07:00:00,3,0,1,2,27.06,30.305,83,7.0015,0,7,7
2012-07-11 08:00:00,3,0,1,2,27.88,31.82,79,11.0014,0,8,7
2012-07-11 09:00:00,3,0,1,2,28.7,33.335,74,8.9981,0,9,7
2012-07-11 10:00:00,3,0,1,2,29.52,34.09,62,8.9981,0,10,7
2012-07-11 11:00:00,3,0,1,2,31.16,35.605,58,8.9981,0,11,7
2012-07-11 12:00:00,3,0,1,2,31.98,34.85,43,14.689974426905959,1,12,7
2012-07-11 13:00:00,3,0,1,2,32.8,35.605,42,11.0014,0,13,7
2012-07-11 14:00:00,3,0,1,1,32.8,35.605,41,15.0013,0,14,7
2012-07-11 15:00:00,3,0,1,1,32.8,35.605,41,16.9979,0,15,7
2012-07-11 16:00:00,3,0,1,1,32.8,35.605,38,12.998,0,16,7
2012-07-11 17:00:00,3,0,1,1,32.8,34.85,31,15.0013,0,17,7
2012-07-11 18:00:00,3,0,1,1,31.98,34.09,38,16.9979,0,18,7
2012-07-11 19:00:00,3,0,1,1,30.34,33.335,48,15.0013,0,19,7
2012-07-11 20:00:00,3,0,1,1,30.34,33.335,51,11.0014,0,20,7
2012-07-11 21:00:00,3,0,1,1,29.52,33.335,58,15.0013,0,21,7
2012-07-11 22:00:00,3,0,1,1,29.52,33.335,58,16.9979,0,22,7
2012-07-11 23:00:00,3,0,1,2,28.7,32.575,58,16.9979,0,23,7
2012-07-12 00:00:00,3,0,1,2,27.88,31.82,61,11.671417066092868,1,0,7
2012-07-12 01:00:00,3,0,1,2,27.06,31.06,61,11.536168652399724,1,1,7
2012-07-12 02:00:00,3,0,1,2,27.06,31.06,65,6.0032,0,2,7
2012-07-12 03:00:00,3,0,1,1,26.24,30.305,69,7.0015,0,3,7
2012-07-12 04:00:00,3,0,1,1,26.24,30.305,73,7.0015,0,4,7
2012-07-12 05:00:00,3,0,1,1,25.42,29.545,73,7.0015,0,5,7
2012-07-12 06:00:00,3,0,1,1,26.24,30.305,73,6.0032,0,6,7
2012-07-12 07:00:00,3,0,1,1,26.24,30.305,73,8.9981,0,7,7
2012-07-12 08:00:00,3,0,1,1,27.88,31.82,65,8.9981,0,8,7
2012-07-12 09:00:00,3,0,1,1,29.52,33.335,58,7.0015,0,9,7
2012-07-12 10:00:00,3,0,1,1,30.34,33.335,48,11.0014,0,10,7
2012-07-12 11:00:00,3,0,1,1,31.16,34.09,45,7.0015,0,11,7
2012-07-12 12:00:00,3,0,1,1,31.98,34.09,35,8.9981,0,12,7
2012-07-12 13:00:00,3,0,1,1,32.8,34.85,33,15.0013,0,13,7
2012-07-12 14:00:00,3,0,1,1,31.98,34.09,33,15.0013,0,14,7
2012-07-12 15:00:00,3,0,1,1,32.8,35.605,36,12.998,0,15,7
2012-07-12 16:00:00,3,0,1,1,32.8,35.605,36,12.998,0,16,7
2012-07-12 17:00:00,3,0,1,1,31.16,34.09,43,15.0013,0,17,7
2012-07-12 18:00:00,3,0,1,1,31.16,34.09,45,8.9981,0,18,7
2012-07-12 19:00:00,3,0,1,1,30.34,33.335,48,15.0013,0,19,7
2012-07-12 20:00:00,3,0,1,1,30.34,33.335,48,15.0013,0,20,7
2012-07-12 21:00:00,3,0,1,1,29.52,33.335,48,15.0013,0,21,7
2012-07-12 22:00:00,3,0,1,1,29.52,33.335,51,11.0014,0,22,7
2012-07-12 23:00:00,3,0,1,2,28.7,32.575,51,15.0013,0,23,7
2012-07-13 00:00:00,3,0,1,2,28.7,32.575,54,11.0014,0,0,7
2012-07-13 01:00:00,3,0,1,2,27.88,31.82,54,7.0015,0,1,7
2012-07-13 02:00:00,3,0,1,2,27.06,31.06,61,6.0032,0,2,7
2012-07-13 03:00:00,3,0,1,2,27.88,31.82,61,11.592829657581609,1,3,7
2012-07-13 04:00:00,3,0,1,2,27.06,31.06,61,11.61418870679016,1,4,7
2012-07-13 05:00:00,3,0,1,2,27.06,31.82,56,6.0032,0,5,7
2012-07-13 06:00:00,3,0,1,2,28.7,32.575,54,13.515960425096495,1,6,7
2012-07-13 07:00:00,3,0,1,2,28.7,32.575,54,13.447586253380457,1,7,7
2012-07-13 08:00:00,3,0,1,2,28.7,32.575,54,13.828013372752466,1,8,7
2012-07-13 09:00:00,3,0,1,2,29.52,33.335,51,14.417073795694144,1,9,7
2012-07-13 10:00:00,3,0,1,2,30.34,33.335,48,14.311253268173802,1,10,7
2012-07-13 11:00:00,3,0,1,2,31.16,34.09,45,8.9981,0,11,7
2012-07-13 12:00:00,3,0,1,2,31.16,34.09,40,7.0015,0,12,7
2012-07-13 13:00:00,3,0,1,2,32.8,35.605,38,8.9981,0,13,7
2012-07-13 14:00:00,3,0,1,2,32.8,35.605,38,14.601759564309416,1,14,7
2012-07-13 15:00:00,3,0,1,2,32.8,35.605,36,7.0015,0,15,7
2012-07-13 16:00:00,3,0,1,2,32.8,35.605,36,15.0013,0,16,7
2012-07-13 17:00:00,3,0,1,2,32.8,35.605,36,11.0014,0,17,7
2012-07-13 18:00:00,3,0,1,1,31.98,34.85,46,12.998,0,18,7
2012-07-13 19:00:00,3,0,1,1,30.34,33.335,51,11.0014,0,19,7
2012-07-13 20:00:00,3,0,1,1,30.34,33.335,48,8.9981,0,20,7
2012-07-13 21:00:00,3,0,1,1,29.52,33.335,54,12.15765017119856,1,21,7
2012-07-13 22:00:00,3,0,1,1,30.34,33.335,45,11.276361029343983,1,22,7
2012-07-13 23:00:00,3,0,1,2,29.52,32.575,45,8.9981,0,23,7
2012-07-14 00:00:00,3,0,0,2,29.52,33.335,48,6.0032,0,0,7
2012-07-14 01:00:00,3,0,0,2,28.7,32.575,51,7.0015,0,1,7
2012-07-14 02:00:00,3,0,0,2,28.7,32.575,54,7.0015,0,2,7
2012-07-14 03:00:00,3,0,0,2,28.7,32.575,54,7.0015,0,3,7
2012-07-14 04:00:00,3,0,0,3,27.06,31.06,61,7.0015,0,4,7
2012-07-14 05:00:00,3,0,0,2,26.24,30.305,73,7.0015,0,5,7
2012-07-14 06:00:00,3,0,0,2,26.24,29.545,78,6.0032,0,6,7
2012-07-14 07:00:00,3,0,0,1,26.24,29.545,78,19.0012,0,7,7
2012-07-14 08:00:00,3,0,0,1,25.42,29.545,78,19.0012,0,8,7
2012-07-14 09:00:00,3,0,0,1,27.06,31.06,74,12.998,0,9,7
2012-07-14 10:00:00,3,0,0,2,29.52,34.09,70,6.0032,0,10,7
2012-07-14 11:00:00,3,0,0,2,29.52,34.09,70,7.0015,0,11,7
2012-07-14 12:00:00,3,0,0,2,30.34,34.85,66,6.0032,0,12,7
2012-07-14 13:00:00,3,0,0,2,31.16,35.605,62,6.0032,0,13,7
2012-07-14 14:00:00,3,0,0,1,32.8,37.88,55,7.0015,0,14,7
2012-07-14 15:00:00,3,0,0,1,32.8,37.88,55,11.0014,0,15,7
2012-07-14 16:00:00,3,0,0,2,29.52,34.85,79,23.9994,0,16,7
2012-07-14 17:00:00,3,0,0,3,28.7,33.335,79,11.0014,0,17,7
2012-07-14 18:00:00,3,0,0,1,29.52,34.85,79,8.9981,0,18,7
2012-07-14 19:00:00,3,0,0,1,29.52,35.605,84,6.0032,0,19,7
2012-07-14 20:00:00,3,0,0,1,29.52,35.605,84,6.0032,0,20,7
2012-07-14 21:00:00,3,0,0,1,28.7,33.335,84,15.0013,0,21,7
2012-07-14 22:00:00,3,0,0,1,28.7,33.335,79,12.998,0,22,7
2012-07-14 23:00:00,3,0,0,2,27.88,31.82,83,6.0032,0,23,7
2012-07-15 00:00:00,3,0,0,1,27.88,31.82,89,11.0014,0,0,7
2012-07-15 01:00:00,3,0,0,2,27.88,31.82,89,8.9981,0,1,7
2012-07-15 02:00:00,3,0,0,2,27.88,31.82,89,11.0014,0,2,7
2012-07-15 03:00:00,3,0,0,2,27.88,31.82,89,11.0014,0,3,7
2012-07-15 04:00:00,3,0,0,2,27.88,31.82,89,7.0015,0,4,7
2012-07-15 05:00:00,3,0,0,1,27.88,31.82,89,8.9981,0,5,7
2012-07-15 06:00:00,3,0,0,1,27.88,31.82,83,8.9981,0,6,7
2012-07-15 07:00:00,3,0,0,1,28.7,33.335,79,6.0032,0,7,7
2012-07-15 08:00:00,3,0,0,2,28.7,33.335,84,8.9981,0,8,7
2012-07-15 09:00:00,3,0,0,2,29.52,34.85,79,13.593491979709297,1,9,7
2012-07-15 10:00:00,3,0,0,1,31.16,36.365,66,8.9981,0,10,7
2012-07-15 11:00:00,3,0,0,1,33.62,38.635,52,11.0014,0,11,7
2012-07-15 12:00:00,3,0,0,1,34.44,38.635,47,7.0015,0,12,7
2012-07-15 13:00:00,3,0,0,1,35.26,39.395,41,7.0015,0,13,7
2012-07-15 14:00:00,3,0,0,1,36.9,40.91,37,16.9979,0,14,7
2012-07-15 15:00:00,3,0,0,1,35.26,40.15,47,8.9981,0,15,7
2012-07-15 16:00:00,3,0,0,1,35.26,39.395,41,15.0013,0,16,7
2012-07-15 17:00:00,3,0,0,1,32.8,38.635,59,32.9975,0,17,7
2012-07-15 18:00:00,3,0,0,3,29.52,34.85,79,23.9994,0,18,7
2012-07-15 19:00:00,3,0,0,1,29.52,35.605,84,15.0013,0,19,7
2012-07-15 20:00:00,3,0,0,1,29.52,34.85,79,16.9979,0,20,7
2012-07-15 21:00:00,3,0,0,1,29.52,34.85,79,6.0032,0,21,7
2012-07-15 22:00:00,3,0,0,1,29.52,34.85,74,7.0015,0,22,7
2012-07-15 23:00:00,3,0,0,1,29.52,34.85,79,8.9981,0,23,7
2012-07-16 00:00:00,3,0,1,3,29.52,34.85,79,7.0015,0,0,7
2012-07-16 01:00:00,3,0,1,2,28.7,33.335,74,12.998,0,1,7
2012-07-16 02:00:00,3,0,1,1,28.7,33.335,74,7.0015,0,2,7
2012-07-16 03:00:00,3,0,1,1,27.88,31.82,79,6.0032,0,3,7
2012-07-16 04:00:00,3,0,1,1,27.88,31.82,79,7.0015,0,4,7
2012-07-16 05:00:00,3,0,1,1,27.06,30.305,78,7.0015,0,5,7
2012-07-16 06:00:00,3,0,1,1,27.88,31.82,79,8.9981,0,6,7
2012-07-16 07:00:00,3,0,1,1,29.52,34.09,70,6.0032,0,7,7
2012-07-16 08:00:00,3,0,1,1,30.34,34.85,66,7.0015,0,8,7
2012-07-16 09:00:00,3,0,1,1,31.16,35.605,62,11.0014,0,9,7
2012-07-16 10:00:00,3,0,1,1,32.8,38.635,59,15.274570766797206,1,10,7
2012-07-16 11:00:00,3,0,1,1,34.44,40.15,53,15.0013,0,11,7
2012-07-16 12:00:00,3,0,1,1,34.44,39.395,49,8.9981,0,12,7
2012-07-16 13:00:00,3,0,1,1,34.44,39.395,49,19.0012,0,13,7
2012-07-16 14:00:00,3,0,1,1,36.08,40.91,42,7.0015,0,14,7
2012-07-16 15:00:00,3,0,1,1,35.26,40.15,47,16.9979,0,15,7
2012-07-16 16:00:00,3,0,1,3,31.16,36.365,66,39.0007,0,16,7
2012-07-16 17:00:00,3,0,1,3,31.16,36.365,66,39.0007,0,17,7
2012-07-16 18:00:00,3,0,1,1,34.44,40.15,53,15.935826213829795,1,18,7
2012-07-16 19:00:00,3,0,1,1,32.8,39.395,63,8.9981,0,19,7
2012-07-16 20:00:00,3,0,1,1,32.8,38.635,59,8.9981,0,20,7
2012-07-16 21:00:00,3,0,1,1,31.16,36.365,66,8.9981,0,21,7
2012-07-16 22:00:00,3,0,1,1,31.16,35.605,62,6.0032,0,22,7
2012-07-16 23:00:00,3,0,1,1,30.34,35.605,74,6.0032,0,23,7
2012-07-17 00:00:00,3,0,1,1,29.52,35.605,84,7.0015,0,0,7
2012-07-17 01:00:00,3,0,1,1,30.34,34.85,70,10.356772945824297,1,1,7
2012-07-17 02:00:00,3,0,1,1,29.52,34.09,70,6.0032,0,2,7
2012-07-17 03:00:00,3,0,1,1,29.52,34.09,66,10.544839142107866,1,3,7
2012-07-17 04:00:00,3,0,1,1,29.52,34.09,62,12.038100952731384,1,4,7
2012-07-17 05:00:00,3,0,1,1,27.88,31.82,74,6.0032,0,5,7
2012-07-17 06:00:00,3,0,1,1,29.52,34.09,66,7.0015,0,6,7
2012-07-17 07:00:00,3,0,1,2,30.34,34.85,70,10.728213583587918,1,7,7
2012-07-17 08:00:00,3,0,1,2,32.8,37.88,55,14.12299310883669,1,8,7
2012-07-17 09:00:00,3,0,1,2,33.62,38.635,49,15.0013,0,9,7
2012-07-17 10:00:00,3,0,1,2,34.44,39.395,49,12.998,0,10,7
2012-07-17 11:00:00,3,0,1,2,35.26,40.15,47,15.226606069849122,1,11,7
2012-07-17 12:00:00,3,0,1,2,36.9,40.91,35,15.426167350797208,1,12,7
2012-07-17 13:00:00,3,0,1,1,37.72,40.91,31,12.998,0,13,7
2012-07-17 14:00:00,3,0,1,1,38.54,41.665,29,16.9979,0,14,7
2012-07-17 15:00:00,3,0,1,1,37.72,40.91,31,11.0014,0,15,7
2012-07-17 16:00:00,3,0,1,1,37.72,40.91,29,11.0014,0,16,7
2012-07-17 17:00:00,3,0,1,1,37.72,40.91,29,14.21223605709161,1,17,7
2012-07-17 18:00:00,3,0,1,1,36.9,40.15,33,12.998,0,18,7
2012-07-17 19:00:00,3,0,1,1,36.08,39.395,35,16.9979,0,19,7
2012-07-17 20:00:00,3,0,1,1,35.26,37.88,34,11.0014,0,20,7
2012-07-17 21:00:00,3,0,1,1,33.62,38.635,52,8.9981,0,21,7
2012-07-17 22:00:00,3,0,1,1,32.8,37.88,55,15.0013,0,22,7
2012-07-17 23:00:00,3,0,1,1,31.98,37.12,59,12.998,0,23,7
2012-07-18 00:00:00,3,0,1,1,31.16,36.365,66,11.0014,0,0,7
2012-07-18 01:00:00,3,0,1,1,31.16,36.365,66,7.0015,0,1,7
2012-07-18 02:00:00,3,0,1,1,30.34,34.85,66,8.9981,0,2,7
2012-07-18 03:00:00,3,0,1,1,30.34,34.85,66,8.9981,0,3,7
2012-07-18 04:00:00,3,0,1,1,29.52,34.09,70,8.9981,0,4,7
2012-07-18 05:00:00,3,0,1,1,29.52,34.09,70,11.0014,0,5,7
2012-07-18 06:00:00,3,0,1,1,29.52,34.09,70,11.0014,0,6,7
2012-07-18 07:00:00,3,0,1,1,30.34,34.85,66,11.0014,0,7,7
2012-07-18 08:00:00,3,0,1,1,31.98,37.12,62,7.0015,0,8,7
2012-07-18 09:00:00,3,0,1,1,33.62,39.395,56,15.555093481997167,1,9,7
2012-07-18 10:00:00,3,0,1,1,36.9,42.425,42,12.998,0,10,7
2012-07-18 11:00:00,3,0,1,1,36.9,42.425,42,15.598936626125642,1,11,7
2012-07-18 12:00:00,3,0,1,1,37.72,43.18,37,8.9981,0,12,7
2012-07-18 13:00:00,3,0,1,1,38.54,42.425,33,15.668002600613748,1,13,7
2012-07-18 14:00:00,3,0,1,1,38.54,43.94,38,22.0028,0,14,7
2012-07-18 15:00:00,3,0,1,3,37.72,42.425,35,23.9994,0,15,7
2012-07-18 16:00:00,3,0,1,1,30.34,34.85,66,16.9979,0,16,7
2012-07-18 17:00:00,3,0,1,1,30.34,34.85,70,16.9979,0,17,7
2012-07-18 18:00:00,3,0,1,2,31.16,35.605,62,8.9981,0,18,7
2012-07-18 19:00:00,3,0,1,2,31.16,35.605,62,7.0015,0,19,7
2012-07-18 20:00:00,3,0,1,1,30.34,34.09,62,6.0032,0,20,7
2012-07-18 21:00:00,3,0,1,1,31.16,35.605,62,12.24738357506301,1,21,7
2012-07-18 22:00:00,3,0,1,1,31.16,35.605,58,6.0032,0,22,7
2012-07-18 23:00:00,3,0,1,1,31.16,35.605,58,6.0032,0,23,7
2012-07-19 00:00:00,3,0,1,1,30.34,34.85,66,6.0032,0,0,7
2012-07-19 01:00:00,3,0,1,1,30.34,34.85,66,6.0032,0,1,7
2012-07-19 02:00:00,3,0,1,1,29.52,34.09,70,12.998,0,2,7
2012-07-19 03:00:00,3,0,1,1,29.52,34.09,70,7.0015,0,3,7
2012-07-19 04:00:00,3,0,1,1,29.52,34.09,70,7.0015,0,4,7
2012-07-19 05:00:00,3,0,1,2,29.52,34.09,70,7.0015,0,5,7
2012-07-19 06:00:00,3,0,1,1,29.52,34.09,66,8.9981,0,6,7
2012-07-19 07:00:00,3,0,1,1,30.34,34.09,58,19.0012,0,7,7
2012-07-19 08:00:00,3,0,1,1,31.16,35.605,58,16.9979,0,8,7
2012-07-19 09:00:00,3,0,1,2,31.16,35.605,58,19.0012,0,9,7
2012-07-19 10:00:00,3,0,1,1,31.16,35.605,58,12.998,0,10,7
2012-07-19 11:00:00,3,0,1,1,32.8,37.88,55,7.0015,0,11,7
2012-07-19 12:00:00,3,0,1,1,34.44,39.395,49,19.0012,0,12,7
2012-07-19 13:00:00,3,0,1,1,34.44,38.635,47,8.9981,0,13,7
2012-07-19 14:00:00,3,0,1,1,35.26,39.395,44,6.0032,0,14,7
2012-07-19 15:00:00,3,0,1,1,34.44,38.635,47,6.0032,0,15,7
2012-07-19 16:00:00,3,0,1,1,34.44,38.635,47,6.0032,0,16,7
2012-07-19 17:00:00,3,0,1,1,35.26,39.395,41,15.540744692429632,1,17,7
2012-07-19 18:00:00,3,0,1,1,35.26,39.395,41,12.998,0,18,7
2012-07-19 19:00:00,3,0,1,1,34.44,37.88,44,16.9979,0,19,7
2012-07-19 20:00:00,3,0,1,1,33.62,38.635,49,11.0014,0,20,7
2012-07-19 21:00:00,3,0,1,3,27.06,29.545,89,16.9979,0,21,7
2012-07-19 22:00:00,3,0,1,3,27.06,29.545,89,16.9979,0,22,7
2012-07-19 23:00:00,3,0,1,3,27.06,29.545,89,15.0013,0,23,7
2012-08-01 00:00:00,3,0,1,1,27.88,31.82,79,11.0014,0,0,8
2012-08-01 01:00:00,3,0,1,1,27.06,30.305,83,6.0032,0,1,8
2012-08-01 02:00:00,3,0,1,1,26.24,28.79,83,7.0015,0,2,8
2012-08-01 03:00:00,3,0,1,1,26.24,28.79,83,7.0015,0,3,8
2012-08-01 04:00:00,3,0,1,2,26.24,29.545,78,8.9981,0,4,8
2012-08-01 05:00:00,3,0,1,2,26.24,29.545,78,8.9981,0,5,8
2012-08-01 06:00:00,3,0,1,1,26.24,29.545,78,8.9981,0,6,8
2012-08-01 07:00:00,3,0,1,2,26.24,28.79,83,8.9981,0,7,8
2012-08-01 08:00:00,3,0,1,2,27.06,30.305,78,12.998,0,8,8
2012-08-01 09:00:00,3,0,1,2,27.88,31.82,74,6.0032,0,9,8
2012-08-01 10:00:00,3,0,1,1,29.52,34.09,66,6.0032,0,10,8
2012-08-01 11:00:00,3,0,1,1,31.16,35.605,58,6.0032,0,11,8
2012-08-01 12:00:00,3,0,1,1,32.8,37.12,49,7.0015,0,12,8
2012-08-01 13:00:00,3,0,1,1,32.8,37.12,52,11.0014,0,13,8
2012-08-01 14:00:00,3,0,1,1,33.62,37.88,46,11.0014,0,14,8
2012-08-01 15:00:00,3,0,1,1,33.62,37.88,46,11.0014,0,15,8
2012-08-01 16:00:00,3,0,1,1,32.8,37.88,55,19.0012,0,16,8
2012-08-01 17:00:00,3,0,1,1,32.8,37.12,49,11.0014,0,17,8
2012-08-01 18:00:00,3,0,1,3,31.16,35.605,62,15.0013,0,18,8
2012-08-01 19:00:00,3,0,1,1,30.34,34.85,66,16.9979,0,19,8
2012-08-01 20:00:00,3,0,1,1,30.34,34.85,66,11.0014,0,20,8
2012-08-01 21:00:00,3,0,1,1,29.52,34.09,70,8.9981,0,21,8
2012-08-01 22:00:00,3,0,1,1,29.52,34.09,70,7.0015,0,22,8
2012-08-01 23:00:00,3,0,1,1,28.7,33.335,74,11.84435603747536,1,23,8
2012-08-02 00:00:00,3,0,1,1,28.7,33.335,74,11.619490151388383,1,0,8
2012-08-02 01:00:00,3,0,1,1,27.88,31.82,79,7.0015,0,1,8
2012-08-02 02:00:00,3,0,1,1,27.06,30.305,83,6.0032,0,2,8
2012-08-02 03:00:00,3,0,1,1,27.06,30.305,83,10.952515298781748,1,3,8
2012-08-02 04:00:00,3,0,1,1,27.06,30.305,83,11.033786334756638,1,4,8
2012-08-02 05:00:00,3,0,1,1,27.06,29.545,89,8.9981,0,5,8
2012-08-02 06:00:00,3,0,1,1,27.06,30.305,83,11.213780026432184,1,6,8
2012-08-02 07:00:00,3,0,1,1,28.7,33.335,79,11.952088840204631,1,7,8
2012-08-02 08:00:00,3,0,1,1,29.52,34.85,74,7.0015,0,8,8
2012-08-02 09:00:00,3,0,1,1,31.16,36.365,66,7.0015,0,9,8
2012-08-02 10:00:00,3,0,1,1,32.8,37.88,55,15.09660725938018,1,10,8
2012-08-02 11:00:00,3,0,1,1,33.62,38.635,52,7.0015,0,11,8
2012-08-02 12:00:00,3,0,1,1,34.44,37.88,44,8.9981,0,12,8
2012-08-02 13:00:00,3,0,1,1,35.26,39.395,44,15.0013,0,13,8
2012-08-02 14:00:00,3,0,1,1,35.26,39.395,41,8.9981,0,14,8
2012-08-02 15:00:00,3,0,1,1,31.98,37.12,62,31.0009,0,15,8
2012-08-02 16:00:00,3,0,1,1,33.62,37.88,46,12.998,0,16,8
2012-08-02 17:00:00,3,0,1,1,33.62,38.635,52,16.9979,0,17,8
2012-08-02 18:00:00,3,0,1,1,32.8,38.635,59,15.0013,0,18,8
2012-08-02 19:00:00,3,0,1,1,32.8,39.395,63,11.0014,0,19,8
2012-08-02 20:00:00,3,0,1,1,31.98,37.88,66,12.799376058847816,1,20,8
2012-08-02 21:00:00,3,0,1,1,31.16,36.365,66,15.0013,0,21,8
2012-08-02 22:00:00,3,0,1,1,30.34,34.85,70,12.998,0,22,8
2012-08-02 23:00:00,3,0,1,1,29.52,34.09,70,16.9979,0,23,8
2012-08-03 00:00:00,3,0,1,1,29.52,34.09,70,12.998,0,0,8
2012-08-03 01:00:00,3,0,1,1,28.7,33.335,74,12.998,0,1,8
2012-08-03 02:00:00,3,0,1,1,27.88,31.82,79,15.0013,0,2,8
2012-08-03 03:00:00,3,0,1,1,27.88,31.82,79,15.0013,0,3,8
2012-08-03 04:00:00,3,0,1,1,27.06,30.305,83,16.9979,0,4,8
2012-08-03 05:00:00,3,0,1,1,27.06,30.305,83,11.0014,0,5,8
2012-08-03 06:00:00,3,0,1,1,27.06,30.305,83,15.0013,0,6,8
2012-08-03 07:00:00,3,0,1,1,28.7,33.335,74,7.0015,0,7,8
2012-08-03 08:00:00,3,0,1,1,29.52,34.09,70,8.9981,0,8,8
2012-08-03 09:00:00,3,0,1,2,30.34,34.85,66,7.0015,0,9,8
2012-08-03 10:00:00,3,0,1,2,32.8,37.12,52,12.998,0,10,8
2012-08-03 11:00:00,3,0,1,2,34.44,39.395,49,19.0012,0,11,8
2012-08-03 12:00:00,3,0,1,2,35.26,40.91,50,19.9995,0,12,8
2012-08-03 13:00:00,3,0,1,2,35.26,40.15,47,19.0012,0,13,8
2012-08-03 14:00:00,3,0,1,2,35.26,39.395,44,16.9979,0,14,8
2012-08-03 15:00:00,3,0,1,1,36.08,40.91,42,16.9979,0,15,8
2012-08-03 16:00:00,3,0,1,2,35.26,39.395,41,15.0013,0,16,8
2012-08-03 17:00:00,3,0,1,2,34.44,40.15,53,19.0012,0,17,8
2012-08-03 18:00:00,3,0,1,2,33.62,40.15,59,16.9979,0,18,8
2012-08-03 19:00:00,3,0,1,2,32.8,39.395,63,15.0013,0,19,8
2012-08-03 20:00:00,3,0,1,2,31.98,37.88,66,15.0013,0,20,8
2012-08-03 21:00:00,3,0,1,2,31.16,36.365,66,12.998,0,21,8
2012-08-03 22:00:00,3,0,1,1,31.16,36.365,70,16.9979,0,22,8
2012-08-03 23:00:00,3,0,1,1,30.34,35.605,79,8.9981,0,23,8
2012-08-04 00:00:00,3,0,0,1,30.34,35.605,79,11.0014,0,0,8
2012-08-04 01:00:00,3,0,0,1,29.52,35.605,84,12.998,0,1,8
2012-08-04 02:00:00,3,0,0,1,29.52,35.605,84,8.9981,0,2,8
2012-08-04 03:00:00,3,0,0,1,29.52,35.605,84,8.9981,0,3,8
2012-08-04 04:00:00,3,0,0,1,29.52,34.85,79,12.998,0,4,8
2012-08-04 05:00:00,3,0,0,1,28.7,33.335,84,15.0013,0,5,8
2012-08-04 06:00:00,3,0,0,1,28.7,33.335,84,15.0013,0,6,8
2012-08-04 07:00:00,3,0,0,1,29.52,34.85,77,11.0014,0,7,8
2012-08-04 08:00:00,3,0,0,1,30.34,36.365,72,12.998,0,8,8
2012-08-04 09:00:00,3,0,0,1,31.98,37.88,65,15.0013,0,9,8
2012-08-04 10:00:00,3,0,0,1,33.62,38.635,57,12.998,0,10,8
2012-08-04 11:00:00,3,0,0,1,35.26,40.15,47,16.9979,0,11,8
2012-08-04 12:00:00,3,0,0,1,35.26,39.395,40,23.9994,0,12,8
2012-08-04 13:00:00,3,0,0,1,36.08,40.91,42,19.9995,0,13,8
2012-08-04 14:00:00,3,0,0,1,36.08,40.15,40,26.0027,0,14,8
2012-08-04 15:00:00,3,0,0,1,36.08,40.91,42,27.9993,0,15,8
2012-08-04 16:00:00,3,0,0,1,36.9,40.91,39,19.9995,0,16,8
2012-08-04 17:00:00,3,0,0,1,36.08,39.395,37,19.9995,0,17,8
2012-08-04 18:00:00,3,0,0,1,35.26,39.395,41,22.0028,0,18,8
2012-08-04 19:00:00,3,0,0,1,33.62,38.635,52,23.9994,0,19,8
2012-08-04 20:00:00,3,0,0,1,33.62,38.635,52,19.9995,0,20,8
2012-08-04 21:00:00,3,0,0,1,32.8,38.635,59,16.9979,0,21,8
2012-08-04 22:00:00,3,0,0,1,31.16,36.365,66,19.0012,0,22,8
2012-08-04 23:00:00,3,0,0,1,31.16,36.365,66,19.9995,0,23,8
2012-08-05 00:00:00,3,0,0,1,30.34,34.85,70,19.0012,0,0,8
2012-08-05 01:00:00,3,0,0,1,30.34,34.85,70,16.9979,0,1,8
2012-08-05 02:00:00,3,0,0,1,30.34,34.85,70,19.9995,0,2,8
2012-08-05 03:00:00,3,0,0,1,29.52,34.85,74,16.9979,0,3,8
2012-08-05 04:00:00,3,0,0,1,29.52,34.85,74,16.9979,0,4,8
2012-08-05 05:00:00,3,0,0,1,29.52,34.85,74,16.9979,0,5,8
2012-08-05 06:00:00,3,0,0,1,29.52,34.85,79,16.9979,0,6,8
2012-08-05 07:00:00,3,0,0,1,30.34,35.605,74,19.9995,0,7,8
2012-08-05 08:00:00,3,0,0,1,31.16,36.365,66,22.0028,0,8,8
2012-08-05 09:00:00,3,0,0,1,32.8,38.635,59,23.9994,0,9,8
2012-08-05 10:00:00,3,0,0,1,32.8,38.635,59,27.9993,0,10,8
2012-08-05 11:00:00,3,0,0,1,33.62,39.395,56,27.9993,0,11,8
2012-08-05 12:00:00,3,0,0,1,35.26,40.15,47,35.0008,0,12,8
2012-08-05 13:00:00,3,0,0,1,36.08,40.91,44,31.0009,0,13,8
2012-08-05 14:00:00,3,0,0,1,36.9,42.425,42,31.0009,0,14,8
2012-08-05 15:00:00,3,0,0,1,36.9,40.91,37,35.0008,0,15,8
2012-08-05 16:00:00,3,0,0,1,33.62,37.88,46,16.9979,0,16,8
2012-08-05 17:00:00,3,0,0,1,33.62,37.88,46,16.9979,0,17,8
2012-08-05 18:00:00,3,0,0,3,28.7,33.335,74,8.9981,0,18,8
2012-08-05 19:00:00,3,0,0,1,28.7,33.335,84,15.0013,0,19,8
2012-08-05 20:00:00,3,0,0,1,28.7,33.335,84,7.0015,0,20,8
2012-08-05 21:00:00,3,0,0,1,29.52,34.85,79,7.0015,0,21,8
2012-08-05 22:00:00,3,0,0,1,29.52,34.85,79,6.0032,0,22,8
2012-08-05 23:00:00,3,0,0,2,29.52,34.85,79,11.0014,0,23,8
2012-08-06 00:00:00,3,0,1,2,29.52,34.85,79,11.438559750328697,1,0,8
2012-08-06 01:00:00,3,0,1,1,29.52,34.85,79,6.0032,0,1,8
2012-08-06 02:00:00,3,0,1,2,29.52,34.85,79,8.9981,0,2,8
2012-08-06 03:00:00,3,0,1,3,29.52,34.85,79,6.0032,0,3,8
2012-08-06 04:00:00,3,0,1,2,29.52,34.85,74,8.9981,0,4,8
2012-08-06 05:00:00,3,0,1,1,28.7,33.335,79,12.998,0,5,8
2012-08-06 06:00:00,3,0,1,2,28.7,33.335,79,15.0013,0,6,8
2012-08-06 07:00:00,3,0,1,3,29.52,34.09,70,12.998,0,7,8
2012-08-06 08:00:00,3,0,1,2,28.7,33.335,79,13.167027778783117,1,8,8
2012-08-06 09:00:00,3,0,1,3,28.7,33.335,79,11.0014,0,9,8
2012-08-06 10:00:00,3,0,1,1,30.34,34.85,70,15.0013,0,10,8
2012-08-06 11:00:00,3,0,1,1,31.16,36.365,66,8.9981,0,11,8
2012-08-06 12:00:00,3,0,1,2,31.98,36.365,55,6.0032,0,12,8
2012-08-06 13:00:00,3,0,1,1,32.8,37.12,49,15.0013,0,13,8
2012-08-06 14:00:00,3,0,1,1,33.62,37.88,46,15.369296384421084,1,14,8
2012-08-06 15:00:00,3,0,1,1,33.62,37.88,46,8.9981,0,15,8
2012-08-06 16:00:00,3,0,1,1,34.44,37.88,41,7.0015,0,16,8
2012-08-06 17:00:00,3,0,1,1,33.62,37.12,41,15.378006898585223,1,17,8
2012-08-06 18:00:00,3,0,1,1,33.62,37.12,41,8.9981,0,18,8
2012-08-06 19:00:00,3,0,1,1,31.98,37.12,59,12.998,0,19,8
2012-08-06 20:00:00,3,0,1,1,31.16,36.365,66,11.0014,0,20,8
2012-08-06 21:00:00,3,0,1,1,30.34,34.85,70,12.998,0,21,8
2012-08-06 22:00:00,3,0,1,1,30.34,34.85,70,6.0032,0,22,8
2012-08-06 23:00:00,3,0,1,1,29.52,34.85,74,12.998,0,23,8
2012-08-07 00:00:00,3,0,1,1,28.7,33.335,84,12.998,0,0,8
2012-08-07 01:00:00,3,0,1,1,28.7,33.335,84,8.9981,0,1,8
2012-08-07 02:00:00,3,0,1,1,28.7,33.335,84,8.9981,0,2,8
2012-08-07 03:00:00,3,0,1,1,28.7,33.335,84,11.329680219348926,1,3,8
2012-08-07 04:00:00,3,0,1,1,27.88,31.82,83,8.9981,0,4,8
2012-08-07 05:00:00,3,0,1,1,28.7,33.335,79,7.0015,0,5,8
2012-08-07 06:00:00,3,0,1,2,28.7,33.335,79,12.998,0,6,8
2012-08-07 07:00:00,3,0,1,2,28.7,33.335,74,8.9981,0,7,8
2012-08-07 08:00:00,3,0,1,2,28.7,32.575,70,11.0014,0,8,8
2012-08-07 09:00:00,3,0,1,2,28.7,33.335,74,8.9981,0,9,8
2012-08-07 10:00:00,3,0,1,2,30.34,34.85,70,8.9981,0,10,8
2012-08-07 11:00:00,3,0,1,2,31.16,36.365,66,6.0032,0,11,8
2012-08-07 12:00:00,3,0,1,2,32.8,37.88,55,8.9981,0,12,8
2012-08-07 13:00:00,3,0,1,2,32.8,37.12,52,12.998,0,13,8
2012-08-07 14:00:00,3,0,1,2,33.62,37.88,46,15.27359937688028,1,14,8
2012-08-07 15:00:00,3,0,1,1,32.8,37.12,52,15.844476038862668,1,15,8
2012-08-07 16:00:00,3,0,1,3,31.16,36.365,66,19.0012,0,16,8
2012-08-07 17:00:00,3,0,1,2,31.98,37.12,62,8.9981,0,17,8
2012-08-07 18:00:00,3,0,1,2,31.16,35.605,62,11.0014,0,18,8
2012-08-07 19:00:00,3,0,1,2,31.16,36.365,66,7.0015,0,19,8
2012-08-07 20:00:00,3,0,1,2,30.34,34.85,70,8.9981,0,20,8
2012-08-07 21:00:00,3,0,1,2,29.52,34.85,74,12.61562215538826,1,21,8
2012-08-07 22:00:00,3,0,1,1,29.52,34.85,74,7.0015,0,22,8
2012-08-07 23:00:00,3,0,1,1,29.52,34.85,79,10.498539407196937,1,23,8
2012-08-08 00:00:00,3,0,1,1,28.7,33.335,84,11.20978317004997,1,0,8
2012-08-08 01:00:00,3,0,1,1,29.52,34.85,79,11.241372360186238,1,1,8
2012-08-08 02:00:00,3,0,1,1,28.7,33.335,84,11.269714189338323,1,2,8
2012-08-08 03:00:00,3,0,1,1,28.7,33.335,84,11.329680219348926,1,3,8
2012-08-08 04:00:00,3,0,1,1,28.7,33.335,84,11.406283949961361,1,4,8
2012-08-08 05:00:00,3,0,1,2,27.88,31.82,89,11.0014,0,5,8
2012-08-08 06:00:00,3,0,1,2,28.7,33.335,84,11.0014,0,6,8
2012-08-08 07:00:00,3,0,1,2,28.7,33.335,84,11.0014,0,7,8
2012-08-08 08:00:00,3,0,1,2,30.34,36.365,72,6.0032,0,8,8
2012-08-08 09:00:00,3,0,1,2,31.16,36.365,66,13.298309689995152,1,9,8
2012-08-08 10:00:00,3,0,1,2,32.8,37.12,52,8.9981,0,10,8
2012-08-08 11:00:00,3,0,1,2,32.8,37.12,52,14.761259514379395,1,11,8
2012-08-08 12:00:00,3,0,1,2,32.8,37.12,52,15.076349066872169,1,12,8
2012-08-08 13:00:00,3,0,1,2,32.8,37.12,52,15.442422596475886,1,13,8
2012-08-08 14:00:00,3,0,1,2,32.8,37.12,52,16.9979,0,14,8
2012-08-08 15:00:00,3,0,1,2,34.44,37.88,44,12.998,0,15,8
2012-08-08 16:00:00,3,0,1,2,32.8,37.12,49,19.0012,0,16,8
2012-08-08 17:00:00,3,0,1,2,32.8,37.88,55,19.0012,0,17,8
2012-08-08 18:00:00,3,0,1,2,31.98,36.365,55,11.0014,0,18,8
2012-08-08 19:00:00,3,0,1,1,31.16,36.365,66,15.0013,0,19,8
2012-08-08 20:00:00,3,0,1,1,30.34,34.85,66,12.998,0,20,8
2012-08-08 21:00:00,3,0,1,1,30.34,34.85,66,7.0015,0,21,8
2012-08-08 22:00:00,3,0,1,1,29.52,34.85,74,7.0015,0,22,8
2012-08-08 23:00:00,3,0,1,1,29.52,34.09,70,8.9981,0,23,8
2012-08-09 00:00:00,3,0,1,1,29.52,34.85,74,12.998,0,0,8
2012-08-09 01:00:00,3,0,1,1,28.7,33.335,79,8.9981,0,1,8
2012-08-09 02:00:00,3,0,1,1,28.7,33.335,84,6.0032,0,2,8
2012-08-09 03:00:00,3,0,1,1,27.88,31.82,83,6.0032,0,3,8
2012-08-09 04:00:00,3,0,1,2,27.88,31.82,89,8.9981,0,4,8
2012-08-09 05:00:00,3,0,1,2,27.06,29.545,94,10.943439879650269,1,5,8
2012-08-09 06:00:00,3,0,1,1,27.06,30.305,83,11.0014,0,6,8
2012-08-09 07:00:00,3,0,1,2,28.7,33.335,84,11.0014,0,7,8
2012-08-09 08:00:00,3,0,1,1,29.52,34.85,74,7.0015,0,8,8
2012-08-09 09:00:00,3,0,1,1,31.16,36.365,66,11.0014,0,9,8
2012-08-09 10:00:00,3,0,1,1,32.8,37.88,55,15.0013,0,10,8
2012-08-09 11:00:00,3,0,1,1,34.44,37.88,44,15.018919869294953,1,11,8
2012-08-09 12:00:00,3,0,1,1,34.44,37.88,44,7.0015,0,12,8
2012-08-09 13:00:00,3,0,1,1,35.26,39.395,41,7.0015,0,13,8
2012-08-09 14:00:00,3,0,1,1,36.08,38.635,32,15.0013,0,14,8
2012-08-09 15:00:00,3,0,1,1,36.08,38.635,32,15.0013,0,15,8
2012-08-09 16:00:00,3,0,1,1,35.26,38.635,39,16.9979,0,16,8
2012-08-09 17:00:00,3,0,1,1,35.26,37.88,36,16.9979,0,17,8
2012-08-09 18:00:00,3,0,1,2,33.62,37.88,46,16.9979,0,18,8
2012-08-09 19:00:00,3,0,1,1,32.8,37.88,55,12.998,0,19,8
2012-08-09 20:00:00,3,0,1,1,28.7,32.575,54,19.0012,0,20,8
2012-08-09 21:00:00,3,0,1,2,28.7,32.575,58,11.0014,0,21,8
2012-08-09 22:00:00,3,0,1,2,27.06,31.06,69,15.0013,0,22,8
2012-08-09 23:00:00,3,0,1,1,27.06,31.06,74,11.746131186754933,1,23,8
2012-08-10 00:00:00,3,0,1,1,28.7,32.575,65,6.0032,0,0,8
2012-08-10 01:00:00,3,0,1,1,28.7,32.575,65,7.0015,0,1,8
2012-08-10 02:00:00,3,0,1,1,28.7,33.335,74,11.0014,0,2,8
2012-08-10 03:00:00,3,0,1,2,29.52,34.85,79,12.998,0,3,8
2012-08-10 04:00:00,3,0,1,3,28.7,33.335,84,19.0012,0,4,8
2012-08-10 05:00:00,3,0,1,3,28.7,33.335,84,19.0012,0,5,8
2012-08-10 06:00:00,3,0,1,3,26.24,28.79,89,19.9995,0,6,8
2012-08-10 07:00:00,3,0,1,3,26.24,28.79,89,7.0015,0,7,8
2012-08-10 08:00:00,3,0,1,3,25.42,27.275,91,11.0014,0,8,8
2012-08-10 09:00:00,3,0,1,2,26.24,28.79,89,12.789386536018917,1,9,8
2012-08-10 10:00:00,3,0,1,1,27.06,29.545,89,7.0015,0,10,8
2012-08-10 11:00:00,3,0,1,3,27.88,31.82,79,8.9981,0,11,8
2012-08-10 12:00:00,3,0,1,2,30.34,34.85,66,23.9994,0,12,8
2012-08-10 13:00:00,3,0,1,2,31.16,35.605,58,23.9994,0,13,8
2012-08-10 14:00:00,3,0,1,1,31.16,35.605,58,23.9994,0,14,8
2012-08-10 15:00:00,3,0,1,1,32.8,37.12,52,30.0026,0,15,8
2012-08-10 16:00:00,3,0,1,1,31.98,36.365,55,19.9995,0,16,8
2012-08-10 17:00:00,3,0,1,1,32.8,37.12,52,19.0012,0,17,8
2012-08-10 18:00:00,3,0,1,1,31.16,35.605,62,19.9995,0,18,8
2012-08-10 19:00:00,3,0,1,1,31.16,35.605,62,19.0012,0,19,8
2012-08-10 20:00:00,3,0,1,1,30.34,34.85,66,19.9995,0,20,8
2012-08-10 21:00:00,3,0,1,1,30.34,34.85,66,16.9979,0,21,8
2012-08-10 22:00:00,3,0,1,1,29.52,34.85,74,19.0012,0,22,8
2012-08-10 23:00:00,3,0,1,1,29.52,34.09,70,19.0012,0,23,8
2012-08-11 00:00:00,3,0,0,1,28.7,32.575,70,19.0012,0,0,8
2012-08-11 01:00:00,3,0,0,1,27.06,31.06,74,15.0013,0,1,8
2012-08-11 02:00:00,3,0,0,3,26.24,29.545,78,12.998,0,2,8
2012-08-11 03:00:00,3,0,0,3,25.42,28.79,83,11.0014,0,3,8
2012-08-11 04:00:00,3,0,0,1,25.42,28.79,83,7.0015,0,4,8
2012-08-11 05:00:00,3,0,0,1,25.42,28.03,88,7.0015,0,5,8
2012-08-11 06:00:00,3,0,0,2,25.42,28.03,88,7.0015,0,6,8
2012-08-11 07:00:00,3,0,0,1,26.24,28.79,83,6.0032,0,7,8
2012-08-11 08:00:00,3,0,0,1,27.06,30.305,83,7.0015,0,8,8
2012-08-11 09:00:00,3,0,0,1,27.88,31.82,79,12.998,0,9,8
2012-08-11 10:00:00,3,0,0,1,29.52,34.09,62,6.0032,0,10,8
2012-08-11 11:00:00,3,0,0,1,30.34,34.85,66,11.0014,0,11,8
2012-08-11 12:00:00,3,0,0,1,31.16,35.605,58,15.0013,0,12,8
2012-08-11 13:00:00,3,0,0,1,32.8,37.12,49,23.9994,0,13,8
2012-08-11 14:00:00,3,0,0,1,32.8,37.12,49,19.9995,0,14,8
2012-08-11 15:00:00,3,0,0,1,32.8,36.365,46,19.0012,0,15,8
2012-08-11 16:00:00,3,0,0,1,32.8,36.365,46,19.9995,0,16,8
2012-08-11 17:00:00,3,0,0,3,30.34,34.85,66,23.9994,0,17,8
2012-08-11 18:00:00,3,0,0,2,28.7,33.335,74,19.9995,0,18,8
2012-08-11 19:00:00,3,0,0,2,27.06,29.545,89,7.0015,0,19,8
2012-08-11 20:00:00,3,0,0,3,27.06,29.545,89,27.9993,0,20,8
2012-08-11 21:00:00,3,0,0,2,27.06,29.545,89,11.0014,0,21,8
2012-08-11 22:00:00,3,0,0,2,27.06,29.545,89,11.0014,0,22,8
2012-08-11 23:00:00,3,0,0,3,27.06,30.305,78,11.0014,0,23,8
2012-08-12 00:00:00,3,0,0,2,26.24,30.305,73,8.9981,0,0,8
2012-08-12 01:00:00,3,0,0,1,25.42,29.545,78,8.9981,0,1,8
2012-08-12 02:00:00,3,0,0,1,26.24,30.305,69,8.9981,0,2,8
2012-08-12 03:00:00,3,0,0,1,25.42,29.545,73,6.0032,0,3,8
2012-08-12 04:00:00,3,0,0,1,26.24,30.305,69,6.0032,0,4,8
2012-08-12 05:00:00,3,0,0,1,26.24,31.06,61,12.998,0,5,8
2012-08-12 06:00:00,3,0,0,1,26.24,30.305,65,11.0014,0,6,8
2012-08-12 07:00:00,3,0,0,1,26.24,30.305,65,8.9981,0,7,8
2012-08-12 08:00:00,3,0,0,1,27.06,31.06,54,15.0013,0,8,8
2012-08-12 09:00:00,3,0,0,1,28.7,32.575,48,15.0013,0,9,8
2012-08-12 10:00:00,3,0,0,1,28.7,32.575,51,11.0014,0,10,8
2012-08-12 11:00:00,3,0,0,1,30.34,33.335,42,11.0014,0,11,8
2012-08-12 12:00:00,3,0,0,1,30.34,33.335,42,12.998,0,12,8
2012-08-12 13:00:00,3,0,0,1,31.98,34.85,40,14.790633719077853,1,13,8
2012-08-12 14:00:00,3,0,0,1,31.16,34.09,40,12.998,0,14,8
2012-08-12 15:00:00,3,0,0,1,31.16,34.09,40,8.9981,0,15,8
2012-08-12 16:00:00,3,0,0,1,31.16,34.09,40,7.0015,0,16,8
2012-08-12 17:00:00,3,0,0,1,32.8,34.85,33,15.058882994974574,1,17,8
2012-08-12 18:00:00,3,0,0,1,31.98,34.09,35,7.0015,0,18,8
2012-08-12 19:00:00,3,0,0,1,30.34,32.575,40,8.9981,0,19,8
2012-08-12 20:00:00,3,0,0,1,29.52,32.575,45,11.713491295073394,1,20,8
2012-08-12 21:00:00,3,0,0,1,29.52,33.335,51,6.0032,0,21,8
2012-08-12 22:00:00,3,0,0,1,28.7,32.575,58,8.9981,0,22,8
2012-08-12 23:00:00,3,0,0,1,27.88,31.82,61,11.89666957373952,1,23,8
2012-08-13 00:00:00,3,0,1,1,27.06,31.06,65,7.0015,0,0,8
2012-08-13 01:00:00,3,0,1,1,27.06,31.06,65,6.0032,0,1,8
2012-08-13 02:00:00,3,0,1,1,26.24,30.305,69,7.0015,0,2,8
2012-08-13 03:00:00,3,0,1,1,26.24,30.305,69,11.180008346364179,1,3,8
2012-08-13 04:00:00,3,0,1,1,26.24,30.305,69,7.0015,0,4,8
2012-08-13 05:00:00,3,0,1,1,26.24,30.305,69,7.0015,0,5,8
2012-08-13 06:00:00,3,0,1,1,25.42,29.545,73,6.0032,0,6,8
2012-08-13 07:00:00,3,0,1,1,27.06,31.06,65,8.9981,0,7,8
2012-08-13 08:00:00,3,0,1,2,29.52,33.335,51,6.0032,0,8,8
2012-08-13 09:00:00,3,0,1,2,30.34,33.335,45,14.347051769745663,1,9,8
2012-08-13 10:00:00,3,0,1,2,31.16,34.09,40,13.943288370933148,1,10,8
2012-08-13 11:00:00,3,0,1,1,31.16,34.09,40,6.0032,0,11,8
2012-08-13 12:00:00,3,0,1,1,31.98,34.85,40,12.998,0,12,8
2012-08-13 13:00:00,3,0,1,1,31.98,34.85,40,11.0014,0,13,8
2012-08-13 14:00:00,3,0,1,1,32.8,34.85,33,7.0015,0,14,8
2012-08-13 15:00:00,3,0,1,1,33.62,36.365,34,15.0013,0,15,8
2012-08-13 16:00:00,3,0,1,1,32.8,35.605,36,6.0032,0,16,8
2012-08-13 17:00:00,3,0,1,1,32.8,35.605,36,11.0014,0,17,8
2012-08-13 18:00:00,3,0,1,1,31.16,34.85,52,19.0012,0,18,8
2012-08-13 19:00:00,3,0,1,1,30.34,34.09,58,11.0014,0,19,8
2012-08-13 20:00:00,3,0,1,1,30.34,34.09,62,15.0013,0,20,8
2012-08-13 21:00:00,3,0,1,1,29.52,34.09,66,12.998,0,21,8
2012-08-13 22:00:00,3,0,1,1,29.52,34.09,62,22.0028,0,22,8
2012-08-13 23:00:00,3,0,1,1,28.7,32.575,70,15.0013,0,23,8
2012-08-14 00:00:00,3,0,1,1,28.7,33.335,74,15.0013,0,0,8
2012-08-14 01:00:00,3,0,1,1,27.88,31.82,79,16.9979,0,1,8
2012-08-14 02:00:00,3,0,1,2,27.88,31.82,83,12.998,0,2,8
2012-08-14 03:00:00,3,0,1,2,27.88,31.82,83,12.998,0,3,8
2012-08-14 04:00:00,3,0,1,2,27.88,31.82,83,12.998,0,4,8
2012-08-14 05:00:00,3,0,1,2,27.88,31.82,89,12.998,0,5,8
2012-08-14 06:00:00,3,0,1,3,26.24,28.79,83,12.998,0,6,8
2012-08-14 07:00:00,3,0,1,2,27.06,30.305,83,6.0032,0,7,8
2012-08-14 08:00:00,3,0,1,2,27.06,29.545,89,6.0032,0,8,8
2012-08-14 09:00:00,3,0,1,2,28.7,33.335,74,13.750715091051289,1,9,8
2012-08-14 10:00:00,3,0,1,1,28.7,33.335,79,7.0015,0,10,8
2012-08-14 11:00:00,3,0,1,1,30.34,34.09,62,13.553465305755058,1,11,8
2012-08-14 12:00:00,3,0,1,1,31.98,35.605,49,8.9981,0,12,8
2012-08-14 13:00:00,3,0,1,1,32.8,36.365,46,6.0032,0,13,8
2012-08-14 14:00:00,3,0,1,1,33.62,37.12,41,15.0013,0,14,8
2012-08-14 15:00:00,3,0,1,1,33.62,37.88,46,15.0013,0,15,8
2012-08-14 16:00:00,3,0,1,1,33.62,37.12,43,15.0013,0,16,8
2012-08-14 17:00:00,3,0,1,3,31.16,36.365,66,16.9979,0,17,8
2012-08-14 18:00:00,3,0,1,1,31.16,35.605,62,19.0012,0,18,8
2012-08-14 19:00:00,3,0,1,1,31.16,36.365,66,12.998,0,19,8
2012-08-14 20:00:00,3,0,1,1,30.34,35.605,74,15.0013,0,20,8
2012-08-14 21:00:00,3,0,1,1,30.34,34.09,62,15.0013,0,21,8
2012-08-14 22:00:00,3,0,1,1,29.52,34.09,66,6.0032,0,22,8
2012-08-14 23:00:00,3,0,1,1,29.52,34.09,66,11.0014,0,23,8
2012-08-15 00:00:00,3,0,1,1,28.7,32.575,61,12.998,0,0,8
2012-08-15 01:00:00,3,0,1,1,28.7,32.575,61,12.083119510009812,1,1,8
2012-08-15 02:00:00,3,0,1,1,27.88,31.82,65,11.26679716464231,1,2,8
2012-08-15 03:00:00,3,0,1,1,27.06,31.06,74,7.0015,0,3,8
2012-08-15 04:00:00,3,0,1,1,26.24,28.79,83,7.0015,0,4,8
2012-08-15 05:00:00,3,0,1,1,26.24,29.545,78,7.0015,0,5,8
2012-08-15 06:00:00,3,0,1,1,26.24,29.545,78,7.0015,0,6,8
2012-08-15 07:00:00,3,0,1,2,27.06,31.06,69,12.998,0,7,8
2012-08-15 08:00:00,3,0,1,2,28.7,32.575,65,19.0012,0,8,8
2012-08-15 09:00:00,3,0,1,2,29.52,34.09,62,12.998,0,9,8
2012-08-15 10:00:00,3,0,1,2,29.52,34.09,62,12.998,0,10,8
2012-08-15 11:00:00,3,0,1,2,30.34,34.09,58,12.998,0,11,8
2012-08-15 12:00:00,3,0,1,1,30.34,34.09,55,15.0013,0,12,8
2012-08-15 13:00:00,3,0,1,2,31.98,35.605,49,12.998,0,13,8
2012-08-15 14:00:00,3,0,1,2,31.16,34.85,52,19.9995,0,14,8
2012-08-15 15:00:00,3,0,1,1,31.16,34.85,52,16.9979,0,15,8
2012-08-15 16:00:00,3,0,1,1,31.16,34.09,48,12.998,0,16,8
2012-08-15 17:00:00,3,0,1,1,30.34,34.09,55,19.0012,0,17,8
2012-08-15 18:00:00,3,0,1,1,30.34,33.335,51,15.0013,0,18,8
2012-08-15 19:00:00,3,0,1,1,28.7,32.575,61,8.9981,0,19,8
2012-08-15 20:00:00,3,0,1,1,28.7,32.575,61,8.9981,0,20,8
2012-08-15 21:00:00,3,0,1,1,28.7,32.575,61,12.998,0,21,8
2012-08-15 22:00:00,3,0,1,1,28.7,32.575,61,11.0014,0,22,8
2012-08-15 23:00:00,3,0,1,1,27.88,31.82,65,7.0015,0,23,8
2012-08-16 00:00:00,3,0,1,1,27.06,31.06,69,11.483491902295325,1,0,8
2012-08-16 01:00:00,3,0,1,1,26.24,30.305,73,10.83518147239973,1,1,8
2012-08-16 02:00:00,3,0,1,1,26.24,30.305,69,12.998,0,2,8
2012-08-16 03:00:00,3,0,1,1,25.42,29.545,73,16.9979,0,3,8
2012-08-16 04:00:00,3,0,1,1,25.42,29.545,73,15.0013,0,4,8
2012-08-16 05:00:00,3,0,1,1,24.6,28.79,78,11.0014,0,5,8
2012-08-16 06:00:00,3,0,1,1,24.6,28.79,78,11.0014,0,6,8
2012-08-16 07:00:00,3,0,1,1,26.24,30.305,69,15.0013,0,7,8
2012-08-16 08:00:00,3,0,1,1,27.88,31.82,61,12.998,0,8,8
2012-08-16 09:00:00,3,0,1,1,29.52,33.335,54,7.0015,0,9,8
2012-08-16 10:00:00,3,0,1,1,30.34,33.335,48,8.9981,0,10,8
2012-08-16 11:00:00,3,0,1,1,31.16,33.335,37,6.0032,0,11,8
2012-08-16 12:00:00,3,0,1,1,32.8,34.85,33,7.0015,0,12,8
2012-08-16 13:00:00,3,0,1,1,32.8,34.85,31,15.0013,0,13,8
2012-08-16 14:00:00,3,0,1,1,33.62,35.605,32,15.239713230243373,1,14,8
2012-08-16 15:00:00,3,0,1,1,32.8,34.85,33,16.9979,0,15,8
2012-08-16 16:00:00,3,0,1,1,33.62,35.605,32,15.0013,0,16,8
2012-08-16 17:00:00,3,0,1,1,33.62,36.365,34,12.998,0,17,8
2012-08-16 18:00:00,3,0,1,1,32.8,35.605,36,15.017743814456425,1,18,8
2012-08-16 19:00:00,3,0,1,1,31.16,34.09,40,7.0015,0,19,8
2012-08-16 20:00:00,3,0,1,1,31.16,34.09,40,6.0032,0,20,8
2012-08-16 21:00:00,3,0,1,1,30.34,33.335,48,12.998,0,21,8
2012-08-16 22:00:00,3,0,1,1,29.52,33.335,51,11.0014,0,22,8
2012-08-16 23:00:00,3,0,1,1,28.7,32.575,54,7.0015,0,23,8
2012-08-17 00:00:00,3,0,1,1,27.88,12.12,57,11.0014,0,0,8
2012-08-17 01:00:00,3,0,1,1,27.06,12.12,65,7.0015,0,1,8
2012-08-17 02:00:00,3,0,1,1,27.06,12.12,61,8.9981,0,2,8
2012-08-17 03:00:00,3,0,1,1,26.24,12.12,65,7.0015,0,3,8
2012-08-17 04:00:00,3,0,1,1,26.24,12.12,73,11.0014,0,4,8
2012-08-17 05:00:00,3,0,1,1,26.24,12.12,73,7.0015,0,5,8
2012-08-17 06:00:00,3,0,1,1,25.42,12.12,78,8.9981,0,6,8
2012-08-17 07:00:00,3,0,1,1,26.24,12.12,73,7.0015,0,7,8
2012-08-17 08:00:00,3,0,1,1,27.88,12.12,65,8.9981,0,8,8
2012-08-17 09:00:00,3,0,1,1,28.7,12.12,58,7.0015,0,9,8
2012-08-17 10:00:00,3,0,1,1,30.34,12.12,55,11.0014,0,10,8
2012-08-17 11:00:00,3,0,1,1,31.16,12.12,52,19.0012,0,11,8
2012-08-17 12:00:00,3,0,1,1,33.62,12.12,41,15.0013,0,12,8
2012-08-17 13:00:00,3,0,1,1,34.44,12.12,36,26.0027,0,13,8
2012-08-17 14:00:00,3,0,1,1,35.26,12.12,34,27.9993,0,14,8
2012-08-17 15:00:00,3,0,1,1,35.26,12.12,30,31.0009,0,15,8
2012-08-17 16:00:00,3,0,1,2,34.44,12.12,32,30.0026,0,16,8
2012-08-17 17:00:00,3,0,1,1,33.62,12.12,36,22.0028,0,17,8
2012-08-17 18:00:00,3,0,1,2,33.62,12.12,38,16.9979,0,18,8
2012-08-17 19:00:00,3,0,1,2,30.34,12.12,55,26.0027,0,19,8
2012-08-17 20:00:00,3,0,1,2,29.52,12.12,58,15.0013,0,20,8
2012-08-17 21:00:00,3,0,1,2,27.88,12.12,69,19.9995,0,21,8
2012-08-17 22:00:00,3,0,1,3,27.06,12.12,83,12.998,0,22,8
2012-08-17 23:00:00,3,0,1,3,26.24,12.12,83,15.0013,0,23,8
2012-08-18 00:00:00,3,0,0,2,26.24,28.79,83,15.0013,0,0,8
2012-08-18 01:00:00,3,0,0,3,25.42,27.275,94,11.0014,0,1,8
2012-08-18 02:00:00,3,0,0,3,25.42,28.03,88,11.0014,0,2,8
2012-08-18 03:00:00,3,0,0,1,25.42,28.03,88,12.998,0,3,8
2012-08-18 04:00:00,3,0,0,1,25.42,29.545,73,15.0013,0,4,8
2012-08-18 05:00:00,3,0,0,1,24.6,28.79,78,16.9979,0,5,8
2012-08-18 06:00:00,3,0,0,1,24.6,28.03,83,15.0013,0,6,8
2012-08-18 07:00:00,3,0,0,1,24.6,28.03,83,15.0013,0,7,8
2012-08-18 08:00:00,3,0,0,1,26.24,30.305,69,16.9979,0,8,8
2012-08-18 09:00:00,3,0,0,1,27.06,31.06,65,19.0012,0,9,8
2012-08-18 10:00:00,3,0,0,1,28.7,32.575,54,11.0014,0,10,8
2012-08-18 11:00:00,3,0,0,1,29.52,33.335,51,14.519493962612,1,11,8
2012-08-18 12:00:00,3,0,0,1,31.16,33.335,37,12.998,0,12,8
2012-08-18 13:00:00,3,0,0,1,30.34,32.575,40,12.998,0,13,8
2012-08-18 14:00:00,3,0,0,1,31.16,33.335,37,19.0012,0,14,8
2012-08-18 15:00:00,3,0,0,1,31.16,33.335,37,15.0013,0,15,8
2012-08-18 16:00:00,3,0,0,1,31.16,33.335,37,16.9979,0,16,8
2012-08-18 17:00:00,3,0,0,1,31.16,33.335,37,15.0013,0,17,8
2012-08-18 18:00:00,3,0,0,1,30.34,32.575,37,11.0014,0,18,8
2012-08-18 19:00:00,3,0,0,1,28.7,31.82,45,11.0014,0,19,8
2012-08-18 20:00:00,3,0,0,1,28.7,31.82,45,7.0015,0,20,8
2012-08-18 21:00:00,3,0,0,1,27.06,31.06,61,12.089142692095292,1,21,8
2012-08-18 22:00:00,3,0,0,1,27.06,31.06,61,11.965454541862481,1,22,8
2012-08-18 23:00:00,3,0,0,1,26.24,30.305,65,6.0032,0,23,8
2012-08-19 00:00:00,3,0,0,1,27.06,31.06,57,6.0032,0,0,8
2012-08-19 01:00:00,3,0,0,1,26.24,30.305,65,10.909812229246826,1,1,8
2012-08-19 02:00:00,3,0,0,2,25.42,30.305,69,6.0032,0,2,8
2012-08-19 03:00:00,3,0,0,2,25.42,30.305,61,11.0014,0,3,8
2012-08-19 04:00:00,3,0,0,2,25.42,30.305,65,11.0014,0,4,8
2012-08-19 05:00:00,3,0,0,2,24.6,29.545,73,8.9981,0,5,8
2012-08-19 06:00:00,3,0,0,2,25.42,30.305,69,7.0015,0,6,8
2012-08-19 07:00:00,3,0,0,2,25.42,30.305,69,8.9981,0,7,8
2012-08-19 08:00:00,3,0,0,2,26.24,30.305,69,7.0015,0,8,8
2012-08-19 09:00:00,3,0,0,2,27.06,31.06,74,13.852105850474196,1,9,8
2012-08-19 10:00:00,3,0,0,2,27.88,31.82,69,13.805179416329986,1,10,8
2012-08-19 11:00:00,3,0,0,3,26.24,29.545,78,11.0014,0,11,8
2012-08-19 12:00:00,3,0,0,3,26.24,30.305,73,17.513350882685543,1,12,8
2012-08-19 13:00:00,3,0,0,3,26.24,28.79,83,8.9981,0,13,8
2012-08-19 14:00:00,3,0,0,3,26.24,30.305,73,17.485092164653306,1,14,8
2012-08-19 15:00:00,3,0,0,2,26.24,30.305,65,14.062879931632821,1,15,8
2012-08-19 16:00:00,3,0,0,2,27.06,31.06,65,14.146881873094545,1,16,8
2012-08-19 17:00:00,3,0,0,2,26.24,29.545,78,7.0015,0,17,8
2012-08-19 18:00:00,3,0,0,2,26.24,29.545,78,7.0015,0,18,8
2012-08-19 19:00:00,3,0,0,2,26.24,30.305,73,8.9981,0,19,8
2012-08-19 20:00:00,3,0,0,2,26.24,30.305,73,12.998,0,20,8
2012-08-19 21:00:00,3,0,0,3,25.42,29.545,78,6.0032,0,21,8
2012-08-19 22:00:00,3,0,0,2,25.42,29.545,78,11.0014,0,22,8
2012-08-19 23:00:00,3,0,0,2,25.42,29.545,73,11.921596330184258,1,23,8
2012-09-01 00:00:00,3,0,0,1,30.34,34.09,62,7.0015,0,0,9
2012-09-01 01:00:00,3,0,0,1,29.52,34.85,74,8.9981,0,1,9
2012-09-01 02:00:00,3,0,0,1,28.7,32.575,70,11.0014,0,2,9
2012-09-01 03:00:00,3,0,0,1,28.7,32.575,70,7.0015,0,3,9
2012-09-01 04:00:00,3,0,0,1,28.7,32.575,70,11.995002727692075,1,4,9
2012-09-01 05:00:00,3,0,0,1,27.88,31.82,79,11.618299777315361,1,5,9
2012-09-01 06:00:00,3,0,0,1,27.88,31.82,79,11.723405744256409,1,6,9
2012-09-01 07:00:00,3,0,0,2,30.34,34.09,58,8.9981,0,7,9
2012-09-01 08:00:00,3,0,0,2,31.16,35.605,58,16.9979,0,8,9
2012-09-01 09:00:00,3,0,0,2,31.16,35.605,58,12.998,0,9,9
2012-09-01 10:00:00,3,0,0,2,31.98,36.365,55,12.998,0,10,9
2012-09-01 11:00:00,3,0,0,2,32.8,37.88,55,15.0013,0,11,9
2012-09-01 12:00:00,3,0,0,2,32.8,37.88,55,11.0014,0,12,9
2012-09-01 13:00:00,3,0,0,2,33.62,38.635,52,6.0032,0,13,9
2012-09-01 14:00:00,3,0,0,2,35.26,39.395,44,11.0014,0,14,9
2012-09-01 15:00:00,3,0,0,2,35.26,39.395,44,19.0012,0,15,9
2012-09-01 16:00:00,3,0,0,2,34.44,39.395,49,11.0014,0,16,9
2012-09-01 17:00:00,3,0,0,2,33.62,38.635,52,15.88095965877216,1,17,9
2012-09-01 18:00:00,3,0,0,2,33.62,38.635,52,15.816880616498013,1,18,9
2012-09-01 19:00:00,3,0,0,3,31.98,37.12,62,17.40157626667498,1,19,9
2012-09-01 20:00:00,3,0,0,3,31.16,36.365,67,16.9979,0,20,9
2012-09-01 21:00:00,3,0,0,3,26.24,28.79,89,14.339823758323814,1,21,9
2012-09-01 22:00:00,3,0,0,2,27.06,29.545,89,12.346299294838817,1,22,9
2012-09-01 23:00:00,3,0,0,1,27.06,29.545,89,6.0032,0,23,9
2012-09-02 00:00:00,3,0,0,2,27.06,29.545,89,6.0032,0,0,9
2012-09-02 01:00:00,3,0,0,1,27.06,29.545,89,10.874579505687636,1,1,9
2012-09-02 02:00:00,3,0,0,1,27.06,29.545,89,10.918622328629231,1,2,9
2012-09-02 03:00:00,3,0,0,1,27.06,29.545,89,6.0032,0,3,9
2012-09-02 04:00:00,3,0,0,1,27.06,29.545,89,10.995141569924897,1,4,9
2012-09-02 05:00:00,3,0,0,1,27.06,29.545,89,11.17941754902965,1,5,9
2012-09-02 06:00:00,3,0,0,2,27.06,29.545,89,11.425333957402513,1,6,9
2012-09-02 07:00:00,3,0,0,1,27.06,29.545,94,6.0032,0,7,9
2012-09-02 08:00:00,3,0,0,1,27.88,31.82,89,6.0032,0,8,9
2012-09-02 09:00:00,3,0,0,2,28.7,33.335,84,13.81449731399813,1,9,9
2012-09-02 10:00:00,3,0,0,2,29.52,34.85,79,14.110694013142565,1,10,9
2012-09-02 11:00:00,3,0,0,2,30.34,34.85,70,13.962499138387274,1,11,9
2012-09-02 12:00:00,3,0,0,3,30.34,34.85,70,17.14221417923478,1,12,9
2012-09-02 13:00:00,3,0,0,3,29.52,34.85,74,6.0032,0,13,9
2012-09-02 14:00:00,3,0,0,3,29.52,34.85,79,6.0032,0,14,9
2012-09-02 15:00:00,3,0,0,3,30.34,35.605,74,8.9981,0,15,9
2012-09-02 16:00:00,3,0,0,1,30.34,34.85,70,13.91008340992413,1,16,9
2012-09-02 17:00:00,3,0,0,1,31.16,36.365,66,6.0032,0,17,9
2012-09-02 18:00:00,3,0,0,1,30.34,35.605,74,13.537616767699008,1,18,9
2012-09-02 19:00:00,3,0,0,2,28.7,33.335,84,15.0013,0,19,9
2012-09-02 20:00:00,3,0,0,2,28.7,33.335,84,11.0014,0,20,9
2012-09-02 21:00:00,3,0,0,1,28.7,32.575,70,11.0014,0,21,9
2012-09-02 22:00:00,3,0,0,3,27.88,31.82,83,8.9981,0,22,9
2012-09-02 23:00:00,3,0,0,3,27.06,29.545,89,6.0032,0,23,9
2012-09-03 00:00:00,3,1,0,2,27.06,29.545,94,10.703943662153302,1,0,9
2012-09-03 01:00:00,3,1,0,2,27.88,31.82,89,11.0014,0,1,9
2012-09-03 02:00:00,3,1,0,1,27.06,29.545,89,7.0015,0,2,9
2012-09-03 03:00:00,3,1,0,1,27.06,29.545,89,8.9981,0,3,9
2012-09-03 04:00:00,3,1,0,1,27.06,29.545,89,6.0032,0,4,9
2012-09-03 05:00:00,3,1,0,1,27.06,29.545,89,11.17941754902965,1,5,9
2012-09-03 06:00:00,3,1,0,1,27.06,29.545,94,10.84809088254664,1,6,9
2012-09-03 07:00:00,3,1,0,1,27.88,31.82,85,11.92786186717053,1,7,9
2012-09-03 08:00:00,3,1,0,2,28.7,33.335,84,7.0015,0,8,9
2012-09-03 09:00:00,3,1,0,2,28.7,33.335,84,8.9981,0,9,9
2012-09-03 10:00:00,3,1,0,2,30.34,35.605,74,15.0013,0,10,9
2012-09-03 11:00:00,3,1,0,2,30.34,34.85,70,19.0012,0,11,9
2012-09-03 12:00:00,3,1,0,2,31.16,35.605,62,19.9995,0,12,9
2012-09-03 13:00:00,3,1,0,2,31.16,36.365,66,16.9979,0,13,9
2012-09-03 14:00:00,3,1,0,1,30.34,34.85,70,19.9995,0,14,9
2012-09-03 15:00:00,3,1,0,1,30.34,34.85,70,15.0013,0,15,9
2012-09-03 16:00:00,3,1,0,1,30.34,34.85,70,15.0013,0,16,9
2012-09-03 17:00:00,3,1,0,1,30.34,34.85,70,8.9981,0,17,9
2012-09-03 18:00:00,3,1,0,1,30.34,34.85,66,11.0014,0,18,9
2012-09-03 19:00:00,3,1,0,1,29.52,34.85,74,12.998,0,19,9
2012-09-03 20:00:00,3,1,0,1,29.52,34.09,76,7.0015,0,20,9
2012-09-03 21:00:00,3,1,0,1,29.52,34.09,76,7.0015,0,21,9
2012-09-03 22:00:00,3,1,0,2,28.7,33.335,84,8.9981,0,22,9
2012-09-03 23:00:00,3,1,0,2,28.7,33.335,84,16.9979,0,23,9
2012-09-04 00:00:00,3,0,1,2,28.7,33.335,84,16.9979,0,0,9
2012-09-04 01:00:00,3,0,1,1,27.88,31.82,82,8.9981,0,1,9
2012-09-04 02:00:00,3,0,1,1,27.88,31.82,82,8.9981,0,2,9
2012-09-04 03:00:00,3,0,1,2,27.06,29.545,89,6.0032,0,3,9
2012-09-04 04:00:00,3,0,1,2,27.06,29.545,89,11.160731023781292,1,4,9
2012-09-04 05:00:00,3,0,1,2,27.06,29.545,89,11.34171413939189,1,5,9
2012-09-04 06:00:00,3,0,1,2,27.88,31.82,89,7.0015,0,6,9
2012-09-04 07:00:00,3,0,1,2,27.88,31.82,89,7.0015,0,7,9
2012-09-04 08:00:00,3,0,1,1,28.7,33.335,84,11.0014,0,8,9
2012-09-04 09:00:00,3,0,1,2,29.52,34.85,79,15.0013,0,9,9
2012-09-04 10:00:00,3,0,1,2,29.52,34.85,74,16.9979,0,10,9
2012-09-04 11:00:00,3,0,1,2,30.34,34.85,70,19.0012,0,11,9
2012-09-04 12:00:00,3,0,1,1,31.16,36.365,70,19.0012,0,12,9
2012-09-04 13:00:00,3,0,1,1,32.8,37.88,55,30.0026,0,13,9
2012-09-04 14:00:00,3,0,1,1,32.8,37.88,55,27.9993,0,14,9
2012-09-04 15:00:00,3,0,1,1,32.8,38.635,59,31.0009,0,15,9
2012-09-04 16:00:00,3,0,1,1,31.16,36.365,70,27.9993,0,16,9
2012-09-04 17:00:00,3,0,1,1,31.16,36.365,70,23.9994,0,17,9
2012-09-04 18:00:00,3,0,1,1,31.16,37.12,75,15.0013,0,18,9
2012-09-04 19:00:00,3,0,1,1,31.16,36.365,70,15.0013,0,19,9
2012-09-04 20:00:00,3,0,1,1,30.34,34.85,70,16.9979,0,20,9
2012-09-04 21:00:00,3,0,1,1,30.34,35.605,74,16.9979,0,21,9
2012-09-04 22:00:00,3,0,1,1,30.34,34.85,70,19.0012,0,22,9
2012-09-04 23:00:00,3,0,1,1,29.52,34.85,74,19.9995,0,23,9
2012-09-05 00:00:00,3,0,1,1,29.52,34.85,74,16.9979,0,0,9
2012-09-05 01:00:00,3,0,1,1,28.7,33.335,84,12.998,0,1,9
2012-09-05 02:00:00,3,0,1,1,28.7,33.335,84,12.998,0,2,9
2012-09-05 03:00:00,3,0,1,1,28.7,33.335,79,19.0012,0,3,9
2012-09-05 04:00:00,3,0,1,1,28.7,33.335,79,19.0012,0,4,9
2012-09-05 05:00:00,3,0,1,2,28.7,33.335,79,19.9995,0,5,9
2012-09-05 06:00:00,3,0,1,1,28.7,33.335,79,19.0012,0,6,9
2012-09-05 07:00:00,3,0,1,2,28.7,33.335,79,16.9979,0,7,9
2012-09-05 08:00:00,3,0,1,1,29.52,34.85,74,12.998,0,8,9
2012-09-05 09:00:00,3,0,1,1,30.34,34.85,70,16.9979,0,9,9
2012-09-05 10:00:00,3,0,1,2,31.16,36.365,70,11.0014,0,10,9
2012-09-05 11:00:00,3,0,1,2,31.98,37.12,62,11.0014,0,11,9
2012-09-05 12:00:00,3,0,1,1,31.98,38.635,70,7.0015,0,12,9
2012-09-05 13:00:00,3,0,1,1,32.8,39.395,63,11.0014,0,13,9
2012-09-05 14:00:00,3,0,1,1,33.62,39.395,56,7.0015,0,14,9
2012-09-05 15:00:00,3,0,1,1,31.98,38.635,70,12.998,0,15,9
2012-09-05 16:00:00,3,0,1,1,31.16,36.365,70,16.9979,0,16,9
2012-09-05 17:00:00,3,0,1,1,31.16,36.365,66,16.9979,0,17,9
2012-09-05 18:00:00,3,0,1,1,31.16,37.12,75,12.998,0,18,9
2012-09-05 19:00:00,3,0,1,1,30.34,34.85,70,11.0014,0,19,9
2012-09-05 20:00:00,3,0,1,1,29.52,35.605,84,11.0014,0,20,9
2012-09-05 21:00:00,3,0,1,1,29.52,34.85,79,11.202385315561804,1,21,9
2012-09-05 22:00:00,3,0,1,1,29.52,34.85,79,11.17144115171498,1,22,9
2012-09-05 23:00:00,3,0,1,1,28.7,33.335,84,6.0032,0,23,9
2012-09-06 00:00:00,3,0,1,2,28.7,33.335,84,6.0032,0,0,9
2012-09-06 01:00:00,3,0,1,2,28.7,33.335,84,11.526508779749474,1,1,9
2012-09-06 02:00:00,3,0,1,1,29.52,34.85,79,11.382309140152467,1,2,9
2012-09-06 03:00:00,3,0,1,1,28.7,33.335,84,7.0015,0,3,9
2012-09-06 04:00:00,3,0,1,2,28.7,33.335,84,6.0032,0,4,9
2012-09-06 05:00:00,3,0,1,2,28.7,33.335,84,12.998,0,5,9
2012-09-06 06:00:00,3,0,1,2,28.7,33.335,84,6.0032,0,6,9
2012-09-06 07:00:00,3,0,1,2,28.7,33.335,84,7.0015,0,7,9
2012-09-06 08:00:00,3,0,1,3,28.7,33.335,79,15.307933836522034,1,8,9
2012-09-06 09:00:00,3,0,1,3,27.06,29.545,94,8.9981,0,9,9
2012-09-06 10:00:00,3,0,1,3,27.06,29.545,94,8.9981,0,10,9
2012-09-06 11:00:00,3,0,1,3,28.7,33.335,84,11.0014,0,11,9
2012-09-06 12:00:00,3,0,1,2,29.52,34.85,79,15.0013,0,12,9
2012-09-06 13:00:00,3,0,1,2,29.52,34.85,79,7.0015,0,13,9
2012-09-06 14:00:00,3,0,1,1,30.34,35.605,74,6.0032,0,14,9
2012-09-06 15:00:00,3,0,1,1,30.34,34.85,66,12.998,0,15,9
2012-09-06 16:00:00,3,0,1,1,30.34,34.85,70,15.0013,0,16,9
2012-09-06 17:00:00,3,0,1,1,30.34,34.85,70,16.9979,0,17,9
2012-09-06 18:00:00,3,0,1,1,29.52,34.09,70,16.9979,0,18,9
2012-09-06 19:00:00,3,0,1,1,27.88,31.82,74,16.9979,0,19,9
2012-09-06 20:00:00,3,0,1,1,27.06,30.305,78,15.0013,0,20,9
2012-09-06 21:00:00,3,0,1,1,26.24,28.79,89,11.0014,0,21,9
2012-09-06 22:00:00,3,0,1,1,26.24,28.79,89,11.0014,0,22,9
2012-09-06 23:00:00,3,0,1,1,26.24,28.79,89,11.0014,0,23,9
2012-09-07 00:00:00,3,0,1,1,26.24,28.79,89,8.9981,0,0,9
2012-09-07 01:00:00,3,0,1,1,25.42,28.03,88,7.0015,0,1,9
2012-09-07 02:00:00,3,0,1,1,25.42,28.79,83,6.0032,0,2,9
2012-09-07 03:00:00,3,0,1,1,25.42,28.79,83,6.0032,0,3,9
2012-09-07 04:00:00,3,0,1,1,25.42,28.03,88,10.311483422938103,1,4,9
2012-09-07 05:00:00,3,0,1,1,25.42,28.03,88,10.327448193408877,1,5,9
2012-09-07 06:00:00,3,0,1,1,25.42,28.03,88,7.0015,0,6,9
2012-09-07 07:00:00,3,0,1,1,26.24,28.79,89,7.0015,0,7,9
2012-09-07 08:00:00,3,0,1,1,27.06,30.305,83,7.0015,0,8,9
2012-09-07 09:00:00,3,0,1,1,28.7,33.335,79,8.9981,0,9,9
2012-09-07 10:00:00,3,0,1,1,29.52,34.85,74,8.9981,0,10,9
2012-09-07 11:00:00,3,0,1,1,31.16,35.605,62,8.9981,0,11,9
2012-09-07 12:00:00,3,0,1,1,31.98,37.12,59,11.0014,0,12,9
2012-09-07 13:00:00,3,0,1,1,32.8,38.635,59,16.9979,0,13,9
2012-09-07 14:00:00,3,0,1,1,32.8,38.635,59,16.9979,0,14,9
2012-09-07 15:00:00,3,0,1,1,32.8,37.88,55,16.9979,0,15,9
2012-09-07 16:00:00,3,0,1,1,32.8,37.88,55,19.0012,0,16,9
2012-09-07 17:00:00,3,0,1,1,31.98,37.12,59,22.0028,0,17,9
2012-09-07 18:00:00,3,0,1,1,31.16,35.605,62,19.9995,0,18,9
2012-09-07 19:00:00,3,0,1,1,30.34,34.09,62,19.0012,0,19,9
2012-09-07 20:00:00,3,0,1,1,29.52,34.09,66,15.0013,0,20,9
2012-09-07 21:00:00,3,0,1,1,28.7,33.335,74,11.0014,0,21,9
2012-09-07 22:00:00,3,0,1,1,28.7,33.335,74,15.0013,0,22,9
2012-09-07 23:00:00,3,0,1,1,27.06,29.545,89,16.9979,0,23,9
2012-09-08 00:00:00,3,0,0,1,27.06,29.545,89,16.9979,0,0,9
2012-09-08 01:00:00,3,0,0,2,27.06,29.545,89,19.0012,0,1,9
2012-09-08 02:00:00,3,0,0,1,27.06,29.545,89,22.0028,0,2,9
2012-09-08 03:00:00,3,0,0,2,27.06,29.545,89,15.0013,0,3,9
2012-09-08 04:00:00,3,0,0,2,27.06,29.545,94,15.0013,0,4,9
2012-09-08 05:00:00,3,0,0,2,27.06,29.545,94,16.9979,0,5,9
2012-09-08 06:00:00,3,0,0,2,27.06,29.545,89,19.0012,0,6,9
2012-09-08 07:00:00,3,0,0,1,27.06,29.545,89,19.0012,0,7,9
2012-09-08 08:00:00,3,0,0,1,28.7,33.335,79,22.0028,0,8,9
2012-09-08 09:00:00,3,0,0,1,28.7,33.335,74,26.0027,0,9,9
2012-09-08 10:00:00,3,0,0,1,30.34,34.85,70,26.0027,0,10,9
2012-09-08 11:00:00,3,0,0,1,31.16,35.605,62,30.0026,0,11,9
2012-09-08 12:00:00,3,0,0,1,32.8,37.88,55,32.9975,0,12,9
2012-09-08 13:00:00,3,0,0,1,33.62,38.635,52,35.0008,0,13,9
2012-09-08 14:00:00,3,0,0,1,33.62,38.635,52,30.0026,0,14,9
2012-09-08 15:00:00,3,0,0,3,22.96,26.515,88,16.9979,0,15,9
2012-09-08 16:00:00,3,0,0,3,22.96,26.515,88,12.998,0,16,9
2012-09-08 17:00:00,3,0,0,3,23.78,27.275,83,12.998,0,17,9
2012-09-08 18:00:00,3,0,0,3,23.78,27.275,83,8.9981,0,18,9
2012-09-08 19:00:00,3,0,0,3,23.78,27.275,88,7.0015,0,19,9
2012-09-08 20:00:00,3,0,0,2,23.78,27.275,88,6.0032,0,20,9
2012-09-08 21:00:00,3,0,0,2,24.6,28.03,83,11.0014,0,21,9
2012-09-08 22:00:00,3,0,0,2,23.78,27.275,78,19.9995,0,22,9
2012-09-08 23:00:00,3,0,0,2,23.78,27.275,73,11.0014,0,23,9
2012-09-09 00:00:00,3,0,0,2,22.96,26.515,73,12.998,0,0,9
2012-09-09 01:00:00,3,0,0,1,22.96,26.515,73,15.0013,0,1,9
2012-09-09 02:00:00,3,0,0,1,22.14,25.76,77,19.0012,0,2,9
2012-09-09 03:00:00,3,0,0,1,22.14,25.76,73,15.0013,0,3,9
2012-09-09 04:00:00,3,0,0,1,21.32,25.0,77,16.9979,0,4,9
2012-09-09 05:00:00,3,0,0,1,21.32,25.0,77,12.998,0,5,9
2012-09-09 06:00:00,3,0,0,1,21.32,25.0,77,12.998,0,6,9
2012-09-09 07:00:00,3,0,0,1,22.14,25.76,73,11.0014,0,7,9
2012-09-09 08:00:00,3,0,0,1,23.78,27.275,68,15.0013,0,8,9
2012-09-09 09:00:00,3,0,0,1,25.42,30.305,61,16.9979,0,9,9
2012-09-09 10:00:00,3,0,0,1,26.24,31.06,57,19.9995,0,10,9
2012-09-09 11:00:00,3,0,0,1,27.06,31.06,47,16.9979,0,11,9
2012-09-09 12:00:00,3,0,0,1,27.06,31.06,47,15.202439893296539,1,12,9
2012-09-09 13:00:00,3,0,0,1,27.88,31.82,39,15.073564993164215,1,13,9
2012-09-09 14:00:00,3,0,0,1,29.52,32.575,30,19.0012,0,14,9
2012-09-09 15:00:00,3,0,0,1,29.52,32.575,32,16.9979,0,15,9
2012-09-09 16:00:00,3,0,0,1,27.88,31.82,36,19.0012,0,16,9
2012-09-09 17:00:00,3,0,0,1,28.7,31.82,37,16.9979,0,17,9
2012-09-09 18:00:00,3,0,0,1,27.06,31.06,36,16.9979,0,18,9
2012-09-09 19:00:00,3,0,0,1,27.06,31.06,36,16.9979,0,19,9
2012-09-09 20:00:00,3,0,0,1,25.42,31.06,41,19.0012,0,20,9
2012-09-09 21:00:00,3,0,0,1,24.6,31.06,46,15.0013,0,21,9
2012-09-09 22:00:00,3,0,0,1,23.78,27.275,49,16.9979,0,22,9
2012-09-09 23:00:00,3,0,0,1,22.96,26.515,52,19.0012,0,23,9
2012-09-10 00:00:00,3,0,1,1,22.96,26.515,52,19.0012,0,0,9
2012-09-10 01:00:00,3,0,1,1,22.14,25.76,60,12.998,0,1,9
2012-09-10 02:00:00,3,0,1,1,22.14,25.76,60,23.9994,0,2,9
2012-09-10 03:00:00,3,0,1,1,21.32,25.0,68,19.0012,0,3,9
2012-09-10 04:00:00,3,0,1,1,21.32,25.0,68,19.0012,0,4,9
2012-09-10 05:00:00,3,0,1,1,20.5,24.24,72,16.9979,0,5,9
2012-09-10 06:00:00,3,0,1,1,20.5,24.24,72,8.9981,0,6,9
2012-09-10 07:00:00,3,0,1,1,21.32,25.0,68,15.0013,0,7,9
2012-09-10 08:00:00,3,0,1,1,22.96,26.515,60,19.0012,0,8,9
2012-09-10 09:00:00,3,0,1,1,24.6,31.06,53,19.9995,0,9,9
2012-09-10 10:00:00,3,0,1,1,25.42,31.06,50,19.0012,0,10,9
2012-09-10 11:00:00,3,0,1,1,25.42,31.06,43,19.9995,0,11,9
2012-09-10 12:00:00,3,0,1,1,26.24,31.06,44,26.0027,0,12,9
2012-09-10 13:00:00,3,0,1,1,26.24,31.06,38,15.0013,0,13,9
2012-09-10 14:00:00,3,0,1,1,27.06,31.06,36,19.0012,0,14,9
2012-09-10 15:00:00,3,0,1,1,27.06,31.06,31,26.0027,0,15,9
2012-09-10 16:00:00,3,0,1,1,27.06,31.06,34,22.0028,0,16,9
2012-09-10 17:00:00,3,0,1,1,27.06,31.06,34,22.0028,0,17,9
2012-09-10 18:00:00,3,0,1,1,25.42,31.06,35,19.9995,0,18,9
2012-09-10 19:00:00,3,0,1,1,25.42,31.06,38,19.9995,0,19,9
2012-09-10 20:00:00,3,0,1,1,24.6,31.06,40,12.998,0,20,9
2012-09-10 21:00:00,3,0,1,1,22.96,26.515,49,11.0014,0,21,9
2012-09-10 22:00:00,3,0,1,1,22.14,25.76,52,8.9981,0,22,9
2012-09-10 23:00:00,3,0,1,1,22.14,25.76,52,13.832738286451645,1,23,9
2012-09-11 00:00:00,3,0,1,1,21.32,25.0,59,7.0015,0,0,9
2012-09-11 01:00:00,3,0,1,1,20.5,24.24,63,15.191631462737838,1,1,9
2012-09-11 02:00:00,3,0,1,1,19.68,23.485,77,11.0014,0,2,9
2012-09-11 03:00:00,3,0,1,1,19.68,23.485,67,8.9981,0,3,9
2012-09-11 04:00:00,3,0,1,1,19.68,23.485,72,7.0015,0,4,9
2012-09-11 05:00:00,3,0,1,1,18.86,22.725,72,6.0032,0,5,9
2012-09-11 06:00:00,3,0,1,1,18.86,22.725,77,7.0015,0,6,9
2012-09-11 07:00:00,3,0,1,1,20.5,24.24,72,7.0015,0,7,9
2012-09-11 08:00:00,3,0,1,1,22.14,25.76,68,6.0032,0,8,9
2012-09-11 09:00:00,3,0,1,1,24.6,31.06,49,15.91193548507899,1,9,9
2012-09-11 10:00:00,3,0,1,1,25.42,31.06,38,17.060723445337416,1,10,9
2012-09-11 11:00:00,3,0,1,1,26.24,31.06,33,6.0032,0,11,9
2012-09-11 12:00:00,3,0,1,1,26.24,31.06,33,16.19877265665942,1,12,9
2012-09-11 13:00:00,3,0,1,1,27.06,31.06,29,6.0032,0,13,9
2012-09-11 14:00:00,3,0,1,1,27.88,31.06,30,6.0032,0,14,9
2012-09-11 15:00:00,3,0,1,1,28.7,31.82,28,7.0015,0,15,9
2012-09-11 16:00:00,3,0,1,1,28.7,31.82,28,8.9981,0,16,9
2012-09-11 17:00:00,3,0,1,1,28.7,31.82,28,14.419204348643445,1,17,9
2012-09-11 18:00:00,3,0,1,1,26.24,31.06,36,11.0014,0,18,9
2012-09-11 19:00:00,3,0,1,1,25.42,31.06,41,12.998,0,19,9
2012-09-11 20:00:00,3,0,1,1,23.78,27.275,56,8.9981,0,20,9
2012-09-11 21:00:00,3,0,1,1,22.96,26.515,60,7.0015,0,21,9
2012-09-11 22:00:00,3,0,1,1,22.96,26.515,64,7.0015,0,22,9
2012-09-11 23:00:00,3,0,1,1,22.14,25.76,68,7.0015,0,23,9
2012-09-12 00:00:00,3,0,1,1,21.32,25.0,72,7.0015,0,0,9
2012-09-12 01:00:00,3,0,1,1,21.32,25.0,72,7.0015,0,1,9
2012-09-12 02:00:00,3,0,1,1,21.32,25.0,72,6.0032,0,2,9
2012-09-12 03:00:00,3,0,1,1,20.5,24.24,77,6.0032,0,3,9
2012-09-12 04:00:00,3,0,1,1,20.5,24.24,72,6.0032,0,4,9
2012-09-12 05:00:00,3,0,1,1,20.5,24.24,72,6.0032,0,5,9
2012-09-12 06:00:00,3,0,1,1,20.5,24.24,72,6.0032,0,6,9
2012-09-12 07:00:00,3,0,1,1,21.32,25.0,72,11.539980098208117,1,7,9
2012-09-12 08:00:00,3,0,1,1,22.96,26.515,64,7.0015,0,8,9
2012-09-12 09:00:00,3,0,1,1,24.6,30.305,64,8.9981,0,9,9
2012-09-12 10:00:00,3,0,1,1,25.42,30.305,61,8.9981,0,10,9
2012-09-12 11:00:00,3,0,1,1,27.06,31.06,50,12.998,0,11,9
2012-09-12 12:00:00,3,0,1,1,27.88,31.82,36,8.9981,0,12,9
2012-09-12 13:00:00,3,0,1,1,28.7,31.82,34,8.9981,0,13,9
2012-09-12 14:00:00,3,0,1,1,28.7,31.82,37,11.0014,0,14,9
2012-09-12 15:00:00,3,0,1,1,29.52,32.575,37,8.9981,0,15,9
2012-09-12 16:00:00,3,0,1,1,29.52,32.575,37,11.0014,0,16,9
2012-09-12 17:00:00,3,0,1,1,28.7,31.82,41,19.9995,0,17,9
2012-09-12 18:00:00,3,0,1,1,27.06,31.06,44,16.9979,0,18,9
2012-09-12 19:00:00,3,0,1,1,26.24,31.06,50,12.998,0,19,9
2012-09-12 20:00:00,3,0,1,1,25.42,31.06,57,8.9981,0,20,9
2012-09-12 21:00:00,3,0,1,1,24.6,30.305,60,8.9981,0,21,9
2012-09-12 22:00:00,3,0,1,1,22.96,26.515,64,6.0032,0,22,9
2012-09-12 23:00:00,3,0,1,1,22.96,26.515,68,7.0015,0,23,9
2012-09-13 00:00:00,3,0,1,1,22.96,26.515,73,6.0032,0,0,9
2012-09-13 01:00:00,3,0,1,1,22.14,25.76,77,6.0032,0,1,9
2012-09-13 02:00:00,3,0,1,1,22.14,25.76,77,10.795195972950367,1,2,9
2012-09-13 03:00:00,3,0,1,1,21.32,25.0,83,10.706105273414769,1,3,9
2012-09-13 04:00:00,3,0,1,1,21.32,25.0,83,10.746081573769958,1,4,9
2012-09-13 05:00:00,3,0,1,1,21.32,25.0,83,10.757102748406538,1,5,9
2012-09-13 06:00:00,3,0,1,1,20.5,24.24,82,10.813476240079153,1,6,9
2012-09-13 07:00:00,3,0,1,1,22.14,25.76,77,11.4755060785162,1,7,9
2012-09-13 08:00:00,3,0,1,1,22.96,26.515,73,12.48380846786567,1,8,9
2012-09-13 09:00:00,3,0,1,1,24.6,30.305,64,6.0032,0,9,9
2012-09-13 10:00:00,3,0,1,1,26.24,31.06,61,6.0032,0,10,9
2012-09-13 11:00:00,3,0,1,1,27.06,31.06,50,11.0014,0,11,9
2012-09-13 12:00:00,3,0,1,1,27.88,31.82,44,7.0015,0,12,9
2012-09-13 13:00:00,3,0,1,1,28.7,31.82,42,14.822762721493792,1,13,9
2012-09-13 14:00:00,3,0,1,1,29.52,32.575,39,8.9981,0,14,9
2012-09-13 15:00:00,3,0,1,1,29.52,32.575,42,7.0015,0,15,9
2012-09-13 16:00:00,3,0,1,1,29.52,32.575,39,6.0032,0,16,9
2012-09-13 17:00:00,3,0,1,1,29.52,32.575,42,12.998,0,17,9
2012-09-13 18:00:00,3,0,1,1,27.88,31.82,57,16.9979,0,18,9
2012-09-13 19:00:00,3,0,1,1,26.24,30.305,65,8.9981,0,19,9
2012-09-13 20:00:00,3,0,1,1,25.42,30.305,69,7.0015,0,20,9
2012-09-13 21:00:00,3,0,1,1,25.42,30.305,65,7.0015,0,21,9
2012-09-13 22:00:00,3,0,1,1,24.6,29.545,69,8.9981,0,22,9
2012-09-13 23:00:00,3,0,1,1,23.78,27.275,73,7.0015,0,23,9
2012-09-14 00:00:00,3,0,1,1,22.96,26.515,73,6.0032,0,0,9
2012-09-14 01:00:00,3,0,1,1,22.96,26.515,73,6.0032,0,1,9
2012-09-14 02:00:00,3,0,1,1,22.96,26.515,73,10.988775854508509,1,2,9
2012-09-14 03:00:00,3,0,1,1,22.14,25.76,77,10.80980171971014,1,3,9
2012-09-14 04:00:00,3,0,1,1,22.14,25.76,77,10.86019093229053,1,4,9
2012-09-14 05:00:00,3,0,1,1,22.14,25.76,83,10.84410981142606,1,5,9
2012-09-14 06:00:00,3,0,1,1,22.14,25.76,88,10.794247190741725,1,6,9
2012-09-14 07:00:00,3,0,1,2,22.96,26.515,88,11.452188459341782,1,7,9
2012-09-14 08:00:00,3,0,1,2,24.6,28.79,78,11.0014,0,8,9
2012-09-14 09:00:00,3,0,1,2,25.42,29.545,78,11.0014,0,9,9
2012-09-14 10:00:00,3,0,1,2,27.88,31.82,65,13.743540106394724,1,10,9
2012-09-14 11:00:00,3,0,1,2,27.88,31.82,61,7.0015,0,11,9
2012-09-14 12:00:00,3,0,1,2,28.7,32.575,54,12.998,0,12,9
2012-09-14 13:00:00,3,0,1,2,28.7,32.575,54,12.998,0,13,9
2012-09-14 14:00:00,3,0,1,2,29.52,32.575,45,11.0014,0,14,9
2012-09-14 15:00:00,3,0,1,2,29.52,33.335,48,8.9981,0,15,9
2012-09-14 16:00:00,3,0,1,2,29.52,33.335,51,15.16362873651926,1,16,9
2012-09-14 17:00:00,3,0,1,1,29.52,33.335,51,12.998,0,17,9
2012-09-14 18:00:00,3,0,1,1,29.52,32.575,45,15.0013,0,18,9
2012-09-14 19:00:00,3,0,1,1,27.88,31.82,57,11.0014,0,19,9
2012-09-14 20:00:00,3,0,1,1,27.06,31.06,61,7.0015,0,20,9
2012-09-14 21:00:00,3,0,1,1,26.24,30.305,73,15.0013,0,21,9
2012-09-14 22:00:00,3,0,1,1,25.42,28.79,83,12.998,0,22,9
2012-09-14 23:00:00,3,0,1,1,25.42,29.545,78,6.0032,0,23,9
2012-09-15 00:00:00,3,0,0,1,24.6,28.03,83,7.0015,0,0,9
2012-09-15 01:00:00,3,0,0,1,24.6,29.545,73,10.91490401253473,1,1,9
2012-09-15 02:00:00,3,0,0,1,23.78,27.275,78,7.0015,0,2,9
2012-09-15 03:00:00,3,0,0,1,24.6,29.545,73,16.9979,0,3,9
2012-09-15 04:00:00,3,0,0,2,24.6,29.545,69,23.9994,0,4,9
2012-09-15 05:00:00,3,0,0,1,23.78,27.275,60,35.0008,0,5,9
2012-09-15 06:00:00,3,0,0,1,22.14,25.76,49,27.9993,0,6,9
2012-09-15 07:00:00,3,0,0,1,22.14,25.76,52,19.0012,0,7,9
2012-09-15 08:00:00,3,0,0,1,22.96,26.515,49,27.9993,0,8,9
2012-09-15 09:00:00,3,0,0,1,24.6,31.06,43,27.9993,0,9,9
2012-09-15 10:00:00,3,0,0,1,25.42,31.06,41,26.0027,0,10,9
2012-09-15 11:00:00,3,0,0,1,26.24,31.06,38,26.0027,0,11,9
2012-09-15 12:00:00,3,0,0,1,27.06,31.06,36,23.9994,0,12,9
2012-09-15 13:00:00,3,0,0,1,27.88,31.82,36,12.998,0,13,9
2012-09-15 14:00:00,3,0,0,1,27.88,31.82,34,22.0028,0,14,9
2012-09-15 15:00:00,3,0,0,2,27.88,31.82,34,19.0012,0,15,9
2012-09-15 16:00:00,3,0,0,2,27.06,31.06,36,15.0013,0,16,9
2012-09-15 17:00:00,3,0,0,2,27.06,31.06,36,16.9979,0,17,9
2012-09-15 18:00:00,3,0,0,2,26.24,31.06,36,19.0012,0,18,9
2012-09-15 19:00:00,3,0,0,1,25.42,31.06,41,11.0014,0,19,9
2012-09-15 20:00:00,3,0,0,1,24.6,31.06,43,6.0032,0,20,9
2012-09-15 21:00:00,3,0,0,1,22.96,26.515,52,7.0015,0,21,9
2012-09-15 22:00:00,3,0,0,1,22.96,26.515,52,13.83531176628391,1,22,9
2012-09-15 23:00:00,3,0,0,1,22.14,25.76,60,11.945659764948651,1,23,9
2012-09-16 00:00:00,3,0,0,1,22.14,25.76,64,15.549854800129927,1,0,9
2012-09-16 01:00:00,3,0,0,1,22.14,25.76,64,15.55427468049325,1,1,9
2012-09-16 02:00:00,3,0,0,1,21.32,25.0,63,15.61634502068436,1,2,9
2012-09-16 03:00:00,3,0,0,1,20.5,24.24,68,13.02301043642172,1,3,9
2012-09-16 04:00:00,3,0,0,1,20.5,24.24,72,10.99878593254691,1,4,9
2012-09-16 05:00:00,3,0,0,1,20.5,24.24,72,11.03462911943987,1,5,9
2012-09-16 06:00:00,3,0,0,1,20.5,24.24,72,11.09554300138666,1,6,9
2012-09-16 07:00:00,3,0,0,1,20.5,24.24,77,7.0015,0,7,9
2012-09-16 08:00:00,3,0,0,1,22.14,25.76,64,11.0014,0,8,9
2012-09-16 09:00:00,3,0,0,1,23.78,27.275,60,8.9981,0,9,9
2012-09-16 10:00:00,3,0,0,1,25.42,31.06,50,7.0015,0,10,9
2012-09-16 11:00:00,3,0,0,1,26.24,31.06,47,11.0014,0,11,9
2012-09-16 12:00:00,3,0,0,1,27.06,31.06,44,11.0014,0,12,9
2012-09-16 13:00:00,3,0,0,1,26.24,31.06,41,11.0014,0,13,9
2012-09-16 14:00:00,3,0,0,1,27.06,31.06,39,8.9981,0,14,9
2012-09-16 15:00:00,3,0,0,1,26.24,31.06,41,11.0014,0,15,9
2012-09-16 16:00:00,3,0,0,1,26.24,31.06,44,11.0014,0,16,9
2012-09-16 17:00:00,3,0,0,1,27.06,31.06,41,15.787410007042384,1,17,9
2012-09-16 18:00:00,3,0,0,1,25.42,31.06,50,11.0014,0,18,9
2012-09-16 19:00:00,3,0,0,1,25.42,31.06,50,8.9981,0,19,9
2012-09-16 20:00:00,3,0,0,1,24.6,31.06,53,7.0015,0,20,9
2012-09-16 21:00:00,3,0,0,1,24.6,31.06,56,7.0015,0,21,9
2012-09-16 22:00:00,3,0,0,1,22.96,26.515,68,6.0032,0,22,9
2012-09-16 23:00:00,3,0,0,1,22.14,25.76,68,7.0015,0,23,9
2012-09-17 00:00:00,3,0,1,1,22.14,25.76,68,11.0014,0,0,9
2012-09-17 01:00:00,3,0,1,1,21.32,25.0,72,6.0032,0,1,9
2012-09-17 02:00:00,3,0,1,1,21.32,25.0,72,10.916313810601133,1,2,9
2012-09-17 03:00:00,3,0,1,1,20.5,24.24,77,6.0032,0,3,9
2012-09-17 04:00:00,3,0,1,1,20.5,24.24,77,10.791385681496838,1,4,9
2012-09-17 05:00:00,3,0,1,1,19.68,23.485,82,6.0032,0,5,9
2012-09-17 06:00:00,3,0,1,1,19.68,23.485,82,10.79131063534737,1,6,9
2012-09-17 07:00:00,3,0,1,1,21.32,25.0,77,11.384307392175055,1,7,9
2012-09-17 08:00:00,3,0,1,1,22.14,25.76,77,6.0032,0,8,9
2012-09-17 09:00:00,3,0,1,1,23.78,27.275,68,8.9981,0,9,9
2012-09-17 10:00:00,3,0,1,2,25.42,30.305,65,12.998,0,10,9
2012-09-17 11:00:00,3,0,1,2,25.42,30.305,69,15.0013,0,11,9
2012-09-17 12:00:00,3,0,1,2,25.42,30.305,69,12.998,0,12,9
2012-09-17 13:00:00,3,0,1,1,26.24,30.305,65,16.9979,0,13,9
2012-09-17 14:00:00,3,0,1,2,26.24,30.305,65,16.9979,0,14,9
2012-09-17 15:00:00,3,0,1,2,26.24,30.305,65,16.9979,0,15,9
2012-09-17 16:00:00,3,0,1,2,26.24,30.305,69,16.9979,0,16,9
2012-09-17 17:00:00,3,0,1,2,26.24,30.305,65,15.0013,0,17,9
2012-09-17 18:00:00,3,0,1,2,25.42,29.545,73,11.0014,0,18,9
2012-09-17 19:00:00,3,0,1,2,25.42,29.545,73,7.0015,0,19,9
2012-09-17 20:00:00,3,0,1,2,25.42,29.545,73,8.9981,0,20,9
2012-09-17 21:00:00,3,0,1,3,25.42,28.79,83,15.0013,0,21,9
2012-09-17 22:00:00,3,0,1,3,25.42,28.79,83,16.9979,0,22,9
2012-09-17 23:00:00,3,0,1,3,24.6,25.76,94,16.9979,0,23,9
2012-09-18 00:00:00,3,0,1,3,24.6,25.76,94,16.9979,0,0,9
2012-09-18 01:00:00,3,0,1,3,24.6,25.76,94,12.998,0,1,9
2012-09-18 02:00:00,3,0,1,3,24.6,25.76,94,12.998,0,2,9
2012-09-18 03:00:00,3,0,1,2,25.42,27.275,94,19.0012,0,3,9
2012-09-18 04:00:00,3,0,1,2,25.42,27.275,94,23.9994,0,4,9
2012-09-18 05:00:00,3,0,1,2,26.24,28.79,89,22.0028,0,5,9
2012-09-18 06:00:00,3,0,1,2,26.24,28.79,89,22.0028,0,6,9
2012-09-18 07:00:00,3,0,1,2,26.24,28.79,89,30.0026,0,7,9
2012-09-18 08:00:00,3,0,1,2,27.06,30.305,83,36.9974,0,8,9
2012-09-18 09:00:00,3,0,1,2,27.06,30.305,83,39.0007,0,9,9
2012-09-18 10:00:00,3,0,1,3,27.88,31.82,79,43.0006,0,10,9
2012-09-18 11:00:00,3,0,1,2,27.88,31.82,79,43.0006,0,11,9
2012-09-18 12:00:00,3,0,1,3,27.88,31.82,83,30.0026,0,12,9
2012-09-18 13:00:00,3,0,1,2,28.7,33.335,74,39.0007,0,13,9
2012-09-18 14:00:00,3,0,1,3,24.6,25.76,94,31.0009,0,14,9
2012-09-18 15:00:00,3,0,1,3,24.6,27.275,88,16.9979,0,15,9
2012-09-18 16:00:00,3,0,1,3,24.6,27.275,88,19.9995,0,16,9
2012-09-18 17:00:00,3,0,1,3,24.6,27.275,88,12.998,0,17,9
2012-09-18 18:00:00,3,0,1,2,24.6,27.275,88,11.0014,0,18,9
2012-09-18 19:00:00,3,0,1,2,24.6,27.275,88,19.9995,0,19,9
2012-09-18 20:00:00,3,0,1,2,24.6,27.275,88,12.998,0,20,9
2012-09-18 21:00:00,3,0,1,2,24.6,27.275,88,12.998,0,21,9
2012-09-18 22:00:00,3,0,1,3,23.78,27.275,83,31.0009,0,22,9
2012-09-18 23:00:00,3,0,1,2,22.96,26.515,83,15.0013,0,23,9
2012-09-19 00:00:00,3,0,1,2,22.96,26.515,68,19.0012,0,0,9
2012-09-19 01:00:00,3,0,1,2,22.14,25.76,68,16.9979,0,1,9
2012-09-19 02:00:00,3,0,1,2,22.14,25.76,64,22.0028,0,2,9
2012-09-19 03:00:00,3,0,1,2,21.32,25.0,63,16.9979,0,3,9
2012-09-19 04:00:00,3,0,1,2,21.32,25.0,68,23.9994,0,4,9
2012-09-19 05:00:00,3,0,1,2,21.32,25.0,68,19.0012,0,5,9
2012-09-19 06:00:00,3,0,1,1,21.32,25.0,63,16.9979,0,6,9
2012-09-19 07:00:00,3,0,1,1,21.32,25.0,63,15.0013,0,7,9
2012-09-19 08:00:00,3,0,1,1,21.32,25.0,59,15.0013,0,8,9
2012-09-19 09:00:00,3,0,1,1,22.14,25.76,60,16.9979,0,9,9
2012-09-19 10:00:00,3,0,1,1,22.96,26.515,52,12.998,0,10,9
2012-09-19 11:00:00,3,0,1,1,24.6,31.06,43,16.9979,0,11,9
2012-09-19 12:00:00,3,0,1,1,24.6,31.06,43,16.9979,0,12,9
2012-09-19 13:00:00,3,0,1,1,24.6,31.06,40,16.9979,0,13,9
2012-09-19 14:00:00,3,0,1,1,25.42,31.06,38,16.9979,0,14,9
2012-09-19 15:00:00,3,0,1,1,25.42,31.06,35,16.454991798890262,1,15,9
2012-09-19 16:00:00,3,0,1,1,25.42,31.06,35,16.459885623749983,1,16,9
2012-09-19 17:00:00,3,0,1,1,24.6,31.06,38,15.0013,0,17,9
2012-09-19 18:00:00,3,0,1,1,23.78,27.275,40,19.0012,0,18,9
2012-09-19 19:00:00,3,0,1,1,22.96,26.515,43,15.0013,0,19,9
2012-09-19 20:00:00,3,0,1,1,21.32,25.0,48,11.0014,0,20,9
2012-09-19 21:00:00,3,0,1,1,20.5,24.24,59,11.0014,0,21,9
2012-09-19 22:00:00,3,0,1,1,20.5,24.24,63,6.0032,0,22,9
2012-09-19 23:00:00,3,0,1,1,19.68,23.485,67,6.0032,0,23,9
2012-10-01 00:00:00,4,0,1,1,18.86,22.725,72,7.0015,0,0,10
2012-10-01 01:00:00,4,0,1,1,18.04,21.97,77,6.0032,0,1,10
2012-10-01 02:00:00,4,0,1,1,18.86,22.725,72,11.382741785988573,1,2,10
2012-10-01 03:00:00,4,0,1,1,18.04,21.97,77,11.128780209293703,1,3,10
2012-10-01 04:00:00,4,0,1,1,17.22,21.21,82,7.0015,0,4,10
2012-10-01 05:00:00,4,0,1,1,18.04,21.97,77,11.200618667118135,1,5,10
2012-10-01 06:00:00,4,0,1,1,18.04,21.97,77,7.0015,0,6,10
2012-10-01 07:00:00,4,0,1,1,18.04,21.97,77,11.0014,0,7,10
2012-10-01 08:00:00,4,0,1,2,18.86,22.725,77,7.0015,0,8,10
2012-10-01 09:00:00,4,0,1,2,21.32,25.0,63,13.907140947623459,1,9,10
2012-10-01 10:00:00,4,0,1,1,22.14,25.76,56,15.494987406735232,1,10,10
2012-10-01 11:00:00,4,0,1,1,23.78,27.275,46,15.940918094291334,1,11,10
2012-10-01 12:00:00,4,0,1,2,24.6,31.06,43,11.0014,0,12,10
2012-10-01 13:00:00,4,0,1,2,24.6,31.06,43,11.0014,0,13,10
2012-10-01 14:00:00,4,0,1,2,24.6,31.06,43,7.0015,0,14,10
2012-10-01 15:00:00,4,0,1,2,25.42,31.06,43,8.9981,0,15,10
2012-10-01 16:00:00,4,0,1,2,25.42,31.06,46,16.9979,0,16,10
2012-10-01 17:00:00,4,0,1,3,22.96,26.515,60,16.9979,0,17,10
2012-10-01 18:00:00,4,0,1,3,22.96,26.515,64,7.0015,0,18,10
2012-10-01 19:00:00,4,0,1,2,22.14,25.76,68,7.0015,0,19,10
2012-10-01 20:00:00,4,0,1,3,22.14,25.76,68,16.308961216765205,1,20,10
2012-10-01 21:00:00,4,0,1,2,22.14,25.76,73,8.9981,0,21,10
2012-10-01 22:00:00,4,0,1,3,22.14,25.76,77,6.0032,0,22,10
2012-10-01 23:00:00,4,0,1,3,22.14,25.76,77,13.307722431561686,1,23,10
2012-10-02 00:00:00,4,0,1,2,22.96,26.515,73,12.199084909921357,1,0,10
2012-10-02 01:00:00,4,0,1,2,22.14,25.76,77,7.0015,0,1,10
2012-10-02 02:00:00,4,0,1,2,22.14,25.76,77,7.0015,0,2,10
2012-10-02 03:00:00,4,0,1,2,22.14,25.76,88,12.998,0,3,10
2012-10-02 04:00:00,4,0,1,2,22.96,26.515,83,6.0032,0,4,10
2012-10-02 05:00:00,4,0,1,2,22.96,26.515,83,8.9981,0,5,10
2012-10-02 06:00:00,4,0,1,3,23.78,27.275,83,7.0015,0,6,10
2012-10-02 07:00:00,4,0,1,3,23.78,27.275,83,7.0015,0,7,10
2012-10-02 08:00:00,4,0,1,3,24.6,27.275,88,14.656845581966115,1,8,10
2012-10-02 09:00:00,4,0,1,3,23.78,27.275,88,8.9981,0,9,10
2012-10-02 10:00:00,4,0,1,3,23.78,27.275,88,8.9981,0,10,10
2012-10-02 11:00:00,4,0,1,3,23.78,27.275,94,8.9981,0,11,10
2012-10-02 12:00:00,4,0,1,2,24.6,27.275,88,12.998,0,12,10
2012-10-02 13:00:00,4,0,1,2,24.6,27.275,88,8.9981,0,13,10
2012-10-02 14:00:00,4,0,1,3,24.6,27.275,88,8.9981,0,14,10
2012-10-02 15:00:00,4,0,1,3,25.42,28.79,83,8.9981,0,15,10
2012-10-02 16:00:00,4,0,1,3,25.42,28.03,88,8.9981,0,16,10
2012-10-02 17:00:00,4,0,1,3,25.42,28.03,88,7.0015,0,17,10
2012-10-02 18:00:00,4,0,1,3,25.42,27.275,94,6.0032,0,18,10
2012-10-02 19:00:00,4,0,1,3,25.42,27.275,94,9.128379089038583,1,19,10
2012-10-02 20:00:00,4,0,1,3,25.42,27.275,94,8.9981,0,20,10
2012-10-02 21:00:00,4,0,1,3,25.42,27.275,94,7.0015,0,21,10
2012-10-02 22:00:00,4,0,1,2,25.42,27.275,94,7.0015,0,22,10
2012-10-02 23:00:00,4,0,1,2,25.42,27.275,94,11.902477423202638,1,23,10
2012-10-03 00:00:00,4,0,1,3,25.42,27.275,94,9.751404254310982,1,0,10
2012-10-03 01:00:00,4,0,1,2,25.42,27.275,94,10.191474420136618,1,1,10
2012-10-03 02:00:00,4,0,1,2,25.42,27.275,94,10.189067853581001,1,2,10
2012-10-03 03:00:00,4,0,1,2,24.6,25.76,94,10.195214480687392,1,3,10
2012-10-03 04:00:00,4,0,1,2,24.6,25.0,100,10.261053212589667,1,4,10
2012-10-03 05:00:00,4,0,1,2,25.42,27.275,94,7.0015,0,5,10
2012-10-03 06:00:00,4,0,1,2,24.6,25.76,94,8.9981,0,6,10
2012-10-03 07:00:00,4,0,1,2,24.6,25.76,94,12.998,0,7,10
2012-10-03 08:00:00,4,0,1,2,25.42,28.03,88,7.0015,0,8,10
2012-10-03 09:00:00,4,0,1,2,25.42,28.79,83,12.998,0,9,10
2012-10-03 10:00:00,4,0,1,1,27.06,30.305,78,11.0014,0,10,10
2012-10-03 11:00:00,4,0,1,1,27.06,30.305,78,11.0014,0,11,10
2012-10-03 12:00:00,4,0,1,2,28.7,32.575,70,7.0015,0,12,10
2012-10-03 13:00:00,4,0,1,2,28.7,33.335,74,7.0015,0,13,10
2012-10-03 14:00:00,4,0,1,2,29.52,34.09,70,11.0014,0,14,10
2012-10-03 15:00:00,4,0,1,2,29.52,34.09,62,11.0014,0,15,10
2012-10-03 16:00:00,4,0,1,2,29.52,33.335,58,15.26878683448728,1,16,10
2012-10-03 17:00:00,4,0,1,1,28.7,32.575,65,13.074756247710573,1,17,10
2012-10-03 18:00:00,4,0,1,1,28.7,32.575,65,12.894111379312188,1,18,10
2012-10-03 19:00:00,4,0,1,1,28.7,32.575,65,12.543189035198687,1,19,10
2012-10-03 20:00:00,4,0,1,1,28.7,32.575,65,12.360346168080726,1,20,10
2012-10-03 21:00:00,4,0,1,2,27.06,31.06,74,12.522001232947147,1,21,10
2012-10-03 22:00:00,4,0,1,1,27.06,31.06,74,12.561276316752304,1,22,10
2012-10-03 23:00:00,4,0,1,2,27.06,30.305,78,11.84615367657417,1,23,10
2012-10-04 00:00:00,4,0,1,3,26.24,28.79,89,12.330306110239652,1,0,10
2012-10-04 01:00:00,4,0,1,2,25.42,27.275,94,10.191474420136618,1,1,10
2012-10-04 02:00:00,4,0,1,1,26.24,28.79,89,11.265451722780037,1,2,10
2012-10-04 03:00:00,4,0,1,2,25.42,28.03,88,10.955721786019474,1,3,10
2012-10-04 04:00:00,4,0,1,2,26.24,28.79,89,11.29467268600073,1,4,10
2012-10-04 05:00:00,4,0,1,3,26.24,28.79,89,7.0015,0,5,10
2012-10-04 06:00:00,4,0,1,3,25.42,27.275,94,6.0032,0,6,10
2012-10-04 07:00:00,4,0,1,2,26.24,28.79,89,6.0032,0,7,10
2012-10-04 08:00:00,4,0,1,1,26.24,28.79,89,11.05933410857026,1,8,10
2012-10-04 09:00:00,4,0,1,2,26.24,28.79,89,12.998,0,9,10
2012-10-04 10:00:00,4,0,1,2,27.06,30.305,83,8.9981,0,10,10
2012-10-04 11:00:00,4,0,1,2,28.7,32.575,70,7.0015,0,11,10
2012-10-04 12:00:00,4,0,1,2,29.52,33.335,54,12.998,0,12,10
2012-10-04 13:00:00,4,0,1,2,29.52,33.335,58,22.0028,0,13,10
2012-10-04 14:00:00,4,0,1,1,28.7,32.575,61,16.9979,0,14,10
2012-10-04 15:00:00,4,0,1,1,29.52,33.335,54,19.0012,0,15,10
2012-10-04 16:00:00,4,0,1,1,28.7,32.575,54,19.0012,0,16,10
2012-10-04 17:00:00,4,0,1,1,28.7,32.575,51,15.0013,0,17,10
2012-10-04 18:00:00,4,0,1,1,27.06,31.06,57,7.0015,0,18,10
2012-10-04 19:00:00,4,0,1,1,27.06,31.06,57,7.0015,0,19,10
2012-10-04 20:00:00,4,0,1,1,26.24,30.305,65,7.0015,0,20,10
2012-10-04 21:00:00,4,0,1,1,25.42,30.305,69,12.420004798161601,1,21,10
2012-10-04 22:00:00,4,0,1,1,26.24,31.06,47,8.9981,0,22,10
2012-10-04 23:00:00,4,0,1,1,24.6,31.06,56,6.0032,0,23,10
2012-10-05 00:00:00,4,0,1,1,22.96,26.515,73,11.86092632330941,1,0,10
2012-10-05 01:00:00,4,0,1,1,22.14,25.76,68,7.0015,0,1,10
2012-10-05 02:00:00,4,0,1,1,22.14,25.76,73,6.0032,0,2,10
2012-10-05 03:00:00,4,0,1,1,22.14,25.76,73,11.76490482534515,1,3,10
2012-10-05 04:00:00,4,0,1,1,22.14,25.76,77,11.55832691510237,1,4,10
2012-10-05 05:00:00,4,0,1,1,21.32,25.0,77,11.351925888120181,1,5,10
2012-10-05 06:00:00,4,0,1,1,21.32,25.0,83,11.277420274121761,1,6,10
2012-10-05 07:00:00,4,0,1,1,21.32,25.0,83,7.0015,0,7,10
2012-10-05 08:00:00,4,0,1,1,23.78,27.275,64,14.78680237654083,1,8,10
2012-10-05 09:00:00,4,0,1,1,24.6,30.305,60,6.0032,0,9,10
2012-10-05 10:00:00,4,0,1,1,27.06,31.06,54,15.153895506557259,1,10,10
2012-10-05 11:00:00,4,0,1,1,28.7,32.575,48,12.998,0,11,10
2012-10-05 12:00:00,4,0,1,1,29.52,32.575,42,11.0014,0,12,10
2012-10-05 13:00:00,4,0,1,1,28.7,32.575,48,14.720611296749663,1,13,10
2012-10-05 14:00:00,4,0,1,1,30.34,32.575,37,15.0013,0,14,10
2012-10-05 15:00:00,4,0,1,1,29.52,32.575,39,16.9979,0,15,10
2012-10-05 16:00:00,4,0,1,1,29.52,32.575,37,14.535904533247033,1,16,10
2012-10-05 17:00:00,4,0,1,1,28.7,31.82,42,11.0014,0,17,10
2012-10-05 18:00:00,4,0,1,1,26.24,31.06,57,8.9981,0,18,10
2012-10-05 19:00:00,4,0,1,1,25.42,29.545,73,11.0014,0,19,10
2012-10-05 20:00:00,4,0,1,1,24.6,28.79,78,8.9981,0,20,10
2012-10-05 21:00:00,4,0,1,1,24.6,29.545,69,15.0013,0,21,10
2012-10-05 22:00:00,4,0,1,1,24.6,29.545,73,19.0012,0,22,10
2012-10-05 23:00:00,4,0,1,1,23.78,27.275,78,15.0013,0,23,10
2012-10-06 00:00:00,4,0,0,1,22.96,26.515,83,11.0014,0,0,10
2012-10-06 01:00:00,4,0,0,1,22.96,26.515,83,16.9979,0,1,10
2012-10-06 02:00:00,4,0,0,1,22.96,26.515,78,12.998,0,2,10
2012-10-06 03:00:00,4,0,0,1,22.14,25.76,77,15.0013,0,3,10
2012-10-06 04:00:00,4,0,0,1,22.14,25.76,83,16.9979,0,4,10
2012-10-06 05:00:00,4,0,0,1,22.14,25.76,83,12.998,0,5,10
2012-10-06 06:00:00,4,0,0,1,22.14,25.76,88,16.9979,0,6,10
2012-10-06 07:00:00,4,0,0,1,22.14,25.76,83,19.9995,0,7,10
2012-10-06 08:00:00,4,0,0,1,22.96,26.515,83,12.998,0,8,10
2012-10-06 09:00:00,4,0,0,1,24.6,29.545,73,12.998,0,9,10
2012-10-06 10:00:00,4,0,0,1,25.42,30.305,69,19.0012,0,10,10
2012-10-06 11:00:00,4,0,0,1,26.24,30.305,65,16.9979,0,11,10
2012-10-06 12:00:00,4,0,0,1,28.7,32.575,54,7.0015,0,12,10
2012-10-06 13:00:00,4,0,0,2,26.24,31.06,57,35.0008,0,13,10
2012-10-06 14:00:00,4,0,0,2,24.6,31.06,56,27.9993,0,14,10
2012-10-06 15:00:00,4,0,0,1,24.6,31.06,46,27.9993,0,15,10
2012-10-06 16:00:00,4,0,0,1,24.6,31.06,43,35.0008,0,16,10
2012-10-06 17:00:00,4,0,0,1,22.14,25.76,49,26.0027,0,17,10
2012-10-06 18:00:00,4,0,0,1,21.32,25.0,48,27.9993,0,18,10
2012-10-06 19:00:00,4,0,0,1,19.68,23.485,55,15.0013,0,19,10
2012-10-06 20:00:00,4,0,0,1,19.68,23.485,55,16.9979,0,20,10
2012-10-06 21:00:00,4,0,0,1,18.86,22.725,59,8.9981,0,21,10
2012-10-06 22:00:00,4,0,0,1,18.04,21.97,62,8.9981,0,22,10
2012-10-06 23:00:00,4,0,0,1,18.04,21.97,62,8.9981,0,23,10
2012-10-07 00:00:00,4,0,0,1,18.04,21.97,62,11.0014,0,0,10
2012-10-07 01:00:00,4,0,0,1,18.04,21.97,54,15.0013,0,1,10
2012-10-07 02:00:00,4,0,0,1,17.22,21.21,62,8.9981,0,2,10
2012-10-07 03:00:00,4,0,0,2,18.04,21.97,62,8.9981,0,3,10
2012-10-07 04:00:00,4,0,0,2,18.04,21.97,54,16.9979,0,4,10
2012-10-07 05:00:00,4,0,0,2,18.04,21.97,54,8.9981,0,5,10
2012-10-07 06:00:00,4,0,0,2,18.04,21.97,54,12.998,0,6,10
2012-10-07 07:00:00,4,0,0,3,17.22,21.21,58,11.0014,0,7,10
2012-10-07 08:00:00,4,0,0,3,17.22,21.21,67,8.9981,0,8,10
2012-10-07 09:00:00,4,0,0,3,16.4,20.455,71,8.9981,0,9,10
2012-10-07 10:00:00,4,0,0,2,17.22,21.21,67,12.998,0,10,10
2012-10-07 11:00:00,4,0,0,2,17.22,21.21,71,7.0015,0,11,10
2012-10-07 12:00:00,4,0,0,2,17.22,21.21,71,13.218806269827832,1,12,10
2012-10-07 13:00:00,4,0,0,2,18.04,21.97,72,6.0032,0,13,10
2012-10-07 14:00:00,4,0,0,2,18.04,21.97,67,14.87487655293744,1,14,10
2012-10-07 15:00:00,4,0,0,3,17.22,21.21,77,8.9981,0,15,10
2012-10-07 16:00:00,4,0,0,3,16.4,20.455,82,11.0014,0,16,10
2012-10-07 17:00:00,4,0,0,3,16.4,20.455,82,15.0013,0,17,10
2012-10-07 18:00:00,4,0,0,3,16.4,20.455,82,12.998,0,18,10
2012-10-07 19:00:00,4,0,0,2,16.4,20.455,82,7.0015,0,19,10
2012-10-07 20:00:00,4,0,0,1,16.4,20.455,82,8.9981,0,20,10
2012-10-07 21:00:00,4,0,0,1,15.58,19.695,87,7.0015,0,21,10
2012-10-07 22:00:00,4,0,0,1,15.58,19.695,87,8.9981,0,22,10
2012-10-07 23:00:00,4,0,0,1,14.76,17.425,93,8.9981,0,23,10
2012-10-08 00:00:00,4,1,0,1,15.58,19.695,76,19.0012,0,0,10
2012-10-08 01:00:00,4,1,0,1,13.94,16.665,87,11.0014,0,1,10
2012-10-08 02:00:00,4,1,0,1,13.94,16.665,81,12.998,0,2,10
2012-10-08 03:00:00,4,1,0,1,13.94,17.425,81,7.0015,0,3,10
2012-10-08 04:00:00,4,1,0,1,13.12,16.665,87,8.9981,0,4,10
2012-10-08 05:00:00,4,1,0,1,13.94,15.91,76,15.0013,0,5,10
2012-10-08 06:00:00,4,1,0,1,13.94,17.425,76,7.0015,0,6,10
2012-10-08 07:00:00,4,1,0,2,13.94,16.665,76,11.0014,0,7,10
2012-10-08 08:00:00,4,1,0,2,14.76,17.425,71,15.0013,0,8,10
2012-10-08 09:00:00,4,1,0,2,15.58,19.695,66,11.0014,0,9,10
2012-10-08 10:00:00,4,1,0,2,15.58,19.695,68,8.9981,0,10,10
2012-10-08 11:00:00,4,1,0,2,16.4,20.455,62,6.0032,0,11,10
2012-10-08 12:00:00,4,1,0,2,17.22,21.21,63,11.0014,0,12,10
2012-10-08 13:00:00,4,1,0,2,17.22,21.21,62,12.998,0,13,10
2012-10-08 14:00:00,4,1,0,2,17.22,21.21,58,7.0015,0,14,10
2012-10-08 15:00:00,4,1,0,3,17.22,21.21,58,12.998,0,15,10
2012-10-08 16:00:00,4,1,0,3,17.22,21.21,58,12.998,0,16,10
2012-10-08 17:00:00,4,1,0,2,17.22,21.21,66,16.9979,0,17,10
2012-10-08 18:00:00,4,1,0,2,17.22,21.21,66,19.0012,0,18,10
2012-10-08 19:00:00,4,1,0,2,16.4,20.455,71,16.9979,0,19,10
2012-10-08 20:00:00,4,1,0,3,16.4,20.455,71,15.0013,0,20,10
2012-10-08 21:00:00,4,1,0,2,16.4,20.455,76,15.0013,0,21,10
2012-10-08 22:00:00,4,1,0,3,16.4,20.455,76,16.9979,0,22,10
2012-10-08 23:00:00,4,1,0,2,16.4,20.455,71,15.0013,0,23,10
2012-10-09 00:00:00,4,0,1,2,15.58,19.695,82,15.0013,0,0,10
2012-10-09 01:00:00,4,0,1,3,14.76,17.425,87,15.0013,0,1,10
2012-10-09 02:00:00,4,0,1,3,14.76,16.665,87,16.9979,0,2,10
2012-10-09 03:00:00,4,0,1,3,14.76,16.665,87,19.0012,0,3,10
2012-10-09 04:00:00,4,0,1,3,14.76,17.425,87,11.0014,0,4,10
2012-10-09 05:00:00,4,0,1,2,15.58,19.695,82,12.998,0,5,10
2012-10-09 06:00:00,4,0,1,2,15.58,19.695,82,16.9979,0,6,10
2012-10-09 07:00:00,4,0,1,1,15.58,19.695,83,16.9979,0,7,10
2012-10-09 08:00:00,4,0,1,2,17.22,21.21,80,12.998,0,8,10
2012-10-09 09:00:00,4,0,1,2,17.22,21.21,77,15.0013,0,9,10
2012-10-09 10:00:00,4,0,1,2,18.04,21.97,75,15.0013,0,10,10
2012-10-09 11:00:00,4,0,1,2,19.68,23.485,69,12.998,0,11,10
2012-10-09 12:00:00,4,0,1,2,19.68,23.485,69,12.998,0,12,10
2012-10-09 13:00:00,4,0,1,2,20.5,24.24,67,8.9981,0,13,10
2012-10-09 14:00:00,4,0,1,2,22.14,25.76,64,12.998,0,14,10
2012-10-09 15:00:00,4,0,1,2,21.32,25.0,63,11.0014,0,15,10
2012-10-09 16:00:00,4,0,1,2,20.5,24.24,72,11.0014,0,16,10
2012-10-09 17:00:00,4,0,1,2,21.32,25.0,68,11.0014,0,17,10
2012-10-09 18:00:00,4,0,1,2,20.5,24.24,72,15.0013,0,18,10
2012-10-09 19:00:00,4,0,1,2,20.5,24.24,72,11.0014,0,19,10
2012-10-09 20:00:00,4,0,1,2,20.5,24.24,72,11.0014,0,20,10
2012-10-09 21:00:00,4,0,1,2,19.68,23.485,77,8.9981,0,21,10
2012-10-09 22:00:00,4,0,1,2,19.68,23.485,77,6.0032,0,22,10
2012-10-09 23:00:00,4,0,1,2,19.68,23.485,77,6.0032,0,23,10
2012-10-10 00:00:00,4,0,1,2,18.86,22.725,88,6.0032,0,0,10
2012-10-10 01:00:00,4,0,1,2,18.86,22.725,88,10.779172369284753,1,1,10
2012-10-10 02:00:00,4,0,1,2,18.86,22.725,88,10.827751955748266,1,2,10
2012-10-10 03:00:00,4,0,1,2,18.86,22.725,88,10.837120920454147,1,3,10
2012-10-10 04:00:00,4,0,1,2,18.86,22.725,88,7.0015,0,4,10
2012-10-10 05:00:00,4,0,1,2,18.86,22.725,88,6.0032,0,5,10
2012-10-10 06:00:00,4,0,1,2,18.86,22.725,88,6.0032,0,6,10
2012-10-10 07:00:00,4,0,1,1,18.86,22.725,82,7.0015,0,7,10
2012-10-10 08:00:00,4,0,1,1,20.5,24.24,77,11.0014,0,8,10
2012-10-10 09:00:00,4,0,1,1,22.14,25.76,60,19.0012,0,9,10
2012-10-10 10:00:00,4,0,1,1,22.96,26.515,52,19.9995,0,10,10
2012-10-10 11:00:00,4,0,1,1,22.14,25.76,52,12.998,0,11,10
2012-10-10 12:00:00,4,0,1,1,22.14,25.76,56,15.0013,0,12,10
2012-10-10 13:00:00,4,0,1,1,22.96,26.515,49,15.976965884653248,1,13,10
2012-10-10 14:00:00,4,0,1,1,24.6,31.06,40,11.0014,0,14,10
2012-10-10 15:00:00,4,0,1,1,24.6,31.06,40,11.0014,0,15,10
2012-10-10 16:00:00,4,0,1,1,24.6,31.06,40,15.0013,0,16,10
2012-10-10 17:00:00,4,0,1,1,23.78,27.275,43,15.0013,0,17,10
2012-10-10 18:00:00,4,0,1,2,22.96,26.515,49,11.0014,0,18,10
2012-10-10 19:00:00,4,0,1,2,22.96,26.515,46,39.0007,0,19,10
2012-10-10 20:00:00,4,0,1,1,21.32,25.0,48,32.9975,0,20,10
2012-10-10 21:00:00,4,0,1,1,20.5,24.24,51,23.9994,0,21,10
2012-10-10 22:00:00,4,0,1,1,18.86,22.725,55,19.9995,0,22,10
2012-10-10 23:00:00,4,0,1,1,18.04,21.97,58,12.998,0,23,10
2012-10-11 00:00:00,4,0,1,1,18.04,21.97,51,8.9981,0,0,10
2012-10-11 01:00:00,4,0,1,1,18.04,21.97,47,12.998,0,1,10
2012-10-11 02:00:00,4,0,1,1,17.22,21.21,50,8.9981,0,2,10
2012-10-11 03:00:00,4,0,1,1,17.22,21.21,47,19.9995,0,3,10
2012-10-11 04:00:00,4,0,1,1,16.4,20.455,50,16.9979,0,4,10
2012-10-11 05:00:00,4,0,1,1,14.76,17.425,50,11.0014,0,5,10
2012-10-11 06:00:00,4,0,1,1,14.76,17.425,50,11.0014,0,6,10
2012-10-11 07:00:00,4,0,1,1,14.76,16.665,50,16.9979,0,7,10
2012-10-11 08:00:00,4,0,1,1,15.58,19.695,46,26.0027,0,8,10
2012-10-11 09:00:00,4,0,1,1,16.4,20.455,43,26.0027,0,9,10
2012-10-11 10:00:00,4,0,1,1,18.04,21.97,41,23.9994,0,10,10
2012-10-11 11:00:00,4,0,1,1,18.86,22.725,36,16.882545515178535,1,11,10
2012-10-11 12:00:00,4,0,1,1,18.86,22.725,36,16.75322767389563,1,12,10
2012-10-11 13:00:00,4,0,1,1,20.5,24.24,31,7.0015,0,13,10
2012-10-11 14:00:00,4,0,1,1,21.32,25.0,32,6.0032,0,14,10
2012-10-11 15:00:00,4,0,1,1,21.32,25.0,34,11.0014,0,15,10
2012-10-11 16:00:00,4,0,1,1,20.5,24.24,36,8.9981,0,16,10
2012-10-11 17:00:00,4,0,1,1,20.5,24.24,39,19.0012,0,17,10
2012-10-11 18:00:00,4,0,1,1,18.86,22.725,44,11.0014,0,18,10
2012-10-11 19:00:00,4,0,1,1,18.04,21.97,51,8.9981,0,19,10
2012-10-11 20:00:00,4,0,1,1,17.22,21.21,62,11.0014,0,20,10
2012-10-11 21:00:00,4,0,1,1,17.22,21.21,62,8.9981,0,21,10
2012-10-11 22:00:00,4,0,1,1,16.4,20.455,66,11.0014,0,22,10
2012-10-11 23:00:00,4,0,1,1,17.22,21.21,58,6.0032,0,23,10
2012-10-12 00:00:00,4,0,1,1,16.4,20.455,66,7.0015,0,0,10
2012-10-12 01:00:00,4,0,1,1,16.4,20.455,66,6.0032,0,1,10
2012-10-12 02:00:00,4,0,1,1,16.4,20.455,66,6.0032,0,2,10
2012-10-12 03:00:00,4,0,1,1,14.76,18.18,76,6.0032,0,3,10
2012-10-12 04:00:00,4,0,1,1,14.76,18.18,76,7.0015,0,4,10
2012-10-12 05:00:00,4,0,1,1,14.76,18.18,81,6.0032,0,5,10
2012-10-12 06:00:00,4,0,1,1,13.94,17.425,81,6.0032,0,6,10
2012-10-12 07:00:00,4,0,1,1,14.76,18.18,81,6.0032,0,7,10
2012-10-12 08:00:00,4,0,1,1,17.22,21.21,71,6.0032,0,8,10
2012-10-12 09:00:00,4,0,1,1,20.5,24.24,39,19.9995,0,9,10
2012-10-12 10:00:00,4,0,1,1,21.32,25.0,36,19.9995,0,10,10
2012-10-12 11:00:00,4,0,1,1,22.14,25.76,37,23.9994,0,11,10
2012-10-12 12:00:00,4,0,1,1,22.14,25.76,39,31.0009,0,12,10
2012-10-12 13:00:00,4,0,1,1,22.96,26.515,37,26.0027,0,13,10
2012-10-12 14:00:00,4,0,1,1,22.96,26.515,37,31.0009,0,14,10
2012-10-12 15:00:00,4,0,1,1,21.32,25.0,42,30.0026,0,15,10
2012-10-12 16:00:00,4,0,1,1,18.86,22.725,41,23.9994,0,16,10
2012-10-12 17:00:00,4,0,1,1,18.86,22.725,38,26.0027,0,17,10
2012-10-12 18:00:00,4,0,1,1,18.04,21.97,38,19.9995,0,18,10
2012-10-12 19:00:00,4,0,1,1,17.22,21.21,41,15.0013,0,19,10
2012-10-12 20:00:00,4,0,1,1,17.22,21.21,47,8.9981,0,20,10
2012-10-12 21:00:00,4,0,1,1,16.4,20.455,54,12.998,0,21,10
2012-10-12 22:00:00,4,0,1,1,16.4,20.455,47,19.9995,0,22,10
2012-10-12 23:00:00,4,0,1,1,14.76,17.425,57,12.998,0,23,10
2012-10-13 00:00:00,4,0,0,1,14.76,18.18,57,6.0032,0,0,10
2012-10-13 01:00:00,4,0,0,1,13.94,16.665,53,8.9981,0,1,10
2012-10-13 02:00:00,4,0,0,1,13.94,16.665,53,12.998,0,2,10
2012-10-13 03:00:00,4,0,0,1,13.12,15.15,66,15.0013,0,3,10
2012-10-13 04:00:00,4,0,0,1,12.3,15.15,65,11.0014,0,4,10
2012-10-13 05:00:00,4,0,0,1,12.3,14.395,61,12.998,0,5,10
2012-10-13 06:00:00,4,0,0,1,12.3,14.395,61,12.998,0,6,10
2012-10-13 07:00:00,4,0,0,1,12.3,15.15,61,11.0014,0,7,10
2012-10-13 08:00:00,4,0,0,1,13.94,17.425,53,7.0015,0,8,10
2012-10-13 09:00:00,4,0,0,1,14.76,18.18,50,6.0032,0,9,10
2012-10-13 10:00:00,4,0,0,1,16.4,20.455,43,16.361020939956752,1,10,10
2012-10-13 11:00:00,4,0,0,1,17.22,21.21,35,8.9981,0,11,10
2012-10-13 12:00:00,4,0,0,1,18.04,21.97,35,16.608532670558198,1,12,10
2012-10-13 13:00:00,4,0,0,1,18.86,22.725,36,12.998,0,13,10
2012-10-13 14:00:00,4,0,0,1,19.68,23.485,33,12.998,0,14,10
2012-10-13 15:00:00,4,0,0,1,20.5,24.24,36,12.998,0,15,10
2012-10-13 16:00:00,4,0,0,1,20.5,24.24,31,12.998,0,16,10
2012-10-13 17:00:00,4,0,0,1,18.86,22.725,38,11.0014,0,17,10
2012-10-13 18:00:00,4,0,0,1,18.86,22.725,44,8.9981,0,18,10
2012-10-13 19:00:00,4,0,0,1,18.04,21.97,44,11.0014,0,19,10
2012-10-13 20:00:00,4,0,0,1,16.4,20.455,54,6.0032,0,20,10
2012-10-13 21:00:00,4,0,0,1,16.4,20.455,58,12.998,0,21,10
2012-10-13 22:00:00,4,0,0,1,16.4,20.455,62,12.72948071698193,1,22,10
2012-10-13 23:00:00,4,0,0,1,17.22,21.21,58,19.9995,0,23,10
2012-10-14 00:00:00,4,0,0,1,16.4,20.455,71,16.9979,0,0,10
2012-10-14 01:00:00,4,0,0,1,17.22,21.21,77,19.0012,0,1,10
2012-10-14 02:00:00,4,0,0,1,16.4,20.455,76,6.0032,0,2,10
2012-10-14 03:00:00,4,0,0,1,17.22,21.21,77,19.9995,0,3,10
2012-10-14 04:00:00,4,0,0,1,17.22,21.21,77,19.0012,0,4,10
2012-10-14 05:00:00,4,0,0,1,16.4,20.455,82,12.998,0,5,10
2012-10-14 06:00:00,4,0,0,1,16.4,20.455,82,11.0014,0,6,10
2012-10-14 07:00:00,4,0,0,1,17.22,21.21,82,15.0013,0,7,10
2012-10-14 08:00:00,4,0,0,1,18.04,21.97,77,12.998,0,8,10
2012-10-14 09:00:00,4,0,0,2,19.68,23.485,67,19.0012,0,9,10
2012-10-14 10:00:00,4,0,0,1,22.14,25.76,56,12.998,0,10,10
2012-10-14 11:00:00,4,0,0,1,22.96,26.515,52,19.9995,0,11,10
2012-10-14 12:00:00,4,0,0,1,25.42,31.06,46,22.0028,0,12,10
2012-10-14 13:00:00,4,0,0,1,26.24,31.06,41,30.0026,0,13,10
2012-10-14 14:00:00,4,0,0,1,27.06,31.06,39,27.9993,0,14,10
2012-10-14 15:00:00,4,0,0,1,27.06,31.06,39,27.9993,0,15,10
2012-10-14 16:00:00,4,0,0,1,26.24,31.06,41,19.9995,0,16,10
2012-10-14 17:00:00,4,0,0,1,26.24,31.06,44,12.998,0,17,10
2012-10-14 18:00:00,4,0,0,1,23.78,27.275,60,16.9979,0,18,10
2012-10-14 19:00:00,4,0,0,1,22.96,26.515,64,15.0013,0,19,10
2012-10-14 20:00:00,4,0,0,1,22.14,25.76,73,15.0013,0,20,10
2012-10-14 21:00:00,4,0,0,1,22.96,26.515,73,30.0026,0,21,10
2012-10-14 22:00:00,4,0,0,1,22.96,26.515,73,26.0027,0,22,10
2012-10-14 23:00:00,4,0,0,2,22.96,26.515,68,19.0012,0,23,10
2012-10-15 00:00:00,4,0,1,2,22.96,26.515,73,16.9979,0,0,10
2012-10-15 01:00:00,4,0,1,2,23.78,27.275,64,26.0027,0,1,10
2012-10-15 02:00:00,4,0,1,2,23.78,27.275,64,23.9994,0,2,10
2012-10-15 03:00:00,4,0,1,2,22.96,26.515,73,16.9979,0,3,10
2012-10-15 04:00:00,4,0,1,2,22.96,26.515,68,15.0013,0,4,10
2012-10-15 05:00:00,4,0,1,2,22.96,26.515,73,19.0012,0,5,10
2012-10-15 06:00:00,4,0,1,2,22.96,26.515,73,19.9995,0,6,10
2012-10-15 07:00:00,4,0,1,2,23.78,27.275,68,22.0028,0,7,10
2012-10-15 08:00:00,4,0,1,2,24.6,30.305,64,26.0027,0,8,10
2012-10-15 09:00:00,4,0,1,3,24.6,29.545,69,26.0027,0,9,10
2012-10-15 10:00:00,4,0,1,2,24.6,29.545,73,26.0027,0,10,10
2012-10-15 11:00:00,4,0,1,2,24.6,29.545,73,26.0027,0,11,10
2012-10-15 12:00:00,4,0,1,3,24.6,28.79,78,22.0028,0,12,10
2012-10-15 13:00:00,4,0,1,2,22.96,26.515,88,15.0013,0,13,10
2012-10-15 14:00:00,4,0,1,2,24.6,28.79,78,19.0012,0,14,10
2012-10-15 15:00:00,4,0,1,1,24.6,28.79,78,22.0028,0,15,10
2012-10-15 16:00:00,4,0,1,1,22.96,26.515,64,19.9995,0,16,10
2012-10-15 17:00:00,4,0,1,1,22.96,26.515,64,16.9979,0,17,10
2012-10-15 18:00:00,4,0,1,3,22.14,25.76,77,8.9981,0,18,10
2012-10-15 19:00:00,4,0,1,3,21.32,25.0,83,6.0032,0,19,10
2012-10-15 20:00:00,4,0,1,2,21.32,25.0,72,26.0027,0,20,10
2012-10-15 21:00:00,4,0,1,1,21.32,25.0,59,22.0028,0,21,10
2012-10-15 22:00:00,4,0,1,1,20.5,24.24,59,19.0012,0,22,10
2012-10-15 23:00:00,4,0,1,1,18.86,22.725,63,15.0013,0,23,10
2012-10-16 00:00:00,4,0,1,1,18.86,22.725,63,26.0027,0,0,10
2012-10-16 01:00:00,4,0,1,1,18.04,21.97,67,12.998,0,1,10
2012-10-16 02:00:00,4,0,1,1,18.04,21.97,67,8.9981,0,2,10
2012-10-16 03:00:00,4,0,1,1,17.22,21.21,67,7.0015,0,3,10
2012-10-16 04:00:00,4,0,1,1,17.22,21.21,67,11.0014,0,4,10
2012-10-16 05:00:00,4,0,1,1,17.22,21.21,67,16.9979,0,5,10
2012-10-16 06:00:00,4,0,1,1,17.22,21.21,67,11.0014,0,6,10
2012-10-16 07:00:00,4,0,1,1,17.22,21.21,67,6.0032,0,7,10
2012-10-16 08:00:00,4,0,1,1,18.04,21.97,62,13.79469122308099,1,8,10
2012-10-16 09:00:00,4,0,1,1,19.68,23.485,55,16.9979,0,9,10
2012-10-16 10:00:00,4,0,1,1,20.5,24.24,48,19.0012,0,10,10
2012-10-16 11:00:00,4,0,1,1,20.5,24.24,45,27.9993,0,11,10
2012-10-16 12:00:00,4,0,1,2,21.32,25.0,45,22.0028,0,12,10
2012-10-16 13:00:00,4,0,1,1,21.32,25.0,45,19.0012,0,13,10
2012-10-16 14:00:00,4,0,1,1,22.14,25.76,39,16.9979,0,14,10
2012-10-16 15:00:00,4,0,1,1,22.14,25.76,41,22.0028,0,15,10
2012-10-16 16:00:00,4,0,1,1,22.14,25.76,39,19.0012,0,16,10
2012-10-16 17:00:00,4,0,1,1,21.32,25.0,39,12.998,0,17,10
2012-10-16 18:00:00,4,0,1,1,20.5,24.24,42,11.0014,0,18,10
2012-10-16 19:00:00,4,0,1,1,19.68,23.485,48,15.478671687298677,1,19,10
2012-10-16 20:00:00,4,0,1,1,18.86,22.725,55,14.139865257890266,1,20,10
2012-10-16 21:00:00,4,0,1,1,18.86,22.725,63,12.694550853931018,1,21,10
2012-10-16 22:00:00,4,0,1,1,16.4,20.455,71,6.0032,0,22,10
2012-10-16 23:00:00,4,0,1,1,16.4,20.455,71,11.054754318186346,1,23,10
2012-10-17 00:00:00,4,0,1,1,15.58,19.695,76,9.46443299136877,1,0,10
2012-10-17 01:00:00,4,0,1,1,15.58,19.695,76,9.389192286842555,1,1,10
2012-10-17 02:00:00,4,0,1,1,15.58,19.695,76,9.374021765229903,1,2,10
2012-10-17 03:00:00,4,0,1,1,14.76,18.94,87,8.834015344510634,1,3,10
2012-10-17 04:00:00,4,0,1,1,14.76,18.18,81,6.0032,0,4,10
2012-10-17 05:00:00,4,0,1,2,14.76,18.94,81,10.09201516360606,1,5,10
2012-10-17 06:00:00,4,0,1,1,15.58,19.695,82,9.243049074347569,1,6,10
2012-10-17 07:00:00,4,0,1,1,14.76,18.18,81,7.0015,0,7,10
2012-10-17 08:00:00,4,0,1,2,16.4,20.455,76,12.544605903586582,1,8,10
2012-10-17 09:00:00,4,0,1,2,17.22,21.21,77,12.566759094095419,1,9,10
2012-10-17 10:00:00,4,0,1,2,18.86,22.725,67,14.601946568702097,1,10,10
2012-10-17 11:00:00,4,0,1,2,20.5,24.24,51,6.0032,0,11,10
2012-10-17 12:00:00,4,0,1,2,21.32,25.0,48,11.0014,0,12,10
2012-10-17 13:00:00,4,0,1,2,22.14,25.76,49,8.9981,0,13,10
2012-10-17 14:00:00,4,0,1,2,22.96,26.515,43,11.0014,0,14,10
2012-10-17 15:00:00,4,0,1,2,23.78,27.275,43,15.0013,0,15,10
2012-10-17 16:00:00,4,0,1,1,22.96,26.515,52,12.998,0,16,10
2012-10-17 17:00:00,4,0,1,1,22.14,25.76,56,7.0015,0,17,10
2012-10-17 18:00:00,4,0,1,1,21.32,25.0,59,11.0014,0,18,10
2012-10-17 19:00:00,4,0,1,1,20.5,24.24,72,12.998,0,19,10
2012-10-17 20:00:00,4,0,1,1,20.5,24.24,72,8.9981,0,20,10
2012-10-17 21:00:00,4,0,1,1,18.86,22.725,82,12.998,0,21,10
2012-10-17 22:00:00,4,0,1,1,18.86,22.725,88,16.9979,0,22,10
2012-10-17 23:00:00,4,0,1,1,18.86,22.725,88,15.0013,0,23,10
2012-10-18 00:00:00,4,0,1,1,18.86,22.725,88,12.998,0,0,10
2012-10-18 01:00:00,4,0,1,1,18.86,22.725,82,15.0013,0,1,10
2012-10-18 02:00:00,4,0,1,1,18.86,22.725,82,12.998,0,2,10
2012-10-18 03:00:00,4,0,1,1,18.04,21.97,88,15.0013,0,3,10
2012-10-18 04:00:00,4,0,1,1,18.04,21.97,88,15.0013,0,4,10
2012-10-18 05:00:00,4,0,1,1,18.04,21.97,82,15.0013,0,5,10
2012-10-18 06:00:00,4,0,1,1,18.04,21.97,88,19.9995,0,6,10
2012-10-18 07:00:00,4,0,1,1,18.04,21.97,88,16.9979,0,7,10
2012-10-18 08:00:00,4,0,1,1,18.86,22.725,82,16.9979,0,8,10
2012-10-18 09:00:00,4,0,1,2,20.5,24.24,77,11.0014,0,9,10
2012-10-18 10:00:00,4,0,1,2,21.32,25.0,68,15.0013,0,10,10
2012-10-18 11:00:00,4,0,1,2,22.96,26.515,56,15.0013,0,11,10
2012-10-18 12:00:00,4,0,1,2,24.6,31.06,53,16.9979,0,12,10
2012-10-18 13:00:00,4,0,1,1,25.42,31.06,53,23.9994,0,13,10
2012-10-18 14:00:00,4,0,1,2,25.42,31.06,50,19.9995,0,14,10
2012-10-18 15:00:00,4,0,1,2,24.6,30.305,60,12.998,0,15,10
2012-10-18 16:00:00,4,0,1,1,24.6,31.06,56,19.0012,0,16,10
2012-10-18 17:00:00,4,0,1,2,23.78,27.275,64,22.0028,0,17,10
2012-10-18 18:00:00,4,0,1,2,22.96,26.515,64,22.0028,0,18,10
2012-10-18 19:00:00,4,0,1,2,22.96,26.515,68,19.9995,0,19,10
2012-10-18 20:00:00,4,0,1,2,22.96,26.515,68,16.9979,0,20,10
2012-10-18 21:00:00,4,0,1,2,22.14,25.76,77,12.998,0,21,10
2012-10-18 22:00:00,4,0,1,2,22.14,25.76,83,12.998,0,22,10
2012-10-18 23:00:00,4,0,1,2,22.14,25.76,83,11.408229611642065,1,23,10
2012-10-19 00:00:00,4,0,1,2,22.96,26.515,83,7.0015,0,0,10
2012-10-19 01:00:00,4,0,1,3,22.14,25.76,88,17.159147963186182,1,1,10
2012-10-19 02:00:00,4,0,1,2,22.14,25.76,88,11.27198810991265,1,2,10
2012-10-19 03:00:00,4,0,1,2,22.96,26.515,83,11.606078290140259,1,3,10
2012-10-19 04:00:00,4,0,1,2,22.96,26.515,83,11.652228421408765,1,4,10
2012-10-19 05:00:00,4,0,1,2,22.14,25.76,88,11.325376053281424,1,5,10
2012-10-19 06:00:00,4,0,1,3,22.14,25.76,94,11.0014,0,6,10
2012-10-19 07:00:00,4,0,1,3,22.14,25.76,94,14.695064139861358,1,7,10
2012-10-19 08:00:00,4,0,1,2,22.14,25.76,94,7.0015,0,8,10
2012-10-19 09:00:00,4,0,1,2,22.14,25.76,94,7.0015,0,9,10
2012-10-19 10:00:00,4,0,1,2,23.78,27.275,88,12.998,0,10,10
2012-10-19 11:00:00,4,0,1,1,24.6,28.03,83,12.998,0,11,10
2012-10-19 12:00:00,4,0,1,1,26.24,30.305,69,15.0013,0,12,10
2012-10-19 13:00:00,4,0,1,1,25.42,29.545,73,15.0013,0,13,10
2012-10-19 14:00:00,4,0,1,1,27.06,31.06,61,16.9979,0,14,10
2012-10-19 15:00:00,4,0,1,1,26.24,30.305,65,19.9995,0,15,10
2012-10-19 16:00:00,4,0,1,3,25.42,30.305,69,23.9994,0,16,10
2012-10-19 17:00:00,4,0,1,3,25.42,30.305,69,23.9994,0,17,10
2012-10-19 18:00:00,4,0,1,1,22.96,26.515,83,7.0015,0,18,10
2012-10-19 19:00:00,4,0,1,1,22.14,25.76,88,11.0014,0,19,10
2012-10-19 20:00:00,4,0,1,1,21.32,25.0,77,12.998,0,20,10
2012-10-19 21:00:00,4,0,1,1,20.5,24.24,77,10.58129432609666,1,21,10
2012-10-19 22:00:00,4,0,1,1,20.5,24.24,77,6.0032,0,22,10
2012-10-19 23:00:00,4,0,1,1,18.86,22.725,88,7.0015,0,23,10
2012-11-01 00:00:00,4,0,1,1,14.76,18.18,57,6.0032,0,0,11
2012-11-01 01:00:00,4,0,1,1,12.3,15.91,75,7.0015,0,1,11
2012-11-01 02:00:00,4,0,1,1,13.12,16.665,66,8.9981,0,2,11
2012-11-01 03:00:00,4,0,1,1,13.94,16.665,61,8.9981,0,3,11
2012-11-01 04:00:00,4,0,1,2,13.94,17.425,66,7.0015,0,4,11
2012-11-01 05:00:00,4,0,1,1,13.94,16.665,66,8.9981,0,5,11
2012-11-01 06:00:00,4,0,1,1,13.94,16.665,61,11.0014,0,6,11
2012-11-01 07:00:00,4,0,1,2,14.76,17.425,57,11.0014,0,7,11
2012-11-01 08:00:00,4,0,1,2,14.76,18.94,56,7.0015,0,8,11
2012-11-01 09:00:00,4,0,1,3,14.76,18.18,57,7.0015,0,9,11
2012-11-01 10:00:00,4,0,1,3,14.76,17.425,62,12.998,0,10,11
2012-11-01 11:00:00,4,0,1,3,14.76,17.425,62,12.998,0,11,11
2012-11-01 12:00:00,4,0,1,3,15.58,19.695,62,11.0014,0,12,11
2012-11-01 13:00:00,4,0,1,2,16.4,20.455,58,11.0014,0,13,11
2012-11-01 14:00:00,4,0,1,2,16.4,20.455,50,15.0013,0,14,11
2012-11-01 15:00:00,4,0,1,2,16.4,20.455,54,11.0014,0,15,11
2012-11-01 16:00:00,4,0,1,2,16.4,20.455,54,11.0014,0,16,11
2012-11-01 17:00:00,4,0,1,3,16.4,20.455,50,15.0013,0,17,11
2012-11-01 18:00:00,4,0,1,2,16.4,20.455,50,11.0014,0,18,11
2012-11-01 19:00:00,4,0,1,2,16.4,20.455,50,11.0014,0,19,11
2012-11-01 20:00:00,4,0,1,2,15.58,19.695,54,16.9979,0,20,11
2012-11-01 21:00:00,4,0,1,2,15.58,19.695,54,8.9981,0,21,11
2012-11-01 22:00:00,4,0,1,1,14.76,17.425,57,11.0014,0,22,11
2012-11-01 23:00:00,4,0,1,1,13.94,16.665,57,11.0014,0,23,11
2012-11-02 00:00:00,4,0,1,1,13.94,16.665,57,11.0014,0,0,11
2012-11-02 01:00:00,4,0,1,1,13.12,15.91,66,11.0014,0,1,11
2012-11-02 02:00:00,4,0,1,1,13.12,15.91,66,11.0014,0,2,11
2012-11-02 03:00:00,4,0,1,1,12.3,15.15,70,11.0014,0,3,11
2012-11-02 04:00:00,4,0,1,1,12.3,15.91,70,7.0015,0,4,11
2012-11-02 05:00:00,4,0,1,2,13.12,15.91,66,11.0014,0,5,11
2012-11-02 06:00:00,4,0,1,1,12.3,15.15,70,11.0014,0,6,11
2012-11-02 07:00:00,4,0,1,2,12.3,15.15,70,8.9981,0,7,11
2012-11-02 08:00:00,4,0,1,1,13.12,16.665,57,7.0015,0,8,11
2012-11-02 09:00:00,4,0,1,1,13.94,17.425,53,7.0015,0,9,11
2012-11-02 10:00:00,4,0,1,1,15.58,19.695,46,19.9995,0,10,11
2012-11-02 11:00:00,4,0,1,1,17.22,21.21,41,27.9993,0,11,11
2012-11-02 12:00:00,4,0,1,1,17.22,21.21,41,23.9994,0,12,11
2012-11-02 13:00:00,4,0,1,1,16.4,20.455,43,23.9994,0,13,11
2012-11-02 14:00:00,4,0,1,2,16.4,20.455,40,32.9975,0,14,11
2012-11-02 15:00:00,4,0,1,2,16.4,20.455,40,27.9993,0,15,11
2012-11-02 16:00:00,4,0,1,1,15.58,19.695,40,22.0028,0,16,11
2012-11-02 17:00:00,4,0,1,1,15.58,19.695,40,22.0028,0,17,11
2012-11-02 18:00:00,4,0,1,2,15.58,19.695,43,22.0028,0,18,11
2012-11-02 19:00:00,4,0,1,2,15.58,19.695,43,19.9995,0,19,11
2012-11-02 20:00:00,4,0,1,2,14.76,16.665,46,27.9993,0,20,11
2012-11-02 21:00:00,4,0,1,2,14.76,16.665,46,23.9994,0,21,11
2012-11-02 22:00:00,4,0,1,1,14.76,16.665,46,16.9979,0,22,11
2012-11-02 23:00:00,4,0,1,1,13.94,15.15,53,19.9995,0,23,11
2012-11-03 00:00:00,4,0,0,1,13.94,16.665,53,11.0014,0,0,11
2012-11-03 01:00:00,4,0,0,2,13.94,15.15,49,22.0028,0,1,11
2012-11-03 02:00:00,4,0,0,2,13.94,15.91,49,16.9979,0,2,11
2012-11-03 03:00:00,4,0,0,2,13.94,15.91,49,16.9979,0,3,11
2012-11-03 04:00:00,4,0,0,2,13.12,15.15,49,19.9995,0,4,11
2012-11-03 05:00:00,4,0,0,2,13.12,15.15,49,16.9979,0,5,11
2012-11-03 06:00:00,4,0,0,2,13.12,15.91,49,12.998,0,6,11
2012-11-03 07:00:00,4,0,0,2,13.12,15.15,49,16.9979,0,7,11
2012-11-03 08:00:00,4,0,0,2,13.94,15.15,46,19.9995,0,8,11
2012-11-03 09:00:00,4,0,0,2,13.94,15.15,49,19.9995,0,9,11
2012-11-03 10:00:00,4,0,0,1,14.76,16.665,46,26.0027,0,10,11
2012-11-03 11:00:00,4,0,0,2,14.76,16.665,46,26.0027,0,11,11
2012-11-03 12:00:00,4,0,0,2,14.76,15.91,46,31.0009,0,12,11
2012-11-03 13:00:00,4,0,0,2,14.76,16.665,46,23.9994,0,13,11
2012-11-03 14:00:00,4,0,0,2,14.76,16.665,50,22.0028,0,14,11
2012-11-03 15:00:00,4,0,0,2,14.76,15.91,46,30.0026,0,15,11
2012-11-03 16:00:00,4,0,0,2,14.76,16.665,46,22.0028,0,16,11
2012-11-03 17:00:00,4,0,0,2,14.76,16.665,46,19.9995,0,17,11
2012-11-03 18:00:00,4,0,0,2,14.76,16.665,46,19.0012,0,18,11
2012-11-03 19:00:00,4,0,0,1,14.76,17.425,50,11.0014,0,19,11
2012-11-03 20:00:00,4,0,0,1,13.94,16.665,53,8.9981,0,20,11
2012-11-03 21:00:00,4,0,0,1,13.94,17.425,53,7.0015,0,21,11
2012-11-03 22:00:00,4,0,0,1,13.12,16.665,57,7.0015,0,22,11
2012-11-03 23:00:00,4,0,0,1,13.12,16.665,57,7.0015,0,23,11
2012-11-04 00:00:00,4,0,0,1,12.3,15.91,61,7.0015,0,0,11
2012-11-04 01:00:00,4,0,0,1,10.66,14.395,81,6.0032,0,1,11
2012-11-04 02:00:00,4,0,0,1,12.3,16.665,65,10.231273546539798,1,2,11
2012-11-04 03:00:00,4,0,0,1,11.48,14.395,61,7.0015,0,3,11
2012-11-04 04:00:00,4,0,0,1,10.66,13.635,65,8.9981,0,4,11
2012-11-04 05:00:00,4,0,0,1,10.66,13.635,65,7.0015,0,5,11
2012-11-04 06:00:00,4,0,0,1,11.48,14.395,61,8.9981,0,6,11
2012-11-04 07:00:00,4,0,0,1,10.66,13.635,65,7.0015,0,7,11
2012-11-04 08:00:00,4,0,0,1,12.3,15.15,56,8.9981,0,8,11
2012-11-04 09:00:00,4,0,0,1,13.12,16.665,53,10.607611022961079,1,9,11
2012-11-04 10:00:00,4,0,0,1,13.94,16.665,49,12.998,0,10,11
2012-11-04 11:00:00,4,0,0,1,15.58,19.695,46,15.0013,0,11,11
2012-11-04 12:00:00,4,0,0,1,15.58,19.695,46,15.0013,0,12,11
2012-11-04 13:00:00,4,0,0,1,16.4,20.455,43,15.0013,0,13,11
2012-11-04 14:00:00,4,0,0,1,16.4,20.455,40,12.998,0,14,11
2012-11-04 15:00:00,4,0,0,1,16.4,20.455,40,15.0013,0,15,11
2012-11-04 16:00:00,4,0,0,1,16.4,20.455,40,22.0028,0,16,11
2012-11-04 17:00:00,4,0,0,1,14.76,17.425,43,12.998,0,17,11
2012-11-04 18:00:00,4,0,0,1,14.76,17.425,43,15.0013,0,18,11
2012-11-04 19:00:00,4,0,0,1,14.76,16.665,43,16.9979,0,19,11
2012-11-04 20:00:00,4,0,0,1,13.12,14.395,53,23.9994,0,20,11
2012-11-04 21:00:00,4,0,0,1,12.3,13.635,52,19.9995,0,21,11
2012-11-04 22:00:00,4,0,0,1,12.3,14.395,52,19.0012,0,22,11
2012-11-04 23:00:00,4,0,0,2,12.3,15.15,56,11.0014,0,23,11
2012-11-05 00:00:00,4,0,1,2,12.3,14.395,56,12.998,0,0,11
2012-11-05 01:00:00,4,0,1,2,12.3,15.15,56,11.0014,0,1,11
2012-11-05 02:00:00,4,0,1,2,12.3,15.15,56,11.0014,0,2,11
2012-11-05 03:00:00,4,0,1,2,12.3,14.395,56,15.0013,0,3,11
2012-11-05 04:00:00,4,0,1,2,12.3,14.395,52,16.9979,0,4,11
2012-11-05 05:00:00,4,0,1,2,12.3,13.635,52,22.0028,0,5,11
2012-11-05 06:00:00,4,0,1,2,12.3,14.395,49,19.0012,0,6,11
2012-11-05 07:00:00,4,0,1,2,12.3,14.395,49,16.9979,0,7,11
2012-11-05 08:00:00,4,0,1,2,12.3,14.395,49,15.0013,0,8,11
2012-11-05 09:00:00,4,0,1,2,12.3,14.395,52,19.0012,0,9,11
2012-11-05 10:00:00,4,0,1,1,13.12,15.15,49,19.0012,0,10,11
2012-11-05 11:00:00,4,0,1,1,13.94,15.91,46,15.0013,0,11,11
2012-11-05 12:00:00,4,0,1,1,14.76,16.665,43,22.0028,0,12,11
2012-11-05 13:00:00,4,0,1,1,14.76,16.665,40,16.9979,0,13,11
2012-11-05 14:00:00,4,0,1,1,15.58,19.695,40,11.0014,0,14,11
2012-11-05 15:00:00,4,0,1,1,15.58,19.695,40,19.0012,0,15,11
2012-11-05 16:00:00,4,0,1,1,14.76,16.665,43,19.0012,0,16,11
2012-11-05 17:00:00,4,0,1,1,13.94,15.91,46,15.0013,0,17,11
2012-11-05 18:00:00,4,0,1,1,13.94,15.91,46,15.0013,0,18,11
2012-11-05 19:00:00,4,0,1,1,13.12,15.91,49,11.0014,0,19,11
2012-11-05 20:00:00,4,0,1,1,13.12,15.15,49,16.9979,0,20,11
2012-11-05 21:00:00,4,0,1,1,12.3,14.395,52,19.0012,0,21,11
2012-11-05 22:00:00,4,0,1,1,11.48,13.635,56,12.998,0,22,11
2012-11-05 23:00:00,4,0,1,1,10.66,13.635,60,8.9981,0,23,11
2012-11-06 00:00:00,4,0,1,1,9.84,12.88,60,7.0015,0,0,11
2012-11-06 01:00:00,4,0,1,1,9.84,12.12,60,11.0014,0,1,11
2012-11-06 02:00:00,4,0,1,1,9.84,12.88,65,6.0032,0,2,11
2012-11-06 03:00:00,4,0,1,1,9.02,12.12,64,7.0015,0,3,11
2012-11-06 04:00:00,4,0,1,1,9.02,12.88,69,6.0032,0,4,11
2012-11-06 05:00:00,4,0,1,2,9.02,11.365,64,12.998,0,5,11
2012-11-06 06:00:00,4,0,1,1,9.02,11.365,69,8.9981,0,6,11
2012-11-06 07:00:00,4,0,1,1,8.2,10.605,69,11.0014,0,7,11
2012-11-06 08:00:00,4,0,1,1,9.02,11.365,69,11.0014,0,8,11
2012-11-06 09:00:00,4,0,1,1,10.66,12.88,60,11.0014,0,9,11
2012-11-06 10:00:00,4,0,1,1,12.3,14.395,49,12.998,0,10,11
2012-11-06 11:00:00,4,0,1,1,13.12,16.665,45,8.9981,0,11,11
2012-11-06 12:00:00,4,0,1,1,13.12,16.665,45,8.9981,0,12,11
2012-11-06 13:00:00,4,0,1,1,13.94,16.665,46,8.9981,0,13,11
2012-11-06 14:00:00,4,0,1,1,14.76,18.18,40,7.0015,0,14,11
2012-11-06 15:00:00,4,0,1,1,13.94,15.91,46,16.9979,0,15,11
2012-11-06 16:00:00,4,0,1,1,13.94,16.665,46,11.0014,0,16,11
2012-11-06 17:00:00,4,0,1,1,13.12,15.15,53,15.0013,0,17,11
2012-11-06 18:00:00,4,0,1,1,13.12,15.15,57,19.9995,0,18,11
2012-11-06 19:00:00,4,0,1,1,12.3,14.395,56,15.0013,0,19,11
2012-11-06 20:00:00,4,0,1,1,12.3,14.395,61,15.0013,0,20,11
2012-11-06 21:00:00,4,0,1,2,12.3,14.395,56,16.9979,0,21,11
2012-11-06 22:00:00,4,0,1,2,12.3,14.395,56,15.0013,0,22,11
2012-11-06 23:00:00,4,0,1,1,12.3,14.395,56,15.0013,0,23,11
2012-11-07 00:00:00,4,0,1,2,12.3,14.395,56,19.0012,0,0,11
2012-11-07 01:00:00,4,0,1,2,11.48,13.635,61,16.9979,0,1,11
2012-11-07 02:00:00,4,0,1,2,11.48,12.88,56,19.9995,0,2,11
2012-11-07 03:00:00,4,0,1,2,11.48,12.88,52,22.0028,0,3,11
2012-11-07 04:00:00,4,0,1,2,11.48,12.88,52,19.9995,0,4,11
2012-11-07 05:00:00,4,0,1,2,11.48,12.88,52,22.0028,0,5,11
2012-11-07 06:00:00,4,0,1,2,10.66,12.12,56,19.0012,0,6,11
2012-11-07 07:00:00,4,0,1,2,10.66,11.365,56,19.9995,0,7,11
2012-11-07 08:00:00,4,0,1,2,10.66,12.12,60,19.0012,0,8,11
2012-11-07 09:00:00,4,0,1,2,10.66,12.12,60,19.0012,0,9,11
2012-11-07 10:00:00,4,0,1,2,11.48,12.88,56,19.9995,0,10,11
2012-11-07 11:00:00,4,0,1,2,13.12,14.395,51,23.9994,0,11,11
2012-11-07 12:00:00,4,0,1,2,13.12,15.15,53,19.0012,0,12,11
2012-11-07 13:00:00,4,0,1,2,13.12,15.15,53,16.9979,0,13,11
2012-11-07 14:00:00,4,0,1,2,13.12,14.395,53,23.9994,0,14,11
2012-11-07 15:00:00,4,0,1,2,13.12,15.15,53,19.9995,0,15,11
2012-11-07 16:00:00,4,0,1,2,13.12,14.395,53,23.9994,0,16,11
2012-11-07 17:00:00,4,0,1,2,13.12,14.395,53,26.0027,0,17,11
2012-11-07 18:00:00,4,0,1,2,13.12,14.395,53,23.9994,0,18,11
2012-11-07 19:00:00,4,0,1,2,12.3,13.635,56,19.9995,0,19,11
2012-11-07 20:00:00,4,0,1,2,13.12,15.15,49,22.0028,0,20,11
2012-11-07 21:00:00,4,0,1,2,13.12,15.15,49,19.9995,0,21,11
2012-11-07 22:00:00,4,0,1,3,12.3,14.395,56,16.9979,0,22,11
2012-11-07 23:00:00,4,0,1,3,11.48,13.635,65,15.0013,0,23,11
2012-11-08 00:00:00,4,0,1,3,11.48,13.635,61,15.0013,0,0,11
2012-11-08 01:00:00,4,0,1,3,12.3,13.635,52,23.9994,0,1,11
2012-11-08 02:00:00,4,0,1,2,12.3,14.395,49,15.0013,0,2,11
2012-11-08 04:00:00,4,0,1,2,12.3,14.395,45,19.0012,0,4,11
2012-11-08 05:00:00,4,0,1,2,12.3,14.395,42,15.0013,0,5,11
2012-11-08 06:00:00,4,0,1,1,12.3,14.395,39,15.0013,0,6,11
2012-11-08 07:00:00,4,0,1,1,11.48,12.88,36,26.0027,0,7,11
2012-11-08 08:00:00,4,0,1,1,12.3,14.395,33,19.0012,0,8,11
2012-11-08 09:00:00,4,0,1,1,13.12,14.395,31,23.9994,0,9,11
2012-11-08 10:00:00,4,0,1,1,13.12,15.15,31,22.0028,0,10,11
2012-11-08 11:00:00,4,0,1,1,14.76,16.665,29,26.0027,0,11,11
2012-11-08 12:00:00,4,0,1,1,16.4,20.455,24,32.9975,0,12,11
2012-11-08 13:00:00,4,0,1,1,18.04,21.97,18,27.9993,0,13,11
2012-11-08 14:00:00,4,0,1,1,18.04,21.97,18,27.9993,0,14,11
2012-11-08 15:00:00,4,0,1,1,18.04,21.97,18,27.9993,0,15,11
2012-11-08 16:00:00,4,0,1,1,17.22,21.21,16,26.0027,0,16,11
2012-11-08 17:00:00,4,0,1,1,16.4,20.455,20,19.9995,0,17,11
2012-11-08 18:00:00,4,0,1,1,16.4,20.455,24,27.9993,0,18,11
2012-11-08 19:00:00,4,0,1,1,15.58,19.695,27,23.9994,0,19,11
2012-11-08 20:00:00,4,0,1,1,15.58,19.695,29,31.0009,0,20,11
2012-11-08 21:00:00,4,0,1,1,14.76,16.665,37,26.0027,0,21,11
2012-11-08 22:00:00,4,0,1,1,13.94,15.15,42,19.9995,0,22,11
2012-11-08 23:00:00,4,0,1,1,13.94,15.15,46,23.9994,0,23,11
2012-11-09 00:00:00,4,0,1,1,13.94,15.15,49,22.0028,0,0,11
2012-11-09 01:00:00,4,0,1,1,13.12,15.15,53,19.0012,0,1,11
2012-11-09 02:00:00,4,0,1,1,13.12,15.15,53,16.9979,0,2,11
2012-11-09 03:00:00,4,0,1,1,13.12,14.395,53,27.9993,0,3,11
2012-11-09 04:00:00,4,0,1,1,13.12,14.395,53,23.9994,0,4,11
2012-11-09 05:00:00,4,0,1,1,12.3,14.395,56,12.998,0,5,11
2012-11-09 06:00:00,4,0,1,1,10.66,13.635,65,7.0015,0,6,11
2012-11-09 07:00:00,4,0,1,1,10.66,13.635,65,8.9981,0,7,11
2012-11-09 08:00:00,4,0,1,1,13.12,15.91,57,11.0014,0,8,11
2012-11-09 09:00:00,4,0,1,1,13.94,15.15,53,27.9993,0,9,11
2012-11-09 10:00:00,4,0,1,1,14.76,16.665,50,22.0028,0,10,11
2012-11-09 11:00:00,4,0,1,1,16.4,20.455,47,19.9995,0,11,11
2012-11-09 12:00:00,4,0,1,1,18.04,21.97,41,22.0028,0,12,11
2012-11-09 13:00:00,4,0,1,1,18.86,22.725,38,19.9995,0,13,11
2012-11-09 14:00:00,4,0,1,1,18.86,22.725,38,12.998,0,14,11
2012-11-09 15:00:00,4,0,1,1,18.86,22.725,36,15.0013,0,15,11
2012-11-09 16:00:00,4,0,1,1,18.86,22.725,38,11.0014,0,16,11
2012-11-09 17:00:00,4,0,1,1,17.22,21.21,44,8.9981,0,17,11
2012-11-09 18:00:00,4,0,1,1,17.22,21.21,44,7.0015,0,18,11
2012-11-09 19:00:00,4,0,1,1,13.94,17.425,71,6.0032,0,19,11
2012-11-09 20:00:00,4,0,1,1,14.76,17.425,66,8.9981,0,20,11
2012-11-09 21:00:00,4,0,1,1,13.94,18.18,76,8.67640663739673,1,21,11
2012-11-09 22:00:00,4,0,1,1,13.94,17.425,71,7.0015,0,22,11
2012-11-09 23:00:00,4,0,1,1,13.12,16.665,81,6.0032,0,23,11
2012-11-10 00:00:00,4,0,0,1,13.12,16.665,76,6.0032,0,0,11
2012-11-10 01:00:00,4,0,0,1,12.3,15.91,81,6.0032,0,1,11
2012-11-10 02:00:00,4,0,0,1,13.12,17.425,81,8.281703099346542,1,2,11
2012-11-10 03:00:00,4,0,0,1,12.3,16.665,81,8.134812015262609,1,3,11
2012-11-10 04:00:00,4,0,0,1,10.66,13.635,87,7.0015,0,4,11
2012-11-10 05:00:00,4,0,0,1,11.48,15.91,87,7.985298424454102,1,5,11
2012-11-10 06:00:00,4,0,0,1,9.84,12.88,93,6.0032,0,6,11
2012-11-10 07:00:00,4,0,0,1,10.66,13.635,87,7.0015,0,7,11
2012-11-10 08:00:00,4,0,0,1,13.12,17.425,76,9.527760639280048,1,8,11
2012-11-10 09:00:00,4,0,0,1,14.76,17.425,66,12.998,0,9,11
2012-11-10 10:00:00,4,0,0,1,16.4,20.455,58,14.434014489233762,1,10,11
2012-11-10 11:00:00,4,0,0,1,16.4,20.455,58,7.0015,0,11,11
2012-11-10 12:00:00,4,0,0,1,19.68,23.485,48,16.07113473720155,1,12,11
2012-11-10 13:00:00,4,0,0,1,21.32,25.0,39,16.825258703820523,1,13,11
2012-11-10 14:00:00,4,0,0,1,22.14,25.76,37,16.64707339195704,1,14,11
2012-11-10 15:00:00,4,0,0,1,21.32,25.0,45,15.834167183673044,1,15,11
2012-11-10 16:00:00,4,0,0,1,22.14,25.76,37,16.44895180674292,1,16,11
2012-11-10 17:00:00,4,0,0,1,20.5,24.24,45,12.998,0,17,11
2012-11-10 18:00:00,4,0,0,1,18.04,21.97,54,8.9981,0,18,11
2012-11-10 19:00:00,4,0,0,1,18.86,22.725,51,6.0032,0,19,11
2012-11-10 20:00:00,4,0,0,1,18.04,21.97,54,14.166250915245422,1,20,11
2012-11-10 21:00:00,4,0,0,1,16.4,20.455,66,11.825002345390255,1,21,11
2012-11-10 22:00:00,4,0,0,1,15.58,19.695,71,6.0032,0,22,11
2012-11-10 23:00:00,4,0,0,1,14.76,18.18,71,7.0015,0,23,11
2012-11-11 00:00:00,4,0,0,1,13.94,17.425,81,6.0032,0,0,11
2012-11-11 01:00:00,4,0,0,1,13.94,17.425,76,6.0032,0,1,11
2012-11-11 02:00:00,4,0,0,1,13.12,16.665,87,7.0015,0,2,11
2012-11-11 03:00:00,4,0,0,1,13.94,18.18,81,8.638957236106421,1,3,11
2012-11-11 04:00:00,4,0,0,1,13.12,16.665,81,7.0015,0,4,11
2012-11-11 05:00:00,4,0,0,1,12.3,15.15,87,8.9981,0,5,11
2012-11-11 06:00:00,4,0,0,1,12.3,15.91,87,6.0032,0,6,11
2012-11-11 07:00:00,4,0,0,1,12.3,15.91,89,6.0032,0,7,11
2012-11-11 08:00:00,4,0,0,1,13.12,16.665,87,7.0015,0,8,11
2012-11-11 09:00:00,4,0,0,1,14.76,18.94,77,10.928290215077384,1,9,11
2012-11-11 10:00:00,4,0,0,1,16.4,20.455,69,7.0015,0,10,11
2012-11-11 11:00:00,4,0,0,1,18.86,22.725,59,8.9981,0,11,11
2012-11-11 12:00:00,4,0,0,1,20.5,24.24,48,6.0032,0,12,11
2012-11-11 13:00:00,4,0,0,1,22.14,25.76,45,7.0015,0,13,11
2012-11-11 14:00:00,4,0,0,1,24.6,31.06,33,11.0014,0,14,11
2012-11-11 15:00:00,4,0,0,1,22.96,26.515,37,15.0013,0,15,11
2012-11-11 16:00:00,4,0,0,1,22.14,25.76,42,15.0013,0,16,11
2012-11-11 17:00:00,4,0,0,1,22.14,25.76,45,11.0014,0,17,11
2012-11-11 18:00:00,4,0,0,1,21.32,25.0,45,8.9981,0,18,11
2012-11-11 19:00:00,4,0,0,1,19.68,23.485,55,8.9981,0,19,11
2012-11-11 20:00:00,4,0,0,1,18.04,21.97,62,11.0014,0,20,11
2012-11-11 21:00:00,4,0,0,1,18.04,21.97,67,15.0013,0,21,11
2012-11-11 22:00:00,4,0,0,1,17.22,21.21,71,12.998,0,22,11
2012-11-11 23:00:00,4,0,0,1,17.22,21.21,71,12.998,0,23,11
2012-11-12 00:00:00,4,1,0,1,17.22,21.21,71,7.0015,0,0,11
2012-11-12 01:00:00,4,1,0,1,16.4,20.455,76,11.0014,0,1,11
2012-11-12 02:00:00,4,1,0,1,16.4,20.455,76,8.9981,0,2,11
2012-11-12 03:00:00,4,1,0,1,16.4,20.455,76,8.9981,0,3,11
2012-11-12 04:00:00,4,1,0,1,16.4,20.455,76,6.0032,0,4,11
2012-11-12 05:00:00,4,1,0,1,15.58,19.695,87,8.895136639123427,1,5,11
2012-11-12 06:00:00,4,1,0,1,15.58,19.695,87,7.0015,0,6,11
2012-11-12 07:00:00,4,1,0,1,16.4,20.455,87,9.856334200127645,1,7,11
2012-11-12 08:00:00,4,1,0,1,17.22,21.21,82,11.0014,0,8,11
2012-11-12 09:00:00,4,1,0,1,18.04,21.97,88,7.0015,0,9,11
2012-11-12 10:00:00,4,1,0,1,19.68,23.485,77,11.0014,0,10,11
2012-11-12 11:00:00,4,1,0,1,21.32,25.0,72,11.0014,0,11,11
2012-11-12 12:00:00,4,1,0,1,22.96,26.515,64,15.0013,0,12,11
2012-11-12 13:00:00,4,1,0,1,24.6,30.305,60,15.0013,0,13,11
2012-11-12 14:00:00,4,1,0,1,23.78,27.275,60,19.0012,0,14,11
2012-11-12 15:00:00,4,1,0,1,22.96,26.515,64,16.9979,0,15,11
2012-11-12 16:00:00,4,1,0,1,22.96,26.515,64,11.0014,0,16,11
2012-11-12 17:00:00,4,1,0,1,22.96,26.515,64,19.0012,0,17,11
2012-11-12 18:00:00,4,1,0,1,21.32,25.0,72,8.9981,0,18,11
2012-11-12 19:00:00,4,1,0,1,22.14,25.76,73,19.0012,0,19,11
2012-11-12 20:00:00,4,1,0,2,21.32,25.0,77,19.0012,0,20,11
2012-11-12 21:00:00,4,1,0,3,22.14,25.76,73,15.0013,0,21,11
2012-11-12 22:00:00,4,1,0,1,21.32,25.0,77,16.9979,0,22,11
2012-11-12 23:00:00,4,1,0,2,22.14,25.76,77,15.0013,0,23,11
2012-11-13 00:00:00,4,0,1,2,21.32,25.0,83,19.0012,0,0,11
2012-11-13 01:00:00,4,0,1,3,18.04,21.97,88,43.0006,0,1,11
2012-11-13 02:00:00,4,0,1,3,14.76,15.91,87,30.0026,0,2,11
2012-11-13 03:00:00,4,0,1,3,14.76,16.665,87,23.9994,0,3,11
2012-11-13 04:00:00,4,0,1,2,14.76,16.665,81,26.0027,0,4,11
2012-11-13 05:00:00,4,0,1,2,13.94,15.91,87,19.0012,0,5,11
2012-11-13 06:00:00,4,0,1,3,13.12,14.395,81,31.0009,0,6,11
2012-11-13 07:00:00,4,0,1,3,13.12,15.15,87,16.9979,0,7,11
2012-11-13 08:00:00,4,0,1,3,13.12,15.15,87,16.9979,0,8,11
2012-11-13 09:00:00,4,0,1,3,13.12,15.15,81,22.0028,0,9,11
2012-11-13 10:00:00,4,0,1,3,12.3,13.635,75,26.0027,0,10,11
2012-11-13 11:00:00,4,0,1,1,13.12,15.15,70,16.9979,0,11,11
2012-11-13 12:00:00,4,0,1,1,13.94,15.91,61,19.0012,0,12,11
2012-11-13 13:00:00,4,0,1,1,13.94,15.91,53,16.9979,0,13,11
2012-11-13 14:00:00,4,0,1,1,15.58,19.695,46,26.0027,0,14,11
2012-11-13 15:00:00,4,0,1,1,16.4,20.455,40,19.9995,0,15,11
2012-11-13 16:00:00,4,0,1,1,15.58,19.695,40,19.9995,0,16,11
2012-11-13 17:00:00,4,0,1,1,13.94,15.15,49,23.9994,0,17,11
2012-11-13 18:00:00,4,0,1,1,13.94,15.91,49,19.0012,0,18,11
2012-11-13 19:00:00,4,0,1,1,13.12,14.395,49,23.9994,0,19,11
2012-11-13 20:00:00,4,0,1,1,12.3,13.635,49,23.9994,0,20,11
2012-11-13 21:00:00,4,0,1,1,12.3,13.635,49,23.9994,0,21,11
2012-11-13 22:00:00,4,0,1,1,10.66,11.365,56,22.0028,0,22,11
2012-11-13 23:00:00,4,0,1,1,10.66,11.365,56,19.9995,0,23,11
2012-11-14 00:00:00,4,0,1,1,10.66,12.12,56,19.0012,0,0,11
2012-11-14 01:00:00,4,0,1,1,9.84,10.605,60,19.9995,0,1,11
2012-11-14 02:00:00,4,0,1,1,9.84,10.605,60,19.9995,0,2,11
2012-11-14 03:00:00,4,0,1,1,9.84,11.365,65,15.0013,0,3,11
2012-11-14 04:00:00,4,0,1,1,9.02,11.365,69,12.998,0,4,11
2012-11-14 05:00:00,4,0,1,1,9.02,11.365,69,12.998,0,5,11
2012-11-14 06:00:00,4,0,1,1,9.84,11.365,65,12.998,0,6,11
2012-11-14 07:00:00,4,0,1,1,9.84,10.605,65,19.0012,0,7,11
2012-11-14 08:00:00,4,0,1,1,11.48,12.88,56,19.9995,0,8,11
2012-11-14 09:00:00,4,0,1,1,12.3,13.635,52,26.0027,0,9,11
2012-11-14 10:00:00,4,0,1,1,13.12,14.395,45,23.9994,0,10,11
2012-11-14 11:00:00,4,0,1,1,13.12,15.15,49,16.9979,0,11,11
2012-11-14 12:00:00,4,0,1,1,13.94,16.665,46,11.489471141683335,1,12,11
2012-11-14 13:00:00,4,0,1,1,14.76,16.665,43,16.9979,0,13,11
2012-11-14 14:00:00,4,0,1,1,14.76,17.425,43,8.9981,0,14,11
2012-11-14 15:00:00,4,0,1,1,14.76,16.665,43,19.0012,0,15,11
2012-11-14 16:00:00,4,0,1,1,13.94,17.425,46,7.0015,0,16,11
2012-11-14 17:00:00,4,0,1,1,13.12,15.91,49,12.998,0,17,11
2012-11-14 18:00:00,4,0,1,1,13.12,15.91,53,11.0014,0,18,11
2012-11-14 19:00:00,4,0,1,1,12.3,15.15,52,11.0014,0,19,11
2012-11-14 20:00:00,4,0,1,1,12.3,15.91,52,6.0032,0,20,11
2012-11-14 21:00:00,4,0,1,1,12.3,16.665,56,9.774847770527813,1,21,11
2012-11-14 22:00:00,4,0,1,1,11.48,15.91,61,9.087938814066769,1,22,11
2012-11-14 23:00:00,4,0,1,1,9.84,12.12,70,8.9981,0,23,11
2012-11-15 00:00:00,4,0,1,2,10.66,15.15,65,10.203854203536306,1,0,11
2012-11-15 01:00:00,4,0,1,2,10.66,13.635,65,7.0015,0,1,11
2012-11-15 02:00:00,4,0,1,2,10.66,12.88,70,11.0014,0,2,11
2012-11-15 03:00:00,4,0,1,2,10.66,14.395,70,6.0032,0,3,11
2012-11-15 04:00:00,4,0,1,2,11.48,14.395,65,8.9981,0,4,11
2012-11-15 05:00:00,4,0,1,2,12.3,14.395,61,15.0013,0,5,11
2012-11-15 06:00:00,4,0,1,2,12.3,14.395,65,16.9979,0,6,11
2012-11-15 07:00:00,4,0,1,2,12.3,14.395,65,12.998,0,7,11
2012-11-15 08:00:00,4,0,1,2,12.3,14.395,61,15.0013,0,8,11
2012-11-15 09:00:00,4,0,1,2,13.12,15.91,61,12.998,0,9,11
2012-11-15 10:00:00,4,0,1,2,13.12,16.665,66,8.9981,0,10,11
2012-11-15 11:00:00,4,0,1,2,13.94,16.665,61,8.9981,0,11,11
2012-11-15 12:00:00,4,0,1,2,14.76,18.18,62,7.0015,0,12,11
2012-11-15 13:00:00,4,0,1,2,15.58,19.695,54,7.0015,0,13,11
2012-11-15 14:00:00,4,0,1,2,15.58,19.695,54,11.0014,0,14,11
2012-11-15 15:00:00,4,0,1,2,15.58,19.695,58,11.0014,0,15,11
2012-11-15 16:00:00,4,0,1,2,14.76,17.425,57,12.998,0,16,11
2012-11-15 17:00:00,4,0,1,2,14.76,17.425,57,15.0013,0,17,11
2012-11-15 18:00:00,4,0,1,2,14.76,17.425,57,12.998,0,18,11
2012-11-15 19:00:00,4,0,1,2,13.94,16.665,61,8.9981,0,19,11
2012-11-15 20:00:00,4,0,1,1,13.94,17.425,61,7.0015,0,20,11
2012-11-15 21:00:00,4,0,1,2,13.12,16.665,66,7.0015,0,21,11
2012-11-15 22:00:00,4,0,1,2,13.12,15.91,66,11.0014,0,22,11
2012-11-15 23:00:00,4,0,1,2,13.12,15.91,61,11.0014,0,23,11
2012-11-16 00:00:00,4,0,1,2,13.12,16.665,66,7.0015,0,0,11
2012-11-16 01:00:00,4,0,1,2,12.3,15.91,65,6.0032,0,1,11
2012-11-16 02:00:00,4,0,1,2,12.3,15.15,70,11.0014,0,2,11
2012-11-16 03:00:00,4,0,1,2,12.3,15.15,65,8.9981,0,3,11
2012-11-16 04:00:00,4,0,1,2,12.3,15.91,65,7.0015,0,4,11
2012-11-16 05:00:00,4,0,1,2,12.3,15.91,65,6.0032,0,5,11
2012-11-16 06:00:00,4,0,1,2,12.3,15.91,61,6.0032,0,6,11
2012-11-16 07:00:00,4,0,1,2,12.3,15.15,61,11.0014,0,7,11
2012-11-16 08:00:00,4,0,1,2,13.12,16.665,57,8.9981,0,8,11
2012-11-16 09:00:00,4,0,1,1,13.94,17.425,53,7.0015,0,9,11
2012-11-16 10:00:00,4,0,1,1,13.94,16.665,53,12.998,0,10,11
2012-11-16 11:00:00,4,0,1,1,15.58,19.695,43,15.0013,0,11,11
2012-11-16 12:00:00,4,0,1,1,16.4,20.455,43,19.0012,0,12,11
2012-11-16 13:00:00,4,0,1,1,17.22,21.21,38,12.998,0,13,11
2012-11-16 14:00:00,4,0,1,1,17.22,21.21,35,7.0015,0,14,11
2012-11-16 15:00:00,4,0,1,1,17.22,21.21,38,8.9981,0,15,11
2012-11-16 16:00:00,4,0,1,1,17.22,21.21,35,19.0012,0,16,11
2012-11-16 17:00:00,4,0,1,1,14.76,17.425,46,12.998,0,17,11
2012-11-16 18:00:00,4,0,1,1,13.94,16.665,53,11.0014,0,18,11
2012-11-16 19:00:00,4,0,1,1,14.76,17.425,46,15.0013,0,19,11
2012-11-16 20:00:00,4,0,1,1,14.76,16.665,46,16.9979,0,20,11
2012-11-16 21:00:00,4,0,1,1,13.94,16.665,49,12.998,0,21,11
2012-11-16 22:00:00,4,0,1,1,13.12,15.15,53,16.9979,0,22,11
2012-11-16 23:00:00,4,0,1,1,13.12,15.15,53,15.0013,0,23,11
2012-11-17 00:00:00,4,0,0,1,12.3,15.15,52,11.0014,0,0,11
2012-11-17 01:00:00,4,0,0,1,10.66,12.88,60,12.998,0,1,11
2012-11-17 02:00:00,4,0,0,1,10.66,12.88,65,12.998,0,2,11
2012-11-17 03:00:00,4,0,0,1,10.66,12.88,65,12.998,0,3,11
2012-11-17 04:00:00,4,0,0,1,9.84,11.365,70,12.998,0,4,11
2012-11-17 05:00:00,4,0,0,1,9.84,12.12,70,11.0014,0,5,11
2012-11-17 06:00:00,4,0,0,1,9.84,11.365,70,15.0013,0,6,11
2012-11-17 07:00:00,4,0,0,1,9.84,11.365,70,12.998,0,7,11
2012-11-17 08:00:00,4,0,0,1,10.66,12.88,65,15.0013,0,8,11
2012-11-17 09:00:00,4,0,0,1,13.94,15.91,49,15.0013,0,9,11
2012-11-17 10:00:00,4,0,0,1,14.76,16.665,46,16.9979,0,10,11
2012-11-17 11:00:00,4,0,0,1,15.58,19.695,43,12.998,0,11,11
2012-11-17 12:00:00,4,0,0,1,16.4,20.455,40,11.0014,0,12,11
2012-11-17 13:00:00,4,0,0,1,17.22,21.21,38,16.9979,0,13,11
2012-11-17 14:00:00,4,0,0,1,17.22,21.21,38,12.998,0,14,11
2012-11-17 15:00:00,4,0,0,1,17.22,21.21,35,19.9995,0,15,11
2012-11-17 16:00:00,4,0,0,1,16.4,20.455,40,15.0013,0,16,11
2012-11-17 17:00:00,4,0,0,1,15.58,19.695,40,11.0014,0,17,11
2012-11-17 18:00:00,4,0,0,1,14.76,18.18,50,7.0015,0,18,11
2012-11-17 19:00:00,4,0,0,1,13.94,17.425,53,6.0032,0,19,11
2012-11-17 20:00:00,4,0,0,2,13.94,17.425,66,6.0032,0,20,11
2012-11-17 21:00:00,4,0,0,2,13.12,16.665,57,7.0015,0,21,11
2012-11-17 22:00:00,4,0,0,2,13.12,16.665,57,7.0015,0,22,11
2012-11-17 23:00:00,4,0,0,2,12.3,15.91,70,7.0015,0,23,11
2012-11-18 00:00:00,4,0,0,2,12.3,15.15,70,11.0014,0,0,11
2012-11-18 01:00:00,4,0,0,1,12.3,14.395,70,12.998,0,1,11
2012-11-18 02:00:00,4,0,0,1,11.48,14.395,81,7.0015,0,2,11
2012-11-18 03:00:00,4,0,0,2,12.3,15.15,81,11.0014,0,3,11
2012-11-18 04:00:00,4,0,0,2,12.3,14.395,81,12.998,0,4,11
2012-11-18 05:00:00,4,0,0,1,11.48,14.395,81,8.9981,0,5,11
2012-11-18 06:00:00,4,0,0,1,11.48,13.635,81,11.0014,0,6,11
2012-11-18 07:00:00,4,0,0,1,11.48,13.635,81,12.998,0,7,11
2012-11-18 08:00:00,4,0,0,1,12.3,14.395,75,16.9979,0,8,11
2012-11-18 09:00:00,4,0,0,1,13.12,15.15,70,16.9979,0,9,11
2012-11-18 10:00:00,4,0,0,1,13.94,15.15,66,19.9995,0,10,11
2012-11-18 11:00:00,4,0,0,1,15.58,19.695,62,19.0012,0,11,11
2012-11-18 12:00:00,4,0,0,1,16.4,20.455,62,19.0012,0,12,11
2012-11-18 13:00:00,4,0,0,1,16.4,20.455,62,22.0028,0,13,11
2012-11-18 14:00:00,4,0,0,1,16.4,20.455,62,19.9995,0,14,11
2012-11-18 15:00:00,4,0,0,1,17.22,21.21,54,19.0012,0,15,11
2012-11-18 16:00:00,4,0,0,2,16.4,20.455,62,22.0028,0,16,11
2012-11-18 17:00:00,4,0,0,2,15.58,19.695,66,16.9979,0,17,11
2012-11-18 18:00:00,4,0,0,1,14.76,17.425,66,15.0013,0,18,11
2012-11-18 19:00:00,4,0,0,1,14.76,17.425,66,11.0014,0,19,11
2012-11-18 20:00:00,4,0,0,1,14.76,17.425,66,11.0014,0,20,11
2012-11-18 21:00:00,4,0,0,1,14.76,16.665,66,16.9979,0,21,11
2012-11-18 22:00:00,4,0,0,2,14.76,16.665,66,16.9979,0,22,11
2012-11-18 23:00:00,4,0,0,1,14.76,17.425,66,15.0013,0,23,11
2012-11-19 00:00:00,4,0,1,1,14.76,17.425,66,15.0013,0,0,11
2012-11-19 01:00:00,4,0,1,2,14.76,17.425,66,15.0013,0,1,11
2012-11-19 02:00:00,4,0,1,2,14.76,16.665,66,16.9979,0,2,11
2012-11-19 03:00:00,4,0,1,2,14.76,17.425,66,15.0013,0,3,11
2012-11-19 04:00:00,4,0,1,2,14.76,17.425,66,15.0013,0,4,11
2012-11-19 05:00:00,4,0,1,2,14.76,17.425,66,15.0013,0,5,11
2012-11-19 06:00:00,4,0,1,2,14.76,16.665,66,16.9979,0,6,11
2012-11-19 07:00:00,4,0,1,2,14.76,16.665,66,19.9995,0,7,11
2012-11-19 08:00:00,4,0,1,2,14.76,16.665,66,19.9995,0,8,11
2012-11-19 09:00:00,4,0,1,2,14.76,16.665,66,16.9979,0,9,11
2012-11-19 10:00:00,4,0,1,2,14.76,16.665,66,16.9979,0,10,11
2012-11-19 11:00:00,4,0,1,2,15.58,19.695,66,16.9979,0,11,11
2012-11-19 12:00:00,4,0,1,2,16.4,20.455,62,19.0012,0,12,11
2012-11-19 13:00:00,4,0,1,1,18.04,21.97,54,16.9979,0,13,11
2012-11-19 14:00:00,4,0,1,1,18.04,21.97,54,16.9979,0,14,11
2012-11-19 15:00:00,4,0,1,1,18.04,21.97,54,12.998,0,15,11
2012-11-19 16:00:00,4,0,1,1,17.22,21.21,58,16.9979,0,16,11
2012-11-19 17:00:00,4,0,1,2,17.22,21.21,58,12.998,0,17,11
2012-11-19 18:00:00,4,0,1,2,16.4,20.455,58,16.9979,0,18,11
2012-11-19 19:00:00,4,0,1,2,16.4,20.455,58,19.0012,0,19,11
2012-11-19 20:00:00,4,0,1,2,15.58,19.695,62,16.9979,0,20,11
2012-11-19 21:00:00,4,0,1,2,15.58,19.695,54,15.0013,0,21,11
2012-11-19 22:00:00,4,0,1,1,13.94,17.425,66,7.0015,0,22,11
2012-11-19 23:00:00,4,0,1,1,13.94,17.425,66,7.0015,0,23,11
2012-12-01 00:00:00,4,0,0,1,10.66,15.15,81,7.885741236095649,1,0,12
2012-12-01 01:00:00,4,0,0,1,10.66,15.15,81,7.841872598298176,1,1,12
2012-12-01 02:00:00,4,0,0,2,10.66,15.15,81,9.033713555975304,1,2,12
2012-12-01 03:00:00,4,0,0,2,10.66,13.635,81,8.9981,0,3,12
2012-12-01 04:00:00,4,0,0,1,10.66,14.395,81,6.0032,0,4,12
2012-12-01 05:00:00,4,0,0,1,9.84,12.88,87,6.0032,0,5,12
2012-12-01 06:00:00,4,0,0,1,9.84,12.12,87,8.9981,0,6,12
2012-12-01 07:00:00,4,0,0,2,9.84,12.12,87,8.9981,0,7,12
2012-12-01 08:00:00,4,0,0,2,9.84,12.12,87,8.9981,0,8,12
2012-12-01 09:00:00,4,0,0,2,10.66,12.12,93,16.9979,0,9,12
2012-12-01 10:00:00,4,0,0,2,11.48,13.635,89,11.0014,0,10,12
2012-12-01 11:00:00,4,0,0,2,13.12,16.665,76,7.0015,0,11,12
2012-12-01 12:00:00,4,0,0,2,13.12,16.665,81,6.0032,0,12,12
2012-12-01 13:00:00,4,0,0,2,13.94,18.18,76,10.119570749864888,1,13,12
2012-12-01 14:00:00,4,0,0,2,14.76,18.94,71,11.29162192345917,1,14,12
2012-12-01 15:00:00,4,0,0,2,16.4,20.455,62,13.69356411226399,1,15,12
2012-12-01 16:00:00,4,0,0,2,15.58,19.695,66,11.766121512487848,1,16,12
2012-12-01 17:00:00,4,0,0,2,13.94,17.425,76,7.0015,0,17,12
2012-12-01 18:00:00,4,0,0,2,13.94,18.18,76,10.206474043879657,1,18,12
2012-12-01 19:00:00,4,0,0,2,13.12,17.425,81,10.312918582721744,1,19,12
2012-12-01 20:00:00,4,0,0,1,13.12,17.425,81,9.196769636899756,1,20,12
2012-12-01 21:00:00,4,0,0,2,12.3,16.665,87,9.145954807591632,1,21,12
2012-12-01 22:00:00,4,0,0,2,12.3,16.665,87,9.08843536180362,1,22,12
2012-12-01 23:00:00,4,0,0,2,13.12,17.425,81,9.027943543135079,1,23,12
2012-12-02 00:00:00,4,0,0,2,12.3,15.91,87,6.0032,0,0,12
2012-12-02 01:00:00,4,0,0,2,12.3,15.91,87,6.0032,0,1,12
2012-12-02 02:00:00,4,0,0,2,12.3,16.665,87,8.496460194179642,1,2,12
2012-12-02 03:00:00,4,0,0,2,10.66,15.15,93,8.607021751542328,1,3,12
2012-12-02 04:00:00,4,0,0,2,10.66,15.15,93,8.58600426536305,1,4,12
2012-12-02 05:00:00,4,0,0,2,10.66,15.15,93,8.604284778652248,1,5,12
2012-12-02 06:00:00,4,0,0,2,9.84,12.12,93,8.9981,0,6,12
2012-12-02 07:00:00,4,0,0,2,9.84,12.12,93,8.9981,0,7,12
2012-12-02 08:00:00,4,0,0,2,10.66,14.395,93,6.0032,0,8,12
2012-12-02 09:00:00,4,0,0,2,11.48,13.635,93,11.0014,0,9,12
2012-12-02 10:00:00,4,0,0,2,12.3,16.665,87,9.865897125997424,1,10,12
2012-12-02 11:00:00,4,0,0,2,13.12,15.91,81,11.0014,0,11,12
2012-12-02 12:00:00,4,0,0,2,13.94,16.665,81,11.0014,0,12,12
2012-12-02 13:00:00,4,0,0,1,16.4,20.455,71,15.0013,0,13,12
2012-12-02 14:00:00,4,0,0,1,18.04,21.97,62,16.9979,0,14,12
2012-12-02 15:00:00,4,0,0,1,18.04,21.97,67,8.9981,0,15,12
2012-12-02 16:00:00,4,0,0,2,18.04,21.97,67,7.0015,0,16,12
2012-12-02 17:00:00,4,0,0,3,16.4,20.455,76,12.998,0,17,12
2012-12-02 18:00:00,4,0,0,2,18.04,21.97,72,7.0015,0,18,12
2012-12-02 19:00:00,4,0,0,2,16.4,20.455,82,12.998,0,19,12
2012-12-02 20:00:00,4,0,0,2,17.22,21.21,82,12.998,0,20,12
2012-12-02 21:00:00,4,0,0,2,18.04,21.97,77,15.0013,0,21,12
2012-12-02 22:00:00,4,0,0,2,18.04,21.97,77,12.998,0,22,12
2012-12-02 23:00:00,4,0,0,2,17.22,21.21,82,8.9981,0,23,12
2012-12-03 00:00:00,4,0,1,2,17.22,21.21,82,11.0014,0,0,12
2012-12-03 01:00:00,4,0,1,1,16.4,20.455,82,8.9981,0,1,12
2012-12-03 02:00:00,4,0,1,1,17.22,21.21,77,11.0014,0,2,12
2012-12-03 03:00:00,4,0,1,1,15.58,19.695,87,8.756447856926847,1,3,12
2012-12-03 04:00:00,4,0,1,1,14.76,18.94,93,8.598482616852733,1,4,12
2012-12-03 05:00:00,4,0,1,1,13.94,17.425,93,6.0032,0,5,12
2012-12-03 06:00:00,4,0,1,1,14.76,18.94,93,8.676555069100015,1,6,12
2012-12-03 07:00:00,4,0,1,2,13.94,18.18,93,8.80357982232808,1,7,12
2012-12-03 08:00:00,4,0,1,1,14.76,18.94,93,9.709203680866999,1,8,12
2012-12-03 09:00:00,4,0,1,1,16.4,20.455,87,6.0032,0,9,12
2012-12-03 10:00:00,4,0,1,1,18.04,21.97,77,8.9981,0,10,12
2012-12-03 11:00:00,4,0,1,1,19.68,23.485,77,8.9981,0,11,12
2012-12-03 12:00:00,4,0,1,1,21.32,25.0,68,11.0014,0,12,12
2012-12-03 13:00:00,4,0,1,1,23.78,27.275,56,6.0032,0,13,12
2012-12-03 14:00:00,4,0,1,1,24.6,31.06,53,16.061425007983136,1,14,12
2012-12-03 15:00:00,4,0,1,1,24.6,31.06,56,15.020503444413368,1,15,12
2012-12-03 16:00:00,4,0,1,1,24.6,31.06,53,8.9981,0,16,12
2012-12-03 17:00:00,4,0,1,1,21.32,25.0,63,7.0015,0,17,12
2012-12-03 18:00:00,4,0,1,1,20.5,24.24,68,6.0032,0,18,12
2012-12-03 19:00:00,4,0,1,1,20.5,24.24,68,6.0032,0,19,12
2012-12-03 20:00:00,4,0,1,2,18.86,22.725,77,11.967267467967705,1,20,12
2012-12-03 21:00:00,4,0,1,1,18.04,21.97,82,12.998,0,21,12
2012-12-03 22:00:00,4,0,1,1,17.22,21.21,82,7.0015,0,22,12
2012-12-03 23:00:00,4,0,1,1,17.22,21.21,82,7.0015,0,23,12
2012-12-04 00:00:00,4,0,1,1,17.22,21.21,88,7.0015,0,0,12
2012-12-04 01:00:00,4,0,1,1,17.22,21.21,82,7.0015,0,1,12
2012-12-04 02:00:00,4,0,1,1,17.22,21.21,88,6.0032,0,2,12
2012-12-04 03:00:00,4,0,1,2,16.4,20.455,87,8.9981,0,3,12
2012-12-04 04:00:00,4,0,1,2,16.4,20.455,87,8.9981,0,4,12
2012-12-04 05:00:00,4,0,1,2,18.04,21.97,88,11.773442133344656,1,5,12
2012-12-04 06:00:00,4,0,1,2,14.76,18.94,93,8.893610918686003,1,6,12
2012-12-04 07:00:00,4,0,1,1,17.22,21.21,88,8.9981,0,7,12
2012-12-04 08:00:00,4,0,1,2,18.04,21.97,88,11.0014,0,8,12
2012-12-04 09:00:00,4,0,1,1,18.86,22.725,82,7.0015,0,9,12
2012-12-04 10:00:00,4,0,1,1,18.86,22.725,82,12.998,0,10,12
2012-12-04 11:00:00,4,0,1,1,19.68,23.485,77,12.998,0,11,12
2012-12-04 12:00:00,4,0,1,1,21.32,25.0,68,12.998,0,12,12
2012-12-04 13:00:00,4,0,1,2,22.14,25.76,64,11.0014,0,13,12
2012-12-04 14:00:00,4,0,1,2,23.78,27.275,56,15.0013,0,14,12
2012-12-04 15:00:00,4,0,1,2,24.6,31.06,49,16.9979,0,15,12
2012-12-04 16:00:00,4,0,1,1,23.78,27.275,49,19.0012,0,16,12
2012-12-04 17:00:00,4,0,1,1,21.32,25.0,59,15.0013,0,17,12
2012-12-04 18:00:00,4,0,1,1,20.5,24.24,63,15.0013,0,18,12
2012-12-04 19:00:00,4,0,1,1,19.68,23.485,67,15.0013,0,19,12
2012-12-04 20:00:00,4,0,1,2,20.5,24.24,63,15.0013,0,20,12
2012-12-04 21:00:00,4,0,1,2,20.5,24.24,63,16.9979,0,21,12
2012-12-04 22:00:00,4,0,1,2,20.5,24.24,63,19.9995,0,22,12
2012-12-04 23:00:00,4,0,1,1,19.68,23.485,67,16.9979,0,23,12
2012-12-05 00:00:00,4,0,1,1,20.5,24.24,59,19.0012,0,0,12
2012-12-05 01:00:00,4,0,1,1,21.32,25.0,55,22.0028,0,1,12
2012-12-05 02:00:00,4,0,1,1,18.86,22.725,67,11.0014,0,2,12
2012-12-05 03:00:00,4,0,1,1,19.68,23.485,67,8.9981,0,3,12
2012-12-05 04:00:00,4,0,1,1,20.5,24.24,63,30.0026,0,4,12
2012-12-05 05:00:00,4,0,1,1,20.5,24.24,59,19.0012,0,5,12
2012-12-05 06:00:00,4,0,1,3,19.68,23.485,55,26.0027,0,6,12
2012-12-05 07:00:00,4,0,1,3,18.86,22.725,59,19.9995,0,7,12
2012-12-05 08:00:00,4,0,1,2,18.04,21.97,58,19.0012,0,8,12
2012-12-05 09:00:00,4,0,1,2,18.04,21.97,51,15.0013,0,9,12
2012-12-05 10:00:00,4,0,1,2,18.04,21.97,47,23.9994,0,10,12
2012-12-05 11:00:00,4,0,1,1,18.04,21.97,44,19.0012,0,11,12
2012-12-05 12:00:00,4,0,1,1,18.04,21.97,41,19.0012,0,12,12
2012-12-05 13:00:00,4,0,1,1,18.86,22.725,41,19.0012,0,13,12
2012-12-05 14:00:00,4,0,1,1,19.68,23.485,33,32.9975,0,14,12
2012-12-05 15:00:00,4,0,1,1,19.68,23.485,33,19.0012,0,15,12
2012-12-05 16:00:00,4,0,1,1,18.86,22.725,33,19.0012,0,16,12
2012-12-05 17:00:00,4,0,1,1,18.04,21.97,35,19.0012,0,17,12
2012-12-05 18:00:00,4,0,1,1,17.22,21.21,35,30.0026,0,18,12
2012-12-05 19:00:00,4,0,1,1,15.58,19.695,43,23.9994,0,19,12
2012-12-05 20:00:00,4,0,1,1,13.94,15.15,46,26.0027,0,20,12
2012-12-05 21:00:00,4,0,1,1,13.94,15.15,46,27.9993,0,21,12
2012-12-05 22:00:00,4,0,1,1,13.12,14.395,45,26.0027,0,22,12
2012-12-05 23:00:00,4,0,1,1,12.3,13.635,49,26.0027,0,23,12
2012-12-06 00:00:00,4,0,1,1,10.66,12.12,48,19.0012,0,0,12
2012-12-06 01:00:00,4,0,1,1,10.66,12.12,48,19.0012,0,1,12
2012-12-06 02:00:00,4,0,1,1,9.84,10.605,52,19.0012,0,2,12
2012-12-06 03:00:00,4,0,1,1,9.02,11.365,55,12.998,0,3,12
2012-12-06 04:00:00,4,0,1,1,9.02,10.605,55,19.9995,0,4,12
2012-12-06 05:00:00,4,0,1,1,9.02,10.605,55,19.0012,0,5,12
2012-12-06 06:00:00,4,0,1,1,9.02,10.605,55,19.9995,0,6,12
2012-12-06 07:00:00,4,0,1,1,9.02,10.605,51,19.9995,0,7,12
2012-12-06 08:00:00,4,0,1,1,9.02,10.605,51,19.9995,0,8,12
2012-12-06 09:00:00,4,0,1,1,9.84,11.365,48,12.998,0,9,12
2012-12-06 10:00:00,4,0,1,1,9.84,11.365,52,12.998,0,10,12
2012-12-06 11:00:00,4,0,1,1,10.66,12.88,48,11.0014,0,11,12
2012-12-06 12:00:00,4,0,1,1,11.48,15.91,41,7.90776792282774,1,12,12
2012-12-06 13:00:00,4,0,1,1,12.3,16.665,39,8.458933451074946,1,13,12
2012-12-06 14:00:00,4,0,1,1,12.3,15.91,42,6.0032,0,14,12
2012-12-06 15:00:00,4,0,1,1,13.12,17.425,39,8.471228880209427,1,15,12
2012-12-06 16:00:00,4,0,1,1,13.12,17.425,42,8.209463156315419,1,16,12
2012-12-06 17:00:00,4,0,1,1,12.3,15.91,45,7.0015,0,17,12
2012-12-06 18:00:00,4,0,1,1,11.48,13.635,45,11.0014,0,18,12
2012-12-06 19:00:00,4,0,1,1,10.66,12.88,60,12.998,0,19,12
2012-12-06 20:00:00,4,0,1,2,9.84,12.88,60,7.0015,0,20,12
2012-12-06 21:00:00,4,0,1,2,9.84,12.12,60,8.9981,0,21,12
2012-12-06 22:00:00,4,0,1,1,9.84,12.12,65,11.0014,0,22,12
2012-12-06 23:00:00,4,0,1,1,9.84,12.12,65,11.0014,0,23,12
2012-12-07 00:00:00,4,0,1,1,9.84,12.88,70,7.0015,0,0,12
2012-12-07 01:00:00,4,0,1,2,9.84,11.365,70,12.998,0,1,12
2012-12-07 02:00:00,4,0,1,2,10.66,13.635,70,8.9981,0,2,12
2012-12-07 03:00:00,4,0,1,2,10.66,12.88,81,12.998,0,3,12
2012-12-07 04:00:00,4,0,1,1,10.66,13.635,75,7.0015,0,4,12
2012-12-07 05:00:00,4,0,1,2,10.66,13.635,81,7.0015,0,5,12
2012-12-07 06:00:00,4,0,1,2,11.48,13.635,75,11.0014,0,6,12
2012-12-07 07:00:00,4,0,1,3,11.48,13.635,81,11.0014,0,7,12
2012-12-07 08:00:00,4,0,1,2,12.3,14.395,75,12.998,0,8,12
2012-12-07 09:00:00,4,0,1,2,12.3,15.15,81,8.9981,0,9,12
2012-12-07 10:00:00,4,0,1,2,13.12,15.91,76,11.0014,0,10,12
2012-12-07 11:00:00,4,0,1,2,13.12,15.91,76,12.998,0,11,12
2012-12-07 12:00:00,4,0,1,2,13.94,16.665,71,12.998,0,12,12
2012-12-07 13:00:00,4,0,1,2,14.76,17.425,66,8.9981,0,13,12
2012-12-07 14:00:00,4,0,1,2,14.76,17.425,71,11.0014,0,14,12
2012-12-07 15:00:00,4,0,1,2,14.76,17.425,71,11.0014,0,15,12
2012-12-07 16:00:00,4,0,1,1,14.76,17.425,76,8.9981,0,16,12
2012-12-07 17:00:00,4,0,1,2,15.58,19.695,66,11.806458414110558,1,17,12
2012-12-07 18:00:00,4,0,1,2,15.58,19.695,71,7.0015,0,18,12
2012-12-07 19:00:00,4,0,1,2,15.58,19.695,76,11.104662415528301,1,19,12
2012-12-07 20:00:00,4,0,1,3,15.58,19.695,76,7.0015,0,20,12
2012-12-07 21:00:00,4,0,1,2,14.76,18.18,93,7.0015,0,21,12
2012-12-07 22:00:00,4,0,1,2,14.76,18.18,93,6.0032,0,22,12
2012-12-07 23:00:00,4,0,1,2,14.76,18.18,93,6.0032,0,23,12
2012-12-08 00:00:00,4,0,0,2,14.76,18.18,93,6.0032,0,0,12
2012-12-08 01:00:00,4,0,0,2,14.76,17.425,93,8.9981,0,1,12
2012-12-08 02:00:00,4,0,0,2,14.76,17.425,93,8.9981,0,2,12
2012-12-08 03:00:00,4,0,0,2,14.76,18.18,93,7.0015,0,3,12
2012-12-08 04:00:00,4,0,0,2,14.76,18.94,93,8.843690940064615,1,4,12
2012-12-08 05:00:00,4,0,0,2,14.76,18.18,93,7.0015,0,5,12
2012-12-08 06:00:00,4,0,0,2,14.76,18.18,93,7.0015,0,6,12
2012-12-08 07:00:00,4,0,0,2,14.76,18.18,100,6.0032,0,7,12
2012-12-08 08:00:00,4,0,0,2,15.58,19.695,94,6.0032,0,8,12
2012-12-08 09:00:00,4,0,0,2,15.58,19.695,94,11.243130453133825,1,9,12
2012-12-08 10:00:00,4,0,0,2,16.4,20.455,87,8.9981,0,10,12
2012-12-08 11:00:00,4,0,0,2,16.4,20.455,87,7.0015,0,11,12
2012-12-08 12:00:00,4,0,0,2,16.4,20.455,87,15.0013,0,12,12
2012-12-08 13:00:00,4,0,0,2,16.4,20.455,87,11.0014,0,13,12
2012-12-08 14:00:00,4,0,0,2,16.4,20.455,87,19.0012,0,14,12
2012-12-08 15:00:00,4,0,0,1,17.22,21.21,82,11.0014,0,15,12
2012-12-08 16:00:00,4,0,0,1,17.22,21.21,82,11.0014,0,16,12
2012-12-08 17:00:00,4,0,0,1,15.58,19.695,87,8.9981,0,17,12
2012-12-08 18:00:00,4,0,0,1,16.4,20.455,87,7.0015,0,18,12
2012-12-08 19:00:00,4,0,0,1,16.4,20.455,87,10.749205911741246,1,19,12
2012-12-08 20:00:00,4,0,0,2,14.76,18.94,100,11.44088943210387,1,20,12
2012-12-08 21:00:00,4,0,0,2,14.76,18.94,100,10.266371971276287,1,21,12
2012-12-08 22:00:00,4,0,0,2,15.58,19.695,94,7.0015,0,22,12
2012-12-08 23:00:00,4,0,0,2,16.4,20.455,94,10.761806955056205,1,23,12
2012-12-09 00:00:00,4,0,0,2,16.4,20.455,87,8.9981,0,0,12
2012-12-09 01:00:00,4,0,0,2,16.4,20.455,87,7.0015,0,1,12
2012-12-09 02:00:00,4,0,0,2,16.4,20.455,87,7.0015,0,2,12
2012-12-09 03:00:00,4,0,0,2,16.4,20.455,87,7.0015,0,3,12
2012-12-09 04:00:00,4,0,0,2,16.4,20.455,94,7.0015,0,4,12
2012-12-09 05:00:00,4,0,0,2,16.4,20.455,87,7.0015,0,5,12
2012-12-09 06:00:00,4,0,0,3,16.4,20.455,94,7.0015,0,6,12
2012-12-09 07:00:00,4,0,0,3,16.4,20.455,87,15.0013,0,7,12
2012-12-09 08:00:00,4,0,0,3,16.4,20.455,87,11.0014,0,8,12
2012-12-09 09:00:00,4,0,0,2,16.4,20.455,87,16.9979,0,9,12
2012-12-09 10:00:00,4,0,0,2,16.4,20.455,87,19.0012,0,10,12
2012-12-09 11:00:00,4,0,0,2,16.4,20.455,87,19.9995,0,11,12
2012-12-09 12:00:00,4,0,0,2,16.4,20.455,82,19.9995,0,12,12
2012-12-09 13:00:00,4,0,0,2,15.58,19.695,87,19.0012,0,13,12
2012-12-09 14:00:00,4,0,0,2,15.58,19.695,87,12.998,0,14,12
2012-12-09 15:00:00,4,0,0,3,14.76,17.425,93,11.0014,0,15,12
2012-12-09 16:00:00,4,0,0,3,14.76,17.425,93,11.0014,0,16,12
2012-12-09 17:00:00,4,0,0,3,14.76,17.425,93,8.9981,0,17,12
2012-12-09 18:00:00,4,0,0,3,14.76,18.18,93,6.0032,0,18,12
2012-12-09 19:00:00,4,0,0,3,15.58,19.695,94,6.0032,0,19,12
2012-12-09 20:00:00,4,0,0,3,14.76,18.18,100,6.0032,0,20,12
2012-12-09 21:00:00,4,0,0,2,14.76,18.18,100,7.0015,0,21,12
2012-12-09 22:00:00,4,0,0,3,14.76,18.18,93,7.0015,0,22,12
2012-12-09 23:00:00,4,0,0,3,14.76,18.18,100,6.0032,0,23,12
2012-12-10 00:00:00,4,0,1,3,14.76,18.18,100,6.0032,0,0,12
2012-12-10 01:00:00,4,0,1,2,14.76,18.94,100,8.826798549680325,1,1,12
2012-12-10 02:00:00,4,0,1,2,15.58,19.695,94,7.0015,0,2,12
2012-12-10 03:00:00,4,0,1,2,15.58,19.695,94,7.0015,0,3,12
2012-12-10 04:00:00,4,0,1,2,15.58,19.695,94,7.0015,0,4,12
2012-12-10 05:00:00,4,0,1,2,15.58,19.695,94,7.0015,0,5,12
2012-12-10 06:00:00,4,0,1,2,15.58,19.695,94,11.0014,0,6,12
2012-12-10 07:00:00,4,0,1,2,15.58,19.695,94,16.9979,0,7,12
2012-12-10 08:00:00,4,0,1,2,17.22,21.21,100,16.9979,0,8,12
2012-12-10 09:00:00,4,0,1,2,17.22,21.21,100,15.0013,0,9,12
2012-12-10 10:00:00,4,0,1,2,18.04,21.97,94,15.0013,0,10,12
2012-12-10 11:00:00,4,0,1,3,18.86,22.725,94,15.0013,0,11,12
2012-12-10 12:00:00,4,0,1,3,18.04,21.97,100,15.0013,0,12,12
2012-12-10 13:00:00,4,0,1,3,18.04,21.97,100,15.0013,0,13,12
2012-12-10 14:00:00,4,0,1,2,20.5,24.24,94,15.0013,0,14,12
2012-12-10 15:00:00,4,0,1,2,20.5,24.24,87,11.0014,0,15,12
2012-12-10 16:00:00,4,0,1,2,20.5,24.24,88,7.0015,0,16,12
2012-12-10 17:00:00,4,0,1,2,19.68,23.485,82,19.0012,0,17,12
2012-12-10 18:00:00,4,0,1,2,18.86,22.725,88,19.0012,0,18,12
2012-12-10 19:00:00,4,0,1,1,21.32,25.0,77,19.0012,0,19,12
2012-12-10 20:00:00,4,0,1,1,18.86,22.725,88,16.9979,0,20,12
2012-12-10 21:00:00,4,0,1,2,18.86,22.725,94,12.998,0,21,12
2012-12-10 22:00:00,4,0,1,2,20.5,24.24,82,15.0013,0,22,12
2012-12-10 23:00:00,4,0,1,1,18.86,22.725,88,16.9979,0,23,12
2012-12-11 00:00:00,4,0,1,3,18.86,22.725,77,31.0009,0,0,12
2012-12-11 01:00:00,4,0,1,1,17.22,21.21,71,30.0026,0,1,12
2012-12-11 02:00:00,4,0,1,2,16.4,20.455,66,22.0028,0,2,12
2012-12-11 03:00:00,4,0,1,3,14.76,16.665,76,19.0012,0,3,12
2012-12-11 04:00:00,4,0,1,2,13.94,15.91,76,19.0012,0,4,12
2012-12-11 05:00:00,4,0,1,3,13.94,15.15,71,22.0028,0,5,12
2012-12-11 06:00:00,4,0,1,2,13.94,15.15,71,19.9995,0,6,12
2012-12-11 07:00:00,4,0,1,1,13.94,15.15,66,27.9993,0,7,12
2012-12-11 08:00:00,4,0,1,2,13.94,15.15,61,19.9995,0,8,12
2012-12-11 09:00:00,4,0,1,1,13.94,15.15,61,26.0027,0,9,12
2012-12-11 10:00:00,4,0,1,1,14.76,16.665,57,22.0028,0,10,12
2012-12-11 11:00:00,4,0,1,2,14.76,16.665,53,23.9994,0,11,12
2012-12-11 12:00:00,4,0,1,2,14.76,15.91,53,30.0026,0,12,12
2012-12-11 13:00:00,4,0,1,2,15.58,19.695,50,15.0013,0,13,12
2012-12-11 14:00:00,4,0,1,2,15.58,19.695,50,15.0013,0,14,12
2012-12-11 15:00:00,4,0,1,2,15.58,19.695,50,15.0013,0,15,12
2012-12-11 16:00:00,4,0,1,2,15.58,19.695,50,15.0013,0,16,12
2012-12-11 17:00:00,4,0,1,1,13.12,15.15,53,15.0013,0,17,12
2012-12-11 18:00:00,4,0,1,1,13.12,15.15,53,15.0013,0,18,12
2012-12-11 19:00:00,4,0,1,1,13.12,15.15,53,15.0013,0,19,12
2012-12-11 20:00:00,4,0,1,1,13.12,15.15,53,15.0013,0,20,12
2012-12-11 21:00:00,4,0,1,1,13.12,15.91,53,12.998,0,21,12
2012-12-11 22:00:00,4,0,1,1,12.3,14.395,56,15.0013,0,22,12
2012-12-11 23:00:00,4,0,1,1,12.3,14.395,52,15.0013,0,23,12
2012-12-12 00:00:00,4,0,1,1,12.3,15.15,52,11.0014,0,0,12
2012-12-12 01:00:00,4,0,1,1,11.48,13.635,61,15.0013,0,1,12
2012-12-12 02:00:00,4,0,1,1,11.48,13.635,56,11.0014,0,2,12
2012-12-12 03:00:00,4,0,1,1,10.66,13.635,60,8.9981,0,3,12
2012-12-12 04:00:00,4,0,1,1,10.66,15.15,60,11.921685298940242,1,4,12
2012-12-12 05:00:00,4,0,1,1,10.66,12.88,60,12.998,0,5,12
2012-12-12 06:00:00,4,0,1,2,10.66,12.12,60,16.9979,0,6,12
2012-12-12 07:00:00,4,0,1,2,10.66,12.88,60,12.998,0,7,12
2012-12-12 08:00:00,4,0,1,2,10.66,12.88,65,11.0014,0,8,12
2012-12-12 09:00:00,4,0,1,2,11.48,14.395,61,8.9981,0,9,12
2012-12-12 10:00:00,4,0,1,2,12.3,15.15,56,11.0014,0,10,12
2012-12-12 11:00:00,4,0,1,2,13.12,15.15,49,15.0013,0,11,12
2012-12-12 12:00:00,4,0,1,2,13.94,18.18,42,9.280362632607506,1,12,12
2012-12-12 13:00:00,4,0,1,2,13.94,18.18,42,9.18947084586665,1,13,12
2012-12-12 14:00:00,4,0,1,2,13.94,18.18,46,8.389971151814658,1,14,12
2012-12-12 15:00:00,4,0,1,2,13.94,17.425,46,7.0015,0,15,12
2012-12-12 16:00:00,4,0,1,2,13.94,16.665,46,8.9981,0,16,12
2012-12-12 17:00:00,4,0,1,2,13.12,15.15,53,15.0013,0,17,12
2012-12-12 18:00:00,4,0,1,2,13.12,15.15,49,15.0013,0,18,12
2012-12-12 19:00:00,4,0,1,2,12.3,14.395,56,15.0013,0,19,12
2012-12-12 20:00:00,4,0,1,1,12.3,14.395,52,19.0012,0,20,12
2012-12-12 21:00:00,4,0,1,2,12.3,14.395,52,16.9979,0,21,12
2012-12-12 22:00:00,4,0,1,2,12.3,14.395,52,15.0013,0,22,12
2012-12-12 23:00:00,4,0,1,2,11.48,13.635,56,15.0013,0,23,12
2012-12-13 00:00:00,4,0,1,2,11.48,13.635,52,15.0013,0,0,12
2012-12-13 01:00:00,4,0,1,2,11.48,12.88,52,19.0012,0,1,12
2012-12-13 02:00:00,4,0,1,2,10.66,12.12,56,16.9979,0,2,12
2012-12-13 03:00:00,4,0,1,2,10.66,12.12,56,19.0012,0,3,12
2012-12-13 04:00:00,4,0,1,2,10.66,12.88,56,12.998,0,4,12
2012-12-13 05:00:00,4,0,1,2,10.66,12.88,56,11.0014,0,5,12
2012-12-13 06:00:00,4,0,1,1,10.66,12.12,56,16.9979,0,6,12
2012-12-13 07:00:00,4,0,1,1,9.84,11.365,60,15.0013,0,7,12
2012-12-13 08:00:00,4,0,1,1,9.84,11.365,60,12.998,0,8,12
2012-12-13 09:00:00,4,0,1,1,11.48,13.635,52,16.9979,0,9,12
2012-12-13 10:00:00,4,0,1,1,13.12,15.15,45,19.0012,0,10,12
2012-12-13 11:00:00,4,0,1,1,13.94,15.91,42,16.9979,0,11,12
2012-12-13 12:00:00,4,0,1,1,14.76,16.665,40,16.9979,0,12,12
2012-12-13 13:00:00,4,0,1,1,14.76,17.425,34,12.998,0,13,12
2012-12-13 14:00:00,4,0,1,1,14.76,17.425,34,11.0014,0,14,12
2012-12-13 15:00:00,4,0,1,1,14.76,17.425,34,8.9981,0,15,12
2012-12-13 16:00:00,4,0,1,1,13.94,17.425,39,7.0015,0,16,12
2012-12-13 17:00:00,4,0,1,1,13.12,16.665,42,7.0015,0,17,12
2012-12-13 18:00:00,4,0,1,1,13.12,16.665,42,7.0015,0,18,12
2012-12-13 19:00:00,4,0,1,1,12.3,15.15,45,11.0014,0,19,12
2012-12-13 20:00:00,4,0,1,1,12.3,16.665,45,7.497560506218028,1,20,12
2012-12-13 21:00:00,4,0,1,1,11.48,15.91,48,7.106334879976312,1,21,12
2012-12-13 22:00:00,4,0,1,1,10.66,14.395,60,6.0032,0,22,12
2012-12-13 23:00:00,4,0,1,1,10.66,15.15,60,9.271201945125894,1,23,12
2012-12-14 00:00:00,4,0,1,1,9.02,12.88,64,6.0032,0,0,12
2012-12-14 01:00:00,4,0,1,1,9.02,12.88,69,6.0032,0,1,12
2012-12-14 02:00:00,4,0,1,1,9.02,13.635,69,8.401024585841046,1,2,12
2012-12-14 03:00:00,4,0,1,1,8.2,11.365,69,7.0015,0,3,12
2012-12-14 04:00:00,4,0,1,1,8.2,11.365,75,6.0032,0,4,12
2012-12-14 05:00:00,4,0,1,1,8.2,11.365,69,7.0015,0,5,12
2012-12-14 06:00:00,4,0,1,1,6.56,9.09,80,7.0015,0,6,12
2012-12-14 07:00:00,4,0,1,1,8.2,10.605,72,7.0015,0,7,12
2012-12-14 08:00:00,4,0,1,1,8.2,11.365,69,6.0032,0,8,12
2012-12-14 09:00:00,4,0,1,1,9.84,12.12,75,8.9981,0,9,12
2012-12-14 10:00:00,4,0,1,1,10.66,12.88,81,12.998,0,10,12
2012-12-14 11:00:00,4,0,1,1,13.12,15.15,65,12.998,0,11,12
2012-12-14 12:00:00,4,0,1,1,14.76,17.425,50,12.998,0,12,12
2012-12-14 13:00:00,4,0,1,1,14.76,17.425,50,15.0013,0,13,12
2012-12-14 14:00:00,4,0,1,1,16.4,20.455,43,12.998,0,14,12
2012-12-14 15:00:00,4,0,1,1,16.4,20.455,47,11.0014,0,15,12
2012-12-14 16:00:00,4,0,1,1,15.58,19.695,54,12.998,0,16,12
2012-12-14 17:00:00,4,0,1,1,13.94,16.665,57,11.0014,0,17,12
2012-12-14 18:00:00,4,0,1,1,14.76,17.425,46,8.9981,0,18,12
2012-12-14 19:00:00,4,0,1,1,13.94,17.425,53,6.0032,0,19,12
2012-12-14 20:00:00,4,0,1,1,13.12,16.665,61,8.9981,0,20,12
2012-12-14 21:00:00,4,0,1,1,12.3,15.15,75,11.0014,0,21,12
2012-12-14 22:00:00,4,0,1,1,11.48,14.395,75,7.0015,0,22,12
2012-12-14 23:00:00,4,0,1,1,11.48,15.15,75,6.0032,0,23,12
2012-12-15 00:00:00,4,0,0,1,12.3,16.665,70,9.897471099803887,1,0,12
2012-12-15 01:00:00,4,0,0,2,10.66,14.395,81,6.0032,0,1,12
2012-12-15 02:00:00,4,0,0,1,10.66,15.15,81,7.832265332413572,1,2,12
2012-12-15 03:00:00,4,0,0,2,9.84,14.395,81,8.579368999348223,1,3,12
2012-12-15 04:00:00,4,0,0,2,9.84,12.88,87,7.0015,0,4,12
2012-12-15 05:00:00,4,0,0,2,10.66,15.15,75,9.214511463965918,1,5,12
2012-12-15 06:00:00,4,0,0,2,9.84,14.395,75,8.457870918298841,1,6,12
2012-12-15 07:00:00,4,0,0,2,9.84,12.88,75,6.0032,0,7,12
2012-12-15 08:00:00,4,0,0,2,10.66,14.395,75,6.0032,0,8,12
2012-12-15 09:00:00,4,0,0,1,10.66,13.635,75,7.0015,0,9,12
2012-12-15 10:00:00,4,0,0,1,13.12,15.91,61,11.0014,0,10,12
2012-12-15 11:00:00,4,0,0,1,13.94,17.425,61,6.0032,0,11,12
2012-12-15 12:00:00,4,0,0,1,15.58,19.695,50,6.0032,0,12,12
2012-12-15 13:00:00,4,0,0,1,15.58,19.695,54,16.9979,0,13,12
2012-12-15 14:00:00,4,0,0,1,16.4,20.455,50,11.0014,0,14,12
2012-12-15 15:00:00,4,0,0,1,17.22,21.21,47,16.40783976733619,1,15,12
2012-12-15 16:00:00,4,0,0,1,16.4,20.455,50,8.9981,0,16,12
2012-12-15 17:00:00,4,0,0,1,16.4,20.455,50,15.0013,0,17,12
2012-12-15 18:00:00,4,0,0,1,15.58,19.695,58,11.0014,0,18,12
2012-12-15 19:00:00,4,0,0,1,14.76,17.425,62,8.9981,0,19,12
2012-12-15 20:00:00,4,0,0,2,14.76,17.425,57,12.998,0,20,12
2012-12-15 21:00:00,4,0,0,1,14.76,17.425,62,8.9981,0,21,12
2012-12-15 22:00:00,4,0,0,1,14.76,17.425,62,12.998,0,22,12
2012-12-15 23:00:00,4,0,0,2,14.76,17.425,62,8.9981,0,23,12
2012-12-16 00:00:00,4,0,0,2,14.76,18.94,62,14.589872732585254,1,0,12
2012-12-16 01:00:00,4,0,0,3,13.94,17.425,76,7.0015,0,1,12
2012-12-16 02:00:00,4,0,0,2,13.94,17.425,87,6.0032,0,2,12
2012-12-16 03:00:00,4,0,0,2,13.94,16.665,87,12.998,0,3,12
2012-12-16 04:00:00,4,0,0,2,13.94,18.18,87,8.879455291130341,1,4,12
2012-12-16 05:00:00,4,0,0,2,13.94,18.18,87,8.899767179785604,1,5,12
2012-12-16 06:00:00,4,0,0,2,13.94,18.18,87,8.921543386967848,1,6,12
2012-12-16 07:00:00,4,0,0,2,13.94,17.425,87,6.0032,0,7,12
2012-12-16 08:00:00,4,0,0,2,14.76,17.425,87,8.9981,0,8,12
2012-12-16 09:00:00,4,0,0,2,14.76,17.425,87,8.9981,0,9,12
2012-12-16 10:00:00,4,0,0,2,14.76,17.425,87,8.9981,0,10,12
2012-12-16 11:00:00,4,0,0,2,14.76,17.425,87,8.9981,0,11,12
2012-12-16 12:00:00,4,0,0,2,15.58,19.695,82,12.998,0,12,12
2012-12-16 13:00:00,4,0,0,2,15.58,19.695,76,12.998,0,13,12
2012-12-16 14:00:00,4,0,0,2,15.58,19.695,76,8.9981,0,14,12
2012-12-16 15:00:00,4,0,0,2,15.58,19.695,82,7.0015,0,15,12
2012-12-16 16:00:00,4,0,0,2,15.58,19.695,82,7.0015,0,16,12
2012-12-16 17:00:00,4,0,0,2,15.58,19.695,82,7.0015,0,17,12
2012-12-16 18:00:00,4,0,0,3,15.58,19.695,82,7.0015,0,18,12
2012-12-16 19:00:00,4,0,0,1,14.76,17.425,93,8.9981,0,19,12
2012-12-16 20:00:00,4,0,0,2,15.58,19.695,82,11.284251414838248,1,20,12
2012-12-16 21:00:00,4,0,0,2,14.76,18.94,93,10.028194055613199,1,21,12
2012-12-16 22:00:00,4,0,0,2,16.4,20.455,82,12.998,0,22,12
2012-12-16 23:00:00,4,0,0,2,14.76,17.425,93,8.9981,0,23,12
2012-12-17 00:00:00,4,0,1,2,15.58,19.695,87,9.094074691770851,1,0,12
2012-12-17 01:00:00,4,0,1,2,15.58,19.695,87,7.0015,0,1,12
2012-12-17 02:00:00,4,0,1,2,15.58,19.695,94,8.850625028357088,1,2,12
2012-12-17 03:00:00,4,0,1,2,14.76,18.94,93,8.810886943106688,1,3,12
2012-12-17 04:00:00,4,0,1,3,14.76,18.94,100,9.781212966802157,1,4,12
2012-12-17 05:00:00,4,0,1,2,15.58,19.695,87,9.14146363558857,1,5,12
2012-12-17 06:00:00,4,0,1,2,14.76,17.425,93,8.9981,0,6,12
2012-12-17 07:00:00,4,0,1,2,14.76,17.425,93,8.9981,0,7,12
2012-12-17 08:00:00,4,0,1,2,15.58,19.695,87,7.0015,0,8,12
2012-12-17 09:00:00,4,0,1,2,16.4,20.455,87,11.735989346332548,1,9,12
2012-12-17 10:00:00,4,0,1,2,15.58,19.695,87,6.0032,0,10,12
2012-12-17 11:00:00,4,0,1,2,16.4,20.455,87,6.0032,0,11,12
2012-12-17 12:00:00,4,0,1,2,16.4,20.455,87,12.07250861366903,1,12,12
2012-12-17 13:00:00,4,0,1,2,16.4,20.455,87,8.9981,0,13,12
2012-12-17 14:00:00,4,0,1,2,16.4,20.455,87,6.0032,0,14,12
2012-12-17 15:00:00,4,0,1,2,17.22,21.21,88,12.328028267621844,1,15,12
2012-12-17 16:00:00,4,0,1,3,16.4,20.455,94,16.9979,0,16,12
2012-12-17 17:00:00,4,0,1,2,16.4,20.455,94,16.9979,0,17,12
2012-12-17 18:00:00,4,0,1,2,16.4,20.455,94,6.0032,0,18,12
2012-12-17 19:00:00,4,0,1,2,17.22,21.21,88,8.9981,0,19,12
2012-12-17 20:00:00,4,0,1,2,17.22,21.21,94,16.9979,0,20,12
2012-12-17 21:00:00,4,0,1,2,17.22,21.21,94,8.9981,0,21,12
2012-12-17 22:00:00,4,0,1,2,17.22,21.21,94,8.9981,0,22,12
2012-12-17 23:00:00,4,0,1,3,17.22,21.21,94,15.0013,0,23,12
2012-12-18 00:00:00,4,0,1,2,18.04,21.97,94,8.9981,0,0,12
2012-12-18 01:00:00,4,0,1,2,18.04,21.97,94,8.9981,0,1,12
2012-12-18 02:00:00,4,0,1,2,18.04,21.97,88,15.0013,0,2,12
2012-12-18 03:00:00,4,0,1,1,17.22,21.21,88,12.998,0,3,12
2012-12-18 04:00:00,4,0,1,1,17.22,21.21,82,11.0014,0,4,12
2012-12-18 05:00:00,4,0,1,1,15.58,19.695,87,6.0032,0,5,12
2012-12-18 06:00:00,4,0,1,1,14.76,17.425,93,11.0014,0,6,12
2012-12-18 07:00:00,4,0,1,1,14.76,17.425,93,8.9981,0,7,12
2012-12-18 08:00:00,4,0,1,1,15.58,19.695,94,10.150082603355747,1,8,12
2012-12-18 09:00:00,4,0,1,1,16.4,20.455,87,6.0032,0,9,12
2012-12-18 10:00:00,4,0,1,1,18.04,21.97,77,6.0032,0,10,12
2012-12-18 11:00:00,4,0,1,1,19.68,23.485,63,15.0013,0,11,12
2012-12-18 12:00:00,4,0,1,3,19.68,23.485,48,16.9979,0,12,12
2012-12-18 13:00:00,4,0,1,1,20.5,24.24,42,19.0012,0,13,12
2012-12-18 14:00:00,4,0,1,1,18.86,22.725,47,30.0026,0,14,12
2012-12-18 15:00:00,4,0,1,1,18.86,22.725,44,32.9975,0,15,12
2012-12-18 16:00:00,4,0,1,1,18.04,21.97,41,31.0009,0,16,12
2012-12-18 17:00:00,4,0,1,1,16.4,20.455,47,30.0026,0,17,12
2012-12-18 18:00:00,4,0,1,1,15.58,19.695,46,22.0028,0,18,12
2012-12-18 19:00:00,4,0,1,1,15.58,19.695,46,26.0027,0,19,12
2012-12-18 20:00:00,4,0,1,1,14.76,16.665,50,16.9979,0,20,12
2012-12-18 21:00:00,4,0,1,1,14.76,17.425,50,15.0013,0,21,12
2012-12-18 22:00:00,4,0,1,1,13.94,16.665,49,12.22715151092075,1,22,12
2012-12-18 23:00:00,4,0,1,1,13.94,17.425,49,6.0032,0,23,12
2012-12-19 00:00:00,4,0,1,1,12.3,15.91,61,11.397948668679279,1,0,12
2012-12-19 01:00:00,4,0,1,1,12.3,15.91,65,6.0032,0,1,12
2012-12-19 02:00:00,4,0,1,1,11.48,15.15,65,6.0032,0,2,12
2012-12-19 03:00:00,4,0,1,1,10.66,13.635,75,8.9981,0,3,12
2012-12-19 04:00:00,4,0,1,1,9.84,12.12,75,8.9981,0,4,12
2012-12-19 05:00:00,4,0,1,1,10.66,14.395,75,6.0032,0,5,12
2012-12-19 06:00:00,4,0,1,1,9.84,12.88,75,6.0032,0,6,12
2012-12-19 07:00:00,4,0,1,1,10.66,13.635,75,8.9981,0,7,12
2012-12-19 08:00:00,4,0,1,1,9.84,12.88,87,7.0015,0,8,12
2012-12-19 09:00:00,4,0,1,1,11.48,14.395,75,7.0015,0,9,12
2012-12-19 10:00:00,4,0,1,1,13.12,16.665,70,7.0015,0,10,12
2012-12-19 11:00:00,4,0,1,1,16.4,20.455,54,15.0013,0,11,12
2012-12-19 12:00:00,4,0,1,1,16.4,20.455,54,19.0012,0,12,12
2012-12-19 13:00:00,4,0,1,1,17.22,21.21,50,12.998,0,13,12
2012-12-19 14:00:00,4,0,1,1,17.22,21.21,50,12.998,0,14,12
2012-12-19 15:00:00,4,0,1,1,17.22,21.21,50,19.0012,0,15,12
2012-12-19 16:00:00,4,0,1,1,17.22,21.21,50,23.9994,0,16,12
2012-12-19 17:00:00,4,0,1,1,16.4,20.455,50,26.0027,0,17,12
2012-12-19 18:00:00,4,0,1,1,15.58,19.695,50,23.9994,0,18,12
2012-12-19 19:00:00,4,0,1,1,15.58,19.695,50,26.0027,0,19,12
2012-12-19 20:00:00,4,0,1,1,14.76,17.425,57,15.0013,0,20,12
2012-12-19 21:00:00,4,0,1,1,13.94,15.91,61,15.0013,0,21,12
2012-12-19 22:00:00,4,0,1,1,13.94,17.425,61,6.0032,0,22,12
2012-12-19 23:00:00,4,0,1,1,13.12,16.665,66,8.9981,0,23,12
